sample_index,dataset,model,draft_model,temperature,block_size,method,tree_budget,num_input_tokens,num_output_tokens,time_to_first_token_ms,time_per_output_token_ms,tokens_per_second,total_decode_time_seconds,decode_rounds,mean_acceptance_length,mean_matched_draft_tokens,mean_committed_tokens_per_round,full_block_acceptance,verifier_bonus_commit_rate,speedup_vs_baseline,matches_baseline,stage_commit_seconds,stage_draft_seconds,stage_tree_build_seconds,stage_tree_compile_seconds,stage_verify_seconds
0,math500,Qwen/Qwen3-4B,mgoin/Qwen3-4B-speculator.dflash2,0.0,8,baseline,,56,632,37.17484600019816,36.161935344937234,27.653387200140624,22.85434313800033,631,1,,,,,1.0,True,0.1551075249844871,0.0,0.0,0.0,22.59488956298992
0,math500,Qwen/Qwen3-4B,mgoin/Qwen3-4B-speculator.dflash2,0.0,8,dflash2,,56,629,37.069194000650896,10.58149639904719,94.50459200553573,6.655761235000682,124,5.064516129032258,4.064516129032258,5.064516129032258,0.3548387096774194,1,3.4174689459038547,False,0.06988071500200022,1.562636825008667,0.0,0.0,5.004851783996855
0,math500,Qwen/Qwen3-4B,mgoin/Qwen3-4B-speculator.dflash2,0.0,8,dflash2_unary_k16_tb8,8,56,743,37.11158400074055,10.23284795558601,97.72450488273991,7.603006031000405,135,5.496296296296296,4.503703703703704,5.496296296296296,0.3111111111111111,0.9925925925925926,3.533907227185643,False,0.2707106219986599,1.8861311699929502,0.1005347470036213,0.03161826700124948,5.292259436997483
0,math500,Qwen/Qwen3-4B,mgoin/Qwen3-4B-speculator.dflash2,0.0,8,dflash2_unary_k16_tb16,16,56,743,37.330269000449334,9.700367138626843,103.08888165871598,7.2073727839997455,128,5.796875,4.8046875,5.796875,0.4140625,0.9921875,3.7278934733243725,False,0.2568256629983807,1.7920952510066854,0.12574642498111643,0.029804425008478574,4.982137772001806
0,math500,Qwen/Qwen3-4B,mgoin/Qwen3-4B-speculator.dflash2,0.0,8,dflash2_unary_k16_tb32,32,56,743,37.19082600036927,9.223902580080786,108.41398110161325,6.853359617000025,121,6.132231404958677,5.140495867768595,6.132231404958677,0.45454545454545453,0.9917355371900827,3.920459375083785,False,0.24462419700103055,1.6939638849908079,0.17458418200112646,0.028496170005382737,4.691527180009871
0,math500,Qwen/Qwen3-4B,mgoin/Qwen3-4B-speculator.dflash2,0.0,8,dflash2_unary_k16_tb64,64,56,782,37.169686000197544,9.364055407928399,106.79133734656415,7.322691329000008,126,6.198412698412699,5.2063492063492065,6.198412698412699,0.48412698412698413,0.9920634920634921,3.8617814365258334,False,0.2558044580055139,1.7703153590027796,0.29937786699701974,0.029810398011250072,4.945325763996152
0,math500,Qwen/Qwen3-4B,mgoin/Qwen3-4B-speculator.dflash2,0.0,8,dflash2_pairwise_k16_tb8,8,56,743,37.21284600032959,10.034552907132799,99.65566072098501,7.455672809999669,132,5.621212121212121,4.628787878787879,5.621212121212121,0.32575757575757575,0.9924242424242424,3.603741559749261,False,0.26516721201187465,1.845459682001092,0.11966291399949114,0.03074207099234627,5.173420307011838
0,math500,Qwen/Qwen3-4B,mgoin/Qwen3-4B-speculator.dflash2,0.0,8,dflash2_pairwise_k16_tb16,16,56,629,37.10564500033797,9.167782634340227,109.07762976995652,5.766535277000003,102,6.1568627450980395,5.166666666666667,6.1568627450980395,0.47058823529411764,0.9901960784313726,3.944458195320168,False,0.20498904299165588,1.4270236930005922,0.1179894390024856,0.023862183996243402,3.9761251820036705
0,math500,Qwen/Qwen3-4B,mgoin/Qwen3-4B-speculator.dflash2,0.0,8,dflash2_pairwise_k16_tb32,32,56,779,37.15548500076693,8.40601924261809,118.96237340619575,6.548288989999492,115,6.765217391304348,5.773913043478261,6.765217391304348,0.6,0.991304347826087,4.301909655595131,False,0.23206675500114216,1.614449851003883,0.1891586079964327,0.027012380000087433,4.466444126992428
0,math500,Qwen/Qwen3-4B,mgoin/Qwen3-4B-speculator.dflash2,0.0,8,dflash2_pairwise_k16_tb64,64,56,686,37.149944999328,8.067592975218677,123.95270845612961,5.534368781000012,95,7.2105263157894735,6.221052631578948,7.2105263157894735,0.6842105263157895,0.9894736842105263,4.4823698290204135,False,0.19273312299628742,1.3274614270067104,0.24794961100269575,0.02232631800143281,3.7273709059918474
1,math500,Qwen/Qwen3-4B,mgoin/Qwen3-4B-speculator.dflash2,0.0,8,baseline,,63,735,37.12039600031858,36.06725316870628,27.72598166326814,26.509431078999114,734,1,,,,,1.0,True,0.1796833720345603,0.0,0.0,0.0,26.20820608597205
1,math500,Qwen/Qwen3-4B,mgoin/Qwen3-4B-speculator.dflash2,0.0,8,dflash2,,63,559,36.66969400001108,9.68435874955225,103.25928911361679,5.413556540999707,101,5.524752475247524,4.534653465346534,5.524752475247524,0.37623762376237624,0.9900990099009901,3.7242789224814525,False,0.056538234995969106,1.2738378419981018,0.0,0.0,4.068257666998761
1,math500,Qwen/Qwen3-4B,mgoin/Qwen3-4B-speculator.dflash2,0.0,8,dflash2_unary_k16_tb8,8,63,735,36.93829000076221,10.035899911565052,99.64228507775688,7.376386435000313,134,5.477611940298507,4.485074626865671,5.477611940298507,0.30597014925373134,0.9925373134328358,3.5938235222078614,True,0.2670859669924539,1.861605725984191,0.09699131700472208,0.03160126699731336,5.097642922995874
1,math500,Qwen/Qwen3-4B,mgoin/Qwen3-4B-speculator.dflash2,0.0,8,dflash2_unary_k16_tb16,16,63,735,37.05079300016223,9.363231148299933,106.80073835211986,6.88197489400045,125,5.872,4.88,5.872,0.408,0.992,3.8520092687506655,True,0.25026766800510813,1.7398261400030606,0.12023102398234187,0.029047768977761734,4.722321280003598
1,math500,Qwen/Qwen3-4B,mgoin/Qwen3-4B-speculator.dflash2,0.0,8,dflash2_unary_k16_tb32,32,63,722,36.99107200009166,8.895162371191265,112.42065723709518,6.422307232000094,116,6.2155172413793105,5.224137931034483,6.2155172413793105,0.4482758620689655,0.9913793103448276,4.054704305962663,False,0.2322093150123692,1.6142372819849697,0.16605644399533048,0.02723218599385291,4.36330169300345
1,math500,Qwen/Qwen3-4B,mgoin/Qwen3-4B-speculator.dflash2,0.0,8,dflash2_unary_k16_tb64,64,63,496,36.8344779999461,9.183459629034292,108.89142440811897,4.55499597600101,80,6.1875,5.2,6.1875,0.4375,0.9875,3.927414572028669,False,0.16213846001119236,1.115387413998178,0.1902909419950447,0.018830464006896364,3.054357177003112
1,math500,Qwen/Qwen3-4B,mgoin/Qwen3-4B-speculator.dflash2,0.0,8,dflash2_pairwise_k16_tb8,8,63,735,37.13314500055276,9.472120239455899,105.57298415982127,6.962008376000085,126,5.825396825396825,4.833333333333333,5.825396825396825,0.38095238095238093,0.9920634920634921,3.8077275474680916,True,0.2508412550087087,1.751576462007506,0.11335378799594764,0.029343357007746818,4.796663520006405
1,math500,Qwen/Qwen3-4B,mgoin/Qwen3-4B-speculator.dflash2,0.0,8,dflash2_pairwise_k16_tb16,16,63,700,36.844008000116446,8.443678031427615,118.43180143510575,5.910574621999331,107,6.5327102803738315,5.542056074766355,6.5327102803738315,0.5327102803738317,0.9906542056074766,4.271509765585911,False,0.21493813899542147,1.487957479997931,0.12438408299203729,0.02497155599485268,4.041056522006329
1,math500,Qwen/Qwen3-4B,mgoin/Qwen3-4B-speculator.dflash2,0.0,8,dflash2_pairwise_k16_tb32,32,63,727,37.2891389997676,8.196556332877112,122.0024555908817,5.9588964540016605,107,6.785046728971962,5.794392523364486,6.785046728971962,0.6074766355140186,0.9906542056074766,4.400293453000175,False,0.21529387101327302,1.4892673940121313,0.1733108149965119,0.025352652999572456,4.037705216011091
1,math500,Qwen/Qwen3-4B,mgoin/Qwen3-4B-speculator.dflash2,0.0,8,dflash2_pairwise_k16_tb64,64,63,728,36.86706899861747,8.00917862912124,124.85674827678542,5.830682042000262,102,7.127450980392157,6.127450980392157,7.127450980392157,0.6862745098039216,1,4.503239949920252,False,0.20551751200582657,1.421837238009175,0.2644611589912529,0.024154519989679102,3.897125714995127
2,math500,Qwen/Qwen3-4B,mgoin/Qwen3-4B-speculator.dflash2,0.0,8,baseline,,168,1357,40.04217100009555,36.328016751658026,27.526963743605947,49.29711873199994,1356,1,,,,,1.0,True,0.3406909829864162,0.0,0.0,0.0,48.72961308599224
2,math500,Qwen/Qwen3-4B,mgoin/Qwen3-4B-speculator.dflash2,0.0,8,dflash2,,168,1420,36.700204998851405,9.105643260564122,109.82200503405697,12.930013430001054,231,6.142857142857143,5.147186147186147,6.142857142857143,0.5281385281385281,0.9956709956709957,3.989615638577894,False,0.14341299999068724,3.0766344719959307,0.0,0.0,9.672296480010118
2,math500,Qwen/Qwen3-4B,mgoin/Qwen3-4B-speculator.dflash2,0.0,8,dflash2_unary_k16_tb8,8,168,1554,36.81590599990159,9.245659258044169,108.15886375327447,14.367754487000639,245,6.338775510204082,5.3428571428571425,6.338775510204082,0.5387755102040817,0.9959183673469387,3.9291970142692527,False,0.5221801980151213,3.583149140995374,0.1893729900039034,0.05923385601818154,9.973217153998121
2,math500,Qwen/Qwen3-4B,mgoin/Qwen3-4B-speculator.dflash2,0.0,8,dflash2_unary_k16_tb16,16,168,1335,36.94319099849963,8.360245456180415,119.61371292761956,11.160927684000853,199,6.703517587939698,5.708542713567839,6.703517587939698,0.6381909547738693,0.9949748743718593,4.345328966962578,False,0.39892655701078183,2.785851491993526,0.19094093998501194,0.04649977401641081,7.706299761988703
2,math500,Qwen/Qwen3-4B,mgoin/Qwen3-4B-speculator.dflash2,0.0,8,dflash2_unary_k16_tb32,32,168,1499,36.95615099968563,8.32744217211431,120.08489273556893,12.48283581599935,217,6.903225806451613,5.907834101382488,6.903225806451613,0.7050691244239631,0.9953917050691244,4.362445994918805,False,0.4471123050170718,3.092181523990803,0.3132417049855576,0.0522442579986091,8.540921358007836
2,math500,Qwen/Qwen3-4B,mgoin/Qwen3-4B-speculator.dflash2,0.0,8,dflash2_unary_k16_tb64,64,168,1534,37.16023600100016,8.085043353976776,123.68517473788583,12.402456505000373,215,7.130232558139535,6.130232558139535,7.130232558139535,0.7255813953488373,1,4.493237099809667,False,0.4334893990053388,3.010329658000046,0.49680890700801683,0.050752041994201136,8.373586298994269
2,math500,Qwen/Qwen3-4B,mgoin/Qwen3-4B-speculator.dflash2,0.0,8,dflash2_pairwise_k16_tb8,8,168,1420,36.99230100028217,8.758012708451236,114.18115425146941,12.436378046000755,221,6.420814479638009,5.425339366515837,6.420814479638009,0.5701357466063348,0.995475113122172,4.14797488437103,False,0.44218144900696643,3.0931336269932217,0.19911384601073223,0.05161535699699016,8.615055050011506
2,math500,Qwen/Qwen3-4B,mgoin/Qwen3-4B-speculator.dflash2,0.0,8,dflash2_pairwise_k16_tb16,16,168,1495,36.954850000256556,8.056384636120889,124.12515603047167,12.044295031000727,214,6.981308411214953,5.985981308411215,6.981308411214953,0.7289719626168224,0.9953271028037384,4.509220747577141,False,0.4286250469958759,3.0002530430065235,0.24289241001861228,0.050103877978472156,8.287489903001187
2,math500,Qwen/Qwen3-4B,mgoin/Qwen3-4B-speculator.dflash2,0.0,8,dflash2_pairwise_k16_tb32,32,168,1400,37.07146300075692,8.00770117357258,124.87978488760928,11.21078164300161,198,7.065656565656566,6.070707070707071,7.065656565656566,0.702020202020202,0.9949494949494949,4.53663491734052,False,0.3976503349858831,2.7754568100153847,0.3192250270076329,0.04656901800626656,7.638658646996191
2,math500,Qwen/Qwen3-4B,mgoin/Qwen3-4B-speculator.dflash2,0.0,8,dflash2_pairwise_k16_tb64,64,168,1335,37.35045000030368,7.897863652433852,126.61651859383952,10.543647975999193,182,7.329670329670329,6.335164835164835,7.329670329670329,0.7857142857142857,0.9945054945054945,4.5997270085136215,False,0.3667517050016613,2.5473860160054755,0.4651309059881896,0.04317745801199635,7.089521197991417
3,math500,Qwen/Qwen3-4B,mgoin/Qwen3-4B-speculator.dflash2,0.0,8,baseline,,59,550,38.504555999679724,36.53929564545251,27.367796295341417,20.09661260499888,549,1,,,,,1.0,True,0.13581034997878305,0.0,0.0,0.0,19.869188875019972
3,math500,Qwen/Qwen3-4B,mgoin/Qwen3-4B-speculator.dflash2,0.0,8,dflash2,,59,555,36.95113100002345,8.95526171891991,111.66619484579502,4.97017025400055,92,6.021739130434782,5.032608695652174,6.021739130434782,0.4673913043478261,0.9891304347826086,4.08020410707321,False,0.04974753799797327,1.1685109280060715,0.0,0.0,3.7383308689950354
3,math500,Qwen/Qwen3-4B,mgoin/Qwen3-4B-speculator.dflash2,0.0,8,dflash2_unary_k16_tb8,8,59,555,37.64865599987388,9.548472329730462,104.728794876052,5.299402143000407,94,5.8936170212765955,4.8936170212765955,5.8936170212765955,0.3829787234042553,1,3.826716398568016,False,0.1878633229971456,1.315741237005568,0.06890714499240858,0.021954440999252256,3.6898884379970696
3,math500,Qwen/Qwen3-4B,mgoin/Qwen3-4B-speculator.dflash2,0.0,8,dflash2_unary_k16_tb16,16,59,510,37.18008599935274,9.177157178433559,108.96620604363333,4.680350161001115,83,6.132530120481928,5.144578313253012,6.132530120481928,0.4457831325301205,0.9879518072289156,3.9815484179916125,False,0.1669883350004966,1.160784796007647,0.08025372799602337,0.019301042984807282,3.2395813829989493
3,math500,Qwen/Qwen3-4B,mgoin/Qwen3-4B-speculator.dflash2,0.0,8,dflash2_unary_k16_tb32,32,59,550,37.075911999636446,8.655346210907737,115.53552863544255,4.7604404159992555,84,6.535714285714286,5.5476190476190474,6.535714285714286,0.5476190476190477,0.9880952380952381,4.22158683836408,True,0.1688409140042495,1.1751982629994018,0.12020281999684812,0.01985069400143402,3.262356097007796
3,math500,Qwen/Qwen3-4B,mgoin/Qwen3-4B-speculator.dflash2,0.0,8,dflash2_unary_k16_tb64,64,59,510,37.08519399879151,8.888555088236114,112.50422482316466,4.533163095000418,78,6.5256410256410255,5.538461538461538,6.5256410256410255,0.5256410256410257,0.9871794871794872,4.110825132176071,False,0.15871040999809338,1.0921676130074047,0.1820532879955863,0.018395787999907043,3.0682835720017465
3,math500,Qwen/Qwen3-4B,mgoin/Qwen3-4B-speculator.dflash2,0.0,8,dflash2_pairwise_k16_tb8,8,59,550,37.13341399998171,9.04150700727438,110.60103135411454,4.972828854000909,88,6.238636363636363,5.25,6.238636363636363,0.45454545454545453,0.9886363636363636,4.041283783339954,True,0.17602581200662826,1.2286465569923166,0.07984749500246835,0.02051393999136053,3.4536929779987986
3,math500,Qwen/Qwen3-4B,mgoin/Qwen3-4B-speculator.dflash2,0.0,8,dflash2_pairwise_k16_tb16,16,59,510,38.93179499937105,8.753014635294676,114.24635301850313,4.464037464000285,79,6.443037974683544,5.455696202531645,6.443037974683544,0.5316455696202531,0.9873417721518988,4.1744812693578215,False,0.158218973012481,1.1039712090005196,0.09076732999892556,0.018513444994823658,3.0797231780070433
3,math500,Qwen/Qwen3-4B,mgoin/Qwen3-4B-speculator.dflash2,0.0,8,dflash2_pairwise_k16_tb32,32,59,550,37.10804500042286,8.17033197454624,122.39404752651284,4.493682586000432,79,6.949367088607595,5.962025316455696,6.949367088607595,0.6455696202531646,0.9873417721518988,4.472192287814818,True,0.15946780800550187,1.1035679189935763,0.12812096099696646,0.018579821999082924,3.0708936209975946
3,math500,Qwen/Qwen3-4B,mgoin/Qwen3-4B-speculator.dflash2,0.0,8,dflash2_pairwise_k16_tb64,64,59,550,37.00466100053745,8.05156030909116,124.19952923545542,4.428358170000138,76,7.223684210526316,6.2368421052631575,7.223684210526316,0.7105263157894737,0.9868421052631579,4.538163317760328,True,0.1537104669987457,1.0620934100043087,0.1934849339977518,0.01795867299551901,2.987914561002981
4,math500,Qwen/Qwen3-4B,mgoin/Qwen3-4B-speculator.dflash2,0.0,8,baseline,,60,619,37.58209599982365,36.60558657188976,27.318234555157275,22.65885808799976,618,1,,,,,1.0,True,0.1532949829925201,0.0,0.0,0.0,22.402439858002253
4,math500,Qwen/Qwen3-4B,mgoin/Qwen3-4B-speculator.dflash2,0.0,8,dflash2,,60,621,37.62241500044183,10.098161059581118,99.0279313332205,6.270958017999874,116,5.344827586206897,4.353448275862069,5.344827586206897,0.29310344827586204,0.9913793103448276,3.6249755134533572,False,0.06740075699599402,1.476533676017425,0.0,0.0,4.709670059997734
4,math500,Qwen/Qwen3-4B,mgoin/Qwen3-4B-speculator.dflash2,0.0,8,dflash2_unary_k16_tb8,8,60,618,37.74175800026569,10.125909166666496,98.75656432825828,6.257811864999894,111,5.558558558558558,4.5675675675675675,5.558558558558558,0.2972972972972973,0.990990990990991,3.615041965060459,False,0.2216047549936775,1.5540716750092542,0.08130342200092855,0.025867241996820667,4.357304390998252
4,math500,Qwen/Qwen3-4B,mgoin/Qwen3-4B-speculator.dflash2,0.0,8,dflash2_unary_k16_tb16,16,60,631,37.095573999977205,9.008040694135577,111.0119318900303,5.6840736779995495,101,6.237623762376238,5.247524752475248,6.237623762376238,0.44554455445544555,0.9900990099009901,4.063656883313234,False,0.20227799400890945,1.4123881040140986,0.09712772100283473,0.023686517006353824,3.9322623690022738
4,math500,Qwen/Qwen3-4B,mgoin/Qwen3-4B-speculator.dflash2,0.0,8,dflash2_unary_k16_tb32,32,60,617,37.67874799996207,8.645997298216198,115.66045714660534,5.334580332999394,94,6.553191489361702,5.5638297872340425,6.553191489361702,0.5212765957446809,0.9893617021276596,4.233818877024407,False,0.18880629100021906,1.3183420009954716,0.13459934599268308,0.022327008004140225,3.654717942010393
4,math500,Qwen/Qwen3-4B,mgoin/Qwen3-4B-speculator.dflash2,0.0,8,dflash2_unary_k16_tb64,64,60,617,37.27462800088688,8.85015079740632,112.99242497574915,5.460543041999699,94,6.553191489361702,5.5638297872340425,6.553191489361702,0.5212765957446809,0.9893617021276596,4.136153994417544,False,0.19020347100376966,1.3187476759849233,0.21803552898745693,0.022356466004566755,3.694902102000924
4,math500,Qwen/Qwen3-4B,mgoin/Qwen3-4B-speculator.dflash2,0.0,8,dflash2_pairwise_k16_tb8,8,60,619,37.14552599922172,9.686570562198849,103.23571108875505,5.995987178001087,106,5.830188679245283,4.839622641509434,5.830188679245283,0.3490566037735849,0.9905660377358491,3.779003759570023,True,0.21221024201258842,1.4839037619894953,0.09610017200793664,0.024920017991462373,4.161943692020941
4,math500,Qwen/Qwen3-4B,mgoin/Qwen3-4B-speculator.dflash2,0.0,8,dflash2_pairwise_k16_tb16,16,60,635,37.80060999997659,8.28543647874067,120.69370184248801,5.261252164000325,93,6.817204301075269,5.827956989247312,6.817204301075269,0.6129032258064516,0.989247311827957,4.418063751477045,False,0.1864943300060986,1.3022091009970609,0.10667821700008062,0.021738748000643682,3.6290935639972304
4,math500,Qwen/Qwen3-4B,mgoin/Qwen3-4B-speculator.dflash2,0.0,8,dflash2_pairwise_k16_tb32,32,60,631,37.158555000132765,8.016710153723869,124.73944808089222,5.058544106999761,89,7.078651685393258,6.089887640449438,7.078651685393258,0.7078651685393258,0.9887640449438202,4.566160665654849,False,0.17897473899756733,1.2453315660022781,0.14388804200279992,0.02102783199370606,3.454497310001898
4,math500,Qwen/Qwen3-4B,mgoin/Qwen3-4B-speculator.dflash2,0.0,8,dflash2_pairwise_k16_tb64,64,60,635,37.14019600010943,7.899145996849457,126.59596371542519,5.015957707999405,86,7.372093023255814,6.383720930232558,7.372093023255814,0.8023255813953488,0.9883720930232558,4.634119509436812,False,0.1749252530025842,1.2058216359964717,0.21899527099958505,0.02043175099788641,3.3808582500096236
5,math500,Qwen/Qwen3-4B,mgoin/Qwen3-4B-speculator.dflash2,0.0,8,baseline,,54,375,38.16089999963879,36.59935489333293,27.322885961090087,13.724758084999849,374,1,,,,,1.0,True,0.09334573198793805,0.0,0.0,0.0,13.56842716398387
5,math500,Qwen/Qwen3-4B,mgoin/Qwen3-4B-speculator.dflash2,0.0,8,dflash2,,54,410,37.811530999533716,12.896986695119356,77.53749179088732,5.287764544998936,97,4.216494845360825,3.216494845360825,4.216494845360825,0.17525773195876287,1,2.837822179593574,False,0.05931545699604612,1.241898134981966,0.0,0.0,3.971955402990716
5,math500,Qwen/Qwen3-4B,mgoin/Qwen3-4B-speculator.dflash2,0.0,8,dflash2_unary_k16_tb8,8,54,409,38.06712699952186,12.885894677261795,77.60423509937428,5.270330923000074,93,4.387096774193548,3.3978494623655915,4.387096774193548,0.13978494623655913,0.989247311827957,2.840264941627643,False,0.18664930700469995,1.307730447017093,0.06890340601421485,0.021945496002444997,3.670161948995883
5,math500,Qwen/Qwen3-4B,mgoin/Qwen3-4B-speculator.dflash2,0.0,8,dflash2_unary_k16_tb16,16,54,403,37.424812000608654,12.526187955336805,79.83274748595387,5.048053746000733,89,4.51685393258427,3.5280898876404496,4.51685393258427,0.16853932584269662,0.9887640449438202,2.9218270573482577,False,0.17891226101164648,1.2528925289916515,0.08822085799329216,0.020794879004824907,3.4926584889944934
5,math500,Qwen/Qwen3-4B,mgoin/Qwen3-4B-speculator.dflash2,0.0,8,dflash2_unary_k16_tb32,32,54,374,37.269869000738254,11.987233355610705,83.42208500779233,4.483225274998404,79,4.7215189873417724,3.7341772151898733,4.7215189873417724,0.17721518987341772,0.9873417721518988,3.05319449514198,False,0.15840262900201196,1.105038287008938,0.1172412149990123,0.018688942003791453,3.0706462580055813
5,math500,Qwen/Qwen3-4B,mgoin/Qwen3-4B-speculator.dflash2,0.0,8,dflash2_unary_k16_tb64,64,54,770,37.42377100024896,10.289179842858447,97.18947625296721,7.922668479001004,136,5.654411764705882,4.661764705882353,5.654411764705882,0.3602941176470588,0.9926470588235294,3.5570721332795,False,0.2746125249996112,1.9137929400076246,0.3295054310019623,0.03230677400097193,5.348715831001755
5,math500,Qwen/Qwen3-4B,mgoin/Qwen3-4B-speculator.dflash2,0.0,8,dflash2_pairwise_k16_tb8,8,54,351,37.32853899964539,12.900009156696912,77.51932482008044,4.527903214000617,80,4.375,3.3875,4.375,0.15,0.9875,2.837157280181676,False,0.16012502099874837,1.119042754991824,0.07304033600667026,0.018679486001929035,3.144095491996268
5,math500,Qwen/Qwen3-4B,mgoin/Qwen3-4B-speculator.dflash2,0.0,8,dflash2_pairwise_k16_tb16,16,54,408,37.209956000879174,11.240284365198129,88.9657207513516,4.586036021000837,81,5.0246913580246915,4.037037037037037,5.0246913580246915,0.24691358024691357,0.9876543209876543,3.2560879871198707,False,0.16206489000614965,1.1342801279843115,0.09522645500328508,0.018908489006207674,3.162371202994109
5,math500,Qwen/Qwen3-4B,mgoin/Qwen3-4B-speculator.dflash2,0.0,8,dflash2_pairwise_k16_tb32,32,54,769,37.53307400074846,9.848044556568894,101.54300117711945,7.573146264001479,133,5.774436090225564,4.7819548872180455,5.774436090225564,0.37593984962406013,0.9924812030075187,3.716408337015518,False,0.26684147199921426,1.8683664360032708,0.22272163500201714,0.031343244005256565,5.161548018997564
5,math500,Qwen/Qwen3-4B,mgoin/Qwen3-4B-speculator.dflash2,0.0,8,dflash2_pairwise_k16_tb64,64,54,408,37.31446900019364,10.329199642157226,96.81292206984129,4.214313454000148,72,5.652777777777778,4.666666666666667,5.652777777777778,0.3194444444444444,0.9861111111111112,3.5432904930947053,False,0.14545453599748726,1.0069162210002105,0.19415609498901176,0.017107709996707854,2.8380804209937196
6,math500,Qwen/Qwen3-4B,mgoin/Qwen3-4B-speculator.dflash2,0.0,8,baseline,,44,608,37.55987499971525,36.070941638157414,27.723146515869065,21.931132515999707,607,1,,,,,1.0,True,0.1490013619804813,0.0,0.0,0.0,21.679297506028888
6,math500,Qwen/Qwen3-4B,mgoin/Qwen3-4B-speculator.dflash2,0.0,8,dflash2,,44,620,37.608664999424946,9.909794896773217,100.91026206058164,6.144072835999395,114,5.4298245614035086,4.43859649122807,5.4298245614035086,0.42105263157894735,0.9912280701754386,3.6399281734784106,False,0.06259818301805353,1.4462344959938491,0.0,0.0,4.618397537007695
6,math500,Qwen/Qwen3-4B,mgoin/Qwen3-4B-speculator.dflash2,0.0,8,dflash2_unary_k16_tb8,8,44,613,37.44857200035767,10.384211329526696,96.30004323550098,6.365521544999865,114,5.368421052631579,4.37719298245614,5.368421052631579,0.38596491228070173,0.9912280701754386,3.473633239299791,False,0.22654592999606393,1.5804185919987503,0.08288695199371432,0.02674979099901975,4.430723608997141
6,math500,Qwen/Qwen3-4B,mgoin/Qwen3-4B-speculator.dflash2,0.0,8,dflash2_unary_k16_tb16,16,44,610,37.07342300003802,9.879668990163095,101.21796600631777,6.026598083999488,108,5.638888888888889,4.648148148148148,5.638888888888889,0.4351851851851852,0.9907407407407407,3.6510273445468893,False,0.2148555219919217,1.4991129500158422,0.10424185499505256,0.025201107007887913,4.165533409994168
6,math500,Qwen/Qwen3-4B,mgoin/Qwen3-4B-speculator.dflash2,0.0,8,dflash2_unary_k16_tb32,32,44,616,37.01699299926986,9.389664917207128,106.5000730928576,5.784033588999591,103,5.970873786407767,4.980582524271845,5.970873786407767,0.4563106796116505,0.9902912621359223,3.8415579209919652,False,0.20518973599973833,1.4292269619872968,0.14824852201127214,0.024161920013284544,3.960291949000748
6,math500,Qwen/Qwen3-4B,mgoin/Qwen3-4B-speculator.dflash2,0.0,8,dflash2_unary_k16_tb64,64,44,608,36.92100899934303,9.177777375001776,108.95884255416541,5.58008864400108,97,6.257731958762887,5.268041237113402,6.257731958762887,0.5051546391752577,0.9896907216494846,3.9302480507324824,False,0.19429514000512427,1.3460799510048673,0.22893224200743134,0.02283169598740642,3.771280298991769
6,math500,Qwen/Qwen3-4B,mgoin/Qwen3-4B-speculator.dflash2,0.0,8,dflash2_pairwise_k16_tb8,8,44,608,36.84593900106847,9.858903037830283,101.4311628953881,5.994213047000812,107,5.672897196261682,4.682242990654205,5.672897196261682,0.40186915887850466,0.9906542056074766,3.6587175570899815,True,0.21245617400927586,1.4835466000113229,0.09625806900476164,0.02495137500227429,4.1598767430059524
6,math500,Qwen/Qwen3-4B,mgoin/Qwen3-4B-speculator.dflash2,0.0,8,dflash2_pairwise_k16_tb16,16,44,615,36.78401599972858,8.744390905692528,114.35902291936745,5.377800407000905,96,6.395833333333333,5.40625,6.395833333333333,0.5416666666666666,0.9895833333333334,4.125037641521209,False,0.19138606599335617,1.3318416279907979,0.1100551169965911,0.022301668977888767,3.7066923229995155
6,math500,Qwen/Qwen3-4B,mgoin/Qwen3-4B-speculator.dflash2,0.0,8,dflash2_pairwise_k16_tb32,32,44,620,37.00020299947937,8.54045937742065,117.08972033094729,5.295084814000802,94,6.585106382978723,5.595744680851064,6.585106382978723,0.574468085106383,0.9893617021276596,4.223536468485773,False,0.1875406979888794,1.3041405370076973,0.1527596159994573,0.022048820994314156,3.6131469889915024
6,math500,Qwen/Qwen3-4B,mgoin/Qwen3-4B-speculator.dflash2,0.0,8,dflash2_pairwise_k16_tb64,64,44,613,36.89900999961537,8.487049517127314,117.82657777381257,5.202561353999044,90,6.8,5.811111111111111,6.8,0.6333333333333333,0.9888888888888889,4.250115610303008,False,0.18085613600305805,1.2485908400103654,0.23214493600244168,0.021080852986415266,3.5043048200041085
7,math500,Qwen/Qwen3-4B,mgoin/Qwen3-4B-speculator.dflash2,0.0,8,baseline,,176,917,37.24805700039724,36.14205515485265,27.66859813907771,33.14226457699988,916,1,,,,,1.0,True,0.22488004901788372,0.0,0.0,0.0,32.76603739698476
7,math500,Qwen/Qwen3-4B,mgoin/Qwen3-4B-speculator.dflash2,0.0,8,dflash2,,176,917,37.411719998999615,8.319197244275498,120.20390557371476,7.628703873000632,143,6.405594405594406,5.4125874125874125,6.405594405594406,0.5734265734265734,0.993006993006993,4.344416185073899,True,0.07307452299392025,1.8026270269929228,0.0,0.0,5.731932320008127
7,math500,Qwen/Qwen3-4B,mgoin/Qwen3-4B-speculator.dflash2,0.0,8,dflash2_unary_k16_tb8,8,176,917,37.25515800033463,8.827060526718359,113.28799626706201,8.094414503000735,145,6.317241379310345,5.324137931034483,6.317241379310345,0.5586206896551724,0.993103448275862,4.0944610094668965,True,0.2886858790006954,2.0162892440021096,0.10531644797629269,0.033624210007474176,5.627373355991949
7,math500,Qwen/Qwen3-4B,mgoin/Qwen3-4B-speculator.dflash2,0.0,8,dflash2_unary_k16_tb16,16,176,1054,37.072533999889856,8.079445685957124,123.77086731805116,8.515735752998808,152,6.927631578947368,5.934210526315789,6.927631578947368,0.6842105263157895,0.993421052631579,4.473333513172954,False,0.30432263898910605,2.1283424390003347,0.14511554100135982,0.035714070005269605,5.877665116006028
7,math500,Qwen/Qwen3-4B,mgoin/Qwen3-4B-speculator.dflash2,0.0,8,dflash2_unary_k16_tb32,32,176,917,36.93922999991628,8.162624816794798,122.50961209713765,7.485126957000831,133,6.887218045112782,5.887218045112782,6.887218045112782,0.6466165413533834,1,4.427749157414352,True,0.26611113699800626,1.856749274995309,0.18826044600791647,0.031252122007572325,5.1205453330003365
7,math500,Qwen/Qwen3-4B,mgoin/Qwen3-4B-speculator.dflash2,0.0,8,dflash2_unary_k16_tb64,64,176,917,37.0305329997791,8.082632997819301,123.72205941675202,7.4117744590002985,128,7.15625,6.15625,7.15625,0.734375,1,4.471569495312209,True,0.25978299899725243,1.7959678360111866,0.2963495280037023,0.030203014004655415,5.0069951210080035
7,math500,Qwen/Qwen3-4B,mgoin/Qwen3-4B-speculator.dflash2,0.0,8,dflash2_pairwise_k16_tb8,8,176,917,36.85315800066746,8.459057540894639,118.21647921953242,7.7569557650003835,138,6.63768115942029,5.644927536231884,6.63768115942029,0.6231884057971014,0.9927536231884058,4.272586512164833,True,0.27554089001387183,1.9257730459958111,0.1241266950055433,0.032294904993250384,5.377204896989497
7,math500,Qwen/Qwen3-4B,mgoin/Qwen3-4B-speculator.dflash2,0.0,8,dflash2_pairwise_k16_tb16,16,176,917,36.927810000634054,7.781367611777932,128.51211379428895,7.135514100000364,127,7.21259842519685,6.21259842519685,7.21259842519685,0.7716535433070866,1,4.644691904819891,True,0.2536999299954914,1.7729572020016349,0.1433161039967672,0.02965726600814378,4.915282164007294
7,math500,Qwen/Qwen3-4B,mgoin/Qwen3-4B-speculator.dflash2,0.0,8,dflash2_pairwise_k16_tb32,32,176,917,36.92686000067624,7.456541225737241,134.1104366926005,6.83764830400105,121,7.570247933884297,6.578512396694215,7.570247933884297,0.8264462809917356,0.9917355371900827,4.847026799785342,True,0.24326392798866436,1.6876834319955378,0.1937917380073486,0.02854887000466988,4.664323752011114
7,math500,Qwen/Qwen3-4B,mgoin/Qwen3-4B-speculator.dflash2,0.0,8,dflash2_pairwise_k16_tb64,64,176,917,36.934829000529135,7.51658794983614,133.03908723928384,6.892711149999741,119,7.697478991596639,6.705882352941177,7.697478991596639,0.8907563025210085,0.9915966386554622,4.80830602875345,True,0.2397030550037016,1.6609415249986341,0.30046849599784764,0.02823648400044476,4.642848960011179
8,math500,Qwen/Qwen3-4B,mgoin/Qwen3-4B-speculator.dflash2,0.0,8,baseline,,65,785,38.128688000142574,36.033999478979915,27.75156836485332,28.286689590999234,784,1,,,,,1.0,True,0.19267817900436057,0.0,0.0,0.0,27.96574299396707
8,math500,Qwen/Qwen3-4B,mgoin/Qwen3-4B-speculator.dflash2,0.0,8,dflash2,,65,784,37.326199000744964,8.613823903061178,116.09245919743267,6.753237939999964,127,6.165354330708661,5.173228346456693,6.165354330708661,0.5354330708661418,0.9921259842519685,4.183275614233786,False,0.0656973259865481,1.5928704390080384,0.0,0.0,5.076025541997296
8,math500,Qwen/Qwen3-4B,mgoin/Qwen3-4B-speculator.dflash2,0.0,8,dflash2_unary_k16_tb8,8,65,784,37.214875999779906,9.221959700254251,108.43682172807911,7.230016404999333,129,6.069767441860465,5.069767441860465,6.069767441860465,0.5271317829457365,1,3.9074123776518404,False,0.2570255630034808,1.7967470630028402,0.09366234799927042,0.030000822011061246,5.032069247990876
8,math500,Qwen/Qwen3-4B,mgoin/Qwen3-4B-speculator.dflash2,0.0,8,dflash2_unary_k16_tb16,16,65,785,37.3779800011107,8.562093177070388,116.79387029774894,6.721243144000255,120,6.533333333333333,5.541666666666667,6.533333333333333,0.6,0.9916666666666667,4.208550261457133,True,0.23936719299490505,1.6725444360035908,0.11465063101604756,0.02801048398760031,4.6472780400017655
8,math500,Qwen/Qwen3-4B,mgoin/Qwen3-4B-speculator.dflash2,0.0,8,dflash2_unary_k16_tb32,32,65,786,37.31237000101828,8.385835751907726,119.24869858946454,6.5912669009994715,117,6.7094017094017095,5.717948717948718,6.7094017094017095,0.6239316239316239,0.9914529914529915,4.297007542841798,False,0.2342664600109856,1.630231265000475,0.16499487400142243,0.027539856995645096,4.5148173609977675
8,math500,Qwen/Qwen3-4B,mgoin/Qwen3-4B-speculator.dflash2,0.0,8,dflash2_unary_k16_tb64,64,65,785,37.41164100028982,8.232802602547372,121.46531968233789,6.462750042999687,112,7,6.008928571428571,7,0.6875,0.9910714285714286,4.3768812661474925,True,0.2257865550036513,1.5625646079970466,0.25814570400143566,0.026510014011364547,4.370342933005304
8,math500,Qwen/Qwen3-4B,mgoin/Qwen3-4B-speculator.dflash2,0.0,8,dflash2_pairwise_k16_tb8,8,65,784,37.32434999983525,8.602186454082789,116.2495146248984,6.744114180000906,120,6.525,5.525,6.525,0.55,1,4.188934949425257,False,0.23917988698303816,1.6718149029929918,0.10752548699747422,0.02789420700901246,4.677845204991172
8,math500,Qwen/Qwen3-4B,mgoin/Qwen3-4B-speculator.dflash2,0.0,8,dflash2_pairwise_k16_tb16,16,65,784,38.08651700092014,8.017250246172473,124.73104484638127,6.285524192999219,112,6.991071428571429,6,6.991071428571429,0.7053571428571429,0.9910714285714286,4.4945584050071234,False,0.22335009899688885,1.5613943720054522,0.1266573739994783,0.026089684000908164,4.329888991000189
8,math500,Qwen/Qwen3-4B,mgoin/Qwen3-4B-speculator.dflash2,0.0,8,dflash2_pairwise_k16_tb32,32,65,785,37.4857240003621,7.917426617834257,126.30366510091396,6.215179894999892,110,7.127272727272727,6.136363636363637,7.127272727272727,0.7090909090909091,0.990909090909091,4.5512262024395875,True,0.2206509539973922,1.5350086180060316,0.17656414600605785,0.025775903011890478,4.238990701000148
8,math500,Qwen/Qwen3-4B,mgoin/Qwen3-4B-speculator.dflash2,0.0,8,dflash2_pairwise_k16_tb64,64,65,785,37.41818099842931,7.89971460254741,126.5868515905032,6.201275962999717,107,7.327102803738318,6.336448598130841,7.327102803738318,0.7663551401869159,0.9906542056074766,4.561430544257901,True,0.2156250959906174,1.4923878099907597,0.2704461510056717,0.025303006992544397,4.178901229013718
9,math500,Qwen/Qwen3-4B,mgoin/Qwen3-4B-speculator.dflash2,0.0,8,baseline,,60,402,37.91627200007497,35.95168853233425,27.815105237703072,14.452578789998372,401,1,,,,,1.0,True,0.09826105698448373,0.0,0.0,0.0,14.288421006991484
9,math500,Qwen/Qwen3-4B,mgoin/Qwen3-4B-speculator.dflash2,0.0,8,dflash2,,60,367,36.87187899959099,9.716966792912386,102.91277322563313,3.5661268129988457,67,5.462686567164179,4.477611940298507,5.462686567164179,0.44776119402985076,0.9850746268656716,3.6998879690067104,False,0.03614044600180932,0.8365178829917568,0.0,0.0,2.683638054995754
9,math500,Qwen/Qwen3-4B,mgoin/Qwen3-4B-speculator.dflash2,0.0,8,dflash2_unary_k16_tb8,8,60,402,37.05545299999358,10.17654526119589,98.26517490302851,4.090971195000748,73,5.493150684931507,4.506849315068493,5.493150684931507,0.3013698630136986,0.9863013698630136,3.53279896168903,False,0.14550189601141028,1.0127094789932016,0.053049646003273665,0.01705156000025454,2.8510157950058783
9,math500,Qwen/Qwen3-4B,mgoin/Qwen3-4B-speculator.dflash2,0.0,8,dflash2_unary_k16_tb16,16,60,432,36.99811200021941,8.953065569442144,111.69358609559573,3.8677243259990064,69,6.246376811594203,5.246376811594203,6.246376811594203,0.5507246376811594,1,4.015573018368318,False,0.13786312699630798,0.9569871189996775,0.06687750798846537,0.016051687003709958,2.6788428950021625
9,math500,Qwen/Qwen3-4B,mgoin/Qwen3-4B-speculator.dflash2,0.0,8,dflash2_unary_k16_tb32,32,60,402,37.03737199975876,9.115082937809058,109.70827219267898,3.6642633409992413,65,6.1692307692307695,5.1692307692307695,6.1692307692307695,0.5230769230769231,1,3.9441976312917415,False,0.13009882000551443,0.9024291640052979,0.09301633999893966,0.015249009005856351,2.512715445003778
9,math500,Qwen/Qwen3-4B,mgoin/Qwen3-4B-speculator.dflash2,0.0,8,dflash2_unary_k16_tb64,64,60,402,37.09175399853848,9.057705875619746,110.40323164960112,3.641197761999138,63,6.365079365079365,5.365079365079365,6.365079365079365,0.5555555555555556,1,3.969182597229607,False,0.12686097999358026,0.8733199460057222,0.14759079001669306,0.014890627009663149,2.4677096589985013
9,math500,Qwen/Qwen3-4B,mgoin/Qwen3-4B-speculator.dflash2,0.0,8,dflash2_pairwise_k16_tb8,8,60,402,36.99960199992347,9.36708975870661,106.75674363753274,3.7655700830000574,67,5.985074626865671,5,5.985074626865671,0.417910447761194,0.9850746268656716,3.838085195982834,False,0.13352596100776282,0.9282319230023859,0.06042206501660985,0.015573218999634264,2.6173011519949796
9,math500,Qwen/Qwen3-4B,mgoin/Qwen3-4B-speculator.dflash2,0.0,8,dflash2_pairwise_k16_tb16,16,60,432,37.07548400052474,8.189273979164009,122.11094689764961,3.537766358998852,63,6.841269841269841,5.857142857142857,6.841269841269841,0.7142857142857143,0.9841269841269841,4.390094729252707,False,0.12565410000752308,0.872002637015612,0.0719247369961522,0.014615432990467525,2.443364601011126
9,math500,Qwen/Qwen3-4B,mgoin/Qwen3-4B-speculator.dflash2,0.0,8,dflash2_pairwise_k16_tb32,32,60,400,36.918019999575336,8.063312442500319,124.01851064696113,3.2253249770001275,57,7,6,7,0.6666666666666666,1,4.458674867023526,False,0.11423161899438128,0.790196112006015,0.09202156299943454,0.013341252002646797,2.2062061199976597
9,math500,Qwen/Qwen3-4B,mgoin/Qwen3-4B-speculator.dflash2,0.0,8,dflash2_pairwise_k16_tb64,64,60,406,36.89363000012236,8.15418349753743,122.63643567771081,3.3105985000001965,57,7.105263157894737,6.12280701754386,7.105263157894737,0.7719298245614035,0.9824561403508771,4.408986938200703,False,0.11500598500970227,0.7895775250035513,0.14599699799691734,0.013382225000896142,2.2368013550003525
10,math500,Qwen/Qwen3-4B,mgoin/Qwen3-4B-speculator.dflash2,0.0,8,baseline,,60,158,38.36610399957863,35.561442677215936,28.120343965704624,5.618707943000118,157,1,,,,,1.0,True,0.0384561360006046,0.0,0.0,0.0,5.554334196011041
10,math500,Qwen/Qwen3-4B,mgoin/Qwen3-4B-speculator.dflash2,0.0,8,dflash2,,60,158,36.66608399908,10.720049753171558,93.28314914808553,1.6937678610011062,32,4.90625,3.9375,4.90625,0.15625,0.96875,3.317283361179828,True,0.01944662600180891,0.39118609000070137,0.0,0.0,1.2784314710006583
10,math500,Qwen/Qwen3-4B,mgoin/Qwen3-4B-speculator.dflash2,0.0,8,dflash2_unary_k16_tb8,8,60,158,36.75163600019005,11.62790558227462,86.00001031349815,1.83720908199939,33,4.757575757575758,3.787878787878788,4.757575757575758,0.15151515151515152,0.9696969696969697,3.0582844370034437,True,0.06530331800604472,0.44856557399907615,0.024152759000571677,0.0077322689940046985,1.2861315740010468
10,math500,Qwen/Qwen3-4B,mgoin/Qwen3-4B-speculator.dflash2,0.0,8,dflash2_unary_k16_tb16,16,60,195,36.720546000651666,9.685663123076292,103.24538312895473,1.8887043089998772,34,5.705882352941177,4.735294117647059,5.705882352941177,0.38235294117647056,0.9705882352941176,3.6715547738275207,False,0.06734311999935017,0.46308025100734085,0.03281375299775391,0.007808586000464857,1.312213076002081
10,math500,Qwen/Qwen3-4B,mgoin/Qwen3-4B-speculator.dflash2,0.0,8,dflash2_unary_k16_tb32,32,60,226,36.81053900072584,9.150760871677521,109.28053022291245,2.0680719569991197,37,6.081081081081081,5.108108108108108,6.081081081081081,0.43243243243243246,0.972972972972973,3.8861733112578647,False,0.0737811250037339,0.5053798879980604,0.052740040999196935,0.008673822003402165,1.421437850996881
10,math500,Qwen/Qwen3-4B,mgoin/Qwen3-4B-speculator.dflash2,0.0,8,dflash2_unary_k16_tb64,64,60,158,36.73116499885509,9.777533063289077,102.27528697955726,1.5448502239996742,27,5.814814814814815,4.851851851851852,5.814814814814815,0.4074074074074074,0.9629629629629629,3.637056755219335,True,0.053974555996319395,0.3649954610009445,0.06409862800137489,0.006300028993791784,1.0507799020033417
10,math500,Qwen/Qwen3-4B,mgoin/Qwen3-4B-speculator.dflash2,0.0,8,dflash2_pairwise_k16_tb8,8,60,158,36.772157000086736,10.5743539873436,94.56842481317496,1.6707479300002888,30,5.233333333333333,4.266666666666667,5.233333333333333,0.16666666666666666,0.9666666666666667,3.3629896180683265,True,0.05928821999623324,0.4058824250023463,0.027065648002462694,0.006928771003003931,1.1668523530006496
10,math500,Qwen/Qwen3-4B,mgoin/Qwen3-4B-speculator.dflash2,0.0,8,dflash2_pairwise_k16_tb16,16,60,158,36.85039999982109,9.15053508228245,109.28322671930201,1.4457845430006273,26,6.038461538461538,5.076923076923077,6.038461538461538,0.38461538461538464,0.9615384615384616,3.8862692025596512,True,0.05236040600175329,0.3500482010022097,0.029756087002169807,0.006044400995961041,1.0033931610050786
10,math500,Qwen/Qwen3-4B,mgoin/Qwen3-4B-speculator.dflash2,0.0,8,dflash2_pairwise_k16_tb32,32,60,226,36.75165599997854,8.184927526551203,122.17579163115198,1.849793621000572,33,6.818181818181818,5.848484848484849,6.818181818181818,0.5757575757575758,0.9696969696969697,4.34474741063469,False,0.06584235399714089,0.44892580800114956,0.05318529499891156,0.007702495993726188,1.2686618379993888
10,math500,Qwen/Qwen3-4B,mgoin/Qwen3-4B-speculator.dflash2,0.0,8,dflash2_pairwise_k16_tb64,64,60,158,36.86483800083806,8.341007518987382,119.88959340027095,1.3178791880000063,23,6.826086956521739,5.826086956521739,6.826086956521739,0.5652173913043478,1,4.263446903298461,True,0.04606621200218797,0.3090198190002411,0.05862981699647207,0.005343483999240561,0.8948566890085203
11,math500,Qwen/Qwen3-4B,mgoin/Qwen3-4B-speculator.dflash2,0.0,8,baseline,,88,417,38.00643599970499,35.773326405278326,27.953788492323454,14.917477111001062,416,1,,,,,1.0,True,0.10189102700678632,0.0,0.0,0.0,14.747122223980114
11,math500,Qwen/Qwen3-4B,mgoin/Qwen3-4B-speculator.dflash2,0.0,8,dflash2,,88,479,37.128433999896515,14.756974448852715,67.76456810072916,7.068590761000451,133,3.593984962406015,2.601503759398496,3.593984962406015,0.10526315789473684,0.9924812030075187,2.424164013380096,False,0.0825192509983026,1.663572731989916,0.0,0.0,5.30284431099426
11,math500,Qwen/Qwen3-4B,mgoin/Qwen3-4B-speculator.dflash2,0.0,8,dflash2_unary_k16_tb8,8,88,464,37.1959460007929,14.702562247846581,68.0153556327548,6.821988883000813,122,3.7950819672131146,2.80327868852459,3.7950819672131146,0.08196721311475409,0.9918032786885246,2.4331355176216234,False,0.24175070198907633,1.6955830800034164,0.08929799898578494,0.02849088799666788,4.747422673997789
11,math500,Qwen/Qwen3-4B,mgoin/Qwen3-4B-speculator.dflash2,0.0,8,dflash2_unary_k16_tb16,16,88,481,37.27745800097182,11.952049918917645,83.66765590705951,5.748936010999387,103,4.660194174757281,3.6699029126213594,4.660194174757281,0.18446601941747573,0.9902912621359223,2.993070364327753,False,0.20442746200387774,1.4291725189978024,0.10067206900203018,0.024051421009062324,3.97387222299767
11,math500,Qwen/Qwen3-4B,mgoin/Qwen3-4B-speculator.dflash2,0.0,8,dflash2_unary_k16_tb32,32,88,459,37.2754679992795,11.762059607845439,85.01912363485964,5.398785360001057,96,4.770833333333333,3.78125,4.770833333333333,0.21875,0.9895833333333334,3.0414168604805467,False,0.1907936469942797,1.3340599949915486,0.14171107500624203,0.023165968001194415,3.6932285879938718
11,math500,Qwen/Qwen3-4B,mgoin/Qwen3-4B-speculator.dflash2,0.0,8,dflash2_unary_k16_tb64,64,88,393,37.43778199896042,10.856205582699507,92.11321509916908,4.266488794000907,74,5.297297297297297,4.3108108108108105,5.297297297297297,0.20270270270270271,0.9864864864864865,3.2951961099821876,False,0.14826970599278866,1.0235805030006304,0.18103693899502105,0.017467264995502774,2.883419159996265
11,math500,Qwen/Qwen3-4B,mgoin/Qwen3-4B-speculator.dflash2,0.0,8,dflash2_pairwise_k16_tb8,8,88,446,37.181596000664285,13.941600825112273,71.72777448904952,6.217953968000074,110,4.045454545454546,3.0545454545454547,4.045454545454546,0.10909090909090909,0.990909090909091,2.5659410891209644,False,0.2206048650041339,1.5316427489979105,0.10006762900775357,0.025730966995979543,4.322087314993041
11,math500,Qwen/Qwen3-4B,mgoin/Qwen3-4B-speculator.dflash2,0.0,8,dflash2_pairwise_k16_tb16,16,88,421,37.20323600100528,11.449309216153683,87.34151389580018,4.820159180000701,86,4.883720930232558,3.895348837209302,4.883720930232558,0.13953488372093023,0.9883720930232558,3.1244964853256123,False,0.1713947210009792,1.1906674539986852,0.10036888199647365,0.020013725004901062,3.323801114998787
11,math500,Qwen/Qwen3-4B,mgoin/Qwen3-4B-speculator.dflash2,0.0,8,dflash2_pairwise_k16_tb32,32,88,488,37.32061900154804,10.28222827459163,97.25518373007685,5.017727398000716,89,5.47191011235955,4.48314606741573,5.47191011235955,0.2696629213483146,0.9887640449438202,3.479141432181353,False,0.1772682750106469,1.2333153620002122,0.14869645401449816,0.020940681008141837,3.4227946439968946
11,math500,Qwen/Qwen3-4B,mgoin/Qwen3-4B-speculator.dflash2,0.0,8,dflash2_pairwise_k16_tb64,64,88,427,37.293888000931474,10.446765262293994,95.7234105383173,4.460768766999536,77,5.532467532467533,4.545454545454546,5.532467532467533,0.2857142857142857,0.987012987012987,3.4243448098136837,False,0.15414792100455088,1.0663367000106518,0.20631326101283776,0.018268035995788523,3.0022999529992376
12,math500,Qwen/Qwen3-4B,mgoin/Qwen3-4B-speculator.dflash2,0.0,8,baseline,,92,2048,38.400104000174906,36.27438823730422,27.567659954954387,74.28994710999905,2048,1,,,,,1.0,True,0.5020832950449403,0.0,0.0,0.0,73.45097061598972
12,math500,Qwen/Qwen3-4B,mgoin/Qwen3-4B-speculator.dflash2,0.0,8,dflash2,,92,690,37.680387000364135,11.642378424638055,85.89310221043502,8.033241113000258,150,4.593333333333334,3.6,4.593333333333334,0.28,0.9933333333333333,3.1157197364877733,False,0.08711040400339698,1.8942369109954598,0.0,0.0,6.029705697987083
12,math500,Qwen/Qwen3-4B,mgoin/Qwen3-4B-speculator.dflash2,0.0,8,dflash2_unary_k16_tb8,8,92,2048,37.856251999983215,10.989829653320626,90.99322114586603,22.507171130000643,399,5.130325814536341,4.132832080200501,5.130325814536341,0.3107769423558897,0.9974937343358395,3.300723430808025,False,0.796455779011012,5.616157146014302,0.29233303901310137,0.09332825200726802,15.644965755995145
12,math500,Qwen/Qwen3-4B,mgoin/Qwen3-4B-speculator.dflash2,0.0,8,dflash2_unary_k16_tb16,16,92,2048,37.69158799877914,9.941506146484258,100.58838019766681,20.36020458799976,361,5.670360110803324,4.673130193905817,5.670360110803324,0.4155124653739612,0.997229916897507,3.64878195545173,False,0.721470896007304,5.089730985015194,0.3509963819906261,0.08468089201960538,14.05463356400287
12,math500,Qwen/Qwen3-4B,mgoin/Qwen3-4B-speculator.dflash2,0.0,8,dflash2_unary_k16_tb32,32,92,2006,37.67628599962336,10.175783372881016,98.27253228140167,20.41262144599932,360,5.569444444444445,4.572222222222222,5.569444444444445,0.4083333333333333,0.9972222222222222,3.564775989038576,False,0.7205254850050551,5.0727462739814655,0.5230193299867096,0.0848042860015994,13.951581670005908
12,math500,Qwen/Qwen3-4B,mgoin/Qwen3-4B-speculator.dflash2,0.0,8,dflash2_unary_k16_tb64,64,92,2048,37.70510799949989,10.314969515625272,96.94648137206657,21.125057568000557,363,5.639118457300276,4.641873278236915,5.639118457300276,0.41597796143250687,0.9972451790633609,3.5166743035309245,False,0.7323526769960154,5.1246042380134895,0.8809577760057437,0.0859381299760571,14.237839142993835
12,math500,Qwen/Qwen3-4B,mgoin/Qwen3-4B-speculator.dflash2,0.0,8,dflash2_pairwise_k16_tb8,8,92,2044,37.47506199943018,10.62472918150721,94.12004606578982,21.716946447000737,384,5.3203125,4.322916666666667,5.3203125,0.328125,0.9973958333333334,3.414147091903418,False,0.7666800980150583,5.402944329020102,0.34898702098507783,0.08962993001296127,15.047166669995931
12,math500,Qwen/Qwen3-4B,mgoin/Qwen3-4B-speculator.dflash2,0.0,8,dflash2_pairwise_k16_tb16,16,92,2048,37.94965300039621,9.831104717284767,101.71796850478346,20.134102460999202,356,5.75,4.752808988764045,5.75,0.4157303370786517,0.9971910112359551,3.6897570802523987,False,0.7119958270104689,5.015686494005422,0.4133867119962815,0.0836641199693986,13.85145387099692
12,math500,Qwen/Qwen3-4B,mgoin/Qwen3-4B-speculator.dflash2,0.0,8,dflash2_pairwise_k16_tb32,32,92,2048,37.690076998842414,8.898056730957116,112.38408904732117,18.223220185000173,320,6.396875,5.4,6.396875,0.56875,0.996875,4.076664077798298,False,0.641144892995726,4.508539639988157,0.5272111129997938,0.07555802098067943,12.417161966983258
12,math500,Qwen/Qwen3-4B,mgoin/Qwen3-4B-speculator.dflash2,0.0,8,dflash2_pairwise_k16_tb64,64,92,1845,37.71691800102417,9.220422031978215,108.45490548391449,17.011678648999805,291,6.3367697594501715,5.34020618556701,6.3367697594501715,0.5395189003436426,0.9965635738831615,3.934135347763649,False,0.5868683109965787,4.107583227005307,0.7643245970211865,0.06890518000909651,11.433119413026361
13,math500,Qwen/Qwen3-4B,mgoin/Qwen3-4B-speculator.dflash2,0.0,8,baseline,,77,936,39.11662099926616,36.6299963002134,27.30003005744705,34.285676536999745,935,1,,,,,1.0,True,0.23142699701566016,0.0,0.0,0.0,33.89867220200358
13,math500,Qwen/Qwen3-4B,mgoin/Qwen3-4B-speculator.dflash2,0.0,8,dflash2,,77,847,38.112247000753996,9.463208030695986,105.67241011254124,8.0153372019995,148,5.716216216216216,4.716216216216216,5.716216216216216,0.4527027027027027,1,3.8707799914570185,False,0.0803488589990593,1.8911653879968071,0.0,0.0,6.021913173988651
13,math500,Qwen/Qwen3-4B,mgoin/Qwen3-4B-speculator.dflash2,0.0,8,dflash2_unary_k16_tb8,8,77,796,38.10037699986424,10.856449301508606,92.11114722942062,8.641733644000851,153,5.196078431372549,4.2026143790849675,5.196078431372549,0.27450980392156865,0.9934640522875817,3.3740309822220893,False,0.305949726005565,2.1492714560044988,0.11299764998693718,0.035806820002108,6.0131022129953635
13,math500,Qwen/Qwen3-4B,mgoin/Qwen3-4B-speculator.dflash2,0.0,8,dflash2_unary_k16_tb16,16,77,1120,37.56509599952551,9.002399536607948,111.08149509844951,10.082687481000903,179,6.251396648044692,5.251396648044692,6.251396648044692,0.5027932960893855,1,4.068914754478379,False,0.3581160470184841,2.5162520310150285,0.17256331199860142,0.042009961000076146,6.964684929003852
13,math500,Qwen/Qwen3-4B,mgoin/Qwen3-4B-speculator.dflash2,0.0,8,dflash2_unary_k16_tb32,32,77,1176,37.59471500052314,8.773851479591462,113.97503164101462,10.318049339999561,182,6.456043956043956,5.461538461538462,6.456043956043956,0.5494505494505495,0.9945054945054945,4.174904987327071,False,0.36535277301118185,2.560247822008023,0.25996951998786244,0.04293011700428906,7.059245779004414
13,math500,Qwen/Qwen3-4B,mgoin/Qwen3-4B-speculator.dflash2,0.0,8,dflash2_unary_k16_tb64,64,77,1275,37.813719998666784,8.62272898274515,115.97256529818917,10.993979453000065,189,6.7407407407407405,5.746031746031746,6.7407407407407405,0.6243386243386243,0.9947089947089947,4.2480746377989265,False,0.38241896600629843,2.6623999209768954,0.4415092999806802,0.04591774899563461,7.428738901986435
13,math500,Qwen/Qwen3-4B,mgoin/Qwen3-4B-speculator.dflash2,0.0,8,dflash2_pairwise_k16_tb8,8,77,933,38.06009700019786,9.103782389067394,109.84445335610022,8.493828968999878,150,6.213333333333333,5.22,6.213333333333333,0.5133333333333333,0.9933333333333333,4.023601920032915,False,0.30113377998895885,2.1064139739883103,0.13628772999800276,0.035231582003689255,5.890679407986681
13,math500,Qwen/Qwen3-4B,mgoin/Qwen3-4B-speculator.dflash2,0.0,8,dflash2_pairwise_k16_tb16,16,77,1271,37.65984799974831,8.545122822974141,117.02581937282778,10.860851108000134,192,6.614583333333333,5.619791666666667,6.614583333333333,0.5833333333333334,0.9947916666666666,4.2866553306561235,False,0.3859890059866302,2.699505999993562,0.2201967680011876,0.04510840098919289,7.478834394001751
13,math500,Qwen/Qwen3-4B,mgoin/Qwen3-4B-speculator.dflash2,0.0,8,dflash2_pairwise_k16_tb32,32,77,2048,37.73545900003228,8.260887143066498,121.05237399827172,16.918296869000187,297,6.892255892255892,5.895622895622895,6.892255892255892,0.6767676767676768,0.9966329966329966,4.434148011688742,False,0.596653314996729,4.183555109017107,0.48735869400297815,0.07012872200357378,11.530864028018186
13,math500,Qwen/Qwen3-4B,mgoin/Qwen3-4B-speculator.dflash2,0.0,8,dflash2_pairwise_k16_tb64,64,77,938,37.780798998937826,7.976883430704535,125.36224312252209,7.482316658000854,128,7.3203125,6.328125,7.3203125,0.7578125,0.9921875,4.592018501764437,False,0.2606067299893766,1.7998788649983908,0.3272851630081277,0.03034857998136431,5.0420621459834365
14,math500,Qwen/Qwen3-4B,mgoin/Qwen3-4B-speculator.dflash2,0.0,8,baseline,,80,1353,38.63343999910285,36.55823380487853,27.353619032507922,49.463290338000654,1352,1,,,,,1.0,True,0.3339932730195869,0.0,0.0,0.0,48.904398949956885
14,math500,Qwen/Qwen3-4B,mgoin/Qwen3-4B-speculator.dflash2,0.0,8,dflash2,,80,546,38.13941800035536,9.20749538827861,108.60716816356236,5.027292482000121,93,5.860215053763441,4.870967741935484,5.860215053763441,0.4838709677419355,0.989247311827957,3.9704862466092736,False,0.0498075620016607,1.1854425119890948,0.0,0.0,3.77831144800075
14,math500,Qwen/Qwen3-4B,mgoin/Qwen3-4B-speculator.dflash2,0.0,8,dflash2_unary_k16_tb8,8,80,2048,38.10465800052043,9.58913550878826,104.2846875073899,19.638549521998357,348,5.882183908045977,4.885057471264368,5.882183908045977,0.46839080459770116,0.9971264367816092,3.812463988163856,False,0.6970247760236816,4.900662967009339,0.2547649669995735,0.08120822403179773,13.649554823025028
14,math500,Qwen/Qwen3-4B,mgoin/Qwen3-4B-speculator.dflash2,0.0,8,dflash2_unary_k16_tb16,16,80,603,37.65278700120689,10.474806834162326,95.46715427139142,6.316308520999883,112,5.375,4.383928571428571,5.375,0.36607142857142855,0.9910714285714286,3.4901105465399365,False,0.22368978100530512,1.56938260399329,0.10886379099792975,0.02614121398619318,4.370098065002821
14,math500,Qwen/Qwen3-4B,mgoin/Qwen3-4B-speculator.dflash2,0.0,8,dflash2_unary_k16_tb32,32,80,2048,37.66193800038309,8.440255491699133,118.47982575687256,17.285643246999825,305,6.711475409836066,5.714754098360656,6.711475409836066,0.6524590163934426,0.9967213114754099,4.331413171181016,False,0.6121091379991412,4.294996406999417,0.4370230199820071,0.07191742101531418,11.818648915021186
14,math500,Qwen/Qwen3-4B,mgoin/Qwen3-4B-speculator.dflash2,0.0,8,dflash2_unary_k16_tb64,64,80,302,37.69300800013298,10.017475814571382,99.82554672559367,3.0252776960005576,52,5.788461538461538,4.8076923076923075,5.788461538461538,0.40384615384615385,0.9807692307692307,3.64944567689408,False,0.10485302999950363,0.7244744549989264,0.12460309000198322,0.012337052998191211,2.0500761159964895
14,math500,Qwen/Qwen3-4B,mgoin/Qwen3-4B-speculator.dflash2,0.0,8,dflash2_pairwise_k16_tb8,8,80,393,37.52968400112877,9.644599394404679,103.68497011707409,3.790327562001039,67,5.850746268656716,4.865671641791045,5.850746268656716,0.43283582089552236,0.9850746268656716,3.7905393795918383,False,0.1338215369887621,0.9330009820023406,0.060772100996473455,0.015562073002001853,2.6365039289976266
14,math500,Qwen/Qwen3-4B,mgoin/Qwen3-4B-speculator.dflash2,0.0,8,dflash2_pairwise_k16_tb16,16,80,1083,38.16076799921575,9.125787172667152,109.5795881581725,9.883227507998527,175,6.182857142857143,5.188571428571429,6.182857142857143,0.44571428571428573,0.9942857142857143,4.006036204128769,False,0.35016963501220744,2.4565366499809898,0.2017451169940614,0.04102569299720926,6.805340341990814
14,math500,Qwen/Qwen3-4B,mgoin/Qwen3-4B-speculator.dflash2,0.0,8,dflash2_pairwise_k16_tb32,32,80,302,37.69376799937163,8.46421223841329,118.14448549171316,2.5561920960008138,45,6.688888888888889,5.711111111111111,6.688888888888889,0.6,0.9777777777777777,4.319153723363129,False,0.09041741500368516,0.6229076199979318,0.07441196800209582,0.01054249199842161,1.7505017909934395
14,math500,Qwen/Qwen3-4B,mgoin/Qwen3-4B-speculator.dflash2,0.0,8,dflash2_pairwise_k16_tb64,64,80,428,37.81274999892048,8.883845107477747,112.56387160085399,3.8022857060004758,65,6.569230769230769,5.584615384615384,6.569230769230769,0.5538461538461539,0.9846153846153847,4.115136335966347,False,0.13095228399834014,0.9072384600094665,0.17060055599540647,0.015327220004110131,2.5669435130112106
15,math500,Qwen/Qwen3-4B,mgoin/Qwen3-4B-speculator.dflash2,0.0,8,baseline,,92,2048,39.804587000617175,36.60937214404303,27.31540972801734,74.97599415100012,2048,1,,,,,1.0,True,0.5060478739851533,0.0,0.0,0.0,74.12955431895898
15,math500,Qwen/Qwen3-4B,mgoin/Qwen3-4B-speculator.dflash2,0.0,8,dflash2,,92,2048,37.541803998465184,10.428943839356108,95.88698677485071,21.35847698300131,395,5.182278481012658,4.184810126582279,5.182278481012658,0.369620253164557,0.9974683544303797,3.510362382611442,False,0.22232224099025188,5.049837229000332,0.0,0.0,16.02800967300209
15,math500,Qwen/Qwen3-4B,mgoin/Qwen3-4B-speculator.dflash2,0.0,8,dflash2_unary_k16_tb8,8,92,1890,38.0546360011067,9.792557386243146,102.11837016189737,18.50793345999955,328,5.759146341463414,4.759146341463414,5.759146341463414,0.43597560975609756,1,3.7384894160000406,False,0.6570452819996717,4.61528093900597,0.23944647198004532,0.07639412501521292,12.867626129976998
15,math500,Qwen/Qwen3-4B,mgoin/Qwen3-4B-speculator.dflash2,0.0,8,dflash2_unary_k16_tb16,16,92,1884,37.49324400087062,8.912799535562476,112.19819272384109,16.791714324999703,298,6.318791946308725,5.322147651006712,6.318791946308725,0.5637583892617449,0.9966442953020134,4.10750539131616,False,0.5963726570080325,4.201170044007085,0.2865616050094104,0.06971767797949724,11.589668770007847
15,math500,Qwen/Qwen3-4B,mgoin/Qwen3-4B-speculator.dflash2,0.0,8,dflash2_unary_k16_tb32,32,92,1873,37.47492199909175,8.623592261078743,115.96095568123579,16.151988305000486,285,6.568421052631579,5.571929824561403,6.568421052631579,0.6140350877192983,0.9964912280701754,4.245257780713241,False,0.571683749984004,4.013411273001111,0.40530728997873666,0.06704800197621807,11.047139862001131
15,math500,Qwen/Qwen3-4B,mgoin/Qwen3-4B-speculator.dflash2,0.0,8,dflash2_unary_k16_tb64,64,92,1898,37.52442400036671,8.819403875658558,113.38634834038922,16.739228555999944,288,6.586805555555555,5.586805555555555,6.586805555555555,0.5868055555555556,1,4.151003022447405,False,0.5810147279989906,4.059984954978063,0.6779122840143827,0.06830982999963453,11.30185518201506
15,math500,Qwen/Qwen3-4B,mgoin/Qwen3-4B-speculator.dflash2,0.0,8,dflash2_pairwise_k16_tb8,8,92,2048,37.59428500052309,9.645879036621174,103.67121505499274,19.754760267000165,349,5.865329512893982,4.868194842406877,5.865329512893982,0.4469914040114613,0.997134670487106,3.7953380925733455,False,0.6964584499837656,4.90903714498927,0.3157939459906629,0.08140030098547868,13.696358559976943
15,math500,Qwen/Qwen3-4B,mgoin/Qwen3-4B-speculator.dflash2,0.0,8,dflash2_pairwise_k16_tb16,16,92,2048,37.48621299928345,9.17845100878889,108.95084574101261,18.797467665999648,333,6.147147147147147,5.15015015015015,6.147147147147147,0.5195195195195195,0.996996996996997,3.9886220571409563,False,0.6644587110022258,4.678812308002307,0.3844679859794269,0.07779230297091999,12.93793578101031
15,math500,Qwen/Qwen3-4B,mgoin/Qwen3-4B-speculator.dflash2,0.0,8,dflash2_pairwise_k16_tb32,32,92,2048,37.497602999792434,8.323399876952742,120.1432124832752,17.046322947999215,300,6.823333333333333,5.826666666666667,6.823333333333333,0.6466666666666666,0.9966666666666667,4.398367576381058,False,0.6004835119983909,4.220230657989305,0.49119127201083757,0.07052707701041072,11.613918806999209
15,math500,Qwen/Qwen3-4B,mgoin/Qwen3-4B-speculator.dflash2,0.0,8,dflash2_pairwise_k16_tb64,64,92,1989,37.44334200018784,8.33964156008038,119.90923024638504,16.587547062999874,284,7,6.003521126760563,7,0.6866197183098591,0.9964788732394366,4.38980163359565,False,0.5724397190115269,4.002222625997092,0.741358453007706,0.06714848301453458,11.15480278900759
16,math500,Qwen/Qwen3-4B,mgoin/Qwen3-4B-speculator.dflash2,0.0,8,baseline,,87,541,38.29974200016295,35.86273668946292,27.884096204342846,19.40174054899944,540,1,,,,,1.0,True,0.1331198370025959,0.0,0.0,0.0,19.17974992600284
16,math500,Qwen/Qwen3-4B,mgoin/Qwen3-4B-speculator.dflash2,0.0,8,dflash2,,87,450,37.31247900032031,14.079074653333615,71.02739523887828,6.335583594000127,119,3.773109243697479,2.7815126050420167,3.773109243697479,0.14285714285714285,0.9915966386554622,2.5472367731903045,False,0.07296534998931747,1.4913112360154628,0.0,0.0,4.753847111003779
16,math500,Qwen/Qwen3-4B,mgoin/Qwen3-4B-speculator.dflash2,0.0,8,dflash2_unary_k16_tb8,8,87,450,37.14410599968687,13.247867142223791,75.48384877840341,5.961540214000706,108,4.157407407407407,3.1666666666666665,4.157407407407407,0.10185185185185185,0.9907407407407407,2.707057393047119,False,0.21440187998996407,1.500397673005864,0.07939121699746465,0.025086078998356243,4.125073899991548
16,math500,Qwen/Qwen3-4B,mgoin/Qwen3-4B-speculator.dflash2,0.0,8,dflash2_unary_k16_tb16,16,87,512,37.22227700018266,11.084793251953329,90.21368078505054,5.675414145000104,103,4.961165048543689,3.970873786407767,4.961165048543689,0.23300970873786409,0.9902912621359223,3.2353094797815287,False,0.20484568300526007,1.4344140070024878,0.1006601210028748,0.02369121198717039,3.8952456989936763
16,math500,Qwen/Qwen3-4B,mgoin/Qwen3-4B-speculator.dflash2,0.0,8,dflash2_unary_k16_tb32,32,87,543,37.29036999902746,10.917178657458004,91.59875746073425,5.928028010999697,107,5.065420560747664,4.074766355140187,5.065420560747664,0.2336448598130841,0.9906542056074766,3.2849821198962896,False,0.21295679500690312,1.4865622279976378,0.15717225998923823,0.02504001999841421,4.028632068009756
16,math500,Qwen/Qwen3-4B,mgoin/Qwen3-4B-speculator.dflash2,0.0,8,dflash2_unary_k16_tb64,64,87,536,37.314709999918705,11.158288166044978,89.61948151178167,5.980842457000108,105,5.095238095238095,4.104761904761904,5.095238095238095,0.21904761904761905,0.9904761904761905,3.2139998677032167,False,0.21029974498742376,1.4598373719927622,0.25659243899826834,0.024722527999983868,4.011333311003909
16,math500,Qwen/Qwen3-4B,mgoin/Qwen3-4B-speculator.dflash2,0.0,8,dflash2_pairwise_k16_tb8,8,87,532,37.11823399862624,12.893213721802164,77.56018178066964,6.859189699998751,124,4.282258064516129,3.2903225806451615,4.282258064516129,0.12903225806451613,0.9919354838709677,2.781520376787035,False,0.24573818499266054,1.7219225439966976,0.11269613800322986,0.02886930899330764,4.7303825940034585
16,math500,Qwen/Qwen3-4B,mgoin/Qwen3-4B-speculator.dflash2,0.0,8,dflash2_pairwise_k16_tb16,16,87,543,37.22721799931605,10.69163890055443,93.53103011626622,5.805559923001056,105,5.161904761904762,4.161904761904762,5.161904761904762,0.2761904761904762,1,3.3542787053538823,False,0.20806022098622634,1.4577315500046097,0.12242101399533567,0.024389524001890095,3.9760751570029242
16,math500,Qwen/Qwen3-4B,mgoin/Qwen3-4B-speculator.dflash2,0.0,8,dflash2_pairwise_k16_tb32,32,87,551,37.18553600083396,9.999005268604009,100.0099483035489,5.509451903000809,99,5.555555555555555,4.565656565656566,5.555555555555555,0.37373737373737376,0.98989898989899,3.5866304423369733,False,0.19718833098886535,1.3746958209922013,0.1649694780135178,0.023383844996715197,3.7328666980101843
16,math500,Qwen/Qwen3-4B,mgoin/Qwen3-4B-speculator.dflash2,0.0,8,dflash2_pairwise_k16_tb64,64,87,541,37.21679599948402,9.525452907578567,104.98188481981659,5.153270023000005,90,6,5.011111111111111,6,0.4,0.9888888888888889,3.764937692456607,False,0.18070792301114125,1.2505145870072738,0.24090395299936063,0.02103550599895243,3.4445545679955103
17,math500,Qwen/Qwen3-4B,mgoin/Qwen3-4B-speculator.dflash2,0.0,8,baseline,,58,189,38.052036999943084,35.63705830688209,28.060677494440778,6.735404020000715,188,1,,,,,1.0,True,0.04629060801016749,0.0,0.0,0.0,6.657835097003044
17,math500,Qwen/Qwen3-4B,mgoin/Qwen3-4B-speculator.dflash2,0.0,8,dflash2,,58,189,36.71979499995359,9.82000774073491,101.83291361898274,1.855981462998898,35,5.371428571428571,4.4,5.371428571428571,0.42857142857142855,0.9714285714285714,3.6290254801993753,True,0.018926383998405072,0.42965300400101114,0.0,0.0,1.4023349770031928
17,math500,Qwen/Qwen3-4B,mgoin/Qwen3-4B-speculator.dflash2,0.0,8,dflash2_unary_k16_tb8,8,58,189,36.7670569994516,10.024278534397054,99.75780267563651,1.8945886430010432,34,5.529411764705882,4.5588235294117645,5.529411764705882,0.38235294117647056,0.9705882352941176,3.5550746305180962,True,0.06743115100653085,0.46249947600153973,0.024714450002647936,0.007892561003245646,1.3267226920015673
17,math500,Qwen/Qwen3-4B,mgoin/Qwen3-4B-speculator.dflash2,0.0,8,dflash2_unary_k16_tb16,16,58,189,36.82987700085505,9.118340052910275,109.66908386804819,1.723366270000042,31,6.064516129032258,5.096774193548387,6.064516129032258,0.45161290322580644,0.967741935483871,3.9082835362679753,True,0.06163244600065809,0.42110914299883007,0.02957713700561726,0.0071132670036604395,1.1989912130029552
17,math500,Qwen/Qwen3-4B,mgoin/Qwen3-4B-speculator.dflash2,0.0,8,dflash2_unary_k16_tb32,32,58,189,36.774637999769766,9.180148841272167,108.93069570987717,1.7350481310004395,31,6.064516129032258,5.096774193548387,6.064516129032258,0.3548387096774194,0.967741935483871,3.8819695544221235,True,0.061817141006031306,0.42164806699292967,0.0444365419971291,0.0071865859972604085,1.194932399001118
17,math500,Qwen/Qwen3-4B,mgoin/Qwen3-4B-speculator.dflash2,0.0,8,dflash2_unary_k16_tb64,64,58,189,36.78869699979259,9.414051253972703,106.22419328533003,1.779255687000841,31,6.064516129032258,5.096774193548387,6.064516129032258,0.45161290322580644,0.967741935483871,3.785517769710819,True,0.062225422998380964,0.42165367799861997,0.07246335599302256,0.00727145799464779,1.210342012998808
17,math500,Qwen/Qwen3-4B,mgoin/Qwen3-4B-speculator.dflash2,0.0,8,dflash2_pairwise_k16_tb8,8,58,189,36.80847699979495,9.760803211638294,102.45058509197789,1.8447918069996376,33,5.696969696969697,4.7272727272727275,5.696969696969697,0.45454545454545453,0.9696969696969697,3.6510374744970004,True,0.06551207599659392,0.4487974790026783,0.029821634998370428,0.007602470002893824,1.2879116789936234
17,math500,Qwen/Qwen3-4B,mgoin/Qwen3-4B-speculator.dflash2,0.0,8,dflash2_pairwise_k16_tb16,16,58,189,36.79514699979336,9.174335105825097,108.99972460838781,1.7339493350009434,31,6.064516129032258,5.096774193548387,6.064516129032258,0.5161290322580645,0.967741935483871,3.8844295413032066,True,0.06154888899436628,0.4218683639974188,0.03550399700543494,0.007203926998045063,1.2028668470011326
17,math500,Qwen/Qwen3-4B,mgoin/Qwen3-4B-speculator.dflash2,0.0,8,dflash2_pairwise_k16_tb32,32,58,189,36.90429000016593,8.314969915344681,120.26501721366081,1.571529314000145,28,6.714285714285714,5.75,6.714285714285714,0.6071428571428571,0.9642857142857143,4.285891430721408,True,0.05594765100249788,0.3794810890030931,0.04538822200629511,0.006559604000358377,1.0795070500007569
17,math500,Qwen/Qwen3-4B,mgoin/Qwen3-4B-speculator.dflash2,0.0,8,dflash2_pairwise_k16_tb64,64,58,189,36.81650799990166,7.911733275134808,126.39455416714121,1.4953175890004786,26,7.230769230769231,6.269230769230769,7.230769230769231,0.6538461538461539,0.9615384615384616,4.504330096526778,True,0.05219951500475872,0.35188540200397256,0.06494775400096842,0.006160226999782026,1.0157282260061038
18,math500,Qwen/Qwen3-4B,mgoin/Qwen3-4B-speculator.dflash2,0.0,8,baseline,,152,2048,38.1361179988744,35.96187745556634,27.807224504214965,73.64992502899986,2048,1,,,,,1.0,True,0.5025942880329239,0.0,0.0,0.0,72.81455158203426
18,math500,Qwen/Qwen3-4B,mgoin/Qwen3-4B-speculator.dflash2,0.0,8,dflash2,,152,2048,37.044291999336565,8.57420244238316,116.62892341530188,17.559966602000713,331,6.18429003021148,5.187311178247734,6.18429003021148,0.5981873111782477,0.9969788519637462,4.194195051635718,False,0.16555107401109126,4.1570223689959676,0.0,0.0,13.189040979996207
18,math500,Qwen/Qwen3-4B,mgoin/Qwen3-4B-speculator.dflash2,0.0,8,dflash2_unary_k16_tb8,8,152,2048,37.11252399989462,8.602582002441572,116.2441694500769,17.61808794100034,315,6.498412698412698,5.501587301587302,6.498412698412698,0.5936507936507937,0.9968253968253968,4.180358576687754,False,0.6250104570135591,4.393375879011728,0.22725176198400732,0.07325567999941995,12.249055460002637
18,math500,Qwen/Qwen3-4B,mgoin/Qwen3-4B-speculator.dflash2,0.0,8,dflash2_unary_k16_tb16,16,152,2048,37.08601399921463,8.861690590820537,112.84528496581218,18.14874233000046,325,6.298461538461538,5.3015384615384615,6.298461538461538,0.5507692307692308,0.9969230769230769,4.058128309379,False,0.6472000680078054,4.537311461002901,0.31176306200904946,0.07560839502548333,12.524561673013523
18,math500,Qwen/Qwen3-4B,mgoin/Qwen3-4B-speculator.dflash2,0.0,8,dflash2_unary_k16_tb32,32,152,2048,37.213048000921845,8.475764527344332,117.98345704081575,17.35836575200119,309,6.624595469255663,5.627831715210356,6.624595469255663,0.6213592233009708,0.9967637540453075,4.242906623885892,False,0.6152969050071988,4.315651827007969,0.4377342209827475,0.07243755898889503,11.866053345000182
18,math500,Qwen/Qwen3-4B,mgoin/Qwen3-4B-speculator.dflash2,0.0,8,dflash2_unary_k16_tb64,64,152,2048,36.94393099976878,8.383427503417806,119.28295432772741,17.169259526999667,298,6.869127516778524,5.87248322147651,6.869127516778524,0.6476510067114094,0.9966442953020134,4.289638986071649,False,0.5956760070130258,4.1628214529937395,0.6962134430032165,0.07007727300515398,11.59273499001938
18,math500,Qwen/Qwen3-4B,mgoin/Qwen3-4B-speculator.dflash2,0.0,8,dflash2_pairwise_k16_tb8,8,152,2048,37.092133999976795,8.554539275390738,116.89700260968455,17.51969643600023,312,6.560897435897436,5.564102564102564,6.560897435897436,0.625,0.9967948717948718,4.203835682772494,False,0.6194821800036152,4.349822182995922,0.2803098429922102,0.07227111597603653,12.148114700992664
18,math500,Qwen/Qwen3-4B,mgoin/Qwen3-4B-speculator.dflash2,0.0,8,dflash2_pairwise_k16_tb16,16,152,2048,37.05349399933766,7.663742495605419,130.48455119328773,15.695344630999898,280,7.310714285714286,6.314285714285714,7.310714285714286,0.7892857142857143,0.9964285714285714,4.692469439857586,False,0.55512211700443,3.9037789249905472,0.3166139270088024,0.06504163201680058,10.809427769981994
18,math500,Qwen/Qwen3-4B,mgoin/Qwen3-4B-speculator.dflash2,0.0,8,dflash2_pairwise_k16_tb32,32,152,2048,37.28347799915355,8.597138391113646,116.31777395064861,17.606939425000746,312,6.560897435897436,5.564102564102564,6.560897435897436,0.5801282051282052,0.9967948717948718,4.183005532717492,False,0.6202227990124811,4.349783084006049,0.5130626380068861,0.07277991197224765,11.99941030199625
18,math500,Qwen/Qwen3-4B,mgoin/Qwen3-4B-speculator.dflash2,0.0,8,dflash2_pairwise_k16_tb64,64,152,2048,37.13975499886146,7.9931569995119744,125.1070134192354,16.369985535000524,283,7.23321554770318,6.236749116607774,7.23321554770318,0.7879858657243817,0.9964664310954063,4.499083085414437,False,0.5655401430230995,3.9514416130077734,0.719699788998696,0.06651307501306292,11.017858717996205
19,math500,Qwen/Qwen3-4B,mgoin/Qwen3-4B-speculator.dflash2,0.0,8,baseline,,85,2048,38.6033189988666,36.14124496289062,27.66921839651035,74.01726968399998,2048,1,,,,,1.0,True,0.5029395930105238,0.0,0.0,0.0,73.17789383300442
19,math500,Qwen/Qwen3-4B,mgoin/Qwen3-4B-speculator.dflash2,0.0,8,dflash2,,85,2048,37.46011200018984,10.610432370116385,94.24686620843435,21.730165493998356,398,5.14321608040201,4.1457286432160805,5.14321608040201,0.36683417085427134,0.9974874371859297,3.4061990786238043,False,0.22602628798267688,5.1327078440172045,0.0,0.0,16.311903596988486
19,math500,Qwen/Qwen3-4B,mgoin/Qwen3-4B-speculator.dflash2,0.0,8,dflash2_unary_k16_tb8,8,85,2048,37.412001000120654,10.19402646142531,98.09666511893495,20.877366192999034,366,5.592896174863388,4.595628415300546,5.592896174863388,0.3825136612021858,0.9972677595628415,3.5453356041060755,False,0.7430240489884454,5.203585819026557,0.2697221759935928,0.08673745803753263,14.515288353986762
19,math500,Qwen/Qwen3-4B,mgoin/Qwen3-4B-speculator.dflash2,0.0,8,dflash2_unary_k16_tb16,16,85,2048,37.31621900078608,9.712437313476485,102.96076749061234,19.89107161799984,348,5.882183908045977,4.882183908045977,5.882183908045977,0.47988505747126436,1,3.7211303194454453,False,0.7085890280250169,4.96105610397899,0.3414036360136379,0.08266995201120153,13.740288607039474
19,math500,Qwen/Qwen3-4B,mgoin/Qwen3-4B-speculator.dflash2,0.0,8,dflash2_unary_k16_tb32,32,85,2048,37.41559199988842,9.381054158691171,106.59782824870913,19.21239891699952,336,6.092261904761905,5.095238095238095,6.092261904761905,0.4791666666666667,0.9970238095238095,3.852578223248738,False,0.6818867580041115,4.766564635980103,0.4908322740084259,0.07944393099205627,13.137377776021822
19,math500,Qwen/Qwen3-4B,mgoin/Qwen3-4B-speculator.dflash2,0.0,8,dflash2_unary_k16_tb64,64,85,2048,37.53172400138283,9.378794839355997,106.62350729794467,19.207771831001082,332,6.1656626506024095,5.168674698795181,6.1656626506024095,0.4789156626506024,0.9969879518072289,3.853506296057574,False,0.6664868150164693,4.647687986023811,0.798766561993034,0.07834859301692632,12.95862378998936
19,math500,Qwen/Qwen3-4B,mgoin/Qwen3-4B-speculator.dflash2,0.0,8,dflash2_pairwise_k16_tb8,8,85,2048,37.12002500105882,9.227481241699032,108.37193528836399,18.897881582999617,335,6.11044776119403,5.113432835820896,6.11044776119403,0.4626865671641791,0.9970149253731343,3.916696660359293,False,0.6710573460168234,4.686429885998223,0.3055370110032527,0.07823988601012388,13.102985874988008
19,math500,Qwen/Qwen3-4B,mgoin/Qwen3-4B-speculator.dflash2,0.0,8,dflash2_pairwise_k16_tb16,16,85,2048,37.50741399926483,8.618385880859059,116.03100787363707,17.650454283999352,312,6.560897435897436,5.564102564102564,6.560897435897436,0.5576923076923077,0.9967948717948718,4.1935050788522075,False,0.6253506760021992,4.370567430023584,0.3653640860247833,0.07343400498939445,12.164386222990288
19,math500,Qwen/Qwen3-4B,mgoin/Qwen3-4B-speculator.dflash2,0.0,8,dflash2_pairwise_k16_tb32,32,85,2048,37.398340999061475,8.863118426758021,112.82710574880393,18.151666538000427,309,6.624595469255663,5.627831715210356,6.624595469255663,0.5792880258899676,0.9967637540453075,4.077712067321487,False,0.6451239939906372,4.4808489400056715,0.5543098369998916,0.07803603001957526,12.339222640006483
19,math500,Qwen/Qwen3-4B,mgoin/Qwen3-4B-speculator.dflash2,0.0,8,dflash2_pairwise_k16_tb64,64,85,2048,39.44121800122957,8.815304478516417,113.43907660104966,18.053743572001622,289,7.083044982698962,6.086505190311419,7.083044982698962,0.6851211072664359,0.9965397923875432,4.099829455802649,False,0.6406555929861497,4.355386040981102,0.874180623994107,0.07965240100202209,12.046421539014773
20,math500,Qwen/Qwen3-4B,mgoin/Qwen3-4B-speculator.dflash2,0.0,8,baseline,,61,554,37.836551000509644,36.47189851444013,27.418369778696203,20.20543177699983,553,1,,,,,1.0,True,0.1379927889975079,0.0,0.0,0.0,19.974950769001225
20,math500,Qwen/Qwen3-4B,mgoin/Qwen3-4B-speculator.dflash2,0.0,8,dflash2,,61,545,37.11512600057176,8.745575053212175,114.34353875137217,4.766338404000635,88,6.181818181818182,5.193181818181818,6.181818181818182,0.5795454545454546,0.9886363636363636,4.170325941121997,False,0.045878987009928096,1.1211998610033334,0.0,0.0,3.58638599900587
20,math500,Qwen/Qwen3-4B,mgoin/Qwen3-4B-speculator.dflash2,0.0,8,dflash2_unary_k16_tb8,8,61,551,36.75825599930249,8.86366932849434,112.82009322992971,4.883881800000381,87,6.32183908045977,5.333333333333333,6.32183908045977,0.5747126436781609,0.9885057471264368,4.11476299067167,False,0.173959236997689,1.2087850190018798,0.06382398499772535,0.020453153003472835,3.4029563309995865
20,math500,Qwen/Qwen3-4B,mgoin/Qwen3-4B-speculator.dflash2,0.0,8,dflash2_unary_k16_tb16,16,61,551,36.738206001246,8.382063591651407,119.30236379929244,4.618517038999926,82,6.7073170731707314,5.719512195121951,6.7073170731707314,0.6707317073170732,0.9878048780487805,4.35118370502061,False,0.1649267529901408,1.1444906259966956,0.07915196500471211,0.01942138002050342,3.197210285001347
20,math500,Qwen/Qwen3-4B,mgoin/Qwen3-4B-speculator.dflash2,0.0,8,dflash2_unary_k16_tb32,32,61,551,36.96078099892475,8.103979018147575,123.39617338108339,4.465292438999313,79,6.962025316455696,5.974683544303797,6.962025316455696,0.7088607594936709,0.9873417721518988,4.500492712625131,False,0.15829741700690647,1.098790280006142,0.11384952099797374,0.01868597800239513,3.062519206003344
20,math500,Qwen/Qwen3-4B,mgoin/Qwen3-4B-speculator.dflash2,0.0,8,dflash2_unary_k16_tb64,64,61,551,36.7016149994015,8.274797814882056,120.84887418052925,4.559413596000013,79,6.962025316455696,5.974683544303797,6.962025316455696,0.6962025316455697,0.9873417721518988,4.407587874696606,False,0.15829755300364923,1.093807328998082,0.18478709000555682,0.01855867500671593,3.0903952559910977
20,math500,Qwen/Qwen3-4B,mgoin/Qwen3-4B-speculator.dflash2,0.0,8,dflash2_pairwise_k16_tb8,8,61,547,36.8169579996902,8.539595687385468,117.10156272119315,4.671158840999851,81,6.7407407407407405,5.753086419753086,6.7407407407407405,0.6419753086419753,0.9876543209876543,4.270916311449701,False,0.1648572989997774,1.1502009209998505,0.07421528900704288,0.01936791698972229,3.249302867010556
20,math500,Qwen/Qwen3-4B,mgoin/Qwen3-4B-speculator.dflash2,0.0,8,dflash2_pairwise_k16_tb16,16,61,551,37.64339600093081,8.420520392013476,118.7575058838952,4.639706735999425,81,6.790123456790123,5.802469135802469,6.790123456790123,0.691358024691358,0.9876543209876543,4.331311702425452,False,0.16459144100736012,1.1450730040105555,0.09534406700004183,0.01927321500807011,3.202118411007177
20,math500,Qwen/Qwen3-4B,mgoin/Qwen3-4B-speculator.dflash2,0.0,8,dflash2_pairwise_k16_tb32,32,61,551,36.97265200025868,8.440497295822885,118.47643153619511,4.65071400999841,79,6.962025316455696,5.974683544303797,6.962025316455696,0.7215189873417721,0.9873417721518988,4.321060387341121,False,0.1636296259930532,1.139691574002427,0.13343221600007382,0.019452489008472185,3.1809767190025013
20,math500,Qwen/Qwen3-4B,mgoin/Qwen3-4B-speculator.dflash2,0.0,8,dflash2_pairwise_k16_tb64,64,61,555,36.96569100065972,7.96798160000099,125.50229784665613,4.42222978800055,76,7.2894736842105265,6.302631578947368,7.2894736842105265,0.7763157894736842,0.9868421052631579,4.57730707039228,False,0.15320215200154053,1.0559946080011287,0.1955933479930536,0.017915191005158704,2.986237392999101
21,math500,Qwen/Qwen3-4B,mgoin/Qwen3-4B-speculator.dflash2,0.0,8,baseline,,71,825,38.85561599963694,36.370133173334054,27.49508766531497,30.005359868000596,824,1,,,,,1.0,True,0.20395014998757688,0.0,0.0,0.0,29.66462928402143
21,math500,Qwen/Qwen3-4B,mgoin/Qwen3-4B-speculator.dflash2,0.0,8,dflash2,,71,821,37.698698999520275,9.86510577588397,101.36738750886776,8.09925184200074,151,5.430463576158941,4.437086092715232,5.430463576158941,0.4503311258278146,0.9933774834437086,3.6867453831304795,False,0.08179657899563608,1.9097749959928478,0.0,0.0,6.085436347990253
21,math500,Qwen/Qwen3-4B,mgoin/Qwen3-4B-speculator.dflash2,0.0,8,dflash2_unary_k16_tb8,8,71,823,37.459572000443586,10.001677103280915,99.98323177939463,8.231380256000193,149,5.516778523489933,4.516778523489933,5.516778523489933,0.40939597315436244,1,3.636403454916908,False,0.2965323770149553,2.0734251449976,0.10821379598746717,0.03456683199692634,5.695062126007542
21,math500,Qwen/Qwen3-4B,mgoin/Qwen3-4B-speculator.dflash2,0.0,8,dflash2_unary_k16_tb16,16,71,825,37.277108000125736,9.431972692120436,106.02235954684326,7.7813774709993595,141,5.843971631205674,4.843971631205674,5.843971631205674,0.48226950354609927,1,3.8560473360697944,False,0.2810385170032532,1.963268240013349,0.1364781039974332,0.032728289004808175,5.345069783988947
21,math500,Qwen/Qwen3-4B,mgoin/Qwen3-4B-speculator.dflash2,0.0,8,dflash2_unary_k16_tb32,32,71,823,37.322239000786794,9.112235219926337,109.742557765984,7.499369585999376,135,6.088888888888889,5.088888888888889,6.088888888888889,0.5037037037037037,1,3.9913514407311435,False,0.26922443600597035,1.8808506100103841,0.1946393460075342,0.031721303987069405,5.100558063997596
21,math500,Qwen/Qwen3-4B,mgoin/Qwen3-4B-speculator.dflash2,0.0,8,dflash2_unary_k16_tb64,64,71,1445,37.39716199925169,9.192456644290562,108.78484813100538,13.283099850999863,233,6.197424892703863,5.201716738197425,6.197424892703863,0.5107296137339056,0.9957081545064378,3.9565194137655855,False,0.46763617399847135,3.25251986301555,0.5564911229921563,0.05499381199661002,8.910886839998057
21,math500,Qwen/Qwen3-4B,mgoin/Qwen3-4B-speculator.dflash2,0.0,8,dflash2_pairwise_k16_tb8,8,71,825,37.21726699950523,9.744024729697038,102.62699733840805,8.038820402000056,145,5.682758620689655,4.689655172413793,5.682758620689655,0.4206896551724138,0.993103448275862,3.7325575603773,False,0.28778830499504693,2.018825815992386,0.13114588499593083,0.03361604401106888,5.544550200012964
21,math500,Qwen/Qwen3-4B,mgoin/Qwen3-4B-speculator.dflash2,0.0,8,dflash2_pairwise_k16_tb16,16,71,821,37.16379599973152,8.909640215591464,112.2379777187911,7.314814617000593,132,6.212121212121212,5.212121212121212,6.212121212121212,0.5303030303030303,1,4.082110196738133,False,0.2626736919883115,1.8373878430065815,0.15245752000737411,0.030732184006410534,5.010247951004203
21,math500,Qwen/Qwen3-4B,mgoin/Qwen3-4B-speculator.dflash2,0.0,8,dflash2_pairwise_k16_tb32,32,71,823,37.21150599994871,8.609631287970705,116.14899251227988,7.085726549999891,127,6.47244094488189,5.47244094488189,6.47244094488189,0.5826771653543307,1,4.224354325620199,False,0.2531804599911993,1.7675361010115012,0.20756603800327866,0.030001448985785828,4.806346417990426
21,math500,Qwen/Qwen3-4B,mgoin/Qwen3-4B-speculator.dflash2,0.0,8,dflash2_pairwise_k16_tb64,64,71,762,37.342670000725775,8.352009534121855,119.73166408808964,6.3642312650008535,111,6.8558558558558556,5.864864864864865,6.8558558558558556,0.6216216216216216,0.990990990990991,4.354656567948719,False,0.22341521199268755,1.5451535919855814,0.2903800279946154,0.026256490011292044,4.259662001002653
22,math500,Qwen/Qwen3-4B,mgoin/Qwen3-4B-speculator.dflash2,0.0,8,baseline,,206,947,38.759271999879275,36.722019307286374,27.23161794649948,34.77575228400019,946,1,,,,,1.0,True,0.2351276220069849,0.0,0.0,0.0,34.38196862000041
22,math500,Qwen/Qwen3-4B,mgoin/Qwen3-4B-speculator.dflash2,0.0,8,dflash2,,206,1513,37.15274699970905,9.291684173166239,107.62311561212262,14.058318154000519,258,5.8604651162790695,4.8604651162790695,5.8604651162790695,0.4883720930232558,1,3.95213812941868,False,0.13953268101613503,3.3166628889812273,0.0,0.0,10.56370789101129
22,math500,Qwen/Qwen3-4B,mgoin/Qwen3-4B-speculator.dflash2,0.0,8,dflash2_unary_k16_tb8,8,206,1516,37.241828000333044,9.614246937994325,104.0123065747482,14.5751983579994,256,5.91796875,4.921875,5.91796875,0.4453125,0.99609375,3.8195419302332927,False,0.5180787009903725,3.6257306229763344,0.18761610601723078,0.060193957013325416,10.142330822005533
22,math500,Qwen/Qwen3-4B,mgoin/Qwen3-4B-speculator.dflash2,0.0,8,dflash2_unary_k16_tb16,16,206,1744,36.705915999846184,9.106071899655536,109.81683551585266,15.880989392999256,278,6.26978417266187,5.273381294964029,6.26978417266187,0.5215827338129496,0.9964028776978417,4.032695954078233,False,0.5653735399737343,3.9620514500111312,0.2707885180006997,0.06560184099544131,10.97160844397331
22,math500,Qwen/Qwen3-4B,mgoin/Qwen3-4B-speculator.dflash2,0.0,8,dflash2_unary_k16_tb32,32,206,1170,36.60967299947515,8.707348776068134,114.84552022866795,10.187598067999716,178,6.567415730337078,5.573033707865169,6.567415730337078,0.5842696629213483,0.9943820224719101,4.217359411192493,False,0.36124636200474924,2.5223436710130045,0.25567651801975444,0.04224903500289656,6.976248371009206
22,math500,Qwen/Qwen3-4B,mgoin/Qwen3-4B-speculator.dflash2,0.0,8,dflash2_unary_k16_tb64,64,206,1513,36.575823000021046,8.72813745406503,114.57198116583986,13.20567196800039,225,6.72,5.72,6.72,0.6133333333333333,1,4.207314504446022,False,0.45887146400127676,3.197611705007148,0.5309737650022726,0.05373088600936171,8.925130810004703
22,math500,Qwen/Qwen3-4B,mgoin/Qwen3-4B-speculator.dflash2,0.0,8,dflash2_pairwise_k16_tb8,8,206,1603,36.58806199928222,9.36625328571437,106.76627777354938,15.014104017000136,262,6.114503816793893,5.1183206106870225,6.114503816793893,0.4618320610687023,0.9961832061068703,3.92067331376738,False,0.531691767000666,3.723832172996481,0.2398415289917466,0.061740333989291685,10.414706732011837
22,math500,Qwen/Qwen3-4B,mgoin/Qwen3-4B-speculator.dflash2,0.0,8,dflash2_pairwise_k16_tb16,16,206,1545,36.64582399869687,8.55393336634357,116.90528288829259,13.215827051000815,234,6.598290598290598,5.602564102564102,6.598290598290598,0.5811965811965812,0.9957264957264957,4.292998055347656,False,0.46784486198885133,3.281014514986964,0.2688366830079758,0.054746400983276544,9.10554915400462
22,math500,Qwen/Qwen3-4B,mgoin/Qwen3-4B-speculator.dflash2,0.0,8,dflash2_pairwise_k16_tb32,32,206,946,36.802787999477005,8.495952919661317,117.70310045925538,8.037171461999606,142,6.654929577464789,5.661971830985915,6.654929577464789,0.6408450704225352,0.9929577464788732,4.322295527592243,False,0.2839034499866102,1.979595637994862,0.2317868339996494,0.03326759699120885,5.485050333993058
22,math500,Qwen/Qwen3-4B,mgoin/Qwen3-4B-speculator.dflash2,0.0,8,dflash2_pairwise_k16_tb64,64,206,927,36.53623200079892,8.606047437970629,116.19736089158806,7.977805974998773,135,6.859259259259259,5.866666666666666,6.859259259259259,0.6592592592592592,0.9925925925925926,4.267001730116619,False,0.2759473559908656,1.9194234970163961,0.35225787699164357,0.03242053000940359,5.374091311989105
23,math500,Qwen/Qwen3-4B,mgoin/Qwen3-4B-speculator.dflash2,0.0,8,baseline,,65,441,38.45881599954737,36.37069596825437,27.494662210281472,16.039476922000176,440,1,,,,,1.0,True,0.10882779000348819,0.0,0.0,0.0,15.857332270981715
23,math500,Qwen/Qwen3-4B,mgoin/Qwen3-4B-speculator.dflash2,0.0,8,dflash2,,65,513,37.18456600108766,10.821352029238787,92.40989455828134,5.551353590999497,104,4.923076923076923,3.9326923076923075,4.923076923076923,0.28846153846153844,0.9903846153846154,3.361012179437694,False,0.060261081000135164,1.302394562999325,0.0,0.0,4.173481682000784
23,math500,Qwen/Qwen3-4B,mgoin/Qwen3-4B-speculator.dflash2,0.0,8,dflash2_unary_k16_tb8,8,65,456,37.23095799978182,11.344698337716022,88.1469008898588,5.173182441998506,92,4.945652173913044,3.9565217391304346,4.945652173913044,0.21739130434782608,0.9891304347826086,3.2059641328089046,False,0.18375960799130553,1.2796193879912607,0.06767593300355657,0.021391510010289494,3.606103982001514
23,math500,Qwen/Qwen3-4B,mgoin/Qwen3-4B-speculator.dflash2,0.0,8,dflash2_unary_k16_tb16,16,65,504,37.27831800097192,10.923863926589346,91.54270015813172,5.50562741900103,98,5.13265306122449,4.142857142857143,5.13265306122449,0.2755102040816326,0.9897959183673469,3.32947171556448,False,0.19549997000649455,1.3637024580002617,0.0960106480124523,0.022796855000706273,3.8118418300018675
23,math500,Qwen/Qwen3-4B,mgoin/Qwen3-4B-speculator.dflash2,0.0,8,dflash2_unary_k16_tb32,32,65,548,37.30910000012955,10.09816207481618,99.0279213772872,5.5337928169992665,98,5.581632653061225,4.591836734693878,5.581632653061225,0.3469387755102041,0.9897959183673469,3.60171442078151,False,0.1956204770031036,1.3642779900001187,0.14273373999094474,0.023011557999780052,3.7919332579949696
23,math500,Qwen/Qwen3-4B,mgoin/Qwen3-4B-speculator.dflash2,0.0,8,dflash2_unary_k16_tb64,64,65,456,37.4202429993602,10.024663377192299,99.75397301371324,4.571246499999688,78,5.833333333333333,4.846153846153846,5.833333333333333,0.38461538461538464,0.9871794871794872,3.628121424107215,False,0.15846339099516626,1.097710783005823,0.18832000899783452,0.018549430000348366,3.09462601701307
23,math500,Qwen/Qwen3-4B,mgoin/Qwen3-4B-speculator.dflash2,0.0,8,dflash2_pairwise_k16_tb8,8,65,481,37.23585799889406,11.12536645530161,89.88467966585195,5.351301265000075,93,5.161290322580645,4.172043010752688,5.161290322580645,0.24731182795698925,0.989247311827957,3.2691683563306366,False,0.1893652550097613,1.32083950300148,0.08628582799428841,0.021936070994343027,3.7178630420039553
23,math500,Qwen/Qwen3-4B,mgoin/Qwen3-4B-speculator.dflash2,0.0,8,dflash2_pairwise_k16_tb16,16,65,456,37.253107999276835,9.76597553069855,102.3963245511502,4.4532848419985385,79,5.7594936708860756,4.772151898734177,5.7594936708860756,0.379746835443038,0.9873417721518988,3.7242255885165845,False,0.15738917799535557,1.0971186319966364,0.09188672000163933,0.01846912300970871,3.075699593009631
23,math500,Qwen/Qwen3-4B,mgoin/Qwen3-4B-speculator.dflash2,0.0,8,dflash2_pairwise_k16_tb32,32,65,441,37.468102000275394,9.646113156460961,103.66869886138548,4.253935901999284,75,5.866666666666666,4.88,5.866666666666666,0.38666666666666666,0.9866666666666667,3.770502727711969,True,0.14994358899457438,1.0423158219964535,0.12492242999178416,0.017730658995787962,2.90656562899494
23,math500,Qwen/Qwen3-4B,mgoin/Qwen3-4B-speculator.dflash2,0.0,8,dflash2_pairwise_k16_tb64,64,65,456,37.29017800105794,8.934938717103298,111.92018565116688,4.074332054999104,70,6.5,5.514285714285714,6.5,0.5142857142857142,0.9857142857142858,4.070615045029175,False,0.14075548899745627,0.9709399900093558,0.1857525150062429,0.016352345002815127,2.7484471340067103
24,math500,Qwen/Qwen3-4B,mgoin/Qwen3-4B-speculator.dflash2,0.0,8,baseline,,134,784,38.727981998817995,35.97730389285702,27.795301253759074,28.2062062519999,783,1,,,,,1.0,True,0.19225189700409828,0.0,0.0,0.0,27.88524821302053
24,math500,Qwen/Qwen3-4B,mgoin/Qwen3-4B-speculator.dflash2,0.0,8,dflash2,,134,833,37.30533799898694,11.88255230972507,84.15700380982689,9.898166074000983,185,4.4972972972972975,3.502702702702703,4.4972972972972975,0.2,0.9945945945945946,3.027742100778468,False,0.11254393100534799,2.328204155985077,0.0,0.0,7.430281462005951
24,math500,Qwen/Qwen3-4B,mgoin/Qwen3-4B-speculator.dflash2,0.0,8,dflash2_unary_k16_tb8,8,134,831,37.171575999309425,12.800587466907599,78.12141455110752,10.637288185000216,189,4.391534391534392,3.3915343915343916,4.391534391534392,0.14814814814814814,1,2.810597871845058,False,0.3764451759871008,2.644972232001237,0.13872542300123314,0.04404728998997598,7.403034185996148
24,math500,Qwen/Qwen3-4B,mgoin/Qwen3-4B-speculator.dflash2,0.0,8,dflash2_unary_k16_tb16,16,134,838,37.340671000492875,11.681307706443443,85.60685371282509,9.788935857999604,174,4.810344827586207,3.8160919540229883,4.810344827586207,0.1839080459770115,0.9942528735632183,3.0799037913376632,False,0.34655578097954276,2.4354863919852505,0.17111890700107324,0.04072379401259241,6.7670931259854115
24,math500,Qwen/Qwen3-4B,mgoin/Qwen3-4B-speculator.dflash2,0.0,8,dflash2_unary_k16_tb32,32,134,837,37.19869700034906,11.156920966546801,89.63046372726183,9.338342848999673,165,5.066666666666666,4.072727272727272,5.066666666666666,0.21818181818181817,0.9939393939393939,3.2246624315733965,False,0.3290742150038568,2.309184365991314,0.24475308600085555,0.03875142400829645,6.389231996003218
24,math500,Qwen/Qwen3-4B,mgoin/Qwen3-4B-speculator.dflash2,0.0,8,dflash2_unary_k16_tb64,64,134,817,37.43971199946827,11.313166474908298,88.39258241429756,9.24285701000008,159,5.132075471698113,4.138364779874214,5.132075471698113,0.23270440251572327,0.9937106918238994,3.1801267993935927,False,0.31938311500198324,2.22634253101387,0.39264354699298565,0.03759166101372102,6.239290437004456
24,math500,Qwen/Qwen3-4B,mgoin/Qwen3-4B-speculator.dflash2,0.0,8,dflash2_pairwise_k16_tb8,8,134,805,37.19793600066623,12.066051568943983,82.87715283546726,9.713171512999907,172,4.674418604651163,3.6802325581395348,4.674418604651163,0.1686046511627907,0.9941860465116279,2.981696513336362,False,0.3421359279909666,2.405387693994271,0.15718603201275982,0.04025109297799645,6.740862868990007
24,math500,Qwen/Qwen3-4B,mgoin/Qwen3-4B-speculator.dflash2,0.0,8,dflash2_pairwise_k16_tb16,16,134,819,37.2930190005718,10.405547706961377,96.10258183055502,8.522143572001369,151,5.417218543046357,4.423841059602649,5.417218543046357,0.2913907284768212,0.9933774834437086,3.4575117914060374,False,0.30063837799934845,2.1110830049947253,0.17692962400178658,0.03531971399388567,5.873730853985762
24,math500,Qwen/Qwen3-4B,mgoin/Qwen3-4B-speculator.dflash2,0.0,8,dflash2_pairwise_k16_tb32,32,134,838,37.275947999660275,9.894503034605227,101.06621792954942,8.29159354299918,146,5.732876712328767,4.739726027397261,5.732876712328767,0.3287671232876712,0.9931506849315068,3.6360900357531145,False,0.29186211699197884,2.0415301020129846,0.24441966598715226,0.03412435699647176,5.655363085003046
24,math500,Qwen/Qwen3-4B,mgoin/Qwen3-4B-speculator.dflash2,0.0,8,dflash2_pairwise_k16_tb64,64,134,1074,37.31666000021505,9.283948649906664,107.71278878304153,9.970960849999756,171,6.2748538011695905,5.2748538011695905,6.2748538011695905,0.4444444444444444,1,3.875215735194606,False,0.3438547120022122,2.3960747519977303,0.45756955901015317,0.040385373004028224,6.703440344994306
25,math500,Qwen/Qwen3-4B,mgoin/Qwen3-4B-speculator.dflash2,0.0,8,baseline,,62,364,38.2092100007867,35.93965412087877,27.824419139834188,13.082034099999873,363,1,,,,,1.0,True,0.0891197849996388,0.0,0.0,0.0,12.933530941012577
25,math500,Qwen/Qwen3-4B,mgoin/Qwen3-4B-speculator.dflash2,0.0,8,dflash2,,62,368,36.87651799918967,9.287218239132532,107.67486821688004,3.4176963120007717,64,5.734375,4.75,5.734375,0.46875,0.984375,3.8697975212258715,False,0.03418928900282481,0.799299025995424,0.0,0.0,2.5749915819887974
25,math500,Qwen/Qwen3-4B,mgoin/Qwen3-4B-speculator.dflash2,0.0,8,dflash2_unary_k16_tb8,8,62,364,36.967742000342696,9.906650793954423,100.94228824642273,3.6060208889994096,64,5.671875,4.6875,5.671875,0.421875,0.984375,3.62783092574648,True,0.12792292500853364,0.8897819469930255,0.046847007992255385,0.015033840994874481,2.5162977340005455
25,math500,Qwen/Qwen3-4B,mgoin/Qwen3-4B-speculator.dflash2,0.0,8,dflash2_unary_k16_tb16,16,62,364,37.12771499886003,9.273512395608762,107.83400693716922,3.3755585120015894,60,6.05,5.066666666666666,6.05,0.5166666666666667,0.9833333333333333,3.875516911790304,True,0.1195659910026734,0.833853021993491,0.0579315789964312,0.013945535009042942,2.340553022993845
25,math500,Qwen/Qwen3-4B,mgoin/Qwen3-4B-speculator.dflash2,0.0,8,dflash2_unary_k16_tb32,32,62,364,37.068693000037456,8.718146115385464,114.70328516692749,3.173405186000309,56,6.482142857142857,5.482142857142857,6.482142857142857,0.5714285714285714,1,4.122396395427899,True,0.1129297459992813,0.7777561219954805,0.08034619399586518,0.013211429000875796,2.1799301269875286
25,math500,Qwen/Qwen3-4B,mgoin/Qwen3-4B-speculator.dflash2,0.0,8,dflash2_unary_k16_tb64,64,62,368,37.171265999859315,8.503319154887441,117.60113689549468,3.129221448998578,54,6.796296296296297,5.796296296296297,6.796296296296297,0.6481481481481481,1,4.226544184246194,False,0.10854888100220705,0.7480926499902125,0.12518424800146022,0.012804047995814472,2.1252032579886873
25,math500,Qwen/Qwen3-4B,mgoin/Qwen3-4B-speculator.dflash2,0.0,8,dflash2_pairwise_k16_tb8,8,62,364,36.92433900141623,9.502987513734787,105.23006565616208,3.4590874549994624,61,5.950819672131147,4.967213114754099,5.950819672131147,0.4426229508196721,0.9836065573770492,3.7819321627998295,True,0.12220279299617687,0.8500168600075995,0.05577149200144049,0.014219532002243795,2.407084995009427
25,math500,Qwen/Qwen3-4B,mgoin/Qwen3-4B-speculator.dflash2,0.0,8,dflash2_pairwise_k16_tb16,16,62,364,37.29579799983185,8.440773824176986,118.4725501275358,3.072441672000423,54,6.722222222222222,5.7407407407407405,6.722222222222222,0.6111111111111112,0.9814814814814815,4.257862474402109,True,0.10901272299270204,0.7544134849995316,0.06245662900073512,0.01280859500184306,2.1249817939951754
25,math500,Qwen/Qwen3-4B,mgoin/Qwen3-4B-speculator.dflash2,0.0,8,dflash2_pairwise_k16_tb32,32,62,363,37.13291500025662,7.88031961707952,126.89840623121887,2.8605560209998657,50,7.24,6.26,7.24,0.7,0.98,4.560684828440774,False,0.10085372099456436,0.6983667899949069,0.08154841399118595,0.011886243006301811,1.9597317249954358
25,math500,Qwen/Qwen3-4B,mgoin/Qwen3-4B-speculator.dflash2,0.0,8,dflash2_pairwise_k16_tb64,64,62,363,37.35115000017686,7.751986771350461,128.9991881430664,2.8139711980002176,48,7.541666666666667,6.5625,7.541666666666667,0.8333333333333334,0.9791666666666666,4.6361862037359725,False,0.09871000399471086,0.6688761110071937,0.12438903699512593,0.011336515000948566,1.9023230680031702
26,math500,Qwen/Qwen3-4B,mgoin/Qwen3-4B-speculator.dflash2,0.0,8,baseline,,180,1413,38.11376700105029,36.01955646001407,27.762696109545857,50.89563327799988,1412,1,,,,,1.0,True,0.34861071301202173,0.0,0.0,0.0,50.315934029973505
26,math500,Qwen/Qwen3-4B,mgoin/Qwen3-4B-speculator.dflash2,0.0,8,dflash2,,180,1041,36.7597870008467,12.336575947166335,81.05976928141851,12.842375561000154,240,4.333333333333333,3.3375,4.333333333333333,0.25416666666666665,0.9958333333333333,2.919736936267768,False,0.14074015799451445,3.0220645149711345,0.0,0.0,9.644173475999196
26,math500,Qwen/Qwen3-4B,mgoin/Qwen3-4B-speculator.dflash2,0.0,8,dflash2_unary_k16_tb8,8,180,1040,36.915099999532686,12.591854337499452,79.41642058405391,13.09552851099943,232,4.478448275862069,3.4827586206896552,4.478448275862069,0.1810344827586207,0.9956896551724138,2.8605442450795535,False,0.4626776850018359,3.2608262459962134,0.16958278099809831,0.05437065499063465,9.111101152006086
26,math500,Qwen/Qwen3-4B,mgoin/Qwen3-4B-speculator.dflash2,0.0,8,dflash2_unary_k16_tb16,16,180,1025,37.02638299910177,11.006564232196004,90.85487341043594,11.281728338000903,200,5.12,4.125,5.12,0.255,0.995,3.2725522424746285,False,0.4003967860062403,2.8099067739876773,0.1954196180067811,0.04667016500025056,7.797119981001742
26,math500,Qwen/Qwen3-4B,mgoin/Qwen3-4B-speculator.dflash2,0.0,8,dflash2_unary_k16_tb32,32,180,1132,37.0877429995744,10.219340819788707,97.85366958929507,11.568293808000817,204,5.544117647058823,4.549019607843137,5.544117647058823,0.3431372549019608,0.9950980392156863,3.5246457765911754,False,0.4071198989986442,2.8637788460018783,0.2991786439852149,0.04804095800318464,7.916323893994559
26,math500,Qwen/Qwen3-4B,mgoin/Qwen3-4B-speculator.dflash2,0.0,8,dflash2_unary_k16_tb64,64,180,1530,36.86666999965382,9.708984272549143,102.9973859188717,14.854745937000189,256,5.97265625,4.9765625,5.97265625,0.43359375,0.99609375,3.7099201573386575,False,0.5139786930139962,3.5915181140135246,0.6172762630176294,0.06036869799208944,10.027175270990483
26,math500,Qwen/Qwen3-4B,mgoin/Qwen3-4B-speculator.dflash2,0.0,8,dflash2_pairwise_k16_tb8,8,180,1049,36.98072299994237,11.411202199237529,87.6331855785377,11.97035110700017,212,4.943396226415095,3.943396226415094,4.943396226415095,0.23113207547169812,1,3.1565084757170294,False,0.4214441069998429,2.967230226002357,0.19313634398713475,0.04982159699466138,8.304937737999353
26,math500,Qwen/Qwen3-4B,mgoin/Qwen3-4B-speculator.dflash2,0.0,8,dflash2_pairwise_k16_tb16,16,180,2048,36.87575000003562,9.074156300292735,110.20308300924238,18.58387210299952,328,6.240853658536586,5.2439024390243905,6.240853658536586,0.5121951219512195,0.9969512195121951,3.969466170519023,False,0.6604560230243806,4.621879423984865,0.3838189179987239,0.07693976500013378,12.787263150008584
26,math500,Qwen/Qwen3-4B,mgoin/Qwen3-4B-speculator.dflash2,0.0,8,dflash2_pairwise_k16_tb32,32,180,1311,36.94174100019154,9.379088883296308,106.62016454294941,12.295985526001461,216,6.064814814814815,5.069444444444445,6.064814814814815,0.44907407407407407,0.9953703703703703,3.840411036530756,False,0.43306930301150715,3.028068899993741,0.36131075699267967,0.050927001000673044,8.38647722999849
26,math500,Qwen/Qwen3-4B,mgoin/Qwen3-4B-speculator.dflash2,0.0,8,dflash2_pairwise_k16_tb64,64,180,2048,36.89675999885367,8.66167058886802,115.4511695798268,17.739101366001705,304,6.733552631578948,5.7368421052631575,6.733552631578948,0.6282894736842105,0.9967105263157895,4.15849992105523,False,0.6122586379988206,4.277186678982616,0.792713967986856,0.07192311797189177,11.932181933021639
27,math500,Qwen/Qwen3-4B,mgoin/Qwen3-4B-speculator.dflash2,0.0,8,baseline,,108,236,38.747182001316105,36.49876016949084,27.39819093460319,8.61370739999984,235,1,,,,,1.0,True,0.058486892014116165,0.0,0.0,0.0,8.51598672801083
27,math500,Qwen/Qwen3-4B,mgoin/Qwen3-4B-speculator.dflash2,0.0,8,dflash2,,108,237,37.565464999715914,12.818016130800464,78.01519281888683,3.03786982299971,56,4.214285714285714,3.232142857142857,4.214285714285714,0.25,0.9821428571428571,2.847457812273135,False,0.03330888500568108,0.70851897999637,0.0,0.0,2.2878124459966784
27,math500,Qwen/Qwen3-4B,mgoin/Qwen3-4B-speculator.dflash2,0.0,8,dflash2_unary_k16_tb8,8,108,237,37.622247999024694,12.880863362866716,77.63454760981517,3.0527646169994114,54,4.37037037037037,3.388888888888889,4.37037037037037,0.16666666666666666,0.9814814814814815,2.8335647340775627,False,0.1076236750031967,0.7462509839988343,0.0408450810064096,0.012684584004091448,2.13682558200162
27,math500,Qwen/Qwen3-4B,mgoin/Qwen3-4B-speculator.dflash2,0.0,8,dflash2_unary_k16_tb16,16,108,237,36.99595299985958,11.89572113502674,84.0638401530377,2.819285909001337,50,4.72,3.74,4.72,0.22,0.98,3.0682259406721375,False,0.1000543540030776,0.6939880509999057,0.049013196001396864,0.011702458999934606,1.956230614992819
27,math500,Qwen/Qwen3-4B,mgoin/Qwen3-4B-speculator.dflash2,0.0,8,dflash2_unary_k16_tb32,32,108,280,36.92966900052852,11.541322839288373,86.64518044637413,3.2315703950007446,57,4.894736842105263,3.912280701754386,4.894736842105263,0.2631578947368421,0.9824561403508771,3.1624416609544665,False,0.1147245869924518,0.7912429370062455,0.08359424799891713,0.013401633003013558,2.219215211001938
27,math500,Qwen/Qwen3-4B,mgoin/Qwen3-4B-speculator.dflash2,0.0,8,dflash2_unary_k16_tb64,64,108,237,37.10355400107801,10.773600573838273,92.81947972234258,2.5533433359996707,44,5.363636363636363,4.386363636363637,5.363636363636363,0.3409090909090909,0.9772727272727273,3.3877959294427002,False,0.0886523879962624,0.607841852997808,0.10711519600044994,0.010387597007138538,1.7317369650063483
27,math500,Qwen/Qwen3-4B,mgoin/Qwen3-4B-speculator.dflash2,0.0,8,dflash2_pairwise_k16_tb8,8,108,237,37.0141319999675,11.910254004223392,83.96126561577937,2.8227301990009437,50,4.72,3.74,4.72,0.16,0.98,3.0644820972372493,False,0.09976266199555539,0.6916233500014641,0.04548482599238923,0.011611665000600624,1.9663092830051028
27,math500,Qwen/Qwen3-4B,mgoin/Qwen3-4B-speculator.dflash2,0.0,8,dflash2_pairwise_k16_tb16,16,108,236,37.05801499927475,10.777468682205173,92.78616616637576,2.543482609000421,45,5.222222222222222,4.2444444444444445,5.222222222222222,0.26666666666666666,0.9777777777777777,3.3865800259530747,True,0.08997324100528203,0.6222861239966733,0.05300988999806577,0.010583186998701422,1.7603492909966008
27,math500,Qwen/Qwen3-4B,mgoin/Qwen3-4B-speculator.dflash2,0.0,8,dflash2_pairwise_k16_tb32,32,108,237,36.90767000080086,10.304478413503917,97.04518364457049,2.4421613840004284,43,5.488372093023256,4.511627906976744,5.488372093023256,0.3488372093023256,0.9767441860465116,3.5420288834473737,False,0.08602350500041211,0.593084670997996,0.07221055201080162,0.010111469002367812,1.6735858530046244
27,math500,Qwen/Qwen3-4B,mgoin/Qwen3-4B-speculator.dflash2,0.0,8,dflash2_pairwise_k16_tb64,64,108,237,37.77848100071424,10.092943717294483,99.07912181125887,2.3920276609987923,41,5.7560975609756095,4.780487804878049,5.7560975609756095,0.36585365853658536,0.975609756097561,3.616265104792907,False,0.08299309600079141,0.5662655040086975,0.10951245399155596,0.009624730000723503,1.6165441769971949
28,math500,Qwen/Qwen3-4B,mgoin/Qwen3-4B-speculator.dflash2,0.0,8,baseline,,116,829,38.82562499893538,36.45967458263,27.427562408261778,30.225070229000266,828,1,,,,,1.0,True,0.20374768099645735,0.0,0.0,0.0,29.883838650010148
28,math500,Qwen/Qwen3-4B,mgoin/Qwen3-4B-speculator.dflash2,0.0,8,dflash2,,116,1179,37.50836399922264,9.69576822222253,103.13777898568344,11.431310734000363,211,5.5829383886255926,4.587677725118484,5.5829383886255926,0.43601895734597157,0.995260663507109,3.760369858993233,False,0.11571675801678794,2.692180682986873,0.0,0.0,8.59226954199221
28,math500,Qwen/Qwen3-4B,mgoin/Qwen3-4B-speculator.dflash2,0.0,8,dflash2_unary_k16_tb8,8,116,833,37.91595199982112,9.976867914766288,100.2318571863568,8.310730973000318,147,5.659863945578231,4.666666666666667,5.659863945578231,0.3673469387755102,0.9931972789115646,3.6544208958272133,False,0.2937116239863826,2.0644795880089077,0.10749023699281679,0.03438098398510192,5.787326434015995
28,math500,Qwen/Qwen3-4B,mgoin/Qwen3-4B-speculator.dflash2,0.0,8,dflash2_unary_k16_tb16,16,116,849,37.04124199975922,9.449212593638531,105.8289238484514,8.022381491999113,142,5.971830985915493,4.97887323943662,5.971830985915493,0.5,0.9929577464788732,3.858488124944469,False,0.2841817570006242,1.9948036659734498,0.13678330200127675,0.03422333999151306,5.549487483993289
28,math500,Qwen/Qwen3-4B,mgoin/Qwen3-4B-speculator.dflash2,0.0,8,dflash2_unary_k16_tb32,32,116,860,37.12300500046695,9.11050563837032,109.76339181311118,7.835034848998475,138,6.22463768115942,5.231884057971015,6.22463768115942,0.5579710144927537,0.9927536231884058,4.001937546591747,False,0.27674818199557194,1.9374751990017103,0.1977552150037809,0.03243396800280607,5.3676947520179965
28,math500,Qwen/Qwen3-4B,mgoin/Qwen3-4B-speculator.dflash2,0.0,8,dflash2_unary_k16_tb64,64,116,833,37.13048300051014,9.022969848738198,110.82825463944593,7.516133883998919,129,6.449612403100775,5.457364341085271,6.449612403100775,0.5736434108527132,0.9922480620155039,4.040762098715052,False,0.2606526690033206,1.8119361650024075,0.30615302698060987,0.03077413600658474,5.084055012986937
28,math500,Qwen/Qwen3-4B,mgoin/Qwen3-4B-speculator.dflash2,0.0,8,dflash2_pairwise_k16_tb8,8,116,833,37.08333500071603,9.523244361344204,105.00623128595748,7.9328625529997225,140,5.942857142857143,4.95,5.942857142857143,0.4357142857142857,0.9928571428571429,3.8284930218343907,False,0.2799465240132122,1.9635890829940763,0.12810812700081442,0.03274734900514886,5.506090762019085
28,math500,Qwen/Qwen3-4B,mgoin/Qwen3-4B-speculator.dflash2,0.0,8,dflash2_pairwise_k16_tb16,16,116,1249,37.18141600074887,8.53185308166559,117.20783169003887,10.656284499000321,188,6.638297872340425,5.6436170212765955,6.638297872340425,0.5904255319148937,0.9946808510638298,4.273359401954485,False,0.3771502620074898,2.6414729449934384,0.21778941997035872,0.04424328998902638,7.343096904007325
28,math500,Qwen/Qwen3-4B,mgoin/Qwen3-4B-speculator.dflash2,0.0,8,dflash2_pairwise_k16_tb32,32,116,849,37.038553000456886,8.520834570081378,117.35939616891888,7.2341885499990894,127,6.677165354330708,5.68503937007874,6.677165354330708,0.6220472440944882,0.9921259842519685,4.278885393532736,False,0.2553985590075172,1.782504067004993,0.20862844700241112,0.029994986993187922,4.936556079992442
28,math500,Qwen/Qwen3-4B,mgoin/Qwen3-4B-speculator.dflash2,0.0,8,dflash2_pairwise_k16_tb64,64,116,835,36.99920200051565,8.381394027545577,119.31189450269072,6.998464013000557,120,6.95,5.958333333333333,6.95,0.65,0.9916666666666667,4.350072847405184,False,0.24223526799323736,1.6801114240133757,0.31276285700550943,0.028359803991406807,4.713980210008231
29,math500,Qwen/Qwen3-4B,mgoin/Qwen3-4B-speculator.dflash2,0.0,8,baseline,,49,348,38.803473998996196,36.3802479913798,27.487443192716757,12.660326301000168,347,1,,,,,1.0,True,0.08570612798757793,0.0,0.0,0.0,12.516611597986412
29,math500,Qwen/Qwen3-4B,mgoin/Qwen3-4B-speculator.dflash2,0.0,8,dflash2,,49,289,37.64143700027489,9.965962553629199,100.34153696833235,2.8801631779988384,53,5.433962264150943,4.452830188679245,5.433962264150943,0.4339622641509434,0.9811320754716981,3.650449998744134,False,0.029089862993714632,0.6706327669999155,0.0,0.0,2.172697075002361
29,math500,Qwen/Qwen3-4B,mgoin/Qwen3-4B-speculator.dflash2,0.0,8,dflash2_unary_k16_tb8,8,49,286,37.57169600066845,9.665673227274356,103.45890829189476,2.7643825430004654,49,5.816326530612245,4.816326530612245,5.816326530612245,0.4489795918367347,1,3.763860740576551,False,0.09792143399499764,0.6782775850042526,0.03581946200756647,0.011422411995226867,1.9331712249986595
29,math500,Qwen/Qwen3-4B,mgoin/Qwen3-4B-speculator.dflash2,0.0,8,dflash2_unary_k16_tb16,16,49,289,37.08970399929967,9.82987665397606,101.73067630462207,2.8408343529990816,49,5.877551020408164,4.8979591836734695,5.877551020408164,0.5306122448979592,0.9795918367346939,3.7009872322929347,False,0.10209618000590126,0.7001468490016123,0.0488113580049685,0.01180342999577988,1.9699613339962525
29,math500,Qwen/Qwen3-4B,mgoin/Qwen3-4B-speculator.dflash2,0.0,8,dflash2_unary_k16_tb32,32,49,286,37.06467399933899,8.907343944057093,112.26691214356799,2.5475003680003288,45,6.333333333333333,5.355555555555555,6.333333333333333,0.6,0.9777777777777777,4.084298105009451,False,0.09009076599795662,0.6223459649972938,0.0641204480016313,0.010665015000995481,1.7528357839983073
29,math500,Qwen/Qwen3-4B,mgoin/Qwen3-4B-speculator.dflash2,0.0,8,dflash2_unary_k16_tb64,64,49,286,37.690678000217304,8.909126367137112,112.24445122797638,2.548010141001214,44,6.4772727272727275,5.5,6.4772727272727275,0.6136363636363636,0.9772727272727273,4.083480971330115,False,0.08850945099948149,0.6072065489988745,0.1022901960004674,0.010372667005867697,1.7320692729954317
29,math500,Qwen/Qwen3-4B,mgoin/Qwen3-4B-speculator.dflash2,0.0,8,dflash2_pairwise_k16_tb8,8,49,286,37.20751699984248,9.088593087412178,110.02803078344581,2.599337622999883,46,6.195652173913044,5.217391304347826,6.195652173913044,0.5217391304347826,0.9782608695652174,4.002847045904929,False,0.09178946299834934,0.6349698800058832,0.041602772998885484,0.010723904002588824,1.812920836999183
29,math500,Qwen/Qwen3-4B,mgoin/Qwen3-4B-speculator.dflash2,0.0,8,dflash2_pairwise_k16_tb16,16,49,289,37.23367699967639,8.791906280276606,113.74097586132805,2.5408609149999393,45,6.4,5.4222222222222225,6.4,0.6,0.9777777777777777,4.137924908616657,False,0.0895933040046657,0.6215142700002616,0.05174601900216658,0.010377668997534784,1.7603547430007893
29,math500,Qwen/Qwen3-4B,mgoin/Qwen3-4B-speculator.dflash2,0.0,8,dflash2_pairwise_k16_tb32,32,49,347,37.07374399891705,8.521856167145895,117.34532716654802,2.9570840899996256,52,6.653846153846154,5.673076923076923,6.653846153846154,0.6730769230769231,0.9807692307692307,4.2690521029486135,False,0.10446741400664905,0.7210744549975061,0.0841165150031884,0.0122163010037184,2.02666096998837
29,math500,Qwen/Qwen3-4B,mgoin/Qwen3-4B-speculator.dflash2,0.0,8,dflash2_pairwise_k16_tb64,64,49,286,37.13007599981211,8.549271220277927,116.96903446320786,2.445091568999487,42,6.785714285714286,5.809523809523809,6.785714285714286,0.6904761904761905,0.9761904761904762,4.255362481083752,False,0.08464819599794282,0.5805466999900091,0.1082478069984063,0.009967043995857239,1.6543693600033293
30,math500,Qwen/Qwen3-4B,mgoin/Qwen3-4B-speculator.dflash2,0.0,8,baseline,,113,433,38.7489929998992,36.79897414087892,27.174670581078207,15.933955803000572,432,1,,,,,1.0,True,0.1076507809884788,0.0,0.0,0.0,15.753248659022574
30,math500,Qwen/Qwen3-4B,mgoin/Qwen3-4B-speculator.dflash2,0.0,8,dflash2,,113,433,38.16855900004157,9.24844264203066,108.12631258103713,4.004575663999276,73,5.917808219178082,4.931506849315069,5.917808219178082,0.4794520547945205,0.9863013698630136,3.978937380618176,True,0.03956312000082107,0.9360480479972466,0.0,0.0,3.0181304270008695
30,math500,Qwen/Qwen3-4B,mgoin/Qwen3-4B-speculator.dflash2,0.0,8,dflash2_unary_k16_tb8,8,113,433,37.49475400036317,9.534418510391935,104.88316606933721,4.128403214999707,73,5.917808219178082,4.931506849315069,5.917808219178082,0.4246575342465753,0.9863013698630136,3.859592915999049,True,0.1459889610105165,1.0200284360107617,0.05312286300068081,0.01705975700315321,2.88062498999534
30,math500,Qwen/Qwen3-4B,mgoin/Qwen3-4B-speculator.dflash2,0.0,8,dflash2_unary_k16_tb16,16,113,427,37.062303999846336,9.120756653396338,109.64002637079737,3.894563091000236,69,6.173913043478261,5.188405797101449,6.173913043478261,0.5072463768115942,0.9855072463768116,4.034640495224255,False,0.13784576400212245,0.9637431459959771,0.06621719199574727,0.01612965999993321,2.6994442410032207
30,math500,Qwen/Qwen3-4B,mgoin/Qwen3-4B-speculator.dflash2,0.0,8,dflash2_unary_k16_tb32,32,113,433,37.183885999183985,8.657591390302423,115.50556672380313,3.7487370720009494,66,6.545454545454546,5.5606060606060606,6.545454545454546,0.5454545454545454,0.9848484848484849,4.250486362996796,True,0.13226289900376287,0.9198070809998171,0.09469165199516283,0.015530575006778236,2.575603229997796
30,math500,Qwen/Qwen3-4B,mgoin/Qwen3-4B-speculator.dflash2,0.0,8,dflash2_unary_k16_tb64,64,113,481,37.27740999966045,8.590392758834277,116.40911283964398,4.131978916999287,71,6.76056338028169,5.774647887323944,6.76056338028169,0.6197183098591549,0.9859154929577465,4.283735933148715,False,0.14321932200255105,0.9902760150034737,0.16632655700232135,0.016862378011865076,2.802979375999712
30,math500,Qwen/Qwen3-4B,mgoin/Qwen3-4B-speculator.dflash2,0.0,8,dflash2_pairwise_k16_tb8,8,113,433,37.28556999885768,8.89484748036778,112.42463709548088,3.8514689589992486,68,6.352941176470588,5.367647058823529,6.352941176470588,0.4852941176470588,0.9852941176470589,4.137111313274297,True,0.13554439800100226,0.9478670209955453,0.06163374799689336,0.015983463992597535,2.6796368440045626
30,math500,Qwen/Qwen3-4B,mgoin/Qwen3-4B-speculator.dflash2,0.0,8,dflash2_pairwise_k16_tb16,16,113,433,37.062003000755794,8.494750734410195,117.71975791464253,3.6782270679996145,65,6.6461538461538465,5.661538461538462,6.6461538461538465,0.6153846153846154,0.9846153846153847,4.331966327371457,True,0.1297793490011827,0.9042886029965302,0.07475153200357454,0.015237812998748268,2.5436398050042044
30,math500,Qwen/Qwen3-4B,mgoin/Qwen3-4B-speculator.dflash2,0.0,8,dflash2_pairwise_k16_tb32,32,113,481,37.50887400019565,8.307323850311608,120.3757091957466,3.995822771999883,70,6.857142857142857,5.871428571428571,6.857142857142857,0.6428571428571429,0.9857142857142858,4.42970260988424,False,0.140726295994682,0.9772985710078501,0.11468519100344565,0.016587567999522435,2.734936573997402
30,math500,Qwen/Qwen3-4B,mgoin/Qwen3-4B-speculator.dflash2,0.0,8,dflash2_pairwise_k16_tb64,64,113,1302,37.14283500085003,8.27134424116803,120.89933278593492,10.769290202000775,184,7.070652173913044,6.076086956521739,7.070652173913044,0.717391304347826,0.9945652173913043,4.4489714208391336,False,0.37129775098946993,2.5926858189886843,0.47465906397337676,0.04380395700172812,7.254688813985922
31,math500,Qwen/Qwen3-4B,mgoin/Qwen3-4B-speculator.dflash2,0.0,8,baseline,,40,155,38.66341899993131,35.92850618709147,27.83305252917205,5.568918458999178,154,1,,,,,1.0,True,0.03785669201170094,0.0,0.0,0.0,5.5052946060059185
31,math500,Qwen/Qwen3-4B,mgoin/Qwen3-4B-speculator.dflash2,0.0,8,dflash2,,40,150,36.740765999638825,11.486549673330348,87.05834462387045,1.7229824509995524,32,4.65625,3.65625,4.65625,0.3125,1,3.127876273456671,False,0.018602635009301594,0.397980629993981,0.0,0.0,1.301737559002504
31,math500,Qwen/Qwen3-4B,mgoin/Qwen3-4B-speculator.dflash2,0.0,8,dflash2_unary_k16_tb8,8,40,150,36.863560000711004,11.631790873325372,85.97128429236568,1.7447686309988057,31,4.806451612903226,3.838709677419355,4.806451612903226,0.25806451612903225,0.967741935483871,3.0888198196104604,False,0.061962230000062846,0.42461723100313975,0.023055893998389365,0.007236052997541265,1.2229044630021235
31,math500,Qwen/Qwen3-4B,mgoin/Qwen3-4B-speculator.dflash2,0.0,8,dflash2_unary_k16_tb16,16,40,150,36.980781000238494,11.23289235332777,89.0242662838078,1.6849338529991658,30,4.966666666666667,4,4.966666666666667,0.3,0.9666666666666667,3.1985089019790673,False,0.05989136599964695,0.4099539890066808,0.029187083997385344,0.007029375998172327,1.174036819000321
31,math500,Qwen/Qwen3-4B,mgoin/Qwen3-4B-speculator.dflash2,0.0,8,dflash2_unary_k16_tb32,32,40,157,36.90887000084331,9.349161872607256,106.96145960740802,1.467818413999339,26,6,5.038461538461538,6,0.38461538461538464,0.9615384615384616,3.8429654632850934,False,0.052230715002224315,0.35418969800593914,0.03735943800165842,0.006086401001084596,1.0136712350013113
31,math500,Qwen/Qwen3-4B,mgoin/Qwen3-4B-speculator.dflash2,0.0,8,dflash2_unary_k16_tb64,64,40,155,36.93961099997978,9.689570632256236,103.20374740559045,1.5018834479997167,26,5.923076923076923,4.961538461538462,5.923076923076923,0.38461538461538464,0.9615384615384616,3.707956477192782,True,0.05231080699377344,0.3536208719979186,0.0616666219993931,0.006077326001104666,1.0237861789992166
31,math500,Qwen/Qwen3-4B,mgoin/Qwen3-4B-speculator.dflash2,0.0,8,dflash2_pairwise_k16_tb8,8,40,150,36.90884999923583,11.661518100008834,85.75212861859234,1.7492277150013251,31,4.806451612903226,3.838709677419355,4.806451612903226,0.22580645161290322,0.967741935483871,3.0809458836293584,False,0.06224311900223256,0.4244508539995877,0.028148282999609364,0.007321363997107255,1.2221143880033196
31,math500,Qwen/Qwen3-4B,mgoin/Qwen3-4B-speculator.dflash2,0.0,8,dflash2_pairwise_k16_tb16,16,40,150,36.88039000007848,9.758649940001002,102.47319108158288,1.4637974910001503,26,5.730769230769231,4.769230769230769,5.730769230769231,0.38461538461538464,0.9615384615384616,3.6817086797856575,False,0.051791931995467166,0.35315667500253767,0.030233351995775593,0.006064336999770603,1.0184164039965253
31,math500,Qwen/Qwen3-4B,mgoin/Qwen3-4B-speculator.dflash2,0.0,8,dflash2_pairwise_k16_tb32,32,40,155,36.892039999656845,9.119841832251685,109.65102447978533,1.4135754839990113,25,6.16,5.2,6.16,0.48,0.96,3.9395975114428863,True,0.05003909300285159,0.33954427299977397,0.041203679002137505,0.005885635000595357,0.972750012006145
31,math500,Qwen/Qwen3-4B,mgoin/Qwen3-4B-speculator.dflash2,0.0,8,dflash2_pairwise_k16_tb64,64,40,157,36.85340799893311,9.249786140119964,108.11060762395428,1.4522164239988342,25,6.24,5.28,6.24,0.56,0.96,3.88425263490746,False,0.050497855998401064,0.3400582639987988,0.06504832400423766,0.005954797001322731,0.98638274899713
32,math500,Qwen/Qwen3-4B,mgoin/Qwen3-4B-speculator.dflash2,0.0,8,baseline,,102,2048,38.94550699988031,36.48679353027351,27.40717676850087,74.72495315000015,2048,1,,,,,1.0,True,0.5054462540083478,0.0,0.0,0.0,73.87997178793012
32,math500,Qwen/Qwen3-4B,mgoin/Qwen3-4B-speculator.dflash2,0.0,8,dflash2,,102,2048,37.67900699858728,9.327458309082104,107.2103425030916,19.10263461700015,353,5.798866855524079,4.801699716713881,5.798866855524079,0.49291784702549574,0.9971671388101983,3.9117616312202097,False,0.1905450859794655,4.508051088007051,0.0,0.0,14.35161118898759
32,math500,Qwen/Qwen3-4B,mgoin/Qwen3-4B-speculator.dflash2,0.0,8,dflash2_unary_k16_tb8,8,102,2048,37.77769999942393,9.406422505370493,106.31034268650606,19.26435329099877,340,6.020588235294118,5.023529411764706,6.020588235294118,0.5205882352941177,0.9970588235294118,3.878923523735169,False,0.6804635590106045,4.8034849439955,0.24801018600010138,0.07973200900232769,13.398454569973183
32,math500,Qwen/Qwen3-4B,mgoin/Qwen3-4B-speculator.dflash2,0.0,8,dflash2_unary_k16_tb16,16,102,2048,37.16734599947813,10.042138440429227,99.58038379296207,20.566299525999057,364,5.623626373626373,4.626373626373627,5.623626373626373,0.37637362637362637,0.9972527472527473,3.6333689031192016,False,0.7279793410125421,5.132797324993589,0.3544718549983372,0.08545804599089024,14.206867436025277
32,math500,Qwen/Qwen3-4B,mgoin/Qwen3-4B-speculator.dflash2,0.0,8,dflash2_unary_k16_tb32,32,102,2048,37.304629000573186,9.673038298339875,103.38013446836284,19.810382435000065,348,5.882183908045977,4.885057471264368,5.882183908045977,0.4425287356321839,0.9971264367816092,3.7720096214790666,False,0.6992967259884608,4.913384549985494,0.5075784099972225,0.08249881298979744,13.549109792991658
32,math500,Qwen/Qwen3-4B,mgoin/Qwen3-4B-speculator.dflash2,0.0,8,dflash2_unary_k16_tb64,64,102,2048,37.232748998576426,8.930231734863625,111.97917698999903,18.289114593000704,314,6.519108280254777,5.519108280254777,6.519108280254777,0.5796178343949044,1,4.085761110524049,False,0.6347187120172748,4.433573079006237,0.7448752869859163,0.07435481400170829,12.347199295987593
32,math500,Qwen/Qwen3-4B,mgoin/Qwen3-4B-speculator.dflash2,0.0,8,dflash2_pairwise_k16_tb8,8,102,2048,37.32842099998379,9.90335213818394,100.97591058529989,20.28206517900071,357,5.733893557422969,4.7366946778711485,5.733893557422969,0.4061624649859944,0.9971988795518207,3.684287201057196,False,0.7148398920107866,5.040270153991514,0.3274117479995766,0.08371110898406187,14.058430443023099
32,math500,Qwen/Qwen3-4B,mgoin/Qwen3-4B-speculator.dflash2,0.0,8,dflash2_pairwise_k16_tb16,16,102,2027,37.15985600138083,9.097181577207499,109.92415524665864,18.4399870569996,325,6.233846153846154,5.236923076923077,6.233846153846154,0.49230769230769234,0.9969230769230769,4.010779956474566,False,0.6500218990022404,4.584141045001161,0.38018870001360483,0.07624965499417158,12.696495728996524
32,math500,Qwen/Qwen3-4B,mgoin/Qwen3-4B-speculator.dflash2,0.0,8,dflash2_pairwise_k16_tb32,32,102,2048,37.19637599897396,8.692490677733922,115.0418259937316,17.80222090799907,312,6.560897435897436,5.564102564102564,6.560897435897436,0.5673076923076923,0.9967948717948718,4.1975073523789375,False,0.625424155008659,4.396917094998571,0.5183287680065405,0.07379828700868529,12.135297183996954
32,math500,Qwen/Qwen3-4B,mgoin/Qwen3-4B-speculator.dflash2,0.0,8,dflash2_pairwise_k16_tb64,64,102,2048,37.969603999954415,8.41218173730418,118.87522538480798,17.228148197998962,295,6.938983050847457,5.942372881355932,6.938983050847457,0.688135593220339,0.9966101694915255,4.337375804480216,False,0.5951224640084547,4.157381293007347,0.7721371289790113,0.06962469101563329,11.582275236998612
33,math500,Qwen/Qwen3-4B,mgoin/Qwen3-4B-speculator.dflash2,0.0,8,baseline,,68,471,38.725563001207775,36.17839986412031,27.640802350458387,17.040026336000665,470,1,,,,,1.0,True,0.11656476599091548,0.0,0.0,0.0,16.84371923999788
33,math500,Qwen/Qwen3-4B,mgoin/Qwen3-4B-speculator.dflash2,0.0,8,dflash2,,68,461,37.55165400070837,12.155825453363578,82.2650838346231,5.603835534000609,104,4.423076923076923,3.4326923076923075,4.423076923076923,0.23076923076923078,0.9903846153846154,2.976219097824374,False,0.062112131008689175,1.3114987750050204,0.0,0.0,4.214999524998348
33,math500,Qwen/Qwen3-4B,mgoin/Qwen3-4B-speculator.dflash2,0.0,8,dflash2_unary_k16_tb8,8,68,454,37.50647400011076,12.148001592510854,82.31806625844469,5.515192722999927,97,4.670103092783505,3.6804123711340204,4.670103092783505,0.1958762886597938,0.9896907216494846,2.978135917139162,False,0.1942780519984808,1.364599916007137,0.0711443780000991,0.022704443006659858,3.846924080993631
33,math500,Qwen/Qwen3-4B,mgoin/Qwen3-4B-speculator.dflash2,0.0,8,dflash2_unary_k16_tb16,16,68,458,37.70730799988087,11.028531733626746,90.67390149052495,5.051067534001049,89,5.134831460674158,4.146067415730337,5.134831460674158,0.2808988764044944,0.9887640449438202,3.2804366653640664,False,0.17832482499215985,1.2510487910076336,0.0868271330036805,0.02079950699408073,3.499653554003089
33,math500,Qwen/Qwen3-4B,mgoin/Qwen3-4B-speculator.dflash2,0.0,8,dflash2_unary_k16_tb32,32,68,452,37.52842500034603,10.59329356416032,94.3993474685949,4.788168691000465,84,5.369047619047619,4.380952380952381,5.369047619047619,0.2976190476190476,0.9880952380952381,3.415217339630859,False,0.16857402800087584,1.1778705990109302,0.12248716501744639,0.01979341299738735,3.2855306710025616
33,math500,Qwen/Qwen3-4B,mgoin/Qwen3-4B-speculator.dflash2,0.0,8,dflash2_unary_k16_tb64,64,68,459,37.51433400066162,10.59339570806049,94.39843724888918,4.862368629999764,83,5.518072289156627,4.530120481927711,5.518072289156627,0.3373493975903614,0.9879518072289156,3.415184409338382,False,0.16793948399936198,1.1664785499997379,0.2011375609999959,0.01954743201349629,3.292913588009469
33,math500,Qwen/Qwen3-4B,mgoin/Qwen3-4B-speculator.dflash2,0.0,8,dflash2_pairwise_k16_tb8,8,68,455,37.37204099888913,11.474692567032065,87.1483043365449,5.220985117999589,92,4.934782608695652,3.9456521739130435,4.934782608695652,0.22826086956521738,0.9891304347826086,3.152886201767571,False,0.18317310600650671,1.2888779550139589,0.08349230200474267,0.021544308012380498,3.6292399300000397
33,math500,Qwen/Qwen3-4B,mgoin/Qwen3-4B-speculator.dflash2,0.0,8,dflash2_pairwise_k16_tb16,16,68,468,37.62742700018862,10.307219743590084,97.01937330111606,4.823778840000159,85,5.4941176470588236,4.5058823529411764,5.4941176470588236,0.3058823529411765,0.9882352941176471,3.510005681854135,False,0.1701594530059083,1.189828584996576,0.09825493299285881,0.01988825501575775,3.3318168989953847
33,math500,Qwen/Qwen3-4B,mgoin/Qwen3-4B-speculator.dflash2,0.0,8,dflash2_pairwise_k16_tb32,32,68,461,37.3750819999259,9.294668520609038,107.58855980530164,4.284842188000766,75,6.133333333333334,5.1466666666666665,6.133333333333334,0.4666666666666667,0.9866666666666667,3.8923819374410247,False,0.1504576139996061,1.050128755003243,0.12426044099811406,0.017537358990011853,2.930071325999961
33,math500,Qwen/Qwen3-4B,mgoin/Qwen3-4B-speculator.dflash2,0.0,8,dflash2_pairwise_k16_tb64,64,68,454,37.49089399934746,9.045034845814676,110.5578935898429,4.106445819999863,70,6.4714285714285715,5.485714285714286,6.4714285714285715,0.5428571428571428,0.9857142857142858,3.9998076824282003,False,0.14168700901609554,0.9805582429980859,0.18512614499923075,0.016474241005198564,2.7705010790014057
34,math500,Qwen/Qwen3-4B,mgoin/Qwen3-4B-speculator.dflash2,0.0,8,baseline,,91,416,39.17770299995027,36.443407908655864,27.43980482029741,15.16045769000084,415,1,,,,,1.0,True,0.10301183300180128,0.0,0.0,0.0,14.988306489032766
34,math500,Qwen/Qwen3-4B,mgoin/Qwen3-4B-speculator.dflash2,0.0,8,dflash2,,91,430,37.63298800004122,10.155190334884283,98.47181264194344,4.366731844000242,81,5.296296296296297,4.308641975308642,5.296296296296297,0.3333333333333333,0.9876543209876543,3.58864843561508,False,0.046398589000091306,1.024968617990453,0.0,0.0,3.2834578070014686
34,math500,Qwen/Qwen3-4B,mgoin/Qwen3-4B-speculator.dflash2,0.0,8,dflash2_unary_k16_tb8,8,91,416,37.52724399964791,10.61584226922955,94.1988374204222,4.416190383999492,78,5.32051282051282,4.333333333333333,5.32051282051282,0.2948717948717949,0.9871794871794872,3.432926656633602,True,0.15570461000243085,1.0921524740042514,0.05711265299396473,0.018164137991334428,3.080575101002978
34,math500,Qwen/Qwen3-4B,mgoin/Qwen3-4B-speculator.dflash2,0.0,8,dflash2_unary_k16_tb16,16,91,430,37.63798799991491,9.611786844183117,104.03892805895735,4.13306834299874,73,5.876712328767123,4.890410958904109,5.876712328767123,0.3835616438356164,0.9863013698630136,3.7915330936318847,False,0.14641970999582554,1.0205123520063353,0.07229657199604844,0.01711380700726295,2.864840625992656
34,math500,Qwen/Qwen3-4B,mgoin/Qwen3-4B-speculator.dflash2,0.0,8,dflash2_unary_k16_tb32,32,91,417,37.46485200099414,9.462218534772154,105.68346063084027,3.945745128999988,69,6.028985507246377,5.043478260869565,6.028985507246377,0.5072463768115942,0.9855072463768116,3.851465464968085,False,0.13861463299326715,0.9753511429917125,0.10007557099561382,0.01629764800418343,2.703833195999323
34,math500,Qwen/Qwen3-4B,mgoin/Qwen3-4B-speculator.dflash2,0.0,8,dflash2_unary_k16_tb64,64,91,412,37.49471300034202,9.34854393446444,106.96852975289443,3.851600100999349,66,6.2272727272727275,5.242424242424242,6.2272727272727275,0.5303030303030303,0.9848484848484849,3.8982977631739226,False,0.1331370460047765,0.922920137994879,0.15661796099993808,0.015569180004604277,2.611843085003784
34,math500,Qwen/Qwen3-4B,mgoin/Qwen3-4B-speculator.dflash2,0.0,8,dflash2_pairwise_k16_tb8,8,91,417,37.38272200098436,9.839193163069483,101.63434983199731,4.102943548999974,72,5.777777777777778,4.791666666666667,5.777777777777778,0.3472222222222222,0.9861111111111112,3.7039020684585076,False,0.14384015900213853,1.0129074430060427,0.06591506899530941,0.016946052997809602,2.8517508740060293
34,math500,Qwen/Qwen3-4B,mgoin/Qwen3-4B-speculator.dflash2,0.0,8,dflash2_pairwise_k16_tb16,16,91,416,37.4763339987112,8.88345532692588,112.56881058083172,3.6955174160011666,65,6.384615384615385,5.4,6.384615384615385,0.46153846153846156,0.9846153846153847,4.102391081789467,True,0.13041786400390265,0.9086926730051346,0.07563081999251153,0.0152846880027937,2.5549977749997197
34,math500,Qwen/Qwen3-4B,mgoin/Qwen3-4B-speculator.dflash2,0.0,8,dflash2_pairwise_k16_tb32,32,91,430,37.55253599956632,8.25420741395308,121.1503358044504,3.549309187999825,62,6.919354838709677,5.935483870967742,6.919354838709677,0.6612903225806451,0.9838709677419355,4.415131105992222,False,0.12487768000028154,0.8679298600018228,0.10172342500663945,0.014623923998442478,2.4298683239867387
34,math500,Qwen/Qwen3-4B,mgoin/Qwen3-4B-speculator.dflash2,0.0,8,dflash2_pairwise_k16_tb64,64,91,430,37.47260400086816,8.32655582558208,120.09767555123473,3.580419005000294,61,7.032786885245901,6.049180327868853,7.032786885245901,0.7049180327868853,0.9836065573770492,4.376768578995054,False,0.1232395280039782,0.8526313989950722,0.15713871000116342,0.014331484995636856,2.4224393119966408
35,math500,Qwen/Qwen3-4B,mgoin/Qwen3-4B-speculator.dflash2,0.0,8,baseline,,108,396,38.50648700063175,36.1010844242426,27.699998932122938,14.296029432000068,395,1,,,,,1.0,True,0.09709578699039412,0.0,0.0,0.0,14.133661392996146
35,math500,Qwen/Qwen3-4B,mgoin/Qwen3-4B-speculator.dflash2,0.0,8,dflash2,,108,396,37.2158659993147,12.236109446968674,81.72532326014263,4.845499340999595,90,4.388888888888889,3.4,4.388888888888889,0.25555555555555554,0.9888888888888889,2.9503727946129263,False,0.05283629400037171,1.1304548370098928,0.0,0.0,3.6490778159968613
35,math500,Qwen/Qwen3-4B,mgoin/Qwen3-4B-speculator.dflash2,0.0,8,dflash2_unary_k16_tb8,8,108,396,37.043182999696,11.717339696969422,85.34360408264348,4.640066519999891,82,4.817073170731708,3.8292682926829267,4.817073170731708,0.25609756097560976,0.9878048780487805,3.0809966560566475,True,0.16333814199424523,1.147658561994831,0.05984737299695553,0.01912025099773018,3.23697518800509
35,math500,Qwen/Qwen3-4B,mgoin/Qwen3-4B-speculator.dflash2,0.0,8,dflash2_unary_k16_tb16,16,108,396,36.97670099973038,10.310064429296574,96.99260434866429,4.0827855140014435,72,5.486111111111111,4.5,5.486111111111111,0.3611111111111111,0.9861111111111112,3.5015381981182894,True,0.14478468699780933,1.0062739189997956,0.07052073299200856,0.016958064998107147,2.8326371439979994
35,math500,Qwen/Qwen3-4B,mgoin/Qwen3-4B-speculator.dflash2,0.0,8,dflash2_unary_k16_tb32,32,108,396,37.02638200047659,10.065076035351177,99.35344715606108,3.9857701099990663,70,5.642857142857143,4.6571428571428575,5.642857142857143,0.38571428571428573,0.9857142857142858,3.586767183620487,True,0.1402081710039056,0.9788239139979851,0.1018353279960138,0.016553080997255165,2.7368095999936486
35,math500,Qwen/Qwen3-4B,mgoin/Qwen3-4B-speculator.dflash2,0.0,8,dflash2_unary_k16_tb64,64,108,396,37.150295998799265,9.724533345962126,102.83269792223248,3.8509152050010016,66,5.984848484848484,5,5.984848484848484,0.45454545454545453,0.9848484848484849,3.7123719092631515,True,0.13309650198789313,0.9236043069995503,0.1570062959981442,0.015712234999227803,2.610182630009149
35,math500,Qwen/Qwen3-4B,mgoin/Qwen3-4B-speculator.dflash2,0.0,8,dflash2_pairwise_k16_tb8,8,108,396,37.199935999524314,11.210862396463272,89.19920382891091,4.439501508999456,78,5.064102564102564,4.076923076923077,5.064102564102564,0.2948717948717949,0.9871794871794872,3.220187988002736,True,0.156448347004698,1.0929601810021268,0.0705576209929859,0.018433718005326227,3.0886374570090993
35,math500,Qwen/Qwen3-4B,mgoin/Qwen3-4B-speculator.dflash2,0.0,8,dflash2_pairwise_k16_tb16,16,108,396,37.02891200009617,10.044160151517994,99.56034002990961,3.977487420001126,70,5.642857142857143,4.6571428571428575,5.642857142857143,0.38571428571428573,0.9857142857142858,3.594236240726067,False,0.13991889101089328,0.9790700809953705,0.0813905040085956,0.016437665002740687,2.7494511859968043
35,math500,Qwen/Qwen3-4B,mgoin/Qwen3-4B-speculator.dflash2,0.0,8,dflash2_pairwise_k16_tb32,32,108,396,36.966810999729205,9.232245366161585,108.31601201428658,3.6559691649999877,64,6.171875,5.1875,6.171875,0.46875,0.984375,3.910325494225036,True,0.12813974099663028,0.8944853139964835,0.10632800399616826,0.015027681001811288,2.5013910660054535
35,math500,Qwen/Qwen3-4B,mgoin/Qwen3-4B-speculator.dflash2,0.0,8,dflash2_pairwise_k16_tb64,64,108,396,37.04130299956887,9.170754027777686,109.04228779564446,3.6316185949999635,62,6.370967741935484,5.387096774193548,6.370967741935484,0.5,0.9838709677419355,3.936544837523119,True,0.1250852769935591,0.8664761630061548,0.1633093860000372,0.014609259000280872,2.451488110991704
36,math500,Qwen/Qwen3-4B,mgoin/Qwen3-4B-speculator.dflash2,0.0,8,baseline,,68,347,38.64523999982339,36.03244122766597,27.7527685032951,12.50325710600009,346,1,,,,,1.0,True,0.08487498098475044,0.0,0.0,0.0,12.361266099955174
36,math500,Qwen/Qwen3-4B,mgoin/Qwen3-4B-speculator.dflash2,0.0,8,dflash2,,68,410,38.52086799997778,11.38213124878104,87.85700833550784,4.6666738120002265,87,4.7011494252873565,3.7126436781609193,4.7011494252873565,0.22988505747126436,0.9885057471264368,3.165702489287745,False,0.05148223100150062,1.0906880229995295,0.0,0.0,3.5118454370021936
36,math500,Qwen/Qwen3-4B,mgoin/Qwen3-4B-speculator.dflash2,0.0,8,dflash2_unary_k16_tb8,8,68,400,37.389619999885326,11.909120287500627,83.9692585059841,4.763648115000251,84,4.75,3.761904761904762,4.75,0.16666666666666666,0.9880952380952381,3.025617372047563,False,0.1677918440054782,1.1765044380026666,0.06172678000439191,0.01964634800242493,3.324640757000452
36,math500,Qwen/Qwen3-4B,mgoin/Qwen3-4B-speculator.dflash2,0.0,8,dflash2_unary_k16_tb16,16,68,347,37.4274020014127,10.45398187607894,95.65733056111613,3.627531710999392,64,5.40625,4.421875,5.40625,0.25,0.984375,3.446767141438832,True,0.12815677499747835,0.8950379310062999,0.06405651799832413,0.015079726001204108,2.5148710449921055
36,math500,Qwen/Qwen3-4B,mgoin/Qwen3-4B-speculator.dflash2,0.0,8,dflash2_unary_k16_tb32,32,68,401,37.438063000081456,10.531119436409812,94.95666686132584,4.2229788940003345,74,5.405405405405405,4.418918918918919,5.405405405405405,0.20270270270270271,0.9864864864864865,3.42152051785578,False,0.14856009900177014,1.0369218980031292,0.11056129101416445,0.017541361008625245,2.8971611479973944
36,math500,Qwen/Qwen3-4B,mgoin/Qwen3-4B-speculator.dflash2,0.0,8,dflash2_unary_k16_tb64,64,68,348,37.39244200005487,9.720821566092148,102.87196336245563,3.3828459050000674,58,5.982758620689655,5,5.982758620689655,0.3448275862068966,0.9827586206896551,3.706727973832289,False,0.11723817799975222,0.8098503870023706,0.1383638260031148,0.013693434006199823,2.2936420330042893
36,math500,Qwen/Qwen3-4B,mgoin/Qwen3-4B-speculator.dflash2,0.0,8,dflash2_pairwise_k16_tb8,8,68,412,37.3780509999051,11.041328696601076,90.56880992120419,4.549027422999643,80,5.1375,4.15,5.1375,0.2,0.9875,3.2634153205454406,False,0.15998769200086826,1.1199969320077798,0.0734568080133613,0.019047379999392433,3.1639404369943804
36,math500,Qwen/Qwen3-4B,mgoin/Qwen3-4B-speculator.dflash2,0.0,8,dflash2_pairwise_k16_tb16,16,68,347,37.452233000294655,9.654007772330264,103.58392323508791,3.349940696998601,59,5.864406779661017,4.88135593220339,5.864406779661017,0.3728813559322034,0.9830508474576272,3.7323816260993685,True,0.11803709099513071,0.8234393069978978,0.06864636200407404,0.013839816991094267,2.3164603049990546
36,math500,Qwen/Qwen3-4B,mgoin/Qwen3-4B-speculator.dflash2,0.0,8,dflash2_pairwise_k16_tb32,32,68,400,37.34708999945724,9.452277129998947,105.79461290087157,3.780910851999579,66,6.045454545454546,5.045454545454546,6.045454545454546,0.3787878787878788,1,3.8120381715543266,False,0.13249431000076584,0.9236123670052621,0.11060324298523483,0.01559158099553315,2.5876966629984963
36,math500,Qwen/Qwen3-4B,mgoin/Qwen3-4B-speculator.dflash2,0.0,8,dflash2_pairwise_k16_tb64,64,68,409,37.440672000229824,9.315550205379814,107.34738989678688,3.810060034000344,65,6.276923076923077,5.292307692307692,6.276923076923077,0.46153846153846156,0.9846153846153847,3.8679885173993167,False,0.1311640240091947,0.9083336999974563,0.17345034900245082,0.015342214988777414,2.5704921480009943
37,math500,Qwen/Qwen3-4B,mgoin/Qwen3-4B-speculator.dflash2,0.0,8,baseline,,121,720,38.82719500143139,36.46965907916587,27.42005341561509,26.258154536999427,719,1,,,,,1.0,True,0.1772885079990374,0.0,0.0,0.0,25.96179028502229
37,math500,Qwen/Qwen3-4B,mgoin/Qwen3-4B-speculator.dflash2,0.0,8,dflash2,,121,720,37.54239400041115,10.937572123609446,91.42796853804843,7.875051928998801,145,4.958620689655173,3.9655172413793105,4.958620689655173,0.3103448275862069,0.993103448275862,3.33434684288333,False,0.08398713101450994,1.8471893180249026,0.0,0.0,5.922527432992865
37,math500,Qwen/Qwen3-4B,mgoin/Qwen3-4B-speculator.dflash2,0.0,8,dflash2_unary_k16_tb8,8,121,720,37.480912998944405,11.430312943055773,87.48666856120745,8.229825319000156,144,4.993055555555555,4,4.993055555555555,0.2222222222222222,0.9930555555555556,3.1906089763992145,False,0.28970791000756435,2.0437102950018016,0.10597341201355448,0.03372083600152109,5.733703503006836
37,math500,Qwen/Qwen3-4B,mgoin/Qwen3-4B-speculator.dflash2,0.0,8,dflash2_unary_k16_tb16,16,121,722,37.52716400049394,10.433385470912935,95.84616640378941,7.5329043099991395,131,5.5038167938931295,4.511450381679389,5.5038167938931295,0.33587786259541985,0.9923664122137404,3.4954770127912016,False,0.2657881590039324,1.8763985380101076,0.1294125940039521,0.030914192993805045,5.209035915009736
37,math500,Qwen/Qwen3-4B,mgoin/Qwen3-4B-speculator.dflash2,0.0,8,dflash2_unary_k16_tb32,32,121,765,37.52818400062097,9.921845423527616,100.78770201647222,7.590211748998627,132,5.787878787878788,4.795454545454546,5.787878787878788,0.3939393939393939,0.9924242424242424,3.6756931319133006,False,0.2661940929974662,1.875885641988134,0.19317984201552463,0.031167555000138236,5.201846678994116
37,math500,Qwen/Qwen3-4B,mgoin/Qwen3-4B-speculator.dflash2,0.0,8,dflash2_unary_k16_tb64,64,121,780,37.526354999499745,9.604220450000867,104.12089197722547,7.491291951000676,127,6.133858267716535,5.133858267716535,6.133858267716535,0.4409448818897638,1,3.7972534334280694,False,0.2586224389979179,1.8078507340087526,0.30420329999469686,0.03034154499800934,5.068080872011706
37,math500,Qwen/Qwen3-4B,mgoin/Qwen3-4B-speculator.dflash2,0.0,8,dflash2_pairwise_k16_tb8,8,121,720,37.46492299978854,10.445099281944042,95.73867830329326,7.52047148299971,131,5.488549618320611,4.4961832061068705,5.488549618320611,0.33587786259541985,0.9923664122137404,3.491556958411039,False,0.26344458302446583,1.8612783629923797,0.11941806099821406,0.030744604990104563,5.224699609010713
37,math500,Qwen/Qwen3-4B,mgoin/Qwen3-4B-speculator.dflash2,0.0,8,dflash2_pairwise_k16_tb16,16,121,738,38.098396000350476,9.871848348237522,101.29815255706755,7.285424080999292,127,5.803149606299213,4.811023622047244,5.803149606299213,0.3700787401574803,0.9921259842519685,3.6943090891055883,False,0.2561300749966904,1.8056478950056771,0.14856453399806924,0.02984319699680782,5.024431748017378
37,math500,Qwen/Qwen3-4B,mgoin/Qwen3-4B-speculator.dflash2,0.0,8,dflash2_pairwise_k16_tb32,32,121,688,37.5091940004495,8.88852346511792,112.50462508473936,6.115304144001129,106,6.481132075471698,5.490566037735849,6.481132075471698,0.5377358490566038,0.9905660377358491,4.103005321669817,False,0.21433824200721574,1.5043026519833802,0.17442348299846344,0.025112173996603815,4.179384454013416
37,math500,Qwen/Qwen3-4B,mgoin/Qwen3-4B-speculator.dflash2,0.0,8,dflash2_pairwise_k16_tb64,64,121,709,37.5050740003644,8.607265895627512,116.18091181637593,6.102551519999906,103,6.87378640776699,5.883495145631068,6.87378640776699,0.6116504854368932,0.9902912621359223,4.2370782454498634,False,0.20971939099945303,1.464724015993852,0.26975025199135416,0.024425379002423142,4.115962648995264
38,math500,Qwen/Qwen3-4B,mgoin/Qwen3-4B-speculator.dflash2,0.0,8,baseline,,92,493,38.79080400110979,36.73102014198836,27.224944913982096,18.108392930000264,492,1,,,,,1.0,True,0.12261507700168295,0.0,0.0,0.0,17.903551369019624
38,math500,Qwen/Qwen3-4B,mgoin/Qwen3-4B-speculator.dflash2,0.0,8,dflash2,,92,417,38.266091998593765,10.242625383694884,97.63121880762019,4.271174785000767,78,5.333333333333333,4.346153846153846,5.333333333333333,0.3717948717948718,0.9871794871794872,3.58609426450957,False,0.044204828001966234,0.9974879349920229,0.0,0.0,3.2178202510112897
38,math500,Qwen/Qwen3-4B,mgoin/Qwen3-4B-speculator.dflash2,0.0,8,dflash2_unary_k16_tb8,8,92,416,38.30458099946554,10.573284987983174,94.57798604090661,4.398486555001,77,5.3896103896103895,4.402597402597403,5.3896103896103895,0.3246753246753247,0.987012987012987,3.473945910257235,False,0.15511937500014028,1.0855808080068527,0.056824247010808904,0.018182149999120156,3.0705076289996214
38,math500,Qwen/Qwen3-4B,mgoin/Qwen3-4B-speculator.dflash2,0.0,8,dflash2_unary_k16_tb16,16,92,493,37.80593000010413,9.403055515211578,106.34840966133538,4.635706368999308,81,6.074074074074074,5.08641975308642,6.074074074074074,0.43209876543209874,0.9876543209876543,3.9062855773389398,False,0.16407065500607132,1.1466711530119937,0.07984026499980246,0.019236655010899995,3.212639773013507
38,math500,Qwen/Qwen3-4B,mgoin/Qwen3-4B-speculator.dflash2,0.0,8,dflash2_unary_k16_tb32,32,92,493,38.087077999080066,9.09703528194497,109.92592300754464,4.484838393998871,78,6.3076923076923075,5.32051282051282,6.3076923076923075,0.4358974358974359,0.9871794871794872,4.037691292116784,False,0.15823772799922153,1.1034512569895014,0.11316678400726232,0.01859795100062911,3.0783762549981475
38,math500,Qwen/Qwen3-4B,mgoin/Qwen3-4B-speculator.dflash2,0.0,8,dflash2_unary_k16_tb64,64,92,493,37.617615998897236,9.081269643000521,110.11676112610091,4.477065933999256,76,6.473684210526316,5.4868421052631575,6.473684210526316,0.5,0.9868421052631579,4.0447009708933335,False,0.15561265499491128,1.0747981529930257,0.17902932298784435,0.017956030009372625,3.036518443001114
38,math500,Qwen/Qwen3-4B,mgoin/Qwen3-4B-speculator.dflash2,0.0,8,dflash2_pairwise_k16_tb8,8,92,493,37.78440000132832,10.126547044622349,98.75034358637033,4.992387692998818,87,5.655172413793103,4.666666666666667,5.655172413793103,0.3563218390804598,0.9885057471264368,3.62720085929924,True,0.17536100099459873,1.2302260930064222,0.07942833499328117,0.020462761991439038,3.473021529996913
38,math500,Qwen/Qwen3-4B,mgoin/Qwen3-4B-speculator.dflash2,0.0,8,dflash2_pairwise_k16_tb16,16,92,493,38.16094800095016,9.19693983367243,108.73181928827408,4.534091338000508,78,6.3076923076923075,5.32051282051282,6.3076923076923075,0.47435897435897434,0.9871794871794872,3.993830644352634,False,0.15966798100271262,1.1189188370008196,0.09324110399938945,0.018506864003938972,3.1308240850048605
38,math500,Qwen/Qwen3-4B,mgoin/Qwen3-4B-speculator.dflash2,0.0,8,dflash2_pairwise_k16_tb32,32,92,417,38.26420000041253,8.834802551556972,113.18872087568819,3.6841126639992576,63,6.603174603174603,5.619047619047619,6.603174603174603,0.5873015873015873,0.9841269841269841,4.157537186330801,False,0.1292189459909423,0.9013687139959075,0.10462032100804208,0.015097039999091066,2.523145940991526
38,math500,Qwen/Qwen3-4B,mgoin/Qwen3-4B-speculator.dflash2,0.0,8,dflash2_pairwise_k16_tb64,64,92,494,38.260490999164176,8.911608633605335,112.21318631846538,4.402334665001035,74,6.662162162162162,5.675675675675675,6.662162162162162,0.5405405405405406,0.9864864864864865,4.121704806860245,False,0.1514361069912411,1.054127438010255,0.192696239986617,0.017714134004563675,2.97342895499969
39,math500,Qwen/Qwen3-4B,mgoin/Qwen3-4B-speculator.dflash2,0.0,8,baseline,,83,549,39.645382999879075,36.81595887795999,27.1621337723368,20.211961424000037,548,1,,,,,1.0,True,0.13656388700292155,0.0,0.0,0.0,19.983732044018325
39,math500,Qwen/Qwen3-4B,mgoin/Qwen3-4B-speculator.dflash2,0.0,8,dflash2,,83,549,38.33218299951113,10.356488708560132,96.55782265020503,5.685712300999512,104,5.269230769230769,4.278846153846154,5.269230769230769,0.3557692307692308,0.9903846153846154,3.554868828035302,False,0.059169801001189626,1.334823751989461,0.0,0.0,4.276256363997163
39,math500,Qwen/Qwen3-4B,mgoin/Qwen3-4B-speculator.dflash2,0.0,8,dflash2_unary_k16_tb8,8,83,549,37.984904998666025,11.57304994899816,86.40764572925451,6.353604421999989,111,4.936936936936937,3.945945945945946,4.936936936936937,0.2882882882882883,0.990990990990991,3.1811803319095695,True,0.2234669209956337,1.574028847999216,0.08204539499456587,0.025873042994135176,4.430535765999593
39,math500,Qwen/Qwen3-4B,mgoin/Qwen3-4B-speculator.dflash2,0.0,8,dflash2_unary_k16_tb16,16,83,549,37.95746399919153,10.517493799637311,95.07968524160047,5.774104096000883,101,5.425742574257426,4.435643564356436,5.425742574257426,0.38613861386138615,0.9900990099009901,3.5004497819841425,True,0.20324517000699416,1.4333106839967513,0.09849823899639887,0.02388289499685925,3.998647995003921
39,math500,Qwen/Qwen3-4B,mgoin/Qwen3-4B-speculator.dflash2,0.0,8,dflash2_unary_k16_tb32,32,83,549,37.91059400100494,9.952770958104631,100.47453158617007,5.464071255999443,95,5.768421052631579,4.778947368421052,5.768421052631579,0.4,0.9894736842105263,3.69906622315873,False,0.19199077000121179,1.3477736839940917,0.1388937210176664,0.022426313013056642,3.747217128991906
39,math500,Qwen/Qwen3-4B,mgoin/Qwen3-4B-speculator.dflash2,0.0,8,dflash2_unary_k16_tb64,64,83,549,37.85631199934869,9.886685626592895,101.14613104620537,5.427790408999499,92,5.956521739130435,4.967391304347826,5.956521739130435,0.45652173913043476,0.9891304347826086,3.7237918012618496,False,0.18714145200283383,1.30472596200525,0.2206854660234967,0.022000540991939488,3.6772145300001284
39,math500,Qwen/Qwen3-4B,mgoin/Qwen3-4B-speculator.dflash2,0.0,8,dflash2_pairwise_k16_tb8,8,83,495,37.8004600006534,10.41974875353679,95.97160388925583,5.1577756330007105,90,5.488888888888889,4.5,5.488888888888889,0.4,0.9888888888888889,3.533286622238708,False,0.18123388500680448,1.2740548760011734,0.08262674599245656,0.021024709994890145,3.58443361999889
39,math500,Qwen/Qwen3-4B,mgoin/Qwen3-4B-speculator.dflash2,0.0,8,dflash2_pairwise_k16_tb16,16,83,549,37.762659001600696,9.613373522771145,104.02175652816418,5.277742064001359,92,5.956521739130435,4.967391304347826,5.956521739130435,0.45652173913043476,0.9891304347826086,3.8296607107540583,True,0.18601781599136302,1.3041312549958093,0.10738054798639496,0.021859664004296064,3.6434092880008393
39,math500,Qwen/Qwen3-4B,mgoin/Qwen3-4B-speculator.dflash2,0.0,8,dflash2_pairwise_k16_tb32,32,83,549,37.758059001134825,9.148638959927691,109.30587646754219,5.022602789000302,87,6.2988505747126435,5.310344827586207,6.2988505747126435,0.5517241379310345,0.9885057471264368,4.024200653148409,False,0.17600605599727714,1.235353240996119,0.14304547000938328,0.020577405992298736,3.4330124060070375
39,math500,Qwen/Qwen3-4B,mgoin/Qwen3-4B-speculator.dflash2,0.0,8,dflash2_pairwise_k16_tb64,64,83,549,37.949894000121276,9.212506151181652,108.54809577215143,5.057665876998726,85,6.447058823529412,5.458823529411765,6.447058823529412,0.5882352941176471,0.9882352941176471,3.9963022302283897,False,0.1744430129929242,1.2112575480168744,0.22540565000963397,0.020272125000701635,3.4113880429958954
40,math500,Qwen/Qwen3-4B,mgoin/Qwen3-4B-speculator.dflash2,0.0,8,baseline,,49,187,38.483596999867586,36.6092963101539,27.31546631019623,6.84593840999878,186,1,,,,,1.0,True,0.04629756699068821,0.0,0.0,0.0,6.7683901530017465
40,math500,Qwen/Qwen3-4B,mgoin/Qwen3-4B-speculator.dflash2,0.0,8,dflash2,,49,189,37.84203099894512,12.201595396820467,81.95649564487144,2.3061015299990686,42,4.476190476190476,3.5,4.476190476190476,0.21428571428571427,0.9761904761904762,3.000369633604936,False,0.025475094003923004,0.5338232770009199,0.0,0.0,1.740630976995817
40,math500,Qwen/Qwen3-4B,mgoin/Qwen3-4B-speculator.dflash2,0.0,8,dflash2_unary_k16_tb8,8,49,187,38.18470999976853,12.488623438503785,80.07287632013079,2.3353725830002077,41,4.536585365853658,3.5609756097560976,4.536585365853658,0.24390243902439024,0.975609756097561,2.9314116556099736,True,0.08241584499410237,0.5720407840035477,0.030556729001546046,0.009649437997722998,1.6342099470075482
40,math500,Qwen/Qwen3-4B,mgoin/Qwen3-4B-speculator.dflash2,0.0,8,dflash2_unary_k16_tb16,16,49,187,37.54491400104598,11.589906807483612,86.281970736322,2.1673125729994354,38,4.894736842105263,3.9210526315789473,4.894736842105263,0.2894736842105263,0.9736842105263158,3.1587222329100397,True,0.07671697700607183,0.5307030269996176,0.03720029800024349,0.00903759700304363,1.50755630900494
40,math500,Qwen/Qwen3-4B,mgoin/Qwen3-4B-speculator.dflash2,0.0,8,dflash2_unary_k16_tb32,32,49,181,37.36942100113083,10.747217232049413,93.04734224761803,1.945246319000944,34,5.294117647058823,4.323529411764706,5.294117647058823,0.35294117647058826,0.9705882352941176,3.40639772321535,False,0.06854858399492514,0.4730242610003188,0.04897408199030906,0.00801904000218201,1.3410075060000963
40,math500,Qwen/Qwen3-4B,mgoin/Qwen3-4B-speculator.dflash2,0.0,8,dflash2_unary_k16_tb64,64,49,186,37.622836000082316,10.75121555376065,93.01273842009536,1.999726092999481,34,5.4411764705882355,4.470588235294118,5.4411764705882355,0.4117647058823529,0.9705882352941176,3.405130901440107,False,0.06929608600512438,0.474568318002639,0.08099570699960168,0.007977361005032435,1.3609818529967015
40,math500,Qwen/Qwen3-4B,mgoin/Qwen3-4B-speculator.dflash2,0.0,8,dflash2_pairwise_k16_tb8,8,49,187,37.48438299953705,11.605766106959225,86.16406627395023,2.170278262001375,38,4.894736842105263,3.9210526315789473,4.894736842105263,0.2631578947368421,0.9736842105263158,3.1544058335107827,True,0.07643197099969257,0.5286900419960148,0.03490979800335481,0.008994936002636678,1.515203869990728
40,math500,Qwen/Qwen3-4B,mgoin/Qwen3-4B-speculator.dflash2,0.0,8,dflash2_pairwise_k16_tb16,16,49,187,37.39200199925108,10.380784834217685,96.33183000804985,1.9412067639987072,34,5.470588235294118,4.5,5.470588235294118,0.4117647058823529,0.9705882352941176,3.526640508864072,True,0.06847144300081709,0.4731307219972223,0.039666298995143734,0.00801859599778254,1.346541727993099
40,math500,Qwen/Qwen3-4B,mgoin/Qwen3-4B-speculator.dflash2,0.0,8,dflash2_pairwise_k16_tb32,32,49,187,37.637116000041715,9.82653924064139,101.76522736144173,1.8375628379999398,32,5.8125,4.84375,5.8125,0.46875,0.96875,3.725553362545202,True,0.06477552300748357,0.4450103110029886,0.0529171980015235,0.007568860999526805,1.2620267090060224
40,math500,Qwen/Qwen3-4B,mgoin/Qwen3-4B-speculator.dflash2,0.0,8,dflash2_pairwise_k16_tb64,64,49,187,37.531283998760046,9.438684641709722,105.94696591312962,1.765034027999718,30,6.2,5.233333333333333,6.2,0.5,0.9666666666666667,3.878643868275537,True,0.06106774200088694,0.4161916219982231,0.07821664500625047,0.0070733809952798765,1.1973120070015284
41,math500,Qwen/Qwen3-4B,mgoin/Qwen3-4B-speculator.dflash2,0.0,8,baseline,,74,364,39.47890899871709,36.70729607417773,27.24254050146353,13.361455771000692,363,1,,,,,1.0,True,0.09064627896987076,0.0,0.0,0.0,13.210104924006373
41,math500,Qwen/Qwen3-4B,mgoin/Qwen3-4B-speculator.dflash2,0.0,8,dflash2,,74,350,37.77998999976262,7.987137257145411,125.20130402233733,2.795498040000894,51,6.8431372549019605,5.862745098039215,6.8431372549019605,0.6666666666666666,0.9803921568627451,4.595801335621075,False,0.025265666992709157,0.6520358380039397,0.0,0.0,2.1107352069921035
41,math500,Qwen/Qwen3-4B,mgoin/Qwen3-4B-speculator.dflash2,0.0,8,dflash2_unary_k16_tb8,8,74,364,38.25283100013621,8.303575953295177,120.43004190299023,3.022501646999444,53,6.849056603773585,5.867924528301887,6.849056603773585,0.6792452830188679,0.9811320754716981,4.420661204358692,True,0.10705287000746466,0.7436263639956451,0.03915130100904207,0.012509325002611149,2.1117516690046614
41,math500,Qwen/Qwen3-4B,mgoin/Qwen3-4B-speculator.dflash2,0.0,8,dflash2_unary_k16_tb16,16,74,350,37.99338600038027,7.976644042859594,125.36600538106802,2.791825415000858,49,7.122448979591836,6.142857142857143,7.122448979591836,0.6938775510204082,0.9795918367346939,4.601847077159822,False,0.09900563800147211,0.6880549359939323,0.04687596600524557,0.011557424000784522,1.9384538529920974
41,math500,Qwen/Qwen3-4B,mgoin/Qwen3-4B-speculator.dflash2,0.0,8,dflash2_unary_k16_tb32,32,74,364,37.72702899914293,7.874469700549684,126.992678621926,2.866306971000085,50,7.26,6.26,7.26,0.76,1,4.661557853427938,True,0.10110510099366365,0.7024368790007429,0.07061234301181685,0.011769178005124559,1.972161251002035
41,math500,Qwen/Qwen3-4B,mgoin/Qwen3-4B-speculator.dflash2,0.0,8,dflash2_unary_k16_tb64,64,74,350,37.86237099848222,8.058987851426147,124.08506110640637,2.8206457479991514,48,7.270833333333333,6.291666666666667,7.270833333333333,0.7708333333333334,0.9791666666666666,4.554827076415294,False,0.09774650400140672,0.6739121919963509,0.11119759299981524,0.011566392004169757,1.9178308680020564
41,math500,Qwen/Qwen3-4B,mgoin/Qwen3-4B-speculator.dflash2,0.0,8,dflash2_pairwise_k16_tb8,8,74,350,37.80468099830614,8.006162865718318,124.90377934752134,2.802157003001412,49,7.122448979591836,6.142857142857143,7.122448979591836,0.6938775510204082,0.9795918367346939,4.584880009293231,False,0.09874668200791348,0.6867418749952776,0.04450532800001383,0.011354331003531115,1.9529743500024779
41,math500,Qwen/Qwen3-4B,mgoin/Qwen3-4B-speculator.dflash2,0.0,8,dflash2_pairwise_k16_tb16,16,74,350,37.78031099864165,7.851638762856186,127.36194700279749,2.7480735669996648,48,7.270833333333333,6.291666666666667,7.270833333333333,0.7708333333333334,0.9791666666666666,4.67511269721542,False,0.0968120919969806,0.6742899010023393,0.05509087900463783,0.011268642007053131,1.9028540669896756
41,math500,Qwen/Qwen3-4B,mgoin/Qwen3-4B-speculator.dflash2,0.0,8,dflash2_pairwise_k16_tb32,32,74,350,37.7826100011589,7.565884754284135,132.1722485177634,2.6480596639994474,46,7.586956521739131,6.608695652173913,7.586956521739131,0.8695652173913043,0.9782608695652174,4.851685859131339,False,0.09318346999134519,0.6456832389994815,0.07388526600334444,0.010916501003521262,1.816827791994001
41,math500,Qwen/Qwen3-4B,mgoin/Qwen3-4B-speculator.dflash2,0.0,8,dflash2_pairwise_k16_tb64,64,74,364,37.7274580005178,7.612223769228876,131.3676568524339,2.770849451999311,47,7.723404255319149,6.74468085106383,7.723404255319149,0.9148936170212766,0.9787234042553191,4.822151474653274,True,0.0954613080011768,0.6593327840000711,0.11857928700010234,0.011032017995603383,1.8782583050015091
42,math500,Qwen/Qwen3-4B,mgoin/Qwen3-4B-speculator.dflash2,0.0,8,baseline,,61,259,38.875405998624046,36.558103621621854,27.353716438632826,9.46854883800006,258,1,,,,,1.0,True,0.06409235200226249,0.0,0.0,0.0,9.361334935994819
42,math500,Qwen/Qwen3-4B,mgoin/Qwen3-4B-speculator.dflash2,0.0,8,dflash2,,61,259,37.7969099990878,9.729937324320074,102.77558494652276,2.520053766998899,46,5.608695652173913,4.630434782608695,5.608695652173913,0.45652173913043476,0.9782608695652174,3.7572804842477776,True,0.02509906099840009,0.5870780580044084,0.0,0.0,1.9010135990010895
42,math500,Qwen/Qwen3-4B,mgoin/Qwen3-4B-speculator.dflash2,0.0,8,dflash2_unary_k16_tb8,8,61,259,37.288118999640574,9.243452212349684,108.18468868849165,2.3940541229985683,42,6.142857142857143,5.142857142857143,6.142857142857143,0.40476190476190477,1,3.9550270593467793,True,0.08461359899047238,0.5876404809987434,0.03104623699800868,0.009890208000797429,1.6741691429979255
42,math500,Qwen/Qwen3-4B,mgoin/Qwen3-4B-speculator.dflash2,0.0,8,dflash2_unary_k16_tb16,16,61,259,37.41394200005743,8.349451548267632,119.76834576727173,2.1625079510013165,38,6.7894736842105265,5.815789473684211,6.7894736842105265,0.6052631578947368,0.9736842105263158,4.378503595150155,True,0.07665913699747762,0.5304266960029054,0.03645493099975283,0.00893969899516378,1.5039436849983758
42,math500,Qwen/Qwen3-4B,mgoin/Qwen3-4B-speculator.dflash2,0.0,8,dflash2_unary_k16_tb32,32,61,242,37.38117200009583,8.984982214878832,111.29682575709869,2.1743656960006774,38,6.342105263157895,5.368421052631579,6.342105263157895,0.6052631578947368,0.9736842105263158,4.0688008887856055,False,0.07673222200719465,0.529760092995275,0.05491729399909673,0.008969274997070897,1.497653728005389
42,math500,Qwen/Qwen3-4B,mgoin/Qwen3-4B-speculator.dflash2,0.0,8,dflash2_unary_k16_tb64,64,61,249,37.232376998872496,8.957274277108297,111.6411052138545,2.230361294999966,38,6.526315789473684,5.552631578947368,6.526315789473684,0.6052631578947368,0.9736842105263158,4.0813870928404805,False,0.07743104700602998,0.5312373059950914,0.08826759300063713,0.008935148995078634,1.5179026860041631
42,math500,Qwen/Qwen3-4B,mgoin/Qwen3-4B-speculator.dflash2,0.0,8,dflash2_pairwise_k16_tb8,8,61,227,37.38996100037184,9.057890938324798,110.40097598977539,2.056141242999729,36,6.277777777777778,5.305555555555555,6.277777777777778,0.4722222222222222,0.9722222222222222,4.036050320162395,False,0.07259149499805062,0.5004962150051142,0.03314572399540339,0.008471630999338231,1.4357419919979293
42,math500,Qwen/Qwen3-4B,mgoin/Qwen3-4B-speculator.dflash2,0.0,8,dflash2_pairwise_k16_tb16,16,61,249,37.50849400057632,8.959526654617077,111.6130392317851,2.230922136999652,39,6.358974358974359,5.384615384615385,6.358974358974359,0.6153846153846154,0.9743589743589743,4.080361053759744,False,0.0786186599998473,0.5452146280113084,0.04526121400704142,0.009141516993622645,1.5464203919982538
42,math500,Qwen/Qwen3-4B,mgoin/Qwen3-4B-speculator.dflash2,0.0,8,dflash2_pairwise_k16_tb32,32,61,242,37.51635299886402,8.311669309921493,120.31277505305914,2.0114239730010013,35,6.885714285714286,5.885714285714286,6.885714285714286,0.6857142857142857,1,4.398406897394617,False,0.07053615300355887,0.48883475700313284,0.05754693400740507,0.008171283008778119,1.3805404719969374
42,math500,Qwen/Qwen3-4B,mgoin/Qwen3-4B-speculator.dflash2,0.0,8,dflash2_pairwise_k16_tb64,64,61,242,37.41684200031159,8.543540181818564,117.04749772560227,2.0675367240000924,35,6.885714285714286,5.914285714285715,6.885714285714286,0.6857142857142857,0.9714285714285714,4.279034550504116,False,0.07236931900115451,0.4897274280046986,0.09031258700088074,0.008255950997408945,1.4007734470014839
43,math500,Qwen/Qwen3-4B,mgoin/Qwen3-4B-speculator.dflash2,0.0,8,baseline,,73,601,39.53844999887224,36.794383086522316,27.178061326602247,22.11342423499991,600,1,,,,,1.0,True,0.14965291300723038,0.0,0.0,0.0,21.86347703001229
43,math500,Qwen/Qwen3-4B,mgoin/Qwen3-4B-speculator.dflash2,0.0,8,dflash2,,73,549,38.219719999688095,10.507765285973486,95.16771385585395,5.768763141999443,105,5.219047619047619,4.228571428571429,5.219047619047619,0.41904761904761906,0.9904761904761905,3.5016373210808283,False,0.058454022011574125,1.3560049009938666,0.0,0.0,4.338813954997022
43,math500,Qwen/Qwen3-4B,mgoin/Qwen3-4B-speculator.dflash2,0.0,8,dflash2_unary_k16_tb8,8,73,585,38.30648199982534,10.754611164100845,92.98337101559045,6.291447530998994,110,5.3090909090909095,4.318181818181818,5.3090909090909095,0.3181818181818182,0.990909090909091,3.4212657738238708,False,0.22137425098844687,1.5590045819917577,0.08100732101229369,0.025798636006584275,4.386717102004695
43,math500,Qwen/Qwen3-4B,mgoin/Qwen3-4B-speculator.dflash2,0.0,8,dflash2_unary_k16_tb16,16,73,541,37.730079999164445,9.628102672824967,103.86262319599793,5.2088035459983075,91,5.934065934065934,4.945054945054945,5.934065934065934,0.4835164835164835,0.989010989010989,3.821561146244666,False,0.18404509698484617,1.29162264000297,0.08803757699752168,0.021614700002828613,3.608759654987807
43,math500,Qwen/Qwen3-4B,mgoin/Qwen3-4B-speculator.dflash2,0.0,8,dflash2_unary_k16_tb32,32,73,601,38.3789439983957,9.264771833611201,107.93573959070964,5.568127872000332,97,6.185567010309279,5.195876288659794,6.185567010309279,0.4536082474226804,0.9896907216494846,3.971428951227684,True,0.1955137410077441,1.3741632219935127,0.1390086710016476,0.022926713005290367,3.820394218997535
43,math500,Qwen/Qwen3-4B,mgoin/Qwen3-4B-speculator.dflash2,0.0,8,dflash2_unary_k16_tb64,64,73,601,37.79720000056841,9.206564171381162,108.61815345930303,5.533145067000078,94,6.382978723404255,5.3936170212765955,6.382978723404255,0.5106382978723404,0.9893617021276596,3.9965379485322647,True,0.19098368701088475,1.3311584450093505,0.22095359798731806,0.022199496004759567,3.7514109469866526
43,math500,Qwen/Qwen3-4B,mgoin/Qwen3-4B-speculator.dflash2,0.0,8,dflash2_pairwise_k16_tb8,8,73,584,37.84743299911497,10.659178388696963,93.81586117935733,6.2249601789990265,109,5.348623853211009,4.3577981651376145,5.348623853211009,0.3302752293577982,0.9908256880733946,3.4518967358252706,False,0.21863032500732515,1.537796869986778,0.0997702189906704,0.02561718200558971,4.325767749005536
43,math500,Qwen/Qwen3-4B,mgoin/Qwen3-4B-speculator.dflash2,0.0,8,dflash2_pairwise_k16_tb16,16,73,549,37.38352999971539,9.178364233151385,108.95187580245448,5.03892196400011,87,6.2988505747126435,5.310344827586207,6.2988505747126435,0.5517241379310345,0.9885057471264368,4.008817056270711,False,0.17798551600208157,1.2451311719996738,0.10143228199922305,0.020751962993017514,3.479426446992875
43,math500,Qwen/Qwen3-4B,mgoin/Qwen3-4B-speculator.dflash2,0.0,8,dflash2_pairwise_k16_tb32,32,73,550,37.38533199975791,8.431192930908185,118.60717791595864,4.637156111999502,81,6.777777777777778,5.790123456790123,6.777777777777778,0.6419753086419753,0.9876543209876543,4.364077941051092,False,0.16297515500082227,1.1389521330092975,0.13124168499416555,0.019075822992817848,3.171479617996738
43,math500,Qwen/Qwen3-4B,mgoin/Qwen3-4B-speculator.dflash2,0.0,8,dflash2_pairwise_k16_tb64,64,73,601,37.466241999936756,8.343957415975133,119.84720800293454,5.014718407001055,84,7.142857142857143,6.154761904761905,7.142857142857143,0.7261904761904762,0.9880952380952381,4.409704083110096,True,0.17315939801119384,1.203459058995577,0.21915234199695988,0.02021179798975936,3.3840980119930464
44,math500,Qwen/Qwen3-4B,mgoin/Qwen3-4B-speculator.dflash2,0.0,8,baseline,,126,400,38.596648000748246,36.793371507496886,27.17880854697547,14.717348602998753,399,1,,,,,1.0,True,0.09947166898746218,0.0,0.0,0.0,14.550913677981953
44,math500,Qwen/Qwen3-4B,mgoin/Qwen3-4B-speculator.dflash2,0.0,8,dflash2,,126,430,37.61239699997532,8.977528120928138,111.38923616054521,3.8603370919990994,71,6.042253521126761,5.042253521126761,6.042253521126761,0.5774647887323944,1,4.098385547991246,False,0.036471434992563445,0.903515359001176,0.0,0.0,2.909894484995675
44,math500,Qwen/Qwen3-4B,mgoin/Qwen3-4B-speculator.dflash2,0.0,8,dflash2_unary_k16_tb8,8,126,430,37.106505000338075,9.450108795347257,105.81888755527852,4.063546781999321,71,6.042253521126761,5.042253521126761,6.042253521126761,0.5070422535211268,1,3.8934336423314013,False,0.1437712290098716,1.0034656989973882,0.05204499999672407,0.01689944498684781,2.8359937249988434
44,math500,Qwen/Qwen3-4B,mgoin/Qwen3-4B-speculator.dflash2,0.0,8,dflash2_unary_k16_tb16,16,126,430,37.13141499974881,9.336054706977318,107.11162599043556,4.014503524000247,68,6.3088235294117645,5.3088235294117645,6.3088235294117645,0.5588235294117647,1,3.940997847838154,False,0.14183662499999627,0.9939158470133407,0.06819225300750986,0.016571935993852094,2.7826363630010746
44,math500,Qwen/Qwen3-4B,mgoin/Qwen3-4B-speculator.dflash2,0.0,8,dflash2_unary_k16_tb32,32,126,589,37.09978500046418,8.524458578947396,117.30950308910768,5.020906103000016,88,6.681818181818182,5.681818181818182,6.681818181818182,0.625,1,4.316212128517392,False,0.17669402499086573,1.23742566898909,0.12522433598678617,0.020720608006740804,3.446192332989085
44,math500,Qwen/Qwen3-4B,mgoin/Qwen3-4B-speculator.dflash2,0.0,8,dflash2_unary_k16_tb64,64,126,430,37.23053700014134,8.682377090697754,115.17583140582478,3.7334221490000346,64,6.703125,5.703125,6.703125,0.65625,1,4.237707153599338,False,0.12950728399300715,0.8943618459979916,0.15147780000188504,0.015329012996517122,2.531679431005614
44,math500,Qwen/Qwen3-4B,mgoin/Qwen3-4B-speculator.dflash2,0.0,8,dflash2_pairwise_k16_tb8,8,126,430,37.132146000658395,9.51797031395345,105.06441678369062,4.092727234999984,69,6.217391304347826,5.217391304347826,6.217391304347826,0.5652173913043478,1,3.8656741189408197,False,0.1445814790076838,1.008284891006042,0.06486050799139775,0.016657908005072386,2.8470274529991
44,math500,Qwen/Qwen3-4B,mgoin/Qwen3-4B-speculator.dflash2,0.0,8,dflash2_pairwise_k16_tb16,16,126,484,37.1369960012089,8.51908358884407,117.38351778934558,4.12323645700053,72,6.708333333333333,5.708333333333333,6.708333333333333,0.6666666666666666,1,4.318935378880261,False,0.1460857300025964,1.0150782379987504,0.08401710200087109,0.016941726000368362,2.84938253600194
44,math500,Qwen/Qwen3-4B,mgoin/Qwen3-4B-speculator.dflash2,0.0,8,dflash2_pairwise_k16_tb32,32,126,430,37.28747800050769,8.528737460467308,117.25064871972361,3.6673571080009424,63,6.809523809523809,5.809523809523809,6.809523809523809,0.7142857142857143,1,4.314046677839805,False,0.1309532659870456,0.8977078629977768,0.10474615001112397,0.01518504299747292,2.508110755992675
44,math500,Qwen/Qwen3-4B,mgoin/Qwen3-4B-speculator.dflash2,0.0,8,dflash2_pairwise_k16_tb64,64,126,430,37.110785000550095,8.438670988373836,118.50207234974849,3.6286285250007495,62,6.919354838709677,5.935483870967742,6.919354838709677,0.7096774193548387,0.9838709677419355,4.360090772372571,False,0.1252647379951668,0.8661423120047402,0.1601968009981647,0.01467762200627476,2.451492498996231
45,math500,Qwen/Qwen3-4B,mgoin/Qwen3-4B-speculator.dflash2,0.0,8,baseline,,118,768,40.061372999844025,36.73892602343661,27.219086354404503,28.215495185999316,767,1,,,,,1.0,True,0.19063203697260178,0.0,0.0,0.0,27.896229911950286
45,math500,Qwen/Qwen3-4B,mgoin/Qwen3-4B-speculator.dflash2,0.0,8,dflash2,,118,710,37.69330899922352,11.02778874084552,90.68001060775929,7.829730006000318,143,4.958041958041958,3.965034965034965,4.958041958041958,0.3076923076923077,0.993006993006993,3.3314862015229156,False,0.08394525201219949,1.8436190390038973,0.0,0.0,5.880741453986047
45,math500,Qwen/Qwen3-4B,mgoin/Qwen3-4B-speculator.dflash2,0.0,8,dflash2_unary_k16_tb8,8,118,706,37.072013999932096,10.817049934844272,92.4466472858523,7.6368372540000555,132,5.340909090909091,4.348484848484849,5.340909090909091,0.3106060606060606,0.9924242424242424,3.396390535749665,False,0.26977526400150964,1.8971618079922337,0.09834578699155827,0.03137476600204536,5.3187841109975125
45,math500,Qwen/Qwen3-4B,mgoin/Qwen3-4B-speculator.dflash2,0.0,8,dflash2_unary_k16_tb16,16,118,685,37.10136299923761,10.153823341605705,98.48506974731964,6.955368988999908,123,5.560975609756097,4.569105691056911,5.560975609756097,0.3333333333333333,0.991869918699187,3.618235691859771,False,0.2460419169965462,1.7297330280107417,0.12040019000050961,0.028867119004644337,4.810460895998403
45,math500,Qwen/Qwen3-4B,mgoin/Qwen3-4B-speculator.dflash2,0.0,8,dflash2_unary_k16_tb32,32,118,779,37.25972800020827,9.707720958920499,103.01078947691553,7.562314626999068,133,5.849624060150376,4.857142857142857,5.849624060150376,0.38345864661654133,0.9924812030075187,3.7845057742082022,False,0.2672701479987154,1.8697711050008365,0.1932753739911277,0.03135920200475084,5.178566890008369
45,math500,Qwen/Qwen3-4B,mgoin/Qwen3-4B-speculator.dflash2,0.0,8,dflash2_unary_k16_tb64,64,118,706,37.113333999514,9.370079737961065,106.72267771091568,6.615276295000513,112,6.294642857142857,5.294642857142857,6.294642857142857,0.49107142857142855,1,3.9208765614443983,False,0.22853392300567066,1.5948109599867166,0.2691572600033396,0.026828446998479194,4.476429436008402
45,math500,Qwen/Qwen3-4B,mgoin/Qwen3-4B-speculator.dflash2,0.0,8,dflash2_pairwise_k16_tb8,8,118,707,38.120678000268526,10.193951366335334,98.09738776098304,7.20712361599908,126,5.603174603174603,4.611111111111111,5.603174603174603,0.35714285714285715,0.9920634920634921,3.6039926720431317,False,0.25382934998560813,1.7824775149874768,0.11531457200362638,0.02964254499784147,5.005495637997228
45,math500,Qwen/Qwen3-4B,mgoin/Qwen3-4B-speculator.dflash2,0.0,8,dflash2_pairwise_k16_tb16,16,118,634,37.14672599926416,9.753752772870916,102.5246408522266,6.183879258000161,108,5.861111111111111,4.861111111111111,5.861111111111111,0.37962962962962965,1,3.7666451958493603,False,0.21804529600376554,1.5300551769996673,0.12790809498619637,0.025544018999426044,4.264717810987349
45,math500,Qwen/Qwen3-4B,mgoin/Qwen3-4B-speculator.dflash2,0.0,8,dflash2_pairwise_k16_tb32,32,118,713,37.093065000590286,8.785814572228782,113.81983898919465,6.264285789999121,109,6.532110091743119,5.541284403669724,6.532110091743119,0.5321100917431193,0.9908256880733946,4.181618644623489,False,0.22029363199544605,1.5424752019916923,0.1807855470069626,0.02568928899927414,4.276933926004858
45,math500,Qwen/Qwen3-4B,mgoin/Qwen3-4B-speculator.dflash2,0.0,8,dflash2_pairwise_k16_tb64,64,118,729,37.01073200136307,9.18221879698271,108.90613936672925,6.693837503000395,112,6.5,5.508928571428571,6.5,0.5178571428571429,0.9910714285714286,4.001094597692344,False,0.23027956399710092,1.6089916170039942,0.30008450600871583,0.026810297993506538,4.507956057001138
46,math500,Qwen/Qwen3-4B,mgoin/Qwen3-4B-speculator.dflash2,0.0,8,baseline,,301,2048,38.17100800006301,36.66939495849597,27.270698115740494,75.09892087499975,2048,1,,,,,1.0,True,0.507507264986998,0.0,0.0,0.0,74.25296962192988
46,math500,Qwen/Qwen3-4B,mgoin/Qwen3-4B-speculator.dflash2,0.0,8,dflash2,,301,1389,36.770896998859826,11.314704699784613,88.38056551480622,15.71612482800083,290,4.786206896551724,3.7896551724137932,4.786206896551724,0.3103448275862069,0.996551724137931,3.2408618635176585,False,0.16731509699093294,3.7092259809796815,0.0,0.0,11.796340255974428
46,math500,Qwen/Qwen3-4B,mgoin/Qwen3-4B-speculator.dflash2,0.0,8,dflash2_unary_k16_tb8,8,301,2048,43.621804999929736,11.537004258300954,86.67761384247503,23.627784721000353,410,4.992682926829269,3.995121951219512,4.992682926829269,0.25853658536585367,0.9975609756097561,3.1784156560497143,False,0.8330957159814716,5.890299080001569,0.3081210680120421,0.09688468702006503,16.433138738997513
46,math500,Qwen/Qwen3-4B,mgoin/Qwen3-4B-speculator.dflash2,0.0,8,dflash2_unary_k16_tb16,16,301,2048,37.18436599956476,10.6986363984376,93.46985566740425,21.910807344000204,384,5.330729166666667,4.333333333333333,5.330729166666667,0.3177083333333333,0.9973958333333334,3.427483054181659,False,0.7742459289729595,5.474149352998211,0.3782090919848997,0.09049840499756101,15.131165788012368
46,math500,Qwen/Qwen3-4B,mgoin/Qwen3-4B-speculator.dflash2,0.0,8,dflash2_unary_k16_tb32,32,301,2048,36.832079000305384,10.541895279296831,94.85960289929027,21.58980153199991,376,5.444148936170213,4.444148936170213,5.444148936170213,0.3351063829787234,1,3.478444244320164,False,0.7604056890231732,5.356998949991976,0.5584870980201231,0.08926986400183523,14.761581868988287
46,math500,Qwen/Qwen3-4B,mgoin/Qwen3-4B-speculator.dflash2,0.0,8,dflash2_unary_k16_tb64,64,301,2048,36.88968899950851,9.498344856445406,105.28150063128292,19.452610266000192,330,6.203030303030303,5.206060606060606,6.203030303030303,0.509090909090909,0.996969696969697,3.8606089284716565,False,0.6732984769969335,4.721008716014694,0.7923485419851204,0.0785478640027577,13.129410121997353
46,math500,Qwen/Qwen3-4B,mgoin/Qwen3-4B-speculator.dflash2,0.0,8,dflash2_pairwise_k16_tb8,8,301,999,36.843969000983634,10.440377981981841,95.78197281035368,10.42993760399986,184,5.423913043478261,4.429347826086956,5.423913043478261,0.32065217391304346,0.9945652173913043,3.5122669908867814,False,0.3660639819827338,2.5884231729996827,0.16715129999465717,0.04282664700986061,7.236058863993094
46,math500,Qwen/Qwen3-4B,mgoin/Qwen3-4B-speculator.dflash2,0.0,8,dflash2_pairwise_k16_tb16,16,301,1753,36.87686000012036,9.970911860239623,100.29172998586388,17.47900849100006,305,5.744262295081967,4.747540983606557,5.744262295081967,0.3836065573770492,0.9967213114754099,3.677637057922476,False,0.6154190049928729,4.3539789199967345,0.35781067800417077,0.07194203202379867,12.029927768997368
46,math500,Qwen/Qwen3-4B,mgoin/Qwen3-4B-speculator.dflash2,0.0,8,dflash2_pairwise_k16_tb32,32,301,982,36.81015900110651,9.607448124237054,104.08591199959375,9.434514058000786,164,5.9817073170731705,4.9817073170731705,5.9817073170731705,0.4695121951219512,1,3.816767416728358,False,0.33125786200798757,2.3262042019996443,0.27395630599494325,0.038796012993771,6.436731727004371
46,math500,Qwen/Qwen3-4B,mgoin/Qwen3-4B-speculator.dflash2,0.0,8,dflash2_pairwise_k16_tb64,64,301,2048,36.797798000407056,9.453576223144466,105.78007479875993,19.360924104999867,326,6.279141104294479,5.282208588957055,6.279141104294479,0.4662576687116564,0.9969325153374233,3.878891341534974,False,0.6661484050055151,4.677503351005726,0.8740780889893358,0.07792037200306368,13.007760758015138
47,math500,Qwen/Qwen3-4B,mgoin/Qwen3-4B-speculator.dflash2,0.0,8,baseline,,59,620,38.055916000303114,36.1019667483854,27.699321950229297,22.38321938399895,619,1,,,,,1.0,True,0.15251460296167352,0.0,0.0,0.0,22.128729354022653
47,math500,Qwen/Qwen3-4B,mgoin/Qwen3-4B-speculator.dflash2,0.0,8,dflash2,,59,624,37.00980200119375,10.758311506411026,92.9513892030442,6.71318638000048,125,4.984,3.984,4.984,0.28,1,3.3557279622245315,False,0.07279951197961054,1.5759278999921662,0.0,0.0,5.046094377983536
47,math500,Qwen/Qwen3-4B,mgoin/Qwen3-4B-speculator.dflash2,0.0,8,dflash2_unary_k16_tb8,8,59,585,36.91271999923629,10.838594936755035,92.26288147450502,6.340578038001695,112,5.214285714285714,4.214285714285714,5.214285714285714,0.23214285714285715,1,3.330871479102804,False,0.2236982319955132,1.5733095510004205,0.08223532100964803,0.02601870900252834,4.417436308996912
47,math500,Qwen/Qwen3-4B,mgoin/Qwen3-4B-speculator.dflash2,0.0,8,dflash2_unary_k16_tb16,16,59,620,37.20802600037132,9.955106819354349,100.45095629268761,6.172166227999696,109,5.678899082568807,4.678899082568807,5.678899082568807,0.3394495412844037,1,3.6264770839221234,True,0.2181956300028105,1.5343078240130126,0.10602303401356039,0.025414579002244864,4.270728114010126
47,math500,Qwen/Qwen3-4B,mgoin/Qwen3-4B-speculator.dflash2,0.0,8,dflash2_unary_k16_tb32,32,59,620,36.96323099939036,9.553157837097153,104.67742887244732,5.922957859000235,104,5.951923076923077,4.961538461538462,5.951923076923077,0.38461538461538464,0.9903846153846154,3.7790610564595712,False,0.20839680601238797,1.4638122380129062,0.15087894100543053,0.024421966998488642,4.058337586990092
47,math500,Qwen/Qwen3-4B,mgoin/Qwen3-4B-speculator.dflash2,0.0,8,dflash2_unary_k16_tb64,64,59,617,37.079312998685054,9.593357228524654,104.23879525997681,5.919101409999712,101,6.099009900990099,5.099009900990099,6.099009900990099,0.43564356435643564,1,3.7632255203674365,False,0.20391670500612236,1.430262303996642,0.24247149300572346,0.024012009002035484,4.000944584990066
47,math500,Qwen/Qwen3-4B,mgoin/Qwen3-4B-speculator.dflash2,0.0,8,dflash2_pairwise_k16_tb8,8,59,624,36.97302100044908,10.107220323719117,98.93917100562754,6.3069054820007295,111,5.612612612612613,4.612612612612613,5.612612612612613,0.27927927927927926,1,3.5718986617579827,False,0.22136926400889934,1.5602699740102253,0.10077916499176354,0.025948577003873652,4.3807222560026275
47,math500,Qwen/Qwen3-4B,mgoin/Qwen3-4B-speculator.dflash2,0.0,8,dflash2_pairwise_k16_tb16,16,59,624,37.0288440008153,8.83795862179317,113.14830073249492,5.514886179998938,97,6.422680412371134,5.43298969072165,6.422680412371134,0.4536082474226804,0.9896907216494846,4.084876190680843,False,0.19381543700910697,1.3658796140061895,0.11273106398766686,0.022672130000501056,3.8040084259992
47,math500,Qwen/Qwen3-4B,mgoin/Qwen3-4B-speculator.dflash2,0.0,8,dflash2_pairwise_k16_tb32,32,59,620,36.897989999488345,8.483595364516312,117.87455165325586,5.259829126000113,92,6.728260869565218,5.739130434782608,6.728260869565218,0.5652173913043478,0.9891304347826086,4.255503144266681,True,0.18434272400918417,1.2956587550033873,0.15054001899443392,0.021577243996944162,3.592505844995685
47,math500,Qwen/Qwen3-4B,mgoin/Qwen3-4B-speculator.dflash2,0.0,8,dflash2_pairwise_k16_tb64,64,59,640,37.2363669994229,8.514717504689884,117.44370843180677,5.449419203001526,93,6.870967741935484,5.881720430107527,6.870967741935484,0.6236559139784946,0.989247311827957,4.239948856612158,False,0.1879344780008978,1.3077391139850079,0.24158338899724185,0.021836440999322804,3.674296076000246
48,math500,Qwen/Qwen3-4B,mgoin/Qwen3-4B-speculator.dflash2,0.0,8,baseline,,375,1086,41.99400799916475,36.12933710128999,27.678337889135953,39.236460092000925,1085,1,,,,,1.0,True,0.26546755203708017,0.0,0.0,0.0,38.793095071023345
48,math500,Qwen/Qwen3-4B,mgoin/Qwen3-4B-speculator.dflash2,0.0,8,dflash2,,375,862,36.962721998861525,11.40047501508032,87.71564331110942,9.827209462999235,183,4.704918032786885,3.710382513661202,4.704918032786885,0.273224043715847,0.994535519125683,3.169108046243584,False,0.10681348699654336,2.309561456002484,0.0,0.0,7.384136285010754
48,math500,Qwen/Qwen3-4B,mgoin/Qwen3-4B-speculator.dflash2,0.0,8,dflash2_unary_k16_tb8,8,375,2048,36.943451001206995,10.549231532226422,94.79363467804649,21.604826177999712,387,5.289405684754522,4.291989664082688,5.289405684754522,0.32558139534883723,0.9974160206718347,3.424831182339674,False,0.771652733999872,5.465035671972146,0.2830944400502631,0.09033907398224983,14.932841517027555
48,math500,Qwen/Qwen3-4B,mgoin/Qwen3-4B-speculator.dflash2,0.0,8,dflash2_unary_k16_tb16,16,375,809,36.942611000995385,11.100386432631954,90.08695382534492,8.98021262399925,160,5.05,4.05625,5.05,0.2875,0.99375,3.254781923184232,False,0.32557791502040345,2.2601295089916675,0.15802999499464931,0.03779174600640545,6.172518827985186
48,math500,Qwen/Qwen3-4B,mgoin/Qwen3-4B-speculator.dflash2,0.0,8,dflash2_unary_k16_tb32,32,375,954,37.017282000306295,10.824100204401276,92.38643223141834,10.326191594998818,184,5.179347826086956,4.184782608695652,5.179347826086956,0.29891304347826086,0.9945652173913043,3.3378605536743957,False,0.36851201700301317,2.5922717160156026,0.27138031401227636,0.04331422999166534,7.020184929004245
48,math500,Qwen/Qwen3-4B,mgoin/Qwen3-4B-speculator.dflash2,0.0,8,dflash2_unary_k16_tb64,64,375,2048,36.9999110007484,9.49449827880855,105.32415411901981,19.44473247499991,338,6.056213017751479,5.059171597633136,6.056213017751479,0.47928994082840237,0.9970414201183432,3.805291869074287,False,0.6822527570038801,4.778199935988596,0.8178078569962963,0.07996033699419058,13.027611447025265
48,math500,Qwen/Qwen3-4B,mgoin/Qwen3-4B-speculator.dflash2,0.0,8,dflash2_pairwise_k16_tb8,8,375,2048,37.55811500013806,9.388059391601367,106.51828650494137,19.2267456339996,343,5.967930029154519,4.970845481049563,5.967930029154519,0.4839650145772595,0.9970845481049563,3.848435080588815,False,0.6855533329835453,4.848377479005649,0.3129237190041749,0.07996785600516887,13.244933991991275
48,math500,Qwen/Qwen3-4B,mgoin/Qwen3-4B-speculator.dflash2,0.0,8,dflash2_pairwise_k16_tb16,16,375,1096,37.03247300109069,10.102493156934218,98.9854667027033,11.072332499999902,197,5.558375634517766,4.563451776649746,5.558375634517766,0.350253807106599,0.9949238578680203,3.576279294630483,False,0.39636596898708376,2.7877372249986365,0.23197095100113074,0.04626145299698692,7.577949285998329
48,math500,Qwen/Qwen3-4B,mgoin/Qwen3-4B-speculator.dflash2,0.0,8,dflash2_pairwise_k16_tb32,32,375,1096,36.962549998861505,9.62714637865041,103.87294019104608,10.55135243100085,187,5.855614973262032,4.86096256684492,5.855614973262032,0.42245989304812837,0.9946524064171123,3.752860471864437,False,0.37566676599271887,2.642151598985947,0.31309845900432265,0.04399869901862985,7.145316782998634
48,math500,Qwen/Qwen3-4B,mgoin/Qwen3-4B-speculator.dflash2,0.0,8,dflash2_pairwise_k16_tb64,64,375,871,37.073424999107374,9.499733324915269,105.2661128262692,8.274267726001199,143,6.083916083916084,5.090909090909091,6.083916083916084,0.44755244755244755,0.993006993006993,3.8031948756427054,False,0.28850772998885077,2.0166841559985187,0.3823746999987634,0.03388385301514063,5.528046846004145
49,math500,Qwen/Qwen3-4B,mgoin/Qwen3-4B-speculator.dflash2,0.0,8,baseline,,40,394,38.52377799921669,36.372093873097086,27.49360549571379,14.330604986000253,393,1,,,,,1.0,True,0.09728109201023472,0.0,0.0,0.0,14.168006305992094
49,math500,Qwen/Qwen3-4B,mgoin/Qwen3-4B-speculator.dflash2,0.0,8,dflash2,,40,398,37.27428999991389,10.056742711055254,99.43577445813666,4.0025835989999905,74,5.364864864864865,4.378378378378378,5.364864864864865,0.40540540540540543,0.9864864864864865,3.6166873229354564,False,0.041367488012838294,0.9358506989938178,0.0,0.0,3.014498635993732
49,math500,Qwen/Qwen3-4B,mgoin/Qwen3-4B-speculator.dflash2,0.0,8,dflash2_unary_k16_tb8,8,40,394,37.35876099926827,10.216467109138959,97.88119408767713,4.025288041000749,71,5.535211267605634,4.549295774647887,5.535211267605634,0.323943661971831,0.9859154929577465,3.5601439797678283,True,0.14177415000267501,0.9947261130073457,0.05191586100227141,0.016589105998718878,2.809077753985548
49,math500,Qwen/Qwen3-4B,mgoin/Qwen3-4B-speculator.dflash2,0.0,8,dflash2_unary_k16_tb16,16,40,398,36.815007000768674,9.527368381909652,104.96077824583513,3.791892616000041,67,5.925373134328358,4.940298507462686,5.925373134328358,0.417910447761194,0.9850746268656716,3.8176432793508424,False,0.13386187500145752,0.9379852060028497,0.06456056700881163,0.015610340999046457,2.6290965660045913
49,math500,Qwen/Qwen3-4B,mgoin/Qwen3-4B-speculator.dflash2,0.0,8,dflash2_unary_k16_tb32,32,40,398,36.922489998687524,9.312031914575057,107.38794810559172,3.7061887020008726,65,6.107692307692307,5.123076923076923,6.107692307692307,0.46153846153846156,0.9846153846153847,3.9059245293358607,False,0.13046290500096802,0.9112179009971442,0.09255245499480225,0.015229721009745845,2.546009887004402
49,math500,Qwen/Qwen3-4B,mgoin/Qwen3-4B-speculator.dflash2,0.0,8,dflash2_unary_k16_tb64,64,40,365,36.8696989989985,9.44425018082356,105.88453088954466,3.4471513160005998,59,6.169491525423729,5.186440677966102,6.169491525423729,0.5084745762711864,0.9830508474576272,3.8512420972233667,False,0.11919986399880145,0.8264268300044932,0.1393641919894435,0.013974376999613014,2.3380713339975046
49,math500,Qwen/Qwen3-4B,mgoin/Qwen3-4B-speculator.dflash2,0.0,8,dflash2_pairwise_k16_tb8,8,40,398,36.818548000155715,9.424528726134184,106.10610132971462,3.7509624330014053,66,6.015151515151516,5.03030303030303,6.015151515151516,0.48484848484848486,0.9848484848484849,3.859301078072732,False,0.13183595700866135,0.9231159400005708,0.05975803999353957,0.015426448000653181,2.610367873994619
49,math500,Qwen/Qwen3-4B,mgoin/Qwen3-4B-speculator.dflash2,0.0,8,dflash2_pairwise_k16_tb16,16,40,399,37.016103000496514,8.55192250877334,116.93277142936095,3.4122170810005623,60,6.633333333333334,5.633333333333334,6.633333333333334,0.5166666666666667,1,4.253089739270122,False,0.12038935000055062,0.840350632013724,0.06909868300499511,0.013919941999120056,2.3588532060020952
49,math500,Qwen/Qwen3-4B,mgoin/Qwen3-4B-speculator.dflash2,0.0,8,dflash2_pairwise_k16_tb32,32,40,377,36.93310100061353,8.64236838992295,115.70902267554406,3.2581728830009524,57,6.5964912280701755,5.614035087719298,6.5964912280701755,0.543859649122807,0.9824561403508771,4.2085794347192085,False,0.11439602200334775,0.7974908560045151,0.0927552269968146,0.013259999994261307,2.230117068005711
49,math500,Qwen/Qwen3-4B,mgoin/Qwen3-4B-speculator.dflash2,0.0,8,dflash2_pairwise_k16_tb64,64,40,399,36.72145600103249,8.512688949877042,117.47169500589399,3.39656289100094,58,6.862068965517241,5.879310344827586,6.862068965517241,0.6379310344827587,0.9827586206896551,4.272691518186207,False,0.11711538400231802,0.8108594479926978,0.14796442400802334,0.013606652993985335,2.297068744996068
50,math500,Qwen/Qwen3-4B,mgoin/Qwen3-4B-speculator.dflash2,0.0,8,baseline,,61,680,38.77534299863328,36.522248116178915,27.38057079123265,24.835128719001663,679,1,,,,,1.0,True,0.16919419600526453,0.0,0.0,0.0,24.552109786993242
50,math500,Qwen/Qwen3-4B,mgoin/Qwen3-4B-speculator.dflash2,0.0,8,dflash2,,61,671,37.49643300034222,10.264023540984441,97.42767989638575,6.88715979600056,127,5.275590551181103,4.275590551181103,5.275590551181103,0.41732283464566927,1,3.5582778985594565,False,0.0701618049897661,1.6194706290025351,0.0,0.0,5.178868088016316
50,math500,Qwen/Qwen3-4B,mgoin/Qwen3-4B-speculator.dflash2,0.0,8,dflash2_unary_k16_tb8,8,61,852,37.05181300028926,10.382952865021965,96.31171527020936,8.846275840998715,156,5.455128205128205,4.461538461538462,5.455128205128205,0.3076923076923077,0.9935897435897436,3.517520361593364,False,0.3133071009815467,2.200381891998404,0.11435038000672648,0.03643863100842282,6.156933800999468
50,math500,Qwen/Qwen3-4B,mgoin/Qwen3-4B-speculator.dflash2,0.0,8,dflash2_unary_k16_tb16,16,61,649,37.02918399903865,9.86421207858362,101.37657139094964,6.401873639000769,113,5.734513274336283,4.743362831858407,5.734513274336283,0.3805309734513274,0.9911504424778761,3.7025002935077875,False,0.22598746898620448,1.5900118949994066,0.10978571800114878,0.026483212986931903,4.431399050001346
50,math500,Qwen/Qwen3-4B,mgoin/Qwen3-4B-speculator.dflash2,0.0,8,dflash2_unary_k16_tb32,32,61,771,37.30040899972664,9.125414600520013,109.58406207023347,7.03569465700093,123,6.260162601626016,5.2682926829268295,6.260162601626016,0.44715447154471544,0.991869918699187,4.002256304507817,False,0.24825387399687315,1.7378203709995432,0.17734545900930243,0.028999167994697927,4.822840698008804
50,math500,Qwen/Qwen3-4B,mgoin/Qwen3-4B-speculator.dflash2,0.0,8,dflash2_unary_k16_tb64,64,61,794,37.04189299969585,9.113787178841072,109.72387004182404,7.236347019999811,124,6.395161290322581,5.403225806451613,6.395161290322581,0.49193548387096775,0.9919354838709677,4.0073624059348685,False,0.25034805298673746,1.7471913699937431,0.29133421999904385,0.029214915002739872,4.896761415011497
50,math500,Qwen/Qwen3-4B,mgoin/Qwen3-4B-speculator.dflash2,0.0,8,dflash2_pairwise_k16_tb8,8,61,771,37.06572400005825,9.587339547340891,104.30422277860767,7.391838790999827,130,5.923076923076923,4.930769230769231,5.923076923076923,0.4,0.9923076923076923,3.80942470388551,False,0.2601662480010418,1.8314719720037829,0.11791671599894471,0.03073550099543354,5.130742087985709
50,math500,Qwen/Qwen3-4B,mgoin/Qwen3-4B-speculator.dflash2,0.0,8,dflash2_pairwise_k16_tb16,16,61,739,37.16639600133931,8.77794011772612,113.92194371212511,6.4868977469996025,114,6.473684210526316,5.482456140350878,6.473684210526316,0.5263157894736842,0.9912280701754386,4.160685494131602,False,0.2283311590035737,1.6067547889888374,0.131606387991269,0.02669971100294788,4.475017474997003
50,math500,Qwen/Qwen3-4B,mgoin/Qwen3-4B-speculator.dflash2,0.0,8,dflash2_pairwise_k16_tb32,32,61,794,37.2076969997579,8.282675769521719,120.73393041410152,6.576444561000245,115,6.895652173913043,5.904347826086957,6.895652173913043,0.6869565217391305,0.991304347826087,4.409474562625295,False,0.23069505699459114,1.619727203002185,0.1868451120062673,0.0269674999963172,4.493205010994643
50,math500,Qwen/Qwen3-4B,mgoin/Qwen3-4B-speculator.dflash2,0.0,8,dflash2_pairwise_k16_tb64,64,61,738,37.152785998841864,8.65578504065187,115.52967123184123,6.38796936000108,109,6.761467889908257,5.770642201834862,6.761467889908257,0.5963302752293578,0.9908256880733946,4.219403317509882,False,0.2199327969992737,1.5355792919999658,0.2823271159995784,0.025647923001088202,4.305643153016717
51,math500,Qwen/Qwen3-4B,mgoin/Qwen3-4B-speculator.dflash2,0.0,8,baseline,,79,338,39.260445000763866,36.39298244083149,27.477824924786585,12.300828065001042,337,1,,,,,1.0,True,0.08340515401869197,0.0,0.0,0.0,12.161221155971361
51,math500,Qwen/Qwen3-4B,mgoin/Qwen3-4B-speculator.dflash2,0.0,8,dflash2,,79,338,37.52090499983751,11.429084213020666,87.49607417020717,3.8630304640009854,71,4.746478873239437,3.76056338028169,4.746478873239437,0.28169014084507044,0.9859154929577465,3.184243090918039,True,0.041605587999583804,0.9018159189927246,0.0,0.0,2.9091602089938533
51,math500,Qwen/Qwen3-4B,mgoin/Qwen3-4B-speculator.dflash2,0.0,8,dflash2_unary_k16_tb8,8,79,296,38.02509699926304,10.362152682429608,96.50504394667254,3.0671971939991636,55,5.363636363636363,4.381818181818182,5.363636363636363,0.32727272727272727,0.9818181818181818,3.512106369802925,False,0.1099373720062431,0.7662533519978751,0.04059056100959424,0.01273861500158091,2.1289765120072843
51,math500,Qwen/Qwen3-4B,mgoin/Qwen3-4B-speculator.dflash2,0.0,8,dflash2_unary_k16_tb16,16,79,338,37.5208740006201,9.747807328403185,102.58717333140115,3.2947588770002767,59,5.711864406779661,4.728813559322034,5.711864406779661,0.3898305084745763,0.9830508474576272,3.7334531977042182,True,0.11800354700244498,0.825019517002147,0.057563300999390776,0.01371591000315675,2.270920124994518
51,math500,Qwen/Qwen3-4B,mgoin/Qwen3-4B-speculator.dflash2,0.0,8,dflash2_unary_k16_tb32,32,79,338,37.59503599940217,9.477329884619651,105.51495117025068,3.203337501001442,57,5.912280701754386,4.9298245614035086,5.912280701754386,0.40350877192982454,0.9824561403508771,3.840003765184125,True,0.11456054300469987,0.7974927439991006,0.08252757000445854,0.013287804997162311,2.1859709009968356
51,math500,Qwen/Qwen3-4B,mgoin/Qwen3-4B-speculator.dflash2,0.0,8,dflash2_unary_k16_tb64,64,79,338,37.987514999258565,9.373379437866902,106.68510825030357,3.168202249999013,55,6.127272727272727,5.1454545454545455,6.127272727272727,0.41818181818181815,0.9818181818181818,3.882589271251504,True,0.11089969299428049,0.7687753649952356,0.13151486899914744,0.012948188998052501,2.13460717199996
51,math500,Qwen/Qwen3-4B,mgoin/Qwen3-4B-speculator.dflash2,0.0,8,dflash2_pairwise_k16_tb8,8,79,338,37.56206500111148,10.11668715384517,98.84658730599553,3.4194402579996677,61,5.524590163934426,4.540983606557377,5.524590163934426,0.29508196721311475,0.9836065573770492,3.5973221161632116,True,0.12210834199504461,0.852510334998442,0.05555927099339897,0.0142306639936578,2.365340632988591
51,math500,Qwen/Qwen3-4B,mgoin/Qwen3-4B-speculator.dflash2,0.0,8,dflash2_pairwise_k16_tb16,16,79,338,37.45824299949163,9.275499017752542,107.81091109880798,3.1351186680003593,56,6.017857142857143,5.035714285714286,6.017857142857143,0.4107142857142857,0.9821428571428571,3.923560594548963,True,0.11264230800043151,0.7816494860035164,0.0645877700044366,0.013148281999747269,2.154053088008368
51,math500,Qwen/Qwen3-4B,mgoin/Qwen3-4B-speculator.dflash2,0.0,8,dflash2_pairwise_k16_tb32,32,79,338,38.029435998396366,8.669843828403247,115.34233139516346,2.9304072140002977,52,6.480769230769231,5.5,6.480769230769231,0.5769230769230769,0.9807692307692307,4.19765144114875,True,0.1046920989992941,0.725979427996208,0.08598703499774274,0.01215056401451875,1.9929608489928796
51,math500,Qwen/Qwen3-4B,mgoin/Qwen3-4B-speculator.dflash2,0.0,8,dflash2_pairwise_k16_tb64,64,79,338,37.51324499899056,8.54436300887325,117.03622598448925,2.887994696999158,50,6.74,5.76,6.74,0.62,0.98,4.259297317194703,True,0.10148984500483493,0.6966490910108405,0.1313769689950277,0.0117787400031375,1.9379833080056414
52,math500,Qwen/Qwen3-4B,mgoin/Qwen3-4B-speculator.dflash2,0.0,8,baseline,,117,503,38.40732400021807,36.49488433598297,27.40110068013086,18.356926820999433,502,1,,,,,1.0,True,0.12439537499267317,0.0,0.0,0.0,18.14883877599823
52,math500,Qwen/Qwen3-4B,mgoin/Qwen3-4B-speculator.dflash2,0.0,8,dflash2,,117,503,37.50395300085074,9.91724018688043,100.8345044746325,4.988371814000857,92,5.456521739130435,4.456521739130435,5.456521739130435,0.45652173913043476,1,3.67994357787787,False,0.049829881003461196,1.169073187002141,0.0,0.0,3.7558814989934035
52,math500,Qwen/Qwen3-4B,mgoin/Qwen3-4B-speculator.dflash2,0.0,8,dflash2_unary_k16_tb8,8,117,503,37.61879599915119,10.25236323260235,97.53848720654142,5.156938705998982,91,5.516483516483516,4.516483516483516,5.516483516483516,0.3956043956043956,1,3.5596558089094836,False,0.1819850219926593,1.2766975450067548,0.06677016699904925,0.021464415007358184,3.595447953008261
52,math500,Qwen/Qwen3-4B,mgoin/Qwen3-4B-speculator.dflash2,0.0,8,dflash2_unary_k16_tb16,16,117,517,37.25350700005947,8.97718438491158,111.3935012497629,4.641204326999286,82,6.2926829268292686,5.2926829268292686,6.2926829268292686,0.5365853658536586,1,4.065292943890271,False,0.16391348900469893,1.1503188789938577,0.07856997199814941,0.01915397799712082,3.216010689997347
52,math500,Qwen/Qwen3-4B,mgoin/Qwen3-4B-speculator.dflash2,0.0,8,dflash2_unary_k16_tb32,32,117,353,37.15138599909551,10.016093864024636,99.83931995603155,3.5356811340006966,62,5.67741935483871,4.693548387096774,5.67741935483871,0.3870967741935484,0.9838709677419355,3.6436244339785673,False,0.12433215399869368,0.8681242780075991,0.08985683000537392,0.014629086004788405,2.4285403399917413
52,math500,Qwen/Qwen3-4B,mgoin/Qwen3-4B-speculator.dflash2,0.0,8,dflash2_unary_k16_tb64,64,117,421,37.16919600083202,8.737244156771236,114.45256445363434,3.6783797900006907,63,6.666666666666667,5.682539682539683,6.666666666666667,0.6190476190476191,0.9841269841269841,4.176933101692021,False,0.12746183099261543,0.8826883809924766,0.1484027070000593,0.014829495989033603,2.4941075240021746
52,math500,Qwen/Qwen3-4B,mgoin/Qwen3-4B-speculator.dflash2,0.0,8,dflash2_pairwise_k16_tb8,8,117,468,37.1425260000251,9.453303861111916,105.78312246088936,4.424146207000376,78,5.987179487179487,5,5.987179487179487,0.44871794871794873,0.9871794871794872,3.860542818909279,False,0.15576630500436295,1.0916303139983938,0.07061908200194011,0.01811096299752535,3.0755650699993566
52,math500,Qwen/Qwen3-4B,mgoin/Qwen3-4B-speculator.dflash2,0.0,8,dflash2_pairwise_k16_tb16,16,117,460,37.515604999498464,8.398480697823011,119.06915500314388,3.8633011209985852,68,6.75,5.764705882352941,6.75,0.6029411764705882,0.9852941176470589,4.345415039822964,False,0.1360973219962034,0.9532194690000324,0.07834077500592684,0.015865448001932236,2.6688320029988972
52,math500,Qwen/Qwen3-4B,mgoin/Qwen3-4B-speculator.dflash2,0.0,8,dflash2_pairwise_k16_tb32,32,117,353,37.12746400015021,8.907168042492037,112.2691292259735,3.144230318999689,55,6.4,5.4,6.4,0.4727272727272727,1,4.097248885603428,False,0.11041730300894415,0.7684553350027272,0.09086518099502428,0.01286061599785171,2.1525696120024804
52,math500,Qwen/Qwen3-4B,mgoin/Qwen3-4B-speculator.dflash2,0.0,8,dflash2_pairwise_k16_tb64,64,117,353,37.20507700018061,8.801046759204482,113.62284820884068,3.106769505999182,53,6.6415094339622645,5.660377358490566,6.6415094339622645,0.5471698113207547,0.9811320754716981,4.14665270330659,False,0.10691106400554418,0.7411986279967095,0.13822733800952847,0.012487665997468866,2.0987967070050217
53,math500,Qwen/Qwen3-4B,mgoin/Qwen3-4B-speculator.dflash2,0.0,8,baseline,,40,410,38.665121001031366,36.40732144146413,27.467002800736246,14.927001791000293,409,1,,,,,1.0,True,0.10137624597700778,0.0,0.0,0.0,14.757356847005212
53,math500,Qwen/Qwen3-4B,mgoin/Qwen3-4B-speculator.dflash2,0.0,8,dflash2,,40,275,37.31740900002478,12.867659825450655,77.71420861018741,3.5386064519989304,65,4.2153846153846155,3.2153846153846155,4.2153846153846155,0.16923076923076924,1,2.8293661734400923,False,0.03978450200156658,0.8253419180091441,0.0,0.0,2.663926496001295
53,math500,Qwen/Qwen3-4B,mgoin/Qwen3-4B-speculator.dflash2,0.0,8,dflash2_unary_k16_tb8,8,40,286,37.42728200086276,13.070310937065234,76.50927394268533,3.7381089280006563,66,4.318181818181818,3.3333333333333335,4.318181818181818,0.15151515151515152,0.9848484848484849,2.78549772968438,False,0.13176949599801446,0.9228730489976442,0.048905018984441995,0.015397246996144531,2.6085654600083217
53,math500,Qwen/Qwen3-4B,mgoin/Qwen3-4B-speculator.dflash2,0.0,8,dflash2_unary_k16_tb16,16,40,415,36.88717899967742,11.551453766265059,86.56919035770255,4.793853313,82,5.048780487804878,4.060975609756097,5.048780487804878,0.23170731707317074,0.9878048780487805,3.1517523402801735,False,0.17128407900781895,1.1906954189962562,0.08358550899538386,0.019588074002967915,3.3153726939963235
53,math500,Qwen/Qwen3-4B,mgoin/Qwen3-4B-speculator.dflash2,0.0,8,dflash2_unary_k16_tb32,32,40,290,36.848030000328436,11.04071650000245,90.57383187040244,3.2018077850007103,56,5.160714285714286,4.178571428571429,5.160714285714286,0.14285714285714285,0.9821428571428571,3.2975506110908697,False,0.1126194890057377,0.7852798319963767,0.08286517800115689,0.01327316099741438,2.1985145280013967
53,math500,Qwen/Qwen3-4B,mgoin/Qwen3-4B-speculator.dflash2,0.0,8,dflash2_unary_k16_tb64,64,40,286,36.93562000080419,11.249151328668193,88.89559494604042,3.217257279999103,55,5.181818181818182,4.2,5.181818181818182,0.2545454545454545,0.9818181818181818,3.2364504999306876,False,0.11090415799662878,0.7686758860090777,0.13595559499844967,0.012882073999207933,2.1793604890026472
53,math500,Qwen/Qwen3-4B,mgoin/Qwen3-4B-speculator.dflash2,0.0,8,dflash2_pairwise_k16_tb8,8,40,275,36.809626000831486,12.378527400003144,80.78505364052803,3.4040950350008647,60,4.566666666666666,3.5833333333333335,4.566666666666666,0.15,0.9833333333333333,2.941167415556626,False,0.11938909200034686,0.8364230519982812,0.055008044004352996,0.013942925999799627,2.36987691199829
53,math500,Qwen/Qwen3-4B,mgoin/Qwen3-4B-speculator.dflash2,0.0,8,dflash2_pairwise_k16_tb16,16,40,347,36.80692700072541,10.647471576365426,93.91901099034025,3.6946726369988028,65,5.323076923076923,4.338461538461538,5.323076923076923,0.24615384615384617,0.9846153846153847,3.41933962258972,False,0.12987271699785197,0.9103532200024347,0.07712217500375118,0.01516373301637941,2.551662000008946
53,math500,Qwen/Qwen3-4B,mgoin/Qwen3-4B-speculator.dflash2,0.0,8,dflash2_pairwise_k16_tb32,32,40,347,36.82712800036825,9.892980481271236,101.08177226197269,3.4328642270011187,60,5.766666666666667,4.783333333333333,5.766666666666667,0.3333333333333333,0.9833333333333333,3.6801165746145124,False,0.12028320801073278,0.8394774770076765,0.10065478899196023,0.013977172997329035,2.348535860002812
53,math500,Qwen/Qwen3-4B,mgoin/Qwen3-4B-speculator.dflash2,0.0,8,dflash2_pairwise_k16_tb64,64,40,286,36.8926899991493,10.055471772728298,99.44834241513418,2.8758649270002934,49,5.816326530612245,4.836734693877551,5.816326530612245,0.40816326530612246,0.9795918367346939,3.6206477691285808,False,0.0992255759992986,0.6829486099977657,0.1316814049896493,0.01154002700059209,1.9419640669984801
54,math500,Qwen/Qwen3-4B,mgoin/Qwen3-4B-speculator.dflash2,0.0,8,baseline,,74,2048,39.10913100116886,36.57839248242212,27.338544209687555,74.9125478040005,2048,1,,,,,1.0,True,0.5077010790155327,0.0,0.0,0.0,74.06468317202052
54,math500,Qwen/Qwen3-4B,mgoin/Qwen3-4B-speculator.dflash2,0.0,8,dflash2,,74,2048,37.33843000009074,9.443617062988352,105.89162958748335,19.340527745000145,359,5.701949860724234,4.704735376044568,5.701949860724234,0.46518105849582175,0.9972144846796658,3.8733455876542284,False,0.19364414099618443,4.571201398013727,0.0,0.0,14.522821446978924
54,math500,Qwen/Qwen3-4B,mgoin/Qwen3-4B-speculator.dflash2,0.0,8,dflash2_unary_k16_tb8,8,74,1208,37.33738900155004,11.583305357615377,86.33114375617801,13.992632871999374,247,4.886639676113361,3.8906882591093117,4.886639676113361,0.242914979757085,0.9959514170040485,3.1578544597698848,False,0.49409213300896226,3.4925992199841858,0.18109872901004564,0.057988339991425164,9.72750135401293
54,math500,Qwen/Qwen3-4B,mgoin/Qwen3-4B-speculator.dflash2,0.0,8,dflash2_unary_k16_tb16,16,74,2048,37.43834200031415,10.561143783690774,94.68671390917592,21.629222468998705,382,5.358638743455497,4.361256544502618,5.358638743455497,0.3219895287958115,0.9973821989528796,3.463487784240654,False,0.7634618300216971,5.403505889009466,0.3747976659778942,0.08971876398391032,14.936121222021029
54,math500,Qwen/Qwen3-4B,mgoin/Qwen3-4B-speculator.dflash2,0.0,8,dflash2_unary_k16_tb32,32,74,2048,37.39703099927283,9.533590715820495,104.89227299642225,19.524793786000373,343,5.967930029154519,4.970845481049563,5.967930029154519,0.45481049562682213,0.9970845481049563,3.8367907300365003,False,0.6864090070102975,4.848887332018421,0.4965700090106111,0.08070016698911786,13.355247721012347
54,math500,Qwen/Qwen3-4B,mgoin/Qwen3-4B-speculator.dflash2,0.0,8,dflash2_unary_k16_tb64,64,74,1691,37.43591200145602,10.408307116499058,96.07710349119293,17.60044733399991,301,5.614617940199335,4.617940199335548,5.614617940199335,0.34219269102990035,0.9966777408637874,3.514346000075143,False,0.6068653990041639,4.260716250995756,0.7424977469945588,0.07177934597893909,11.865973511012271
54,math500,Qwen/Qwen3-4B,mgoin/Qwen3-4B-speculator.dflash2,0.0,8,dflash2_pairwise_k16_tb8,8,74,1709,37.33104099956108,10.077373032182237,99.23221029989517,17.22223051199944,303,5.636963696369637,4.64026402640264,5.636963696369637,0.3696369636963696,0.9966996699669967,3.629754735247816,False,0.6050519190121122,4.2811065580172,0.277818981985547,0.07102292499075702,11.938642740002251
54,math500,Qwen/Qwen3-4B,mgoin/Qwen3-4B-speculator.dflash2,0.0,8,dflash2_pairwise_k16_tb16,16,74,2048,37.47409199968388,9.398750515136278,106.39712144604154,19.248641054999098,337,6.074183976261128,5.077151335311573,6.074183976261128,0.47181008902077154,0.9970326409495549,3.8918356672532384,False,0.6769246210096753,4.788711909997801,0.39586800401229993,0.07966914498501865,13.25207339400913
54,math500,Qwen/Qwen3-4B,mgoin/Qwen3-4B-speculator.dflash2,0.0,8,dflash2_pairwise_k16_tb32,32,74,1927,37.60177600088355,8.940182599376959,111.85453863880699,17.2277318689994,299,6.441471571906354,5.444816053511706,6.441471571906354,0.5351170568561873,0.9966555183946488,4.091459215270532,False,0.6038846450228448,4.25940742698549,0.4983313789816748,0.07063035199826118,11.745249038005568
54,math500,Qwen/Qwen3-4B,mgoin/Qwen3-4B-speculator.dflash2,0.0,8,dflash2_pairwise_k16_tb64,64,74,2048,37.76117100096599,8.618926333984867,116.02373210418901,17.651561132001007,299,6.846153846153846,5.849498327759197,6.846153846153846,0.6187290969899666,0.9966555183946488,4.243961610182425,False,0.6061272200149688,4.262402027008648,0.7897403779970773,0.0712720890132914,11.86935705902215
55,math500,Qwen/Qwen3-4B,mgoin/Qwen3-4B-speculator.dflash2,0.0,8,baseline,,78,1216,39.05338999902597,36.21187551315817,27.61525013076536,44.03364062400033,1215,1,,,,,1.0,True,0.3004066350113135,0.0,0.0,0.0,43.532826659984494
55,math500,Qwen/Qwen3-4B,mgoin/Qwen3-4B-speculator.dflash2,0.0,8,dflash2,,78,1216,37.12837500097521,8.678232049341636,115.23084359974723,10.552730171999428,198,6.136363636363637,5.136363636363637,6.136363636363637,0.51010101010101,1,4.1727249637102455,False,0.10346433401173272,2.484726356004103,0.0,0.0,7.935383023992472
55,math500,Qwen/Qwen3-4B,mgoin/Qwen3-4B-speculator.dflash2,0.0,8,dflash2_unary_k16_tb8,8,78,1195,37.20284799965157,9.002254770711408,111.08328140783938,10.757694451000134,191,6.2513089005235605,5.2565445026178015,6.2513089005235605,0.4869109947643979,0.9947643979057592,4.022533957933796,False,0.3793817420137202,2.6804383959861298,0.13801040800535702,0.04444117801176617,7.485144535990912
55,math500,Qwen/Qwen3-4B,mgoin/Qwen3-4B-speculator.dflash2,0.0,8,dflash2_unary_k16_tb16,16,78,1207,37.33856000144442,8.71474949295693,114.74799141480523,10.518702637999015,187,6.449197860962567,5.454545454545454,6.449197860962567,0.5454545454545454,0.9946524064171123,4.1552399804978695,False,0.3714743029886449,2.623706519992993,0.17752651898626937,0.04354603799038159,7.272419669996452
55,math500,Qwen/Qwen3-4B,mgoin/Qwen3-4B-speculator.dflash2,0.0,8,dflash2_unary_k16_tb32,32,78,1204,37.276167999152676,8.319341453488809,120.20182193395114,10.016487110000526,177,6.796610169491525,5.80225988700565,6.796610169491525,0.6101694915254238,0.9943502824858758,4.352733412327043,False,0.3525344749887154,2.482607697014828,0.24737141200785118,0.041443863994572894,6.863219858005323
55,math500,Qwen/Qwen3-4B,mgoin/Qwen3-4B-speculator.dflash2,0.0,8,dflash2_unary_k16_tb64,64,78,1207,37.44721300063247,8.455726566693242,118.26304837469068,10.206061965998742,176,6.8522727272727275,5.857954545454546,6.8522727272727275,0.6193181818181818,0.9943181818181818,4.2825267855509015,False,0.35330494799745793,2.4712113320056233,0.40560382000876416,0.041485403993647196,6.904168023003876
55,math500,Qwen/Qwen3-4B,mgoin/Qwen3-4B-speculator.dflash2,0.0,8,dflash2_pairwise_k16_tb8,8,78,1218,37.285639000401716,8.776616568143485,113.93912360598085,10.689918979998764,189,6.439153439153439,5.439153439153439,6.439153439153439,0.5185185185185185,1,4.12594936009812,False,0.37626244499188033,2.653812058009862,0.1716087049953785,0.04396794099920953,7.414185272002214
55,math500,Qwen/Qwen3-4B,mgoin/Qwen3-4B-speculator.dflash2,0.0,8,dflash2_pairwise_k16_tb16,16,78,1207,37.242076999973506,8.10304805550897,123.41035041994306,9.780379002999325,173,6.971098265895954,5.976878612716763,6.971098265895954,0.6705202312138728,0.9942196531791907,4.468920246442204,False,0.3435240269991482,2.427706524011228,0.19860421999328537,0.04077908299041155,6.741677608999453
55,math500,Qwen/Qwen3-4B,mgoin/Qwen3-4B-speculator.dflash2,0.0,8,dflash2_pairwise_k16_tb32,32,78,1171,37.19615599948156,7.712195015370528,129.66477092539594,9.03098036299889,159,7.3584905660377355,6.364779874213837,7.3584905660377355,0.779874213836478,0.9937106918238994,4.695404543192608,False,0.3171314589890244,2.229625395999392,0.25743335600054706,0.03727667598104745,6.163102481981696
55,math500,Qwen/Qwen3-4B,mgoin/Qwen3-4B-speculator.dflash2,0.0,8,dflash2_pairwise_k16_tb64,64,78,1200,37.14287500042701,7.764126665000125,128.79748658762819,9.31695199800015,160,7.49375,6.5,7.49375,0.825,0.99375,4.66399855071885,False,0.32268213701900095,2.246179188003225,0.4069362270038255,0.037619747999997344,6.2756230650138605
56,math500,Qwen/Qwen3-4B,mgoin/Qwen3-4B-speculator.dflash2,0.0,8,baseline,,68,511,38.33329400004004,36.27262593933314,27.56899932396746,18.535311854999236,510,1,,,,,1.0,True,0.12638656899434864,0.0,0.0,0.0,18.324183005001032
56,math500,Qwen/Qwen3-4B,mgoin/Qwen3-4B-speculator.dflash2,0.0,8,dflash2,,68,496,37.15253600057622,11.747919127016406,85.12145761203992,5.826967887000137,109,4.541284403669724,3.55045871559633,4.541284403669724,0.25688073394495414,0.9908256880733946,3.087578791372326,False,0.06400614999620302,1.3646509149984922,0.0,0.0,4.382320291000724
56,math500,Qwen/Qwen3-4B,mgoin/Qwen3-4B-speculator.dflash2,0.0,8,dflash2_unary_k16_tb8,8,68,511,37.18352699979732,12.254184176126444,81.60477969216396,6.261888114000612,111,4.594594594594595,3.6036036036036037,4.594594594594595,0.21621621621621623,0.990990990990991,2.960019648635553,True,0.22083377700437268,1.5534133789951738,0.0812462579960993,0.02588793199902284,4.362865898005111
56,math500,Qwen/Qwen3-4B,mgoin/Qwen3-4B-speculator.dflash2,0.0,8,dflash2_unary_k16_tb16,16,68,507,37.222658000246156,11.558513968443002,86.5163119350978,5.860166582000602,104,4.865384615384615,3.875,4.865384615384615,0.2692307692307692,0.9903846153846154,3.138173820472466,False,0.20662021500538685,1.4549795070051914,0.10173596001732221,0.02412413700039906,4.0558166909941065
56,math500,Qwen/Qwen3-4B,mgoin/Qwen3-4B-speculator.dflash2,0.0,8,dflash2_unary_k16_tb32,32,68,496,37.19494799952372,10.646450612900862,93.92801754870752,5.280639503998827,93,5.32258064516129,4.333333333333333,5.32258064516129,0.3118279569892473,0.989247311827957,3.4070158457673867,False,0.18546820698975353,1.3026029150005343,0.1373324660016806,0.02161944999352272,3.618272904008336
56,math500,Qwen/Qwen3-4B,mgoin/Qwen3-4B-speculator.dflash2,0.0,8,dflash2_unary_k16_tb64,64,68,495,37.28955000042333,10.698170886866542,93.47392283924309,5.295594588998938,91,5.428571428571429,4.43956043956044,5.428571428571429,0.31868131868131866,0.989010989010989,3.3905446382299536,False,0.18271864800954063,1.27173830798165,0.22083178499997302,0.021321567010090803,3.583118240996555
56,math500,Qwen/Qwen3-4B,mgoin/Qwen3-4B-speculator.dflash2,0.0,8,dflash2_pairwise_k16_tb8,8,68,506,37.25866799868527,11.520549393281392,86.80141596226173,5.829397993000384,103,4.902912621359223,3.912621359223301,4.902912621359223,0.2621359223300971,0.9902912621359223,3.1485152922035806,False,0.2047263690001273,1.4420498920189857,0.0934292410092894,0.02386867998939124,4.049024948992155
56,math500,Qwen/Qwen3-4B,mgoin/Qwen3-4B-speculator.dflash2,0.0,8,dflash2_pairwise_k16_tb16,16,68,505,37.30497899960028,10.644559837622875,93.94470182463817,5.375502717999552,95,5.3052631578947365,4.315789473684211,5.3052631578947365,0.3684210526315789,0.9894736842105263,3.4076210282672883,False,0.1890558390005026,1.3286366909978824,0.11059098899568198,0.022117871994851157,3.7098366329828423
56,math500,Qwen/Qwen3-4B,mgoin/Qwen3-4B-speculator.dflash2,0.0,8,dflash2_pairwise_k16_tb32,32,68,495,37.326830000893096,10.007509078786825,99.92496555608685,4.953716993999478,87,5.67816091954023,4.689655172413793,5.67816091954023,0.39080459770114945,0.9885057471264368,3.624540897616687,False,0.173641518005752,1.2168817230067361,0.14572792199942342,0.020288025998524972,3.382792715989126
56,math500,Qwen/Qwen3-4B,mgoin/Qwen3-4B-speculator.dflash2,0.0,8,dflash2_pairwise_k16_tb64,64,68,506,37.18732800007274,9.703050711459762,103.06037036567815,4.9097436599986395,84,6.011904761904762,5.023809523809524,6.011904761904762,0.39285714285714285,0.9880952380952381,3.738270263443378,False,0.1687961309980892,1.1737611570097215,0.22560969599544478,0.01977580699349346,3.307298590989376
57,math500,Qwen/Qwen3-4B,mgoin/Qwen3-4B-speculator.dflash2,0.0,8,baseline,,90,309,38.364815000022645,35.774776006474575,27.95265579913117,11.054405786000643,308,1,,,,,1.0,True,0.07528840201302955,0.0,0.0,0.0,10.928363535012977
57,math500,Qwen/Qwen3-4B,mgoin/Qwen3-4B-speculator.dflash2,0.0,8,dflash2,,90,382,37.12927600099647,11.636488981678605,85.93657430299447,4.445138791001227,83,4.590361445783133,3.602409638554217,4.590361445783133,0.1927710843373494,0.9879518072289156,3.074361696453386,False,0.050043656003254,1.0400270490063122,0.0,0.0,3.3429437419963506
57,math500,Qwen/Qwen3-4B,mgoin/Qwen3-4B-speculator.dflash2,0.0,8,dflash2_unary_k16_tb8,8,90,382,37.259078999341,11.81295723560047,84.65280793418266,4.51254966399938,80,4.7625,3.775,4.7625,0.2,0.9875,3.028435242164498,False,0.15881379199527146,1.1164618200164114,0.058755388998179114,0.01855939699089504,3.1472617290091875
57,math500,Qwen/Qwen3-4B,mgoin/Qwen3-4B-speculator.dflash2,0.0,8,dflash2_unary_k16_tb16,16,90,384,37.229228000796866,12.028462247395547,83.13614653581543,4.61892950299989,82,4.670731707317073,3.682926829268293,4.670731707317073,0.2073170731707317,0.9878048780487805,2.9741770203602442,False,0.1628714460075571,1.1439818599974387,0.08026924499608867,0.019232087997806957,3.199407512018297
57,math500,Qwen/Qwen3-4B,mgoin/Qwen3-4B-speculator.dflash2,0.0,8,dflash2_unary_k16_tb32,32,90,302,37.33097899930726,9.563592350991863,104.56321885115561,2.8882048899995425,51,5.901960784313726,4.921568627450981,5.901960784313726,0.4117647058823529,0.9803921568627451,3.7407257329160712,False,0.10175776200048858,0.707585937996555,0.07337352800277586,0.011837864003609866,1.9852377960087324
57,math500,Qwen/Qwen3-4B,mgoin/Qwen3-4B-speculator.dflash2,0.0,8,dflash2_unary_k16_tb64,64,90,302,37.29271799966227,9.409931264900592,106.27070186262026,2.841799241999979,49,6.142857142857143,5.163265306122449,6.142857142857143,0.4897959183673469,0.9795918367346939,3.80181055518608,False,0.09834176599724742,0.6791319329968246,0.11565741400045226,0.011542215001099976,1.9286212359966157
57,math500,Qwen/Qwen3-4B,mgoin/Qwen3-4B-speculator.dflash2,0.0,8,dflash2_pairwise_k16_tb8,8,90,309,37.90886299975682,10.779297750812763,92.77042188806777,3.330803005001144,59,5.220338983050848,4.237288135593221,5.220338983050848,0.288135593220339,0.9830508474576272,3.3188410630717704,True,0.11686477399416617,0.8182527770004526,0.05339331500908884,0.013772592999885092,2.3191548630020407
57,math500,Qwen/Qwen3-4B,mgoin/Qwen3-4B-speculator.dflash2,0.0,8,dflash2_pairwise_k16_tb16,16,90,302,37.10414499983017,9.532616407281035,104.9029938135555,2.8788501549988723,51,5.901960784313726,4.921568627450981,5.901960784313726,0.43137254901960786,0.9803921568627451,3.7528811060885356,False,0.10155265399225755,0.707506987007946,0.059110164002049714,0.011803440002040588,1.9907048050081357
57,math500,Qwen/Qwen3-4B,mgoin/Qwen3-4B-speculator.dflash2,0.0,8,dflash2_pairwise_k16_tb32,32,90,302,37.2550179999962,8.850619145695063,112.98644575463396,2.672886981999909,47,6.404255319148936,5.425531914893617,6.404255319148936,0.48936170212765956,0.9787234042553191,4.04206478863972,False,0.09379830499710806,0.652092995993371,0.0779006680004386,0.0110763569973642,1.8303148039994994
57,math500,Qwen/Qwen3-4B,mgoin/Qwen3-4B-speculator.dflash2,0.0,8,dflash2_pairwise_k16_tb64,64,90,309,37.181986999712535,8.868946634305475,112.7529616800214,2.7405045100003917,47,6.553191489361702,5.574468085106383,6.553191489361702,0.5319148936170213,0.9787234042553191,4.033711948169376,True,0.09452069200051483,0.6513524699985282,0.12282183999195695,0.011119416001747595,1.8525865280025755
58,math500,Qwen/Qwen3-4B,mgoin/Qwen3-4B-speculator.dflash2,0.0,8,baseline,,89,380,38.55980899970746,35.85810836052827,27.887695300200935,13.626081177000742,379,1,,,,,1.0,True,0.09325679598441639,0.0,0.0,0.0,13.47038673899442
58,math500,Qwen/Qwen3-4B,mgoin/Qwen3-4B-speculator.dflash2,0.0,8,dflash2,,89,381,37.33357900091505,12.328229456695734,81.11464858052896,4.697055423001075,87,4.367816091954023,3.3793103448275863,4.367816091954023,0.20689655172413793,0.9885057471264368,2.9086178584267777,False,0.0522599530104344,1.0991184340055042,0.0,0.0,3.5329240370010666
58,math500,Qwen/Qwen3-4B,mgoin/Qwen3-4B-speculator.dflash2,0.0,8,dflash2_unary_k16_tb8,8,89,341,37.81686200090917,13.230986615837159,75.58015354675253,4.511766436000471,80,4.25,3.2625,4.25,0.1375,0.9875,2.7101613357848167,False,0.1588166809942777,1.1163767800062487,0.058428300992090954,0.018638976000147522,3.146799298992846
58,math500,Qwen/Qwen3-4B,mgoin/Qwen3-4B-speculator.dflash2,0.0,8,dflash2_unary_k16_tb16,16,89,381,37.291298000127426,10.962294711287521,91.22177667512736,4.176634285000546,74,5.135135135135135,4.148648648648648,5.135135135135135,0.24324324324324326,0.9864864864864865,3.2710403528566268,False,0.1473624059890426,1.0329682640040119,0.0722942360007437,0.017235858003914473,2.8949062599986064
58,math500,Qwen/Qwen3-4B,mgoin/Qwen3-4B-speculator.dflash2,0.0,8,dflash2_unary_k16_tb32,32,89,452,37.21611699984351,10.79477422345249,92.63741689264995,4.879237949000526,86,5.244186046511628,4.255813953488372,5.244186046511628,0.22093023255813954,0.9883720930232558,3.3218025331760734,False,0.17160353401050088,1.2011644120029814,0.12674705101198924,0.02003426001101616,3.345510021004884
58,math500,Qwen/Qwen3-4B,mgoin/Qwen3-4B-speculator.dflash2,0.0,8,dflash2_unary_k16_tb64,64,89,452,37.42696299923409,10.698343904868633,93.47241114065488,4.835651445000622,83,5.433734939759036,4.433734939759036,5.433734939759036,0.27710843373493976,1,3.3517438474014525,False,0.16764611300823162,1.1598070679992816,0.2039992210084165,0.019537979002052452,3.270298660007029
58,math500,Qwen/Qwen3-4B,mgoin/Qwen3-4B-speculator.dflash2,0.0,8,dflash2_pairwise_k16_tb8,8,89,413,37.18997800024226,12.613442184017684,79.28049975660775,5.2093516219993035,92,4.478260869565218,3.489130434782609,4.478260869565218,0.14130434782608695,0.9891304347826086,2.8428487511492757,False,0.183258079985535,1.2863977569904819,0.08472851098122192,0.02144794498963165,3.618850417995418
58,math500,Qwen/Qwen3-4B,mgoin/Qwen3-4B-speculator.dflash2,0.0,8,dflash2_pairwise_k16_tb16,16,89,413,37.21668599973782,10.696271610172396,93.49052047715182,4.417560175001199,78,5.282051282051282,4.294871794871795,5.282051282051282,0.28205128205128205,0.9871794871794872,3.352393213951897,False,0.1555344089974824,1.089921336990301,0.09198803199979011,0.018239965002067038,3.049335029994836
58,math500,Qwen/Qwen3-4B,mgoin/Qwen3-4B-speculator.dflash2,0.0,8,dflash2_pairwise_k16_tb32,32,89,452,37.28279900133202,10.09564978097182,99.05256439112914,4.5632337009992625,80,5.6375,4.65,5.6375,0.3,0.9875,3.5518375873253123,False,0.16000213399456698,1.1191257139998925,0.1343969589961489,0.018690273998799967,3.1177649410001322
58,math500,Qwen/Qwen3-4B,mgoin/Qwen3-4B-speculator.dflash2,0.0,8,dflash2_pairwise_k16_tb64,64,89,452,37.19154699865612,9.973181650442775,100.26890465347168,4.507878106000135,77,5.857142857142857,4.87012987012987,5.857142857142857,0.37662337662337664,0.987012987012987,3.5954532482556645,False,0.15514058798544283,1.0768183669915743,0.20701180000105524,0.018046496994429617,3.0374980520045938
59,math500,Qwen/Qwen3-4B,mgoin/Qwen3-4B-speculator.dflash2,0.0,8,baseline,,45,151,38.77629299859109,35.95227970860129,27.81464786392275,5.428794235998794,150,1,,,,,1.0,True,0.03701868300231581,0.0,0.0,0.0,5.366744201006441
59,math500,Qwen/Qwen3-4B,mgoin/Qwen3-4B-speculator.dflash2,0.0,8,dflash2,,45,151,37.432412998896325,11.394289913911077,87.76325752244715,1.7205377770005728,32,4.6875,3.6875,4.6875,0.21875,1,3.1552891825850256,True,0.019181220999598736,0.395505514998149,0.0,0.0,1.3011647310031549
59,math500,Qwen/Qwen3-4B,mgoin/Qwen3-4B-speculator.dflash2,0.0,8,dflash2_unary_k16_tb8,8,45,151,37.467673000719515,12.287952549668745,81.38052258567338,1.8554808349999803,33,4.545454545454546,3.5454545454545454,4.545454545454546,0.18181818181818182,1,2.9258153108322738,True,0.06562833199677698,0.4517489969948656,0.024864902999979677,0.007681558996409876,1.3003426129998843
59,math500,Qwen/Qwen3-4B,mgoin/Qwen3-4B-speculator.dflash2,0.0,8,dflash2_unary_k16_tb16,16,45,151,36.93930100052967,10.767965887421479,92.86805051714946,1.6259628490006433,29,5.172413793103448,4.206896551724138,5.172413793103448,0.3103448275862069,0.9655172413793104,3.3388181281850713,True,0.05757240300408739,0.39628389000608877,0.0278428069959773,0.006718815995554905,1.1329416439984925
59,math500,Qwen/Qwen3-4B,mgoin/Qwen3-4B-speculator.dflash2,0.0,8,dflash2_unary_k16_tb32,32,45,167,36.832709000009345,10.12346106586618,98.78044608397359,1.6906179979996523,30,5.533333333333333,4.566666666666666,5.533333333333333,0.36666666666666664,0.9666666666666667,3.551382227351427,False,0.05973086699486885,0.41021419799471914,0.04293961599614704,0.0069705799978692085,1.165776198000458
59,math500,Qwen/Qwen3-4B,mgoin/Qwen3-4B-speculator.dflash2,0.0,8,dflash2_unary_k16_tb64,64,45,151,37.021203999756835,10.342954046357752,96.68417702698271,1.5617860610000207,27,5.555555555555555,4.592592592592593,5.555555555555555,0.2962962962962963,0.9629629629629629,3.476016575870005,True,0.05421019000277738,0.3685826090058981,0.06292322400076955,0.006343915001707501,1.065149598996868
59,math500,Qwen/Qwen3-4B,mgoin/Qwen3-4B-speculator.dflash2,0.0,8,dflash2_pairwise_k16_tb8,8,45,151,36.946170999726746,11.961942860917462,83.59845985113672,1.8062533719985367,32,4.6875,3.6875,4.6875,0.21875,1,3.005555211776342,True,0.06377074300689856,0.43911307100097474,0.0289872029916296,0.007433587001287378,1.2618986289926397
59,math500,Qwen/Qwen3-4B,mgoin/Qwen3-4B-speculator.dflash2,0.0,8,dflash2_pairwise_k16_tb16,16,45,151,36.90942999855906,10.436994092718589,95.81302730617182,1.5759861080005066,28,5.357142857142857,4.392857142857143,5.357142857142857,0.2857142857142857,0.9642857142857143,3.444696757439342,True,0.055752015005055,0.3820680770022591,0.03218345100140141,0.006492375998277566,1.0949605360019632
59,math500,Qwen/Qwen3-4B,mgoin/Qwen3-4B-speculator.dflash2,0.0,8,dflash2_pairwise_k16_tb32,32,45,167,36.962530999517185,9.837245610785708,101.65447113606521,1.6428200170012133,29,5.724137931034483,4.758620689655173,5.724137931034483,0.4482758620689655,0.9655172413793104,3.6547099799137523,False,0.058050262996403035,0.39695874200151593,0.047159301009742194,0.006802970005082898,1.1290549519981141
59,math500,Qwen/Qwen3-4B,mgoin/Qwen3-4B-speculator.dflash2,0.0,8,dflash2_pairwise_k16_tb64,64,45,151,37.57020600096439,9.999020490072596,100.00979605880772,1.509852094000962,26,5.769230769230769,4.8076923076923075,5.769230769230769,0.4230769230769231,0.9615384615384616,3.5955801615064256,True,0.05224504100442573,0.3544105250020948,0.06706670300081896,0.0061445840019587195,1.0255489599985594
60,math500,Qwen/Qwen3-4B,mgoin/Qwen3-4B-speculator.dflash2,0.0,8,baseline,,81,307,39.04040999987046,36.23508818241327,27.59755944199277,11.124172072000874,306,1,,,,,1.0,True,0.07556809200650605,0.0,0.0,0.0,10.99763813401296
60,math500,Qwen/Qwen3-4B,mgoin/Qwen3-4B-speculator.dflash2,0.0,8,dflash2,,81,304,37.841342000319855,11.016780812497018,90.77061775302255,3.3491013669990934,62,4.887096774193548,3.903225806451613,4.887096774193548,0.3709677419354839,0.9838709677419355,3.2890813386528994,False,0.03509210600168444,0.7798463300005096,0.0,0.0,2.5250409050095186
60,math500,Qwen/Qwen3-4B,mgoin/Qwen3-4B-speculator.dflash2,0.0,8,dflash2_unary_k16_tb8,8,81,319,37.77244999946561,11.147056429466812,89.709781800022,3.555911000999913,63,5.0476190476190474,4.063492063492063,5.0476190476190474,0.31746031746031744,0.9841269841269841,3.2506418543488502,False,0.1254808919984498,0.8768646789976628,0.04584906499439967,0.014676665010483703,2.482996450000428
60,math500,Qwen/Qwen3-4B,mgoin/Qwen3-4B-speculator.dflash2,0.0,8,dflash2_unary_k16_tb16,16,81,307,37.301790000128676,11.204163299679177,89.25253704831616,3.4396781330015074,61,5.016393442622951,4.032786885245901,5.016393442622951,0.3114754098360656,0.9836065573770492,3.2340735504498435,True,0.12131827600569522,0.8490563190007379,0.0591796560001967,0.014184715004375903,2.3860764280125295
60,math500,Qwen/Qwen3-4B,mgoin/Qwen3-4B-speculator.dflash2,0.0,8,dflash2_unary_k16_tb32,32,81,307,37.83406199909223,10.709362879477915,93.37623640676843,3.2877744039997197,58,5.275862068965517,4.293103448275862,5.275862068965517,0.3448275862068966,0.9827586206896551,3.3834961603411227,False,0.11532574699594988,0.8072816690037143,0.08402791899970907,0.013752830005614669,2.257723928005362
60,math500,Qwen/Qwen3-4B,mgoin/Qwen3-4B-speculator.dflash2,0.0,8,dflash2_unary_k16_tb64,64,81,307,37.37170999920636,10.812407143323295,92.48634339648447,3.319408993000252,57,5.368421052631579,4.385964912280702,5.368421052631579,0.3333333333333333,0.9824561403508771,3.35125080864057,True,0.11488203301087196,0.7939474579998205,0.13685569299377676,0.01340321598945593,2.25051199900372
60,math500,Qwen/Qwen3-4B,mgoin/Qwen3-4B-speculator.dflash2,0.0,8,dflash2_pairwise_k16_tb8,8,81,307,37.42643199984741,11.055660371338778,90.45140375263767,3.3940877340010047,60,5.1,4.116666666666666,5.1,0.3,0.9833333333333333,3.277514591199893,True,0.11924640499091765,0.8329041109900572,0.054950640003880835,0.013895515998228802,2.3636366609880497
60,math500,Qwen/Qwen3-4B,mgoin/Qwen3-4B-speculator.dflash2,0.0,8,dflash2_pairwise_k16_tb16,16,81,307,37.259668000842794,10.132703114005805,98.69034834522708,3.110739855999782,55,5.5636363636363635,4.581818181818182,5.5636363636363635,0.4,0.9818181818181818,3.5760534750423867,True,0.10969260699312144,0.7648841070022172,0.06410693799807632,0.012743999999656808,2.1504722189965833
60,math500,Qwen/Qwen3-4B,mgoin/Qwen3-4B-speculator.dflash2,0.0,8,dflash2_pairwise_k16_tb32,32,81,319,37.37600000022212,9.286342504701194,107.68502233185475,2.9623432589996805,52,6.115384615384615,5.134615384615385,6.115384615384615,0.4807692307692308,0.9807692307692307,3.901976280119899,False,0.10418190400559979,0.7232741930001794,0.0856357240008947,0.012166033000539755,2.028542441992613
60,math500,Qwen/Qwen3-4B,mgoin/Qwen3-4B-speculator.dflash2,0.0,8,dflash2_pairwise_k16_tb64,64,81,304,37.26701799860166,9.427332789474159,106.07454115935356,2.865909168000144,49,6.183673469387755,5.183673469387755,6.183673469387755,0.4897959183673469,1,3.8436203528182022,False,0.09855440100182022,0.6826920240018808,0.12901097299436515,0.011527908005518839,1.9357144500008872
61,math500,Qwen/Qwen3-4B,mgoin/Qwen3-4B-speculator.dflash2,0.0,8,baseline,,102,504,38.64740999961214,36.19586781151011,27.627463035490607,18.2427173770011,503,1,,,,,1.0,True,0.12378725801499968,0.0,0.0,0.0,18.035354157014808
61,math500,Qwen/Qwen3-4B,mgoin/Qwen3-4B-speculator.dflash2,0.0,8,dflash2,,102,528,37.60643500027072,11.619981289775504,86.0586583628931,6.135350121001466,113,4.663716814159292,3.672566371681416,4.663716814159292,0.2743362831858407,0.9911504424778761,3.1149678221391883,False,0.06814112201209355,1.4398124990057113,0.0,0.0,4.610697740999967
61,math500,Qwen/Qwen3-4B,mgoin/Qwen3-4B-speculator.dflash2,0.0,8,dflash2_unary_k16_tb8,8,102,503,37.59129500031122,11.223717471171264,89.09703960105509,5.645529887999146,100,5.02,4.03,5.02,0.22,0.99,3.224944667796672,False,0.1989539100050024,1.3994964529920253,0.07317123799293768,0.02333457799431926,3.9347156940020795
61,math500,Qwen/Qwen3-4B,mgoin/Qwen3-4B-speculator.dflash2,0.0,8,dflash2_unary_k16_tb16,16,102,504,37.67049699854397,10.071310158731908,99.29194754596966,5.075940320000882,90,5.588888888888889,4.6,5.588888888888889,0.3111111111111111,0.9888888888888889,3.593958208121314,True,0.1793406469951151,1.2590437480012042,0.08764343199254654,0.02101191300789651,3.5145053600099345
61,math500,Qwen/Qwen3-4B,mgoin/Qwen3-4B-speculator.dflash2,0.0,8,dflash2_unary_k16_tb32,32,102,504,37.155635000090115,9.579244636904424,104.39236473275355,4.82793929699983,85,5.91764705882353,4.91764705882353,5.91764705882353,0.32941176470588235,1,3.778572234397698,True,0.17003581499920983,1.189666218999264,0.1231851799893775,0.020086529999389313,3.310797550011557
61,math500,Qwen/Qwen3-4B,mgoin/Qwen3-4B-speculator.dflash2,0.0,8,dflash2_unary_k16_tb64,64,102,504,37.162275999435224,9.579630500000002,104.38815985647878,4.828133772000001,83,6.0602409638554215,5.0602409638554215,6.0602409638554215,0.40963855421686746,1,3.778420035251893,False,0.16682158700132277,1.1621001439998508,0.1968392790058715,0.019523441998899216,3.2684460260061314
61,math500,Qwen/Qwen3-4B,mgoin/Qwen3-4B-speculator.dflash2,0.0,8,dflash2_pairwise_k16_tb8,8,102,503,37.12454399828857,10.688315477139694,93.5601126425219,5.376222685001267,95,5.28421052631579,4.294736842105263,5.28421052631579,0.2736842105263158,0.9894736842105263,3.386489469638719,False,0.1892359030116495,1.3279120640017936,0.08628281399614934,0.02212791199599451,3.7355588139853353
61,math500,Qwen/Qwen3-4B,mgoin/Qwen3-4B-speculator.dflash2,0.0,8,dflash2_pairwise_k16_tb16,16,102,504,37.1320949998335,9.433786150793821,106.00197884662177,4.754628220000086,84,5.988095238095238,5,5.988095238095238,0.42857142857142855,0.9880952380952381,3.836833614090813,True,0.1680333409931336,1.17378557300799,0.09729663499820163,0.01955245699537045,3.2823334949989658
61,math500,Qwen/Qwen3-4B,mgoin/Qwen3-4B-speculator.dflash2,0.0,8,dflash2_pairwise_k16_tb32,32,102,543,37.03075300109049,9.144060755066176,109.36060321405452,4.965224990000934,87,6.2298850574712645,5.241379310344827,6.2298850574712645,0.5172413793103449,0.9885057471264368,3.958401937722926,False,0.17426952698770037,1.2201689410048857,0.14433325800928287,0.02049734700449335,3.391347193004549
61,math500,Qwen/Qwen3-4B,mgoin/Qwen3-4B-speculator.dflash2,0.0,8,dflash2_pairwise_k16_tb64,64,102,504,37.164805999054806,8.806433742060944,113.55334398575431,4.438442605998716,76,6.618421052631579,5.631578947368421,6.618421052631579,0.5657894736842105,0.9868421052631579,4.1101618284633,False,0.15289404099348758,1.0620067759973608,0.19960066502062546,0.01790026400340139,2.9929665319923515
62,math500,Qwen/Qwen3-4B,mgoin/Qwen3-4B-speculator.dflash2,0.0,8,baseline,,62,731,38.114179000331205,36.321514822160275,27.531891356851826,26.551027334999162,730,1,,,,,1.0,True,0.17998425601399504,0.0,0.0,0.0,26.2502894980189
62,math500,Qwen/Qwen3-4B,mgoin/Qwen3-4B-speculator.dflash2,0.0,8,dflash2,,62,731,37.488595000468194,10.663587586869154,93.77707003892125,7.795082526001352,144,5.069444444444445,4.069444444444445,5.069444444444445,0.3819444444444444,1,3.406125239397441,False,0.08064099000330316,1.8332894400009536,0.0,0.0,5.8600121709823725
62,math500,Qwen/Qwen3-4B,mgoin/Qwen3-4B-speculator.dflash2,0.0,8,dflash2_unary_k16_tb8,8,62,731,36.917609999363776,10.585060238030634,94.47277365575498,7.737679034000394,137,5.328467153284672,4.335766423357664,5.328467153284672,0.36496350364963503,0.9927007299270073,3.4313942486280973,False,0.2726216970186215,1.9215185249886417,0.10011354600283084,0.03200306799044483,5.38967153599333
62,math500,Qwen/Qwen3-4B,mgoin/Qwen3-4B-speculator.dflash2,0.0,8,dflash2_unary_k16_tb16,16,62,731,36.923229999956675,9.878675911080812,101.2281412004123,7.221312091000073,128,5.703125,4.7109375,5.703125,0.4375,0.9921875,3.6767594310305087,True,0.25561464898601116,1.7943560809999326,0.12388863200067135,0.03003396601343411,4.99677765299748
62,math500,Qwen/Qwen3-4B,mgoin/Qwen3-4B-speculator.dflash2,0.0,8,dflash2_unary_k16_tb32,32,62,731,37.08468500008166,9.403695313270969,106.34117404769056,6.874101274001077,121,6.033057851239669,5.041322314049586,6.033057851239669,0.48760330578512395,0.9917355371900827,3.8624725293791182,True,0.24234366799464624,1.7003909239920176,0.17414947299948835,0.02843306798968115,4.708745293997708
62,math500,Qwen/Qwen3-4B,mgoin/Qwen3-4B-speculator.dflash2,0.0,8,dflash2_unary_k16_tb64,64,62,733,36.892779999107006,9.700893132333565,103.08329205967127,7.110754666000503,122,6,5.008196721311475,6,0.5327868852459017,0.9918032786885246,3.7441413204624263,False,0.24560267898777965,1.7150825440057815,0.2894413369904214,0.028796497001167154,4.810772308986998
62,math500,Qwen/Qwen3-4B,mgoin/Qwen3-4B-speculator.dflash2,0.0,8,dflash2_pairwise_k16_tb8,8,62,727,36.9340409997676,9.973731338376021,100.26337847624694,7.250902682999367,128,5.671875,4.6796875,5.671875,0.40625,0.9921875,3.641717787444869,False,0.2544858540095447,1.7960361120003654,0.11572944401268614,0.029771266019452014,5.034638516995983
62,math500,Qwen/Qwen3-4B,mgoin/Qwen3-4B-speculator.dflash2,0.0,8,dflash2_pairwise_k16_tb16,16,62,731,36.909140000716434,9.218932344732902,108.47243071171195,6.739039543999752,119,6.1344537815126055,5.142857142857143,6.1344537815126055,0.5378151260504201,0.9915966386554622,3.939882999891199,False,0.23922194499937177,1.6689602049955283,0.13716808398567082,0.027718046007066732,4.646870477012271
62,math500,Qwen/Qwen3-4B,mgoin/Qwen3-4B-speculator.dflash2,0.0,8,dflash2_pairwise_k16_tb32,32,62,731,37.116325000170036,8.979713741449386,111.36212453901601,6.564170744999502,115,6.3478260869565215,5.356521739130435,6.3478260869565215,0.5478260869565217,0.991304347826087,4.044841057071129,True,0.2303354559953732,1.6160347220156837,0.18914572298308485,0.02698213400071836,4.482634043986764
62,math500,Qwen/Qwen3-4B,mgoin/Qwen3-4B-speculator.dflash2,0.0,8,dflash2_pairwise_k16_tb64,64,62,732,36.86944899891387,8.787013038250198,113.80431503253294,6.4320935439991445,110,6.6454545454545455,5.654545454545454,6.6454545454545455,0.6272727272727273,0.990909090909091,4.133545115279943,False,0.22132890900684288,1.5435369060069206,0.2874956929936161,0.025877730005959165,4.33475676398848
63,math500,Qwen/Qwen3-4B,mgoin/Qwen3-4B-speculator.dflash2,0.0,8,baseline,,45,236,38.699931999872206,36.09981361440509,27.700974046053382,8.519556012999601,235,1,,,,,1.0,True,0.05862941300802049,0.0,0.0,0.0,8.421826871996018
63,math500,Qwen/Qwen3-4B,mgoin/Qwen3-4B-speculator.dflash2,0.0,8,dflash2,,45,236,37.5598139999056,11.208914347461961,89.21470617057845,2.6453037860010227,49,4.795918367346939,3.816326530612245,4.795918367346939,0.2653061224489796,0.9795918367346939,3.2206342644217982,True,0.02883792000466201,0.6167824640106119,0.0,0.0,1.992520981002599
63,math500,Qwen/Qwen3-4B,mgoin/Qwen3-4B-speculator.dflash2,0.0,8,dflash2_unary_k16_tb8,8,45,236,37.492594001378166,11.2315491525451,89.0349128529075,2.6506456000006438,47,5,4.0212765957446805,5,0.2765957446808511,0.9787234042553191,3.214143759164761,True,0.0936686759996519,0.6507722460082732,0.03461634499763022,0.012879668007371947,1.851235383997846
63,math500,Qwen/Qwen3-4B,mgoin/Qwen3-4B-speculator.dflash2,0.0,8,dflash2_unary_k16_tb16,16,45,236,36.94070100027602,10.509885792374515,95.14851252956085,2.4803330470003857,44,5.340909090909091,4.363636363636363,5.340909090909091,0.2727272727272727,0.9772727272727273,3.434843568005034,True,0.0875482479987113,0.6099681459963904,0.042971180999302305,0.010298758999851998,1.7225290369951836
63,math500,Qwen/Qwen3-4B,mgoin/Qwen3-4B-speculator.dflash2,0.0,8,dflash2_unary_k16_tb32,32,45,236,36.95113100002345,9.842048296608699,101.60486616841463,2.3227233979996527,41,5.7317073170731705,4.7560975609756095,5.7317073170731705,0.36585365853658536,0.975609756097561,3.6679167309963416,True,0.08173536599861109,0.5671941550008341,0.05932433099769696,0.00944278399583709,1.5983127999916178
63,math500,Qwen/Qwen3-4B,mgoin/Qwen3-4B-speculator.dflash2,0.0,8,dflash2_unary_k16_tb64,64,45,236,36.998921999838785,9.847953766947578,101.54393731581814,2.3241170889996283,40,5.875,4.9,5.875,0.35,0.975,3.665717210773869,True,0.08048460900863574,0.5537066659962875,0.09546582900657086,0.009453981003389345,1.5781432050025614
63,math500,Qwen/Qwen3-4B,mgoin/Qwen3-4B-speculator.dflash2,0.0,8,dflash2_pairwise_k16_tb8,8,45,236,37.00216299876047,11.024269292370187,90.70895979401487,2.601727552999364,46,5.108695652173913,4.130434782608695,5.108695652173913,0.2826086956521739,0.9782608695652174,3.274576541720502,True,0.09139423700253246,0.6377819190001901,0.04162047700083349,0.010643447994880262,1.8130298829983076
63,math500,Qwen/Qwen3-4B,mgoin/Qwen3-4B-speculator.dflash2,0.0,8,dflash2_pairwise_k16_tb16,16,45,236,37.02881299977889,9.8121450169486,101.91451494782146,2.3156662239998695,41,5.7317073170731705,4.7560975609756095,5.7317073170731705,0.4146341463414634,0.975609756097561,3.679094994218856,True,0.08183796400953725,0.566555237997818,0.047380336003698176,0.009672435005995794,1.6036596050107619
63,math500,Qwen/Qwen3-4B,mgoin/Qwen3-4B-speculator.dflash2,0.0,8,dflash2_pairwise_k16_tb32,32,45,236,37.510304000534234,9.41679909321804,106.19319687091954,2.2223645859994576,39,6.0256410256410255,5.051282051282051,6.0256410256410255,0.46153846153846156,0.9743589743589743,3.8335546141580212,True,0.07812416099659458,0.539745155001583,0.06418743800713855,0.009088084998438717,1.5247959249991254
63,math500,Qwen/Qwen3-4B,mgoin/Qwen3-4B-speculator.dflash2,0.0,8,dflash2_pairwise_k16_tb64,64,45,236,37.18672699869785,9.152530762710708,109.25939785684257,2.1599972599997272,37,6.351351351351352,5.378378378378378,6.351351351351352,0.5675675675675675,0.972972972972973,3.9442438982541477,True,0.07431200699829787,0.5118111269948713,0.09748607199435355,0.008782958006122499,1.4612514260079479
64,math500,Qwen/Qwen3-4B,mgoin/Qwen3-4B-speculator.dflash2,0.0,8,baseline,,114,1350,39.44265799873392,36.9255121288882,27.08154721076063,49.84944137399907,1349,1,,,,,1.0,True,0.33500087002721557,0.0,0.0,0.0,49.288587236980675
64,math500,Qwen/Qwen3-4B,mgoin/Qwen3-4B-speculator.dflash2,0.0,8,dflash2,,114,1345,37.62508599902503,11.196471981412493,89.31384829615273,15.059254814999806,274,4.905109489051095,3.908759124087591,4.905109489051095,0.3102189781021898,0.9963503649635036,3.297959588537268,False,0.15953434498260322,3.558732596979098,0.0,0.0,11.300179918014692
64,math500,Qwen/Qwen3-4B,mgoin/Qwen3-4B-speculator.dflash2,0.0,8,dflash2_unary_k16_tb8,8,114,1082,37.433163000969216,11.169600621996391,89.52871582809249,12.085507873000097,211,5.123222748815166,4.127962085308057,5.123222748815166,0.26066350710900477,0.995260663507109,3.305893682194014,False,0.42615440200643206,3.008909311991374,0.15679546599676542,0.04948367299948586,8.410362945996894
64,math500,Qwen/Qwen3-4B,mgoin/Qwen3-4B-speculator.dflash2,0.0,8,dflash2_unary_k16_tb16,16,114,1080,37.58483499950671,10.00735740740816,99.92648001756476,10.807946000000811,189,5.708994708994709,4.714285714285714,5.708994708994709,0.3386243386243386,0.9947089947089947,3.6898364498856915,False,0.37981539700012945,2.693999906990939,0.1853534129968466,0.04459435798344202,7.473456692023319
64,math500,Qwen/Qwen3-4B,mgoin/Qwen3-4B-speculator.dflash2,0.0,8,dflash2_unary_k16_tb32,32,114,1347,37.495632999707595,10.198239420935206,98.05614074397728,13.737028499999724,238,5.65546218487395,4.659663865546219,5.65546218487395,0.36134453781512604,0.9957983193277311,3.6207732143537017,False,0.48112551299709594,3.4082445680051023,0.35025906300506904,0.05646708900894737,9.401310973986256
64,math500,Qwen/Qwen3-4B,mgoin/Qwen3-4B-speculator.dflash2,0.0,8,dflash2_unary_k16_tb64,64,114,1508,37.575084999843966,10.181510734748096,98.21725145239374,15.35371818800013,260,5.796153846153846,4.8,5.796153846153846,0.38461538461538464,0.9961538461538462,3.626722309771427,False,0.5280598749941419,3.720004685990716,0.6317435310083965,0.062322989007952856,10.365893431990116
64,math500,Qwen/Qwen3-4B,mgoin/Qwen3-4B-speculator.dflash2,0.0,8,dflash2_pairwise_k16_tb8,8,114,1234,37.533583999902476,10.623090837926084,94.13456170682873,13.108894094000789,228,5.407894736842105,4.412280701754386,5.407894736842105,0.2850877192982456,0.9956140350877193,3.4759669000530793,False,0.45873004600071,3.25283020200186,0.20999896399916906,0.05371929600005387,9.096874057002424
64,math500,Qwen/Qwen3-4B,mgoin/Qwen3-4B-speculator.dflash2,0.0,8,dflash2_pairwise_k16_tb16,16,114,1220,37.60395700010122,9.83914654098342,101.63483141903183,12.003758779999773,209,5.832535885167464,4.837320574162679,5.832535885167464,0.37799043062200954,0.9952153110047847,3.752918200280967,False,0.4205607589756255,2.9839717550112255,0.24583208699914394,0.049484816008771304,8.269783259993346
64,math500,Qwen/Qwen3-4B,mgoin/Qwen3-4B-speculator.dflash2,0.0,8,dflash2_pairwise_k16_tb32,32,114,1202,37.6176760000817,9.049483411814048,110.50354528464086,10.877479061000486,188,6.388297872340425,5.3936170212765955,6.388297872340425,0.5106382978723404,0.9946808510638298,4.080400001693152,False,0.37940986599096505,2.686108077998142,0.31410429200332146,0.04467194699100219,7.421649601010358
64,math500,Qwen/Qwen3-4B,mgoin/Qwen3-4B-speculator.dflash2,0.0,8,dflash2_pairwise_k16_tb64,64,114,1200,37.479153001186205,8.948187569167203,111.7544745536742,10.737825083000644,181,6.624309392265193,5.629834254143646,6.624309392265193,0.5524861878453039,0.994475138121547,4.126591205589224,False,0.3686791739837645,2.587253116995271,0.48066505600945675,0.043110100988997146,7.226168188013617
65,math500,Qwen/Qwen3-4B,mgoin/Qwen3-4B-speculator.dflash2,0.0,8,baseline,,69,884,39.22882400001981,36.422939392535504,27.45522510478491,32.197878423001384,883,1,,,,,1.0,True,0.21877389699875494,0.0,0.0,0.0,31.83270643598371
65,math500,Qwen/Qwen3-4B,mgoin/Qwen3-4B-speculator.dflash2,0.0,8,dflash2,,69,882,37.74273999988509,9.560896646258769,104.59270055924154,8.432710842000233,155,5.683870967741935,4.690322580645161,5.683870967741935,0.44516129032258067,0.9935483870967742,3.809573593370869,False,0.0846599390006304,1.983297742990544,0.0,0.0,6.341763609996633
65,math500,Qwen/Qwen3-4B,mgoin/Qwen3-4B-speculator.dflash2,0.0,8,dflash2_unary_k16_tb8,8,69,882,37.75027899973793,9.679079674603441,103.31560784894259,8.536948273000235,149,5.912751677852349,4.919463087248322,5.912751677852349,0.4697986577181208,0.9932885906040269,3.7630581229850018,False,0.29943715799709025,2.124114724007086,0.10980490800830012,0.03507120598987967,5.94460903498657
65,math500,Qwen/Qwen3-4B,mgoin/Qwen3-4B-speculator.dflash2,0.0,8,dflash2_unary_k16_tb16,16,69,821,37.83893099898705,9.424549978074948,106.10586206517834,7.737555531999533,135,6.074074074074074,5.0814814814814815,6.074074074074074,0.4962962962962963,0.9925925925925926,3.864687383192723,False,0.27192752700102574,1.9264139429960778,0.13154134600517864,0.03185291900081211,5.35372382100104
65,math500,Qwen/Qwen3-4B,mgoin/Qwen3-4B-speculator.dflash2,0.0,8,dflash2_unary_k16_tb32,32,69,893,37.88652299954265,9.105288492721446,109.82628401059192,8.131022624000252,141,6.326241134751773,5.333333333333333,6.326241134751773,0.5319148936170213,0.9929078014184397,4.000196086225181,False,0.2849542709936941,2.0140920680023555,0.20369990399376547,0.033437511992815416,5.571181616998729
65,math500,Qwen/Qwen3-4B,mgoin/Qwen3-4B-speculator.dflash2,0.0,8,dflash2_unary_k16_tb64,64,69,864,37.88337299920386,8.891537255787322,112.46649158998015,7.6822881890002455,130,6.638461538461539,5.6461538461538465,6.638461538461539,0.6,0.9923076923076923,4.096360206872951,False,0.26402765600687417,1.8562792609955068,0.30796034801642236,0.030877132010573405,5.200339960008932
65,math500,Qwen/Qwen3-4B,mgoin/Qwen3-4B-speculator.dflash2,0.0,8,dflash2_pairwise_k16_tb8,8,69,900,37.855102000321494,9.66051530222305,103.51414688716272,8.694463772000745,151,5.953642384105961,4.960264900662252,5.953642384105961,0.4370860927152318,0.9933774834437086,3.7702894983411457,False,0.30402783200042904,2.15470450700559,0.1383428410081251,0.03561996700591408,6.037509421015784
65,math500,Qwen/Qwen3-4B,mgoin/Qwen3-4B-speculator.dflash2,0.0,8,dflash2_pairwise_k16_tb16,16,69,893,37.857493000046816,8.82805944232917,113.27517746484077,7.88345708199995,137,6.510948905109489,5.518248175182482,6.510948905109489,0.5912408759124088,0.9927007299270073,4.125814923480599,False,0.27603474700845254,1.9571788780012866,0.1594964140022057,0.03257263200066518,5.435855226023705
65,math500,Qwen/Qwen3-4B,mgoin/Qwen3-4B-speculator.dflash2,0.0,8,dflash2_pairwise_k16_tb32,32,69,864,37.94701399965561,8.309469276620499,120.3446293271217,7.179381455000111,124,6.959677419354839,5.967741935483871,6.959677419354839,0.6774193548387096,0.9919354838709677,4.383305140198904,False,0.25074463801320235,1.7705461509958695,0.20424758900117013,0.02941072300382075,4.903602834996491
65,math500,Qwen/Qwen3-4B,mgoin/Qwen3-4B-speculator.dflash2,0.0,8,dflash2_pairwise_k16_tb64,64,69,882,37.880551999478485,8.40755366439813,118.94066216127885,7.415462331999151,125,7.048,6.056,7.048,0.696,0.992,4.3321685292083005,False,0.2542231640054524,1.7832252959906327,0.3246812119959941,0.029755318006209563,5.001620638997338
66,math500,Qwen/Qwen3-4B,mgoin/Qwen3-4B-speculator.dflash2,0.0,8,baseline,,101,2048,38.73239299900888,36.52876849560549,27.37568336365631,74.81091787900004,2048,1,,,,,1.0,True,0.506560341007571,0.0,0.0,0.0,73.96458687502854
66,math500,Qwen/Qwen3-4B,mgoin/Qwen3-4B-speculator.dflash2,0.0,8,dflash2,,101,2048,36.86454899980163,10.05723255371116,99.43093138787926,20.597212270000455,374,5.473262032085562,4.475935828877005,5.473262032085562,0.4197860962566845,0.9973262032085561,3.632089473970275,False,0.20666968098885263,4.78457486599109,0.0,0.0,15.550559960009195
66,math500,Qwen/Qwen3-4B,mgoin/Qwen3-4B-speculator.dflash2,0.0,8,dflash2_unary_k16_tb8,8,101,1617,37.10709400002088,10.399175323439156,96.16147135687349,16.815466498001115,297,5.441077441077441,4.441077441077441,5.441077441077441,0.3434343434343434,1,3.51266012539203,False,0.5934760469899629,4.190831876005177,0.2208712779902271,0.06959107600960124,11.692940705001092
66,math500,Qwen/Qwen3-4B,mgoin/Qwen3-4B-speculator.dflash2,0.0,8,dflash2_unary_k16_tb16,16,101,2048,37.284808000549674,9.133134911133212,109.49142980259809,18.704660298000817,330,6.203030303030303,5.203030303030303,6.203030303030303,0.48484848484848486,1,3.999587091511945,False,0.6605528949785366,4.668211324014919,0.32070780501453555,0.07740936399386555,12.924149685994053
66,math500,Qwen/Qwen3-4B,mgoin/Qwen3-4B-speculator.dflash2,0.0,8,dflash2_unary_k16_tb32,32,101,1617,37.32020899951749,9.39095244774243,106.48547158178809,15.185170107999511,266,6.075187969924812,5.078947368421052,6.075187969924812,0.4699248120300752,0.9962406015037594,3.889783139556515,False,0.5338072310114512,3.7660557710041758,0.382215797999379,0.06289364599251712,10.395714050009701
66,math500,Qwen/Qwen3-4B,mgoin/Qwen3-4B-speculator.dflash2,0.0,8,dflash2_unary_k16_tb64,64,101,2048,37.20820699891192,9.794978027832357,102.09313355869787,20.060115001000668,344,5.950581395348837,4.953488372093023,5.950581395348837,0.436046511627907,0.997093023255814,3.7293364407566068,False,0.6932188249866158,4.859682390004309,0.824682459988253,0.0814869389996602,13.540860192029868
66,math500,Qwen/Qwen3-4B,mgoin/Qwen3-4B-speculator.dflash2,0.0,8,dflash2_pairwise_k16_tb8,8,101,2048,37.20847600015986,9.355695068848036,106.88676711255081,19.160463501000777,337,6.074183976261128,5.077151335311573,6.074183976261128,0.45103857566765576,0.9970326409495549,3.904441971098067,False,0.6724352890141745,4.767151436013592,0.30618245402183675,0.07871504998911405,13.28200876101073
66,math500,Qwen/Qwen3-4B,mgoin/Qwen3-4B-speculator.dflash2,0.0,8,dflash2_pairwise_k16_tb16,16,101,2048,37.286398001015186,8.698423678222156,114.9633585339898,17.814371692998975,314,6.519108280254777,5.522292993630574,6.519108280254777,0.5923566878980892,0.9968152866242038,4.199469909365405,False,0.6278040340166626,4.43607163699744,0.36131082101019274,0.07374928300851025,12.264157740029987
66,math500,Qwen/Qwen3-4B,mgoin/Qwen3-4B-speculator.dflash2,0.0,8,dflash2_pairwise_k16_tb32,32,101,1653,37.856161001400324,8.510527179674094,117.50153414565494,14.067901428001276,246,6.715447154471545,5.719512195121951,6.715447154471545,0.6138211382113821,0.9959349593495935,4.292186338685113,False,0.4929546420062252,3.4779346660125157,0.40725305000160006,0.057884091986124986,9.59076391601775
66,math500,Qwen/Qwen3-4B,mgoin/Qwen3-4B-speculator.dflash2,0.0,8,dflash2_pairwise_k16_tb64,64,101,2048,37.361759999839705,8.462338272460457,118.17064832475035,17.330868781999015,296,6.91554054054054,5.918918918918919,6.91554054054054,0.6722972972972973,0.9966216216216216,4.316628255630416,False,0.5964679420012544,4.192888496019805,0.7660178100159101,0.06996554600300442,11.65399151998281
67,math500,Qwen/Qwen3-4B,mgoin/Qwen3-4B-speculator.dflash2,0.0,8,baseline,,65,619,38.95699699933175,36.11965020840296,27.685760914909352,22.35806347900143,618,1,,,,,1.0,True,0.15276562301733065,0.0,0.0,0.0,22.103254987034234
67,math500,Qwen/Qwen3-4B,mgoin/Qwen3-4B-speculator.dflash2,0.0,8,dflash2,,65,630,37.43575099906593,11.081215219048087,90.24281003775174,6.9811655880002945,130,4.838461538461538,3.8461538461538463,4.838461538461538,0.34615384615384615,0.9923076923076923,3.259538732386948,False,0.0736503649786755,1.639514289005092,0.0,0.0,5.248843514998953
67,math500,Qwen/Qwen3-4B,mgoin/Qwen3-4B-speculator.dflash2,0.0,8,dflash2_unary_k16_tb8,8,65,619,37.4690010012273,11.15819605815879,89.6202212963275,6.906923360000292,122,5.065573770491803,4.073770491803279,5.065573770491803,0.29508196721311475,0.9918032786885246,3.2370510448230148,True,0.24320034799166024,1.7160382729980483,0.08930135899572633,0.02853974300523987,4.8103746569995565
67,math500,Qwen/Qwen3-4B,mgoin/Qwen3-4B-speculator.dflash2,0.0,8,dflash2_unary_k16_tb16,16,65,597,37.53582399986044,10.505683954773668,95.18656798595306,6.2718933209998795,111,5.36936936936937,4.378378378378378,5.36936936936937,0.3333333333333333,0.990990990990991,3.4381055401909917,False,0.22136773200327298,1.5565587530054472,0.1083213800102385,0.026090942996233935,4.341566476005028
67,math500,Qwen/Qwen3-4B,mgoin/Qwen3-4B-speculator.dflash2,0.0,8,dflash2_unary_k16_tb32,32,65,613,37.428601001010975,9.845229316475201,101.57203736499874,6.035125570999298,106,5.773584905660377,4.783018867924528,5.773584905660377,0.4056603773584906,0.9905660377358491,3.6687464605785896,False,0.21362326700909762,1.489527615987754,0.1535921810027503,0.025005346002217266,4.135835369992492
67,math500,Qwen/Qwen3-4B,mgoin/Qwen3-4B-speculator.dflash2,0.0,8,dflash2_unary_k16_tb64,64,65,619,37.43316299915023,9.892948822293882,101.08209573939044,6.123735320999912,105,5.885714285714286,4.895238095238096,5.885714285714286,0.41904761904761906,0.9904761904761905,3.6510499404390817,True,0.21155395900132135,1.4735966619991814,0.250206500002605,0.024913944995205384,4.145238511990101
67,math500,Qwen/Qwen3-4B,mgoin/Qwen3-4B-speculator.dflash2,0.0,8,dflash2_pairwise_k16_tb8,8,65,608,37.95028300010017,10.657770246711463,93.82825645998118,6.479924310000569,114,5.324561403508772,4.333333333333333,5.324561403508772,0.3684210526315789,0.9912280701754386,3.3890438029988452,False,0.22727591800139635,1.6039429380052752,0.10324597198632546,0.02673673300705559,4.500459565990241
67,math500,Qwen/Qwen3-4B,mgoin/Qwen3-4B-speculator.dflash2,0.0,8,dflash2_pairwise_k16_tb16,16,65,609,37.524084000324365,9.593418067321444,104.23813420644636,5.8423916029987595,103,5.902912621359223,4.912621359223301,5.902912621359223,0.4368932038834951,0.9902912621359223,3.765044945913406,False,0.20568018999983906,1.4454405379947275,0.11894903698703274,0.02418269000008877,4.031519970998488
67,math500,Qwen/Qwen3-4B,mgoin/Qwen3-4B-speculator.dflash2,0.0,8,dflash2_pairwise_k16_tb32,32,65,607,37.476442999832216,9.049845382209844,110.49912542879424,5.493256147001375,96,6.3125,5.322916666666667,6.3125,0.53125,0.9895833333333334,3.9911897588224927,False,0.19243479999386182,1.3526348049999797,0.15787215199816274,0.02276223799708532,3.751596750007593
67,math500,Qwen/Qwen3-4B,mgoin/Qwen3-4B-speculator.dflash2,0.0,8,dflash2_pairwise_k16_tb64,64,65,616,37.62048599855916,9.43323498051848,106.0081723889207,5.810872747999383,99,6.212121212121212,5.222222222222222,6.212121212121212,0.494949494949495,0.98989898989899,3.828978105919896,False,0.20088523600679764,1.3925312040046265,0.2612047490056284,0.023241528006110457,3.915603862998978
68,math500,Qwen/Qwen3-4B,mgoin/Qwen3-4B-speculator.dflash2,0.0,8,baseline,,81,422,38.655110000036075,36.03522425592062,27.750625135507494,15.2068646359985,421,1,,,,,1.0,True,0.10406488602347963,0.0,0.0,0.0,15.033137288968646
68,math500,Qwen/Qwen3-4B,mgoin/Qwen3-4B-speculator.dflash2,0.0,8,dflash2,,81,415,37.42386199883185,11.013893542166256,90.79441309029723,4.5707658199989964,85,4.870588235294117,3.8823529411764706,4.870588235294117,0.3176470588235294,0.9882352941176471,3.2717970368935547,False,0.049244002999330405,1.0699059379967366,0.0,0.0,3.43907363800281
68,math500,Qwen/Qwen3-4B,mgoin/Qwen3-4B-speculator.dflash2,0.0,8,dflash2_unary_k16_tb8,8,81,416,37.79075999955239,11.153079127404034,89.66133823465107,4.639680917000078,82,5.060975609756097,4.073170731707317,5.060975609756097,0.25609756097560976,0.9878048780487805,3.2309664303716006,False,0.16337448699050583,1.1476423570038605,0.06047425800716155,0.01925338899673079,3.235895406000054
68,math500,Qwen/Qwen3-4B,mgoin/Qwen3-4B-speculator.dflash2,0.0,8,dflash2_unary_k16_tb16,16,81,374,37.59731500031194,10.12763455882011,98.73973968868225,3.787735324998721,67,5.567164179104478,4.582089552238806,5.567164179104478,0.3283582089552239,0.9850746268656716,3.55810866265289,False,0.13397701400026563,0.9361982389964396,0.06530538499282557,0.015785681005581864,2.6256569029901584
68,math500,Qwen/Qwen3-4B,mgoin/Qwen3-4B-speculator.dflash2,0.0,8,dflash2_unary_k16_tb32,32,81,369,37.64813599991612,10.019458674796033,99.80579115671209,3.6971802509997356,65,5.661538461538462,4.676923076923077,5.661538461538462,0.3384615384615385,0.9846153846153847,3.596524066371699,False,0.13020107000011194,0.9075279050084646,0.09482582599594025,0.01528310400317423,2.5384919209936925
68,math500,Qwen/Qwen3-4B,mgoin/Qwen3-4B-speculator.dflash2,0.0,8,dflash2_unary_k16_tb64,64,81,374,37.54623500026355,9.986189620318854,100.13829478716333,3.734834917999251,64,5.828125,4.84375,5.828125,0.390625,0.984375,3.6085059092609173,False,0.1293061790001957,0.8934188330003963,0.15366339300089749,0.01514990699615737,2.5321830029934063
68,math500,Qwen/Qwen3-4B,mgoin/Qwen3-4B-speculator.dflash2,0.0,8,dflash2_pairwise_k16_tb8,8,81,412,37.4203999999736,10.342009655343062,96.6930058398624,4.260907978001342,75,5.48,4.493333333333333,5.48,0.37333333333333335,0.9866666666666667,3.484354149418483,False,0.1500891299911018,1.0510722959970735,0.06859655399057374,0.017493960991487256,2.961537526010943
68,math500,Qwen/Qwen3-4B,mgoin/Qwen3-4B-speculator.dflash2,0.0,8,dflash2_pairwise_k16_tb16,16,81,386,37.65595699951518,9.264745945592901,107.93604119017259,3.5761919349988602,63,6.111111111111111,5.126984126984127,6.111111111111111,0.4126984126984127,0.9841269841269841,3.889499449584154,False,0.12581612699796096,0.8801526980059862,0.07359461199848738,0.01471649300219724,2.471686670991403
68,math500,Qwen/Qwen3-4B,mgoin/Qwen3-4B-speculator.dflash2,0.0,8,dflash2_pairwise_k16_tb32,32,81,374,37.58717599885131,9.046428518714604,110.54086128368466,3.383364265999262,59,6.322033898305085,5.338983050847458,6.322033898305085,0.5254237288135594,0.9830508474576272,3.9833647258001896,False,0.11845683000137797,0.8262459649977245,0.09825861000354053,0.013913626989960903,2.316682740001852
68,math500,Qwen/Qwen3-4B,mgoin/Qwen3-4B-speculator.dflash2,0.0,8,dflash2_pairwise_k16_tb64,64,81,374,37.559414999122964,8.786300016040245,113.81355043356164,3.286076205999052,56,6.660714285714286,5.678571428571429,6.660714285714286,0.5892857142857143,0.9821428571428571,4.101296813235924,False,0.11339981700621138,0.7818564000026527,0.148859524017098,0.013118940991262207,2.2191575419856235
69,math500,Qwen/Qwen3-4B,mgoin/Qwen3-4B-speculator.dflash2,0.0,8,baseline,,108,384,38.62932999982149,36.14680916926242,27.66495917571485,13.88037472099677,383,1,,,,,1.0,True,0.09456990898979711,0.0,0.0,0.0,13.722238046066195
69,math500,Qwen/Qwen3-4B,mgoin/Qwen3-4B-speculator.dflash2,0.0,8,dflash2,,108,384,36.96022999793058,10.465320106770074,95.55369446875251,4.018682920999709,75,5.1066666666666665,4.12,5.1066666666666665,0.41333333333333333,0.9866666666666667,3.4539611593800026,True,0.04121474001658498,0.9416428090189584,0.0,0.0,3.024842238985002
69,math500,Qwen/Qwen3-4B,mgoin/Qwen3-4B-speculator.dflash2,0.0,8,dflash2_unary_k16_tb8,8,108,384,37.1471449980163,10.616832320314037,94.19005309960673,4.07686361100059,72,5.319444444444445,4.333333333333333,5.319444444444445,0.3333333333333333,0.9861111111111112,3.404669875034178,True,0.14380889499079785,1.0082749079992936,0.05279764401711873,0.016947038002399495,2.84360427901629
69,math500,Qwen/Qwen3-4B,mgoin/Qwen3-4B-speculator.dflash2,0.0,8,dflash2_unary_k16_tb16,16,108,384,37.24512699773186,9.57162747916603,104.47544079380837,3.6755049519997556,65,5.892307692307693,4.907692307692308,5.892307692307693,0.49230769230769234,0.9846153846153847,3.776453821248366,True,0.13016955399871222,0.9077450839831727,0.06316211800367455,0.01512615300816833,2.5486984989984194
69,math500,Qwen/Qwen3-4B,mgoin/Qwen3-4B-speculator.dflash2,0.0,8,dflash2_unary_k16_tb32,32,108,384,37.06195300037507,9.34160991666507,107.04792952401479,3.5871782079993864,63,6.079365079365079,5.095238095238095,6.079365079365079,0.5079365079365079,0.9841269841269841,3.869441080469215,True,0.12766673398800776,0.8811563259878312,0.09090532201298629,0.014760599991859635,2.462271097007033
69,math500,Qwen/Qwen3-4B,mgoin/Qwen3-4B-speculator.dflash2,0.0,8,dflash2_unary_k16_tb64,64,108,384,37.17263399812509,9.400327309900073,106.37927457556052,3.609725687001628,62,6.17741935483871,5.193548387096774,6.17741935483871,0.5161290322580645,0.9838709677419355,3.8452713376473553,True,0.12497801100835204,0.8649877319840016,0.1465047280107683,0.0147445870024967,2.4477611649926985
69,math500,Qwen/Qwen3-4B,mgoin/Qwen3-4B-speculator.dflash2,0.0,8,dflash2_pairwise_k16_tb8,8,108,384,36.91191899997648,9.880552872393386,101.20891137519595,3.79413230299906,67,5.7164179104477615,4.7164179104477615,5.7164179104477615,0.43283582089552236,1,3.6583792057080005,True,0.13380637801310513,0.9340074969841226,0.06033676801234833,0.01552524800717947,2.639732047002326
69,math500,Qwen/Qwen3-4B,mgoin/Qwen3-4B-speculator.dflash2,0.0,8,dflash2_pairwise_k16_tb16,16,108,384,36.8877290020464,9.125286914060856,109.58559543581393,3.5041101749993686,62,6.17741935483871,5.193548387096774,6.17741935483871,0.532258064516129,0.9838709677419355,3.9611696059183608,True,0.12364841398448334,0.8625243150236201,0.07140329100366216,0.014478868004516698,2.422058863001439
69,math500,Qwen/Qwen3-4B,mgoin/Qwen3-4B-speculator.dflash2,0.0,8,dflash2_pairwise_k16_tb32,32,108,384,36.76282700325828,8.590641614584152,116.40574067277129,3.2988063800003147,58,6.603448275862069,5.620689655172414,6.603448275862069,0.5689655172413793,0.9827586206896551,4.207696094305312,True,0.11593912298849318,0.8068096789975243,0.09574526200231048,0.013443391992041143,2.257326656992518
69,math500,Qwen/Qwen3-4B,mgoin/Qwen3-4B-speculator.dflash2,0.0,8,dflash2_pairwise_k16_tb64,64,108,384,36.95290999894496,8.645143622392956,115.67187818716681,3.319735150998895,57,6.719298245614035,5.7368421052631575,6.719298245614035,0.6140350877192983,0.9824561403508771,4.181169307081687,True,0.11458795398721122,0.7919572780228918,0.14814768799260492,0.013424709981336491,2.2417913029967167
70,math500,Qwen/Qwen3-4B,mgoin/Qwen3-4B-speculator.dflash2,0.0,8,baseline,,91,871,38.541038000403205,35.89808526061801,27.85663894717666,31.267232261998288,870,1,,,,,1.0,True,0.21524073391628917,0.0,0.0,0.0,30.90894648700123
70,math500,Qwen/Qwen3-4B,mgoin/Qwen3-4B-speculator.dflash2,0.0,8,dflash2,,91,833,37.23314700255287,10.059302959183311,99.4104665161797,8.3793993649997,157,5.2993630573248405,4.305732484076433,5.2993630573248405,0.37579617834394907,0.9936305732484076,3.5686454027956307,False,0.0895848420150287,1.9693577619946154,0.0,0.0,6.2975373010085605
70,math500,Qwen/Qwen3-4B,mgoin/Qwen3-4B-speculator.dflash2,0.0,8,dflash2_unary_k16_tb8,8,91,876,37.3034380027093,10.158644254564328,98.4383324133725,8.89897236699835,158,5.537974683544304,4.537974683544304,5.537974683544304,0.379746835443038,1,3.5337476498883036,False,0.31420598297700053,2.214222782993602,0.11569514200164122,0.03678380898782052,6.193042539009184
70,math500,Qwen/Qwen3-4B,mgoin/Qwen3-4B-speculator.dflash2,0.0,8,dflash2_unary_k16_tb16,16,91,1157,37.25246700196294,9.43557861019938,105.98184184688482,10.916964452000684,194,5.958762886597938,4.958762886597938,5.958762886597938,0.4484536082474227,1,3.804545194696805,False,0.3859653080107819,2.7226502139892546,0.18841068401525263,0.045193650978035294,7.543268432025798
70,math500,Qwen/Qwen3-4B,mgoin/Qwen3-4B-speculator.dflash2,0.0,8,dflash2_unary_k16_tb32,32,91,833,37.31289899951662,8.912315596637532,112.20428508807333,7.423958891999064,131,6.351145038167939,5.358778625954199,6.351145038167939,0.5267175572519084,0.9923664122137404,4.027918992698346,False,0.26355511800647946,1.8336450990173034,0.18931845200495445,0.03099418697092915,5.084555459001422
70,math500,Qwen/Qwen3-4B,mgoin/Qwen3-4B-speculator.dflash2,0.0,8,dflash2_unary_k16_tb64,64,91,831,37.31106799750705,9.15963756076888,109.17462545494624,7.61165881299894,131,6.33587786259542,5.343511450381679,6.33587786259542,0.5572519083969466,0.9923664122137404,3.9191600128776973,False,0.26401314502436435,1.8365386630248395,0.3116926339826023,0.03108512797189178,5.145443783978408
70,math500,Qwen/Qwen3-4B,mgoin/Qwen3-4B-speculator.dflash2,0.0,8,dflash2_pairwise_k16_tb8,8,91,833,37.22188599931542,10.007130488592113,99.9287459217181,8.33593969699723,147,5.659863945578231,4.666666666666667,5.659863945578231,0.3469387755102041,0.9931972789115646,3.587250641084471,False,0.29326418800337706,2.0688382900007127,0.13498482100840192,0.034633986972039565,5.7806789120149915
70,math500,Qwen/Qwen3-4B,mgoin/Qwen3-4B-speculator.dflash2,0.0,8,dflash2_pairwise_k16_tb16,16,91,857,37.24107699963497,8.975543458577752,111.41386642658608,7.692040744001133,136,6.294117647058823,5.301470588235294,6.294117647058823,0.5367647058823529,0.9926470588235294,3.9995444761966934,False,0.2710871780036541,1.9092437340332253,0.15697855499456637,0.03180842198707978,5.300694048975856
70,math500,Qwen/Qwen3-4B,mgoin/Qwen3-4B-speculator.dflash2,0.0,8,dflash2_pairwise_k16_tb32,32,91,862,37.34062999865273,8.51983095475454,117.37322081982677,7.344094282998412,129,6.674418604651163,5.682170542635659,6.674418604651163,0.6046511627906976,0.9922480620155039,4.213473888303486,False,0.2578426199979731,1.8104587659981917,0.21096122100425418,0.03021147000254132,5.013035200019658
70,math500,Qwen/Qwen3-4B,mgoin/Qwen3-4B-speculator.dflash2,0.0,8,dflash2_pairwise_k16_tb64,64,91,862,37.515853000513744,8.519336163575847,117.38003769301514,7.343667773002381,126,6.833333333333333,5.841269841269841,6.833333333333333,0.6349206349206349,0.9920634920634921,4.213718600998413,False,0.2535241009936726,1.7659907310153358,0.32605157899160986,0.02950191599666141,4.946596925994527
71,math500,Qwen/Qwen3-4B,mgoin/Qwen3-4B-speculator.dflash2,0.0,8,baseline,,177,2048,37.920893999398686,36.044047368163135,27.743832144757324,73.8182090099981,2048,1,,,,,1.0,True,0.5042580370827636,0.0,0.0,0.0,72.97963999406784
71,math500,Qwen/Qwen3-4B,mgoin/Qwen3-4B-speculator.dflash2,0.0,8,dflash2,,177,2048,37.5710930020432,9.535277913574447,104.87371307514775,19.528249167000467,366,5.592896174863388,4.595628415300546,5.592896174863388,0.44808743169398907,0.9972677595628415,3.780073081755775,False,0.19815321997884894,4.608695010032534,0.0,0.0,14.667924434015731
71,math500,Qwen/Qwen3-4B,mgoin/Qwen3-4B-speculator.dflash2,0.0,8,dflash2_unary_k16_tb8,8,177,2048,36.87293799885083,11.10432882373047,90.0549700818435,22.741665431,403,5.079404466501241,4.0818858560794045,5.079404466501241,0.2704714640198511,0.9975186104218362,3.2459456073684816,False,0.802487928973278,5.667132204001973,0.2972812609623361,0.09415205498225987,15.816627505992074
71,math500,Qwen/Qwen3-4B,mgoin/Qwen3-4B-speculator.dflash2,0.0,8,dflash2_unary_k16_tb16,16,177,1959,36.89515900259721,10.754890909136696,92.98095242885833,21.068831290998787,374,5.235294117647059,4.237967914438503,5.235294117647059,0.2887700534759358,0.9973262032085561,3.3514098536826924,False,0.7457089280214859,5.251943396033312,0.36764222802594304,0.08762762699552695,14.555493589952675
71,math500,Qwen/Qwen3-4B,mgoin/Qwen3-4B-speculator.dflash2,0.0,8,dflash2_unary_k16_tb32,32,177,1247,36.961010002414696,11.146257914195699,89.71620858749515,13.899383619002037,245,5.085714285714285,4.089795918367347,5.085714285714285,0.2530612244897959,0.9959183673469387,3.2337352720196795,False,0.4899414439969405,3.43698136994135,0.36324560799766914,0.05761645801612758,9.510878979999688
71,math500,Qwen/Qwen3-4B,mgoin/Qwen3-4B-speculator.dflash2,0.0,8,dflash2_unary_k16_tb64,64,177,2048,36.97545099930721,10.393919291503906,96.21009861192688,21.286746709,366,5.592896174863388,4.592896174863388,5.592896174863388,0.3469945355191257,1,3.467801351663939,False,0.7361103030343656,5.148838809021981,0.8958527140348451,0.08617103402139037,14.355953841979499
71,math500,Qwen/Qwen3-4B,mgoin/Qwen3-4B-speculator.dflash2,0.0,8,dflash2_pairwise_k16_tb8,8,177,640,36.80524800074636,11.57757619218387,86.37386473648168,7.409648762997676,131,4.877862595419847,3.885496183206107,4.877862595419847,0.24427480916030533,0.9923664122137404,3.1132636719330606,False,0.2609402030102501,1.832837842979643,0.11913425901002483,0.030659358017146587,5.145221899976605
71,math500,Qwen/Qwen3-4B,mgoin/Qwen3-4B-speculator.dflash2,0.0,8,dflash2_pairwise_k16_tb16,16,177,1016,37.00929099795758,10.670850528543907,93.7132421942429,10.84158413700061,192,5.286458333333333,4.291666666666667,5.286458333333333,0.28125,0.9947916666666666,3.377804540673435,False,0.38251989298078115,2.691122076987085,0.22419469902524725,0.04495557798873051,7.467751734973717
71,math500,Qwen/Qwen3-4B,mgoin/Qwen3-4B-speculator.dflash2,0.0,8,dflash2_pairwise_k16_tb32,32,177,2048,36.93711100277142,9.052373564941263,110.4682647955314,18.539261060999706,326,6.279141104294479,5.282208588957055,6.279141104294479,0.49693251533742333,0.9969325153374233,3.9817233689689218,False,0.6526115989981918,4.574205501019605,0.5412253699687426,0.07666744299058337,12.640318758010835
71,math500,Qwen/Qwen3-4B,mgoin/Qwen3-4B-speculator.dflash2,0.0,8,dflash2_pairwise_k16_tb64,64,177,1349,36.83690899924841,9.686236175686208,103.23927497350708,13.066732601000695,224,6.017857142857143,5.017857142857143,6.017857142857143,0.40625,1,3.721161317399908,False,0.4498700379845104,3.1426604579864943,0.600730116955674,0.05283767399305361,8.781584667987772
72,math500,Qwen/Qwen3-4B,mgoin/Qwen3-4B-speculator.dflash2,0.0,8,baseline,,54,427,38.61859899916453,36.40142750585487,27.471450119343757,15.54340954500003,426,1,,,,,1.0,True,0.10542528500809567,0.0,0.0,0.0,15.36698609999803
72,math500,Qwen/Qwen3-4B,mgoin/Qwen3-4B-speculator.dflash2,0.0,8,dflash2,,54,427,37.52251299738418,10.522167002343624,95.03745756717869,4.492965310000727,83,5.132530120481928,4.144578313253012,5.132530120481928,0.3253012048192771,0.9879518072289156,3.4594991219724136,True,0.047726632004923886,1.0533798730029957,0.0,0.0,3.3795789159848937
72,math500,Qwen/Qwen3-4B,mgoin/Qwen3-4B-speculator.dflash2,0.0,8,dflash2_unary_k16_tb8,8,54,427,37.56592499848921,10.443181014048324,95.75626417418074,4.459238292998634,79,5.3924050632911396,4.405063291139241,5.3924050632911396,0.3291139240506329,0.9873417721518988,3.485664708567928,True,0.15810185400187038,1.102873458985414,0.05806111700076144,0.018429743991873693,3.10919962299522
72,math500,Qwen/Qwen3-4B,mgoin/Qwen3-4B-speculator.dflash2,0.0,8,dflash2_unary_k16_tb16,16,54,316,37.07287400175119,9.79269537025244,102.11693126263577,3.094491736999771,55,5.7272727272727275,4.745454545454545,5.7272727272727275,0.41818181818181815,0.9818181818181818,3.717202070477201,False,0.10960299799626227,0.7622862649950548,0.05416383599367691,0.012931870991451433,2.146681800008082
72,math500,Qwen/Qwen3-4B,mgoin/Qwen3-4B-speculator.dflash2,0.0,8,dflash2_unary_k16_tb32,32,54,449,36.92432999741868,8.952707231626132,111.69805670260527,4.019765547000134,71,6.309859154929577,5.323943661971831,6.309859154929577,0.49295774647887325,0.9859154929577465,4.065968713604753,False,0.14181347902558628,0.988162714002101,0.10089845897164196,0.01669189600579557,2.760348851988965
72,math500,Qwen/Qwen3-4B,mgoin/Qwen3-4B-speculator.dflash2,0.0,8,dflash2_unary_k16_tb64,64,54,427,37.08939399803057,8.984122789226404,111.30747246678126,3.836220430999674,66,6.454545454545454,5.46969696969697,6.454545454545454,0.5606060606060606,0.9848484848484849,4.051750889859475,True,0.1328140829973563,0.9191858169906482,0.1559988869994413,0.01549305701337289,2.601290609989519
72,math500,Qwen/Qwen3-4B,mgoin/Qwen3-4B-speculator.dflash2,0.0,8,dflash2_pairwise_k16_tb8,8,54,427,36.927730001480086,10.093629714284218,99.07238806123712,4.309979887999361,76,5.605263157894737,4.618421052631579,5.605263157894737,0.35526315789473684,0.9868421052631579,3.6063763518430445,True,0.1517251590048545,1.0609628180063737,0.06906535197776975,0.01777567798853852,2.9983556059960392
72,math500,Qwen/Qwen3-4B,mgoin/Qwen3-4B-speculator.dflash2,0.0,8,dflash2_pairwise_k16_tb16,16,54,316,37.508853998588165,9.118253104433382,109.6701296341281,2.8813679810009485,51,6.176470588235294,5.196078431372549,6.176470588235294,0.47058823529411764,0.9803921568627451,3.9921492734344204,False,0.10180983802274568,0.707336302017211,0.0589830599965353,0.011917997995624319,1.9931766859954223
72,math500,Qwen/Qwen3-4B,mgoin/Qwen3-4B-speculator.dflash2,0.0,8,dflash2_pairwise_k16_tb32,32,54,325,37.07237499838811,8.755617556923355,114.21238918884335,2.84557570600009,50,6.48,5.5,6.48,0.56,0.98,4.1574940053281635,False,0.10039832700567786,0.6946183489890245,0.0827528449917736,0.011627778018009849,1.947984150992852
72,math500,Qwen/Qwen3-4B,mgoin/Qwen3-4B-speculator.dflash2,0.0,8,dflash2_pairwise_k16_tb64,64,54,427,37.10751400285517,8.74667599062769,114.32914641762518,3.734830647998024,64,6.65625,5.671875,6.65625,0.625,0.984375,4.16174413512745,True,0.12884449302146095,0.8903771320001397,0.16585634399598348,0.015067263007949805,2.523552573980851
73,math500,Qwen/Qwen3-4B,mgoin/Qwen3-4B-speculator.dflash2,0.0,8,baseline,,84,807,39.08990999843809,36.400843548948984,27.471890827345216,29.37548074400183,806,1,,,,,1.0,True,0.19900608402167563,0.0,0.0,0.0,29.043321801993443
73,math500,Qwen/Qwen3-4B,mgoin/Qwen3-4B-speculator.dflash2,0.0,8,dflash2,,84,607,37.8037789996597,10.013797985174739,99.86221027031736,6.078375377001066,113,5.3628318584070795,4.371681415929204,5.3628318584070795,0.39823008849557523,0.9911504424778761,3.6350686925020685,False,0.06283606397119001,1.4302153540302243,0.0,0.0,4.568687528975715
73,math500,Qwen/Qwen3-4B,mgoin/Qwen3-4B-speculator.dflash2,0.0,8,dflash2_unary_k16_tb8,8,84,650,38.40307499922346,9.712792638462044,102.95700085679408,6.313315215000329,112,5.794642857142857,4.803571428571429,5.794642857142857,0.45535714285714285,0.9910714285714286,3.747721680457168,False,0.22344466901631677,1.5638470469784806,0.08139660298911622,0.025967556011892157,4.400879603002977
73,math500,Qwen/Qwen3-4B,mgoin/Qwen3-4B-speculator.dflash2,0.0,8,dflash2_unary_k16_tb16,16,84,607,37.305579000531,9.469194261945402,105.60560617272147,5.747800917000859,102,5.9411764705882355,4.950980392156863,5.9411764705882355,0.5,0.9901960784313726,3.8441331481851555,False,0.20320053397881566,1.425561543986987,0.09833261297171703,0.023865577022661455,3.980533834976086
73,math500,Qwen/Qwen3-4B,mgoin/Qwen3-4B-speculator.dflash2,0.0,8,dflash2_unary_k16_tb32,32,84,607,37.53645399774541,9.245460609553682,108.16118766074915,5.611994589999085,99,6.121212121212121,5.1313131313131315,6.121212121212121,0.5353535353535354,0.98989898989899,3.937158470107441,False,0.19837888102119905,1.3846907279876177,0.14258397801677347,0.023171963006461738,3.8468709400185617
73,math500,Qwen/Qwen3-4B,mgoin/Qwen3-4B-speculator.dflash2,0.0,8,dflash2_unary_k16_tb64,64,84,607,37.671997997676954,9.187187077430107,108.84724470852136,5.576622556000075,96,6.3125,5.322916666666667,6.3125,0.5625,0.9895833333333334,3.962131525369051,False,0.19301552601973526,1.3412195880082436,0.2273786060140992,0.022601785993174417,3.7758364000183064
73,math500,Qwen/Qwen3-4B,mgoin/Qwen3-4B-speculator.dflash2,0.0,8,dflash2_pairwise_k16_tb8,8,84,799,37.325699002394686,8.936118790991125,111.90540584667941,7.139958914001909,126,6.333333333333333,5.333333333333333,6.333333333333333,0.5476190476190477,1,4.073451170506618,False,0.2511929440261156,1.7680894440018164,0.1144364659958228,0.02946549903936102,4.9566879569865705
73,math500,Qwen/Qwen3-4B,mgoin/Qwen3-4B-speculator.dflash2,0.0,8,dflash2_pairwise_k16_tb16,16,84,607,37.296259000868304,8.835134309723905,113.18447065364981,5.362926526002411,95,6.378947368421053,5.389473684210526,6.378947368421053,0.5684210526315789,0.9894736842105263,4.120010208434114,False,0.1890100760065252,1.3245020890171872,0.10984762199223042,0.022102770031779073,3.7020548079744913
73,math500,Qwen/Qwen3-4B,mgoin/Qwen3-4B-speculator.dflash2,0.0,8,dflash2_pairwise_k16_tb32,32,84,607,37.284398000338115,8.61837418286377,116.03116536624006,5.2313531289983075,92,6.586956521739131,5.5978260869565215,6.586956521739131,0.5869565217391305,0.9891304347826086,4.223632297298733,False,0.18389921800189768,1.2853282630057947,0.15124285701313056,0.021464674984599696,3.5742069889820414
73,math500,Qwen/Qwen3-4B,mgoin/Qwen3-4B-speculator.dflash2,0.0,8,dflash2_pairwise_k16_tb64,64,84,610,37.39756200229749,8.505202398355621,117.57509735374882,5.188173462996929,89,6.842696629213483,5.853932584269663,6.842696629213483,0.651685393258427,0.9887640449438202,4.279832724026257,False,0.1788723360041331,1.2431636749861354,0.23074763101249118,0.020950611989974277,3.499143216005905
74,math500,Qwen/Qwen3-4B,mgoin/Qwen3-4B-speculator.dflash2,0.0,8,baseline,,81,2048,38.48886599735124,36.04149657665978,27.74579567951662,73.81298498899923,2048,1,,,,,1.0,True,0.5018517088537919,0.0,0.0,0.0,72.97561899205903
74,math500,Qwen/Qwen3-4B,mgoin/Qwen3-4B-speculator.dflash2,0.0,8,dflash2,,81,601,37.340809001761954,11.111785064894926,89.9945413054528,6.678182824001851,125,4.8,3.808,4.8,0.312,0.992,3.2435379523785444,False,0.07206847598354216,1.5677525609899021,0.0,0.0,5.020061512026587
74,math500,Qwen/Qwen3-4B,mgoin/Qwen3-4B-speculator.dflash2,0.0,8,dflash2_unary_k16_tb8,8,81,2048,37.273395999363856,8.907505282715888,112.26487869060249,18.24257081900214,324,6.317901234567901,5.317901234567901,6.317901234567901,0.5401234567901234,1,4.046194241006475,False,0.6440647680174152,4.544335910020891,0.2346479620136961,0.07544938898354303,12.692612456012284
74,math500,Qwen/Qwen3-4B,mgoin/Qwen3-4B-speculator.dflash2,0.0,8,dflash2_unary_k16_tb16,16,81,2048,37.397000000055414,7.986784483398068,125.20683412438076,16.356934621999244,291,7.034364261168385,6.037800687285223,7.034364261168385,0.7010309278350515,0.9965635738831615,4.512641683468278,False,0.5796746319756494,4.079308283951832,0.2765020040460513,0.0679459290477098,11.30679507397872
74,math500,Qwen/Qwen3-4B,mgoin/Qwen3-4B-speculator.dflash2,0.0,8,dflash2_unary_k16_tb32,32,81,699,37.49603200049023,9.14570793276174,109.3409069425672,6.392849845000455,113,6.176991150442478,5.185840707964601,6.176991150442478,0.4690265486725664,0.9911504424778761,3.940809923259412,False,0.22532701998352422,1.5803352649927547,0.1611722410125367,0.026428464996570256,4.380871297023987
74,math500,Qwen/Qwen3-4B,mgoin/Qwen3-4B-speculator.dflash2,0.0,8,dflash2_unary_k16_tb64,64,81,2048,37.78299899931881,8.280706596190512,120.76264125334954,16.95888710899817,293,6.986348122866894,5.989761092150171,6.986348122866894,0.7167235494880546,0.9965870307167235,4.352466321320991,False,0.5891245309940132,4.113685551972594,0.678715922003903,0.06896372000846895,11.457514638008433
74,math500,Qwen/Qwen3-4B,mgoin/Qwen3-4B-speculator.dflash2,0.0,8,dflash2_pairwise_k16_tb8,8,81,667,37.37672900024336,9.733029259370522,102.74293576557832,6.491930516000139,115,5.791304347826087,4.8,5.791304347826087,0.3826086956521739,0.991304347826087,3.703009167671067,False,0.22917713199058198,1.6040867710107705,0.10465007301900187,0.026757186988106696,4.508972360006737
74,math500,Qwen/Qwen3-4B,mgoin/Qwen3-4B-speculator.dflash2,0.0,8,dflash2_pairwise_k16_tb16,16,81,699,37.419722000777256,8.788303583692393,113.78760308822324,6.143024205000983,109,6.4036697247706424,5.4036697247706424,6.4036697247706424,0.5688073394495413,1,4.10107550717052,False,0.21703101099774358,1.5208086679958797,0.1265775239771756,0.02544237802430871,4.235641994997422
74,math500,Qwen/Qwen3-4B,mgoin/Qwen3-4B-speculator.dflash2,0.0,8,dflash2_pairwise_k16_tb32,32,81,795,37.69596900019678,8.281270272956771,120.75442136764809,6.583609867000632,116,6.844827586206897,5.853448275862069,6.844827586206897,0.646551724137931,0.9913793103448276,4.352170064338622,False,0.23152679199483828,1.6198923130104959,0.19078477902075974,0.02719559001707239,4.4949800049907935
74,math500,Qwen/Qwen3-4B,mgoin/Qwen3-4B-speculator.dflash2,0.0,8,dflash2_pairwise_k16_tb64,64,81,1012,37.469152000994654,8.56357225493843,116.77369796504271,8.66633512199769,149,6.785234899328859,5.791946308724833,6.785234899328859,0.610738255033557,0.9932885906040269,4.20869883545099,False,0.2996677360024478,2.085143094001978,0.3859915539978829,0.035711436976271216,5.833904606985016
75,math500,Qwen/Qwen3-4B,mgoin/Qwen3-4B-speculator.dflash2,0.0,8,baseline,,264,952,38.88348500186112,35.97580472058922,27.79645953069377,34.248966094000934,951,1,,,,,1.0,True,0.23494201007997617,0.0,0.0,0.0,33.858745156030636
75,math500,Qwen/Qwen3-4B,mgoin/Qwen3-4B-speculator.dflash2,0.0,8,dflash2,,264,990,36.7332149980939,10.262428043433552,97.44282695749114,10.159803762999218,191,5.178010471204188,4.183246073298429,5.178010471204188,0.387434554973822,0.9947643979057592,3.5055841140448676,False,0.10596483400877332,2.4000880800122104,0.0,0.0,7.625782937979238
75,math500,Qwen/Qwen3-4B,mgoin/Qwen3-4B-speculator.dflash2,0.0,8,dflash2_unary_k16_tb8,8,264,945,36.80245699797524,10.206576831746297,97.97604196635481,9.64521510600025,172,5.488372093023256,4.494186046511628,5.488372093023256,0.36627906976744184,0.9941860465116279,3.5247669530778345,False,0.3412104329909198,2.39586614700238,0.12558015900867758,0.04023493502972997,6.715122814995993
75,math500,Qwen/Qwen3-4B,mgoin/Qwen3-4B-speculator.dflash2,0.0,8,dflash2_unary_k16_tb16,16,264,938,36.706484999740496,9.611729492540041,104.03954884249819,9.01580226400256,161,5.819875776397516,4.826086956521739,5.819875776397516,0.4409937888198758,0.9937888198757764,3.7429064923759188,False,0.32053519900364336,2.24387346198273,0.15777128500121762,0.03757358801885857,6.230061839974951
75,math500,Qwen/Qwen3-4B,mgoin/Qwen3-4B-speculator.dflash2,0.0,8,dflash2_unary_k16_tb32,32,264,938,36.67710400259239,9.179354713219476,108.94011956634256,8.61023472099987,153,6.124183006535947,5.130718954248366,6.124183006535947,0.49673202614379086,0.9934640522875817,3.91920846775638,False,0.3050378769694362,2.1306104300238076,0.21925907002514577,0.035930985992308706,5.89421845698962
75,math500,Qwen/Qwen3-4B,mgoin/Qwen3-4B-speculator.dflash2,0.0,8,dflash2_unary_k16_tb64,64,264,945,36.77021600014996,9.183620360846078,108.88951858936282,8.678521240999544,150,6.293333333333333,5.3,6.293333333333333,0.5,0.9933333333333333,3.917388056889886,False,0.3017602129766601,2.098643610981526,0.35701602802510024,0.03557385601015994,5.859274160000496
75,math500,Qwen/Qwen3-4B,mgoin/Qwen3-4B-speculator.dflash2,0.0,8,dflash2_pairwise_k16_tb8,8,264,945,36.67046400005347,9.738288281480665,102.68745092520041,9.202682425999228,164,5.7560975609756095,4.762195121951219,5.7560975609756095,0.39634146341463417,0.9939024390243902,3.694263681740098,False,0.3253828120068647,2.2813541580035235,0.14785389798271353,0.03992372900756891,6.38213715099846
75,math500,Qwen/Qwen3-4B,mgoin/Qwen3-4B-speculator.dflash2,0.0,8,dflash2_pairwise_k16_tb16,16,264,990,36.63984300146694,8.970500846463079,111.47649580728634,8.880795837998448,158,6.2594936708860756,5.265822784810126,6.2594936708860756,0.5063291139240507,0.9936708860759493,4.010456644098515,False,0.31457318898901576,2.204491032021906,0.1838197369761474,0.03685719703571522,6.1154758099983155
75,math500,Qwen/Qwen3-4B,mgoin/Qwen3-4B-speculator.dflash2,0.0,8,dflash2_pairwise_k16_tb32,32,264,1040,36.98229200017522,8.59494917403586,116.34740121801538,8.938747140997293,158,6.575949367088608,5.575949367088608,6.575949367088608,0.6265822784810127,1,4.185691385967365,False,0.31681313196895644,2.2066622080019442,0.2563807840051595,0.03713092102407245,6.095515946992236
75,math500,Qwen/Qwen3-4B,mgoin/Qwen3-4B-speculator.dflash2,0.0,8,dflash2_pairwise_k16_tb64,64,264,952,36.71150599984685,8.523700298320065,117.31993911107948,8.114562684000703,140,6.792857142857143,5.8,6.792857142857143,0.6071428571428571,0.9928571428571429,4.220679219291612,True,0.28103722002197173,1.9533943880269362,0.3655458899884252,0.03306612699088873,5.45724329699442
76,math500,Qwen/Qwen3-4B,mgoin/Qwen3-4B-speculator.dflash2,0.0,8,baseline,,67,334,38.66296999694896,35.83928617365541,27.902341446049107,11.970321582000906,333,1,,,,,1.0,True,0.08256550201258506,0.0,0.0,0.0,11.832788243998948
76,math500,Qwen/Qwen3-4B,mgoin/Qwen3-4B-speculator.dflash2,0.0,8,dflash2,,67,331,37.28076799961855,12.034227416921057,83.0963189704993,3.9833292750008695,75,4.4,3.4133333333333336,4.4,0.28,0.9866666666666667,2.9781127555610754,False,0.043601762015896384,0.9368359730178781,0.0,0.0,2.991950145991723
76,math500,Qwen/Qwen3-4B,mgoin/Qwen3-4B-speculator.dflash2,0.0,8,dflash2_unary_k16_tb8,8,67,331,37.22177800227655,11.849557154084675,84.39133943965905,3.922203418002027,70,4.714285714285714,3.7285714285714286,4.714285714285714,0.17142857142857143,0.9857142857142858,3.024525364756033,False,0.13943529200696503,0.969141307996324,0.05152347698822268,0.016407852996053407,2.7345084060179943
76,math500,Qwen/Qwen3-4B,mgoin/Qwen3-4B-speculator.dflash2,0.0,8,dflash2_unary_k16_tb16,16,67,331,37.231237001833506,10.319522906346172,96.90370466497365,3.415762082000583,61,5.409836065573771,4.426229508196721,5.409836065573771,0.32786885245901637,0.9836065573770492,3.472959602775377,False,0.12134088099264773,0.8433148579970293,0.059380612005043076,0.014255801015679026,2.3675587169927894
76,math500,Qwen/Qwen3-4B,mgoin/Qwen3-4B-speculator.dflash2,0.0,8,dflash2_unary_k16_tb32,32,67,331,37.18067600129871,10.210948054383039,97.93409923094761,3.3798238060007857,60,5.5,4.516666666666667,5.5,0.3333333333333333,0.9833333333333333,3.5098882084970975,False,0.11954514401804772,0.8291468630159216,0.08682285301256343,0.013985458008392015,2.3203595990089525
76,math500,Qwen/Qwen3-4B,mgoin/Qwen3-4B-speculator.dflash2,0.0,8,dflash2_unary_k16_tb64,64,67,331,37.34672900100122,10.128816764347071,98.7282150783841,3.3526383489988802,58,5.689655172413793,4.706896551724138,5.689655172413793,0.3620689655172414,0.9827586206896551,3.538348753608408,False,0.11649254401345388,0.8027935960089962,0.1376177460042527,0.013648039002873702,2.2721287890126405
76,math500,Qwen/Qwen3-4B,mgoin/Qwen3-4B-speculator.dflash2,0.0,8,dflash2_pairwise_k16_tb8,8,67,331,37.225616000796435,10.876529051359002,91.94109584758125,3.6001311159998295,64,5.15625,4.171875,5.15625,0.25,0.984375,3.2951032452009454,False,0.12734134100901429,0.8848035410046577,0.057951257993408944,0.014906811989931157,2.5048558190028416
76,math500,Qwen/Qwen3-4B,mgoin/Qwen3-4B-speculator.dflash2,0.0,8,dflash2_pairwise_k16_tb16,16,67,331,37.30699799780268,9.671708117821254,103.39435266428099,3.201335386998835,57,5.7894736842105265,4.807017543859649,5.7894736842105265,0.38596491228070173,0.9824561403508771,3.7055797938750166,False,0.11307806001059362,0.7887158340017777,0.06612747600956936,0.013145622993761208,2.2110331199837674
76,math500,Qwen/Qwen3-4B,mgoin/Qwen3-4B-speculator.dflash2,0.0,8,dflash2_pairwise_k16_tb32,32,67,331,37.27007699853857,9.757370305132158,102.48662997590883,3.229689570998744,57,5.7894736842105265,4.807017543859649,5.7894736842105265,0.40350877192982454,0.9824561403508771,3.673047660680127,False,0.1136120280061732,0.7886721120012226,0.09410257300623925,0.013405971996689914,2.2104113769928517
76,math500,Qwen/Qwen3-4B,mgoin/Qwen3-4B-speculator.dflash2,0.0,8,dflash2_pairwise_k16_tb64,64,67,331,37.42666099788039,9.472969676742684,105.56351747384181,3.135552963001828,54,6.111111111111111,5.12962962962963,6.111111111111111,0.46296296296296297,0.9814814814814815,3.78332111224269,False,0.10902251398510998,0.7458200309920358,0.141350185025658,0.01269565201801015,2.1173431369861646
77,math500,Qwen/Qwen3-4B,mgoin/Qwen3-4B-speculator.dflash2,0.0,8,baseline,,228,1942,37.882011998590315,35.98811680998913,27.78694993349673,69.88892284499889,1941,1,,,,,1.0,True,0.47666248704263126,0.0,0.0,0.0,69.0946017079732
77,math500,Qwen/Qwen3-4B,mgoin/Qwen3-4B-speculator.dflash2,0.0,8,dflash2,,228,1927,36.58257099959883,11.489022480020624,87.03960687160262,22.139346318999742,417,4.618705035971223,3.6211031175059953,4.618705035971223,0.3117505995203837,0.9976019184652278,3.1323915391907677,False,0.23890853499688092,5.2458979230468685,0.0,0.0,16.59333346798303
77,math500,Qwen/Qwen3-4B,mgoin/Qwen3-4B-speculator.dflash2,0.0,8,dflash2_unary_k16_tb8,8,228,1450,36.671144000138156,11.138691124137479,89.77715504050613,16.151102129999344,288,5.03125,4.03125,5.03125,0.3055555555555556,1,3.2309107424662393,False,0.5724163729864813,4.02553309299401,0.210648354019213,0.06715185398934409,11.229516832994705
77,math500,Qwen/Qwen3-4B,mgoin/Qwen3-4B-speculator.dflash2,0.0,8,dflash2_unary_k16_tb16,16,228,2048,36.742016000061994,9.550449501464442,104.70711350776344,19.559320578999177,350,5.848571428571429,4.851428571428571,5.848571428571429,0.46,0.9971428571428571,3.768211831754181,False,0.6963850120155257,4.886233079010708,0.33901926500402624,0.08218186898375279,13.499007041955338
77,math500,Qwen/Qwen3-4B,mgoin/Qwen3-4B-speculator.dflash2,0.0,8,dflash2_unary_k16_tb32,32,228,1945,36.679474000266055,8.531277752697996,117.21573590588496,16.593335228997603,295,6.589830508474576,5.593220338983051,6.589830508474576,0.6542372881355932,0.9966101694915255,4.218373595749825,False,0.5895465139910812,4.121912770999188,0.42095278497436084,0.06963691497730906,11.342507666046004
77,math500,Qwen/Qwen3-4B,mgoin/Qwen3-4B-speculator.dflash2,0.0,8,dflash2_unary_k16_tb64,64,228,1895,36.77254600188462,9.643736041160127,103.69425249010669,18.274879797998437,315,6.012698412698413,5.015873015873016,6.012698412698413,0.5015873015873016,0.9968253968253968,3.731760871138466,False,0.6378889780135069,4.4453583599715785,0.7597516869827814,0.07437045897677308,12.302514496041113
77,math500,Qwen/Qwen3-4B,mgoin/Qwen3-4B-speculator.dflash2,0.0,8,dflash2_pairwise_k16_tb8,8,228,1538,36.950821999198524,11.489933018206616,87.03270927823765,17.671516982001776,311,4.942122186495177,3.945337620578778,4.942122186495177,0.2990353697749196,0.9967845659163987,3.132143307795041,False,0.6224391059695336,4.385676166024496,0.283487545002572,0.07269704598002136,12.2570441840071
77,math500,Qwen/Qwen3-4B,mgoin/Qwen3-4B-speculator.dflash2,0.0,8,dflash2_pairwise_k16_tb16,16,228,1864,36.66786299800151,9.958959362660599,100.41209764840768,18.563500251999358,327,5.697247706422019,4.700305810397554,5.697247706422019,0.43119266055045874,0.9969418960244648,3.6136422993069304,False,0.6569339849993412,4.64981989397711,0.38470512501953635,0.07744674397690687,12.741292498001712
77,math500,Qwen/Qwen3-4B,mgoin/Qwen3-4B-speculator.dflash2,0.0,8,dflash2_pairwise_k16_tb32,32,228,1929,36.99084099935135,8.651661369621728,115.58473653525839,16.689054782000312,292,6.602739726027397,5.6061643835616435,6.602739726027397,0.6232876712328768,0.9965753424657534,4.159676999882697,False,0.5914872770008515,4.1296305210198625,0.4807018899882678,0.06900595899787731,11.369373108012951
77,math500,Qwen/Qwen3-4B,mgoin/Qwen3-4B-speculator.dflash2,0.0,8,dflash2_pairwise_k16_tb64,64,228,1896,37.04491299868096,8.897209591244367,112.39478959606475,16.86910938499932,288,6.579861111111111,5.583333333333333,6.579861111111111,0.5972222222222222,0.9965277777777778,4.04487681681733,False,0.583821214033378,4.07926889999726,0.7665816339431331,0.06828649195085745,11.320438429956994
78,math500,Qwen/Qwen3-4B,mgoin/Qwen3-4B-speculator.dflash2,0.0,8,baseline,,70,217,39.09950999877765,36.185136244237725,27.635656620174927,7.852174564999586,216,1,,,,,1.0,True,0.053472754974791314,0.0,0.0,0.0,7.763029825007834
78,math500,Qwen/Qwen3-4B,mgoin/Qwen3-4B-speculator.dflash2,0.0,8,dflash2,,70,217,37.44518299936317,11.177237055290298,89.46754864849986,2.4254604409979947,45,4.8,3.8222222222222224,4.8,0.26666666666666666,0.9777777777777777,3.237395437283934,True,0.02641099899119581,0.5639216250092431,0.0,0.0,1.8285403070112807
78,math500,Qwen/Qwen3-4B,mgoin/Qwen3-4B-speculator.dflash2,0.0,8,dflash2_unary_k16_tb8,8,70,217,37.48171299957903,11.732369921656224,85.23427122376593,2.5459242729994003,45,4.8,3.8222222222222224,4.8,0.26666666666666666,0.9777777777777777,3.0842137169102815,True,0.09083479499531677,0.6261036790019716,0.034096650990250055,0.010521345000597648,1.7771400249948783
78,math500,Qwen/Qwen3-4B,mgoin/Qwen3-4B-speculator.dflash2,0.0,8,dflash2_unary_k16_tb16,16,70,217,37.31513900129357,11.01525958986499,90.78315330127019,2.390311331000703,42,5.142857142857143,4.166666666666667,5.142857142857143,0.35714285714285715,0.9761904761904762,3.285000770887982,True,0.08418811199589982,0.5836481219994312,0.041486930997052696,0.009795315010705963,1.6643383729897323
78,math500,Qwen/Qwen3-4B,mgoin/Qwen3-4B-speculator.dflash2,0.0,8,dflash2_unary_k16_tb32,32,70,217,37.511684000492096,10.459202377880443,95.60958511662817,2.269646916000056,40,5.4,4.425,5.4,0.375,0.975,3.459645863700234,True,0.08061327999166679,0.553523145019426,0.058247282984666526,0.00950176098922384,1.5611270630070067
78,math500,Qwen/Qwen3-4B,mgoin/Qwen3-4B-speculator.dflash2,0.0,8,dflash2_unary_k16_tb64,64,70,217,37.61215600025025,10.251910686634416,97.54279280873139,2.224664618999668,38,5.684210526315789,4.7105263157894735,5.684210526315789,0.39473684210526316,0.9736842105263158,3.5295992474273974,True,0.07711715399636887,0.5257943299984618,0.09182610299103544,0.009044529007951496,1.5142886259818624
78,math500,Qwen/Qwen3-4B,mgoin/Qwen3-4B-speculator.dflash2,0.0,8,dflash2_pairwise_k16_tb8,8,70,217,37.65165699951467,10.688614843321094,93.55749221564118,2.3194294210006774,41,5.2682926829268295,4.2926829268292686,5.2682926829268295,0.2682926829268293,0.975609756097561,3.3853906024921865,True,0.08267267900373554,0.5655097500130069,0.038019277999410406,0.009600730987585848,1.617175387997122
78,math500,Qwen/Qwen3-4B,mgoin/Qwen3-4B-speculator.dflash2,0.0,8,dflash2_pairwise_k16_tb16,16,70,217,37.531302998104366,9.90797130413869,100.9288349051119,2.1500297729980957,38,5.684210526315789,4.7105263157894735,5.684210526315789,0.42105263157894735,0.9736842105263158,3.6521236420136503,True,0.07735869899261161,0.5271256930027448,0.044208280993188964,0.00894223199429689,1.4862190759959049
78,math500,Qwen/Qwen3-4B,mgoin/Qwen3-4B-speculator.dflash2,0.0,8,dflash2_pairwise_k16_tb32,32,70,217,37.46515199964051,9.257060092150835,108.02565717899047,2.0087820399967313,35,6.171428571428572,5.2,6.171428571428572,0.5428571428571428,0.9714285714285714,3.9089231228950876,True,0.07051155300359824,0.48404853699321393,0.057937871002650354,0.008184616002836265,1.3822619439961272
78,math500,Qwen/Qwen3-4B,mgoin/Qwen3-4B-speculator.dflash2,0.0,8,dflash2_pairwise_k16_tb64,64,70,222,37.74434799925075,8.965909635121902,111.53358004889192,1.9904319389970624,34,6.5,5.529411764705882,6.5,0.5,0.9705882352941176,4.035857789876749,False,0.06987377898985869,0.470343918997969,0.08960783602014999,0.008290101992315613,1.3464211849895946
79,math500,Qwen/Qwen3-4B,mgoin/Qwen3-4B-speculator.dflash2,0.0,8,baseline,,83,874,38.82723400238319,36.351830787184895,27.508930866627214,31.7715001079996,873,1,,,,,1.0,True,0.2149673499952769,0.0,0.0,0.0,31.412243956041493
79,math500,Qwen/Qwen3-4B,mgoin/Qwen3-4B-speculator.dflash2,0.0,8,dflash2,,83,875,37.58050400210777,9.269403069712489,107.88181207347338,8.110727685998427,151,5.788079470198675,4.788079470198675,5.788079470198675,0.4503311258278146,1,3.921701377509785,False,0.08246089897147613,1.9129958749799698,0.0,0.0,6.093083736966946
79,math500,Qwen/Qwen3-4B,mgoin/Qwen3-4B-speculator.dflash2,0.0,8,dflash2_unary_k16_tb8,8,83,809,37.67097699892474,9.595379969099907,104.216821347389,7.762662395001825,137,5.897810218978102,4.905109489051095,5.897810218978102,0.44525547445255476,0.9927007299270073,3.788472254798563,False,0.2741881260299124,1.9213713190001727,0.1002738490133197,0.03206341000259272,5.413000554974133
79,math500,Qwen/Qwen3-4B,mgoin/Qwen3-4B-speculator.dflash2,0.0,8,dflash2_unary_k16_tb16,16,83,885,37.67904699998326,9.122666711864747,109.61707048876632,8.073560040000302,143,6.181818181818182,5.188811188811189,6.181818181818182,0.5034965034965035,0.993006993006993,3.9847811977945518,False,0.2877444980003929,2.008284325020213,0.13853577501140535,0.033585707995371195,5.582103033004387
79,math500,Qwen/Qwen3-4B,mgoin/Qwen3-4B-speculator.dflash2,0.0,8,dflash2_unary_k16_tb32,32,83,874,37.86883200154989,8.999906567503128,111.11226461070174,7.865918339997734,138,6.326086956521739,5.333333333333333,6.326086956521739,0.5507246376811594,0.9927536231884058,4.039134241509142,False,0.2781446259577933,1.957145730008051,0.20036683499347419,0.03248115499809501,5.374830822980584
79,math500,Qwen/Qwen3-4B,mgoin/Qwen3-4B-speculator.dflash2,0.0,8,dflash2_unary_k16_tb64,64,83,875,37.80761099915253,8.857394524571387,112.90001785806086,7.750220208999963,133,6.571428571428571,5.578947368421052,6.571428571428571,0.6090225563909775,0.9924812030075187,4.104122345046382,False,0.26982762799525517,1.8731469379963528,0.3148313559759117,0.03135455199299031,5.237904136054567
79,math500,Qwen/Qwen3-4B,mgoin/Qwen3-4B-speculator.dflash2,0.0,8,dflash2_pairwise_k16_tb8,8,83,875,37.49351200167439,8.86161689599976,112.84622340776343,7.7539147839997895,138,6.333333333333333,5.333333333333333,6.333333333333333,0.4492753623188406,1,4.102166818291879,False,0.2754949460068019,1.9219189760042354,0.12556733802193776,0.0321673229955195,5.376724718011246
79,math500,Qwen/Qwen3-4B,mgoin/Qwen3-4B-speculator.dflash2,0.0,8,dflash2_pairwise_k16_tb16,16,83,927,37.27954900023178,8.291191249192654,120.60993046052025,7.68593428800159,137,6.759124087591241,5.766423357664234,6.759124087591241,0.656934306569343,0.9927007299270073,4.384391783354969,False,0.27252444002442644,1.9116256760025863,0.15774786800466245,0.03195635599331581,5.289793803000066
79,math500,Qwen/Qwen3-4B,mgoin/Qwen3-4B-speculator.dflash2,0.0,8,dflash2_pairwise_k16_tb32,32,83,874,37.412941001093714,8.214943948514618,121.72937591142232,7.179861011001776,127,6.874015748031496,5.881889763779528,6.874015748031496,0.6771653543307087,0.9921259842519685,4.425085674961646,False,0.2532551340154896,1.772009093016095,0.20745657798761385,0.029784715046844212,4.896193648994085
79,math500,Qwen/Qwen3-4B,mgoin/Qwen3-4B-speculator.dflash2,0.0,8,dflash2_pairwise_k16_tb64,64,83,874,37.492833002033876,8.147657399312843,122.73466482333168,7.121052566999424,123,7.097560975609756,6.105691056910569,7.097560975609756,0.6747967479674797,0.991869918699187,4.461629767379607,False,0.24750829699769383,1.715466256981017,0.31411554400256136,0.0288299820094835,4.793881218982278
80,math500,Qwen/Qwen3-4B,mgoin/Qwen3-4B-speculator.dflash2,0.0,8,baseline,,76,414,38.642307998088654,36.01139825603742,27.768985610891882,14.908718877999489,413,1,,,,,1.0,True,0.10358044702661573,0.0,0.0,0.0,14.737297061004938
80,math500,Qwen/Qwen3-4B,mgoin/Qwen3-4B-speculator.dflash2,0.0,8,dflash2,,76,414,37.266587001795415,9.157322516910137,109.20222566731437,3.791131522000797,71,5.816901408450704,4.830985915492958,5.816901408450704,0.4788732394366197,0.9859154929577465,3.9325248389513288,True,0.03779913200560259,0.8905938239950046,0.0,0.0,2.852389753006719
80,math500,Qwen/Qwen3-4B,mgoin/Qwen3-4B-speculator.dflash2,0.0,8,dflash2_unary_k16_tb8,8,76,414,37.40306100007729,9.511126888887285,105.14001250139886,3.937606531999336,70,5.9,4.914285714285715,5.9,0.42857142857142855,0.9857142857142858,3.7862388628326267,True,0.14019365100830328,0.9731811439960438,0.05130102801558678,0.01632260398764629,2.7455015560117317
80,math500,Qwen/Qwen3-4B,mgoin/Qwen3-4B-speculator.dflash2,0.0,8,dflash2_unary_k16_tb16,16,76,414,37.48658399854321,9.090745524150881,110.00197919338466,3.763568646998465,67,6.164179104477612,5.17910447761194,6.164179104477612,0.47761194029850745,0.9850746268656716,3.9613250816853163,True,0.1343423879770853,0.9325801189879712,0.06508473099893308,0.01576849599223351,2.604972296005144
80,math500,Qwen/Qwen3-4B,mgoin/Qwen3-4B-speculator.dflash2,0.0,8,dflash2_unary_k16_tb32,32,76,414,37.510113997996086,8.99700578260317,111.14808906020983,3.7247603939977125,66,6.257575757575758,5.2727272727272725,6.257575757575758,0.5454545454545454,0.9848484848484849,4.0025981005447315,True,0.13221971701204893,0.9170579329766042,0.09364570600882871,0.015606981993187219,2.5552723389919265
80,math500,Qwen/Qwen3-4B,mgoin/Qwen3-4B-speculator.dflash2,0.0,8,dflash2_unary_k16_tb64,64,76,414,37.52238299784949,9.0879743019317,110.03552241421329,3.762421360999724,65,6.3538461538461535,5.369230769230769,6.3538461538461535,0.5692307692307692,0.9846153846153847,3.9625330199693662,True,0.13109380298192264,0.9036030060087796,0.15148602201225003,0.015452406991244061,2.549515363989485
80,math500,Qwen/Qwen3-4B,mgoin/Qwen3-4B-speculator.dflash2,0.0,8,dflash2_pairwise_k16_tb8,8,76,414,37.43780100194272,9.269614446860643,107.87935201972417,3.8376203810003062,68,6.073529411764706,5.088235294117647,6.073529411764706,0.47058823529411764,0.9852941176470589,3.884886309185541,True,0.13635319000604795,0.9450980200126651,0.061607555999216856,0.015950001990859164,2.667770437004947
80,math500,Qwen/Qwen3-4B,mgoin/Qwen3-4B-speculator.dflash2,0.0,8,dflash2_pairwise_k16_tb16,16,76,414,37.52313299992238,8.441993082124979,118.45543940534534,3.494985135999741,62,6.661290322580645,5.67741935483871,6.661290322580645,0.6290322580645161,0.9838709677419355,4.265746004019799,True,0.12460918300348567,0.861635404999106,0.07110517998808064,0.01447665900195716,2.4131789300008677
80,math500,Qwen/Qwen3-4B,mgoin/Qwen3-4B-speculator.dflash2,0.0,8,dflash2_pairwise_k16_tb32,32,76,414,37.33567900053458,8.224994608696766,121.58062680583909,3.405147768000461,60,6.883333333333334,5.9,6.883333333333334,0.7,0.9833333333333333,4.37828837212373,True,0.12003307798295282,0.8357845430218731,0.09812612400855869,0.01416533498922945,2.327124631985498
80,math500,Qwen/Qwen3-4B,mgoin/Qwen3-4B-speculator.dflash2,0.0,8,dflash2_pairwise_k16_tb64,64,76,414,37.96173299997463,7.996665079708735,125.05212986066729,3.310619342999416,57,7.245614035087719,6.245614035087719,7.245614035087719,0.7719298245614035,1,4.503302051178198,True,0.11484645199379884,0.7909454290056601,0.14634429999568965,0.013499259010131937,2.2351752649992704
81,math500,Qwen/Qwen3-4B,mgoin/Qwen3-4B-speculator.dflash2,0.0,8,baseline,,101,721,38.52999600348994,35.82901822329971,27.91033775381814,25.83272213899909,720,1,,,,,1.0,True,0.17675331094869762,0.0,0.0,0.0,25.538134611015266
81,math500,Qwen/Qwen3-4B,mgoin/Qwen3-4B-speculator.dflash2,0.0,8,dflash2,,101,740,36.86167799969553,10.839567236483138,92.2546055744977,8.021279754997522,151,4.894039735099338,3.9006622516556293,4.894039735099338,0.33774834437086093,0.9933774834437086,3.3053919443120052,False,0.08553592101452523,1.892399910997483,0.0,0.0,6.021110031979333
81,math500,Qwen/Qwen3-4B,mgoin/Qwen3-4B-speculator.dflash2,0.0,8,dflash2_unary_k16_tb8,8,101,654,36.95218000211753,10.928311434254727,91.50544491855402,7.147115678002591,128,5.1015625,4.109375,5.1015625,0.296875,0.9921875,3.2785502535180195,False,0.2540651320014149,1.7765482159993553,0.09321231601279578,0.029730493024544558,4.973238853006478
81,math500,Qwen/Qwen3-4B,mgoin/Qwen3-4B-speculator.dflash2,0.0,8,dflash2_unary_k16_tb16,16,101,654,36.990821001381846,9.732337273700576,102.75024096239164,6.3649485770001775,114,5.728070175438597,4.7368421052631575,5.728070175438597,0.3508771929824561,0.9912280701754386,3.6814402558899664,False,0.22654845300348825,1.5847614519880153,0.11072810701080016,0.026804832014022395,4.3976266059871705
81,math500,Qwen/Qwen3-4B,mgoin/Qwen3-4B-speculator.dflash2,0.0,8,dflash2_unary_k16_tb32,32,101,645,37.055881999549456,9.149323096124334,109.29770317364806,5.901313397000195,105,6.133333333333334,5.142857142857143,6.133333333333334,0.44761904761904764,0.9904761904761905,3.9160293987734387,False,0.20949912400828907,1.4605907309924078,0.15111424698261544,0.024699111050722422,4.038047302994528
81,math500,Qwen/Qwen3-4B,mgoin/Qwen3-4B-speculator.dflash2,0.0,8,dflash2_unary_k16_tb64,64,101,728,37.02255199823412,9.343011510986548,107.03187070080018,6.801712379998207,118,6.161016949152542,5.169491525423729,6.161016949152542,0.4745762711864407,0.9915254237288136,3.834846845812828,False,0.23648130299989134,1.6448047929734457,0.281268105005438,0.027666510020935675,4.591173603981588
81,math500,Qwen/Qwen3-4B,mgoin/Qwen3-4B-speculator.dflash2,0.0,8,dflash2_pairwise_k16_tb8,8,101,728,36.84417799740913,9.888587857143907,101.12667394440557,7.198891960000764,128,5.6796875,4.6875,5.6796875,0.3515625,0.9921875,3.623269443615795,False,0.2559291109791957,1.7831095029687276,0.11624565400052234,0.02976281502560596,4.993340528002591
81,math500,Qwen/Qwen3-4B,mgoin/Qwen3-4B-speculator.dflash2,0.0,8,dflash2_pairwise_k16_tb16,16,101,654,37.47037200082559,9.177759954128787,108.95904937567377,6.002255010000226,107,6.102803738317757,5.11214953271028,6.102803738317757,0.4485981308411215,0.9906542056074766,3.9038957656744286,False,0.2132365350080363,1.4898860350076575,0.12348288398425211,0.02521692899244954,4.133166763975169
81,math500,Qwen/Qwen3-4B,mgoin/Qwen3-4B-speculator.dflash2,0.0,8,dflash2_pairwise_k16_tb32,32,101,721,37.07123300046078,8.373167503467485,119.42911682895168,6.037053770000057,107,6.728971962616822,5.738317757009346,6.728971962616822,0.5514018691588785,0.9906542056074766,4.2790280032571,False,0.21410786698470474,1.4881447559964727,0.1752045140201517,0.025050128995644627,4.116856724005629
81,math500,Qwen/Qwen3-4B,mgoin/Qwen3-4B-speculator.dflash2,0.0,8,dflash2_pairwise_k16_tb64,64,101,728,37.03534200030845,8.345998207420092,119.81790256208541,6.075886695001826,105,6.923809523809524,5.933333333333334,6.923809523809524,0.6476190476190476,0.9904761904761905,4.292957814374507,False,0.21125206497890758,1.4626629560043511,0.272126993015263,0.024615558020741446,4.0870917390057
82,math500,Qwen/Qwen3-4B,mgoin/Qwen3-4B-speculator.dflash2,0.0,8,baseline,,53,495,38.40107300129603,36.296493391912946,27.550870801828072,17.966764228996908,494,1,,,,,1.0,True,0.12205607698706444,0.0,0.0,0.0,17.762637516050745
82,math500,Qwen/Qwen3-4B,mgoin/Qwen3-4B-speculator.dflash2,0.0,8,dflash2,,53,558,37.58766499959165,9.214049566308796,108.52991323776935,5.1414396580003086,96,5.802083333333333,4.8125,5.802083333333333,0.5,0.9895833333333334,3.9392552786595805,False,0.050999822007725015,1.210756690987182,0.0,0.0,3.865674112992565
82,math500,Qwen/Qwen3-4B,mgoin/Qwen3-4B-speculator.dflash2,0.0,8,dflash2_unary_k16_tb8,8,53,558,37.77092000018456,9.513155284947054,105.11759453588752,5.308340649000456,95,5.863157894736842,4.873684210526315,5.863157894736842,0.43157894736842106,0.9894736842105263,3.8154000754456256,False,0.18876967998585314,1.3155777430074522,0.06908948701311601,0.022009156014973996,3.697871895994467
82,math500,Qwen/Qwen3-4B,mgoin/Qwen3-4B-speculator.dflash2,0.0,8,dflash2_unary_k16_tb16,16,53,659,36.91911099667777,8.660967097116782,115.46054716371084,5.707577316999959,102,6.450980392156863,5.46078431372549,6.450980392156863,0.5392156862745098,0.9901960784313726,4.190812987154284,False,0.2058732840087032,1.4197756510111503,0.09744056999261375,0.023803295014658943,3.944178506011667
82,math500,Qwen/Qwen3-4B,mgoin/Qwen3-4B-speculator.dflash2,0.0,8,dflash2_unary_k16_tb32,32,53,495,37.03881200272008,8.402229818183873,119.01602570258527,4.159103760001017,74,6.675675675675675,5.6891891891891895,6.675675675675675,0.581081081081081,0.9864864864864865,4.319864390445627,True,0.14759719498397317,1.0264376449995325,0.10495869502119604,0.01734428601412219,2.850522785982321
82,math500,Qwen/Qwen3-4B,mgoin/Qwen3-4B-speculator.dflash2,0.0,8,dflash2_unary_k16_tb64,64,53,495,36.87479799918947,8.272353880807952,120.88457703919347,4.0948151709999365,71,6.957746478873239,5.971830985915493,6.957746478873239,0.5774647887323944,0.9859154929577465,4.387686251687278,True,0.14260031000958406,0.9845362729902263,0.16442663402631297,0.01677787302105571,2.774177123010304
82,math500,Qwen/Qwen3-4B,mgoin/Qwen3-4B-speculator.dflash2,0.0,8,dflash2_pairwise_k16_tb8,8,53,495,36.95912100010901,9.308046624246712,107.43392683434573,4.607483079002122,82,6.024390243902439,5.036585365853658,6.024390243902439,0.4146341463414634,0.9878048780487805,3.8994748154100884,True,0.16334955399361206,1.1383030710167077,0.07396236900240183,0.019157851002091775,3.1997016689965676
82,math500,Qwen/Qwen3-4B,mgoin/Qwen3-4B-speculator.dflash2,0.0,8,dflash2_pairwise_k16_tb16,16,53,558,36.9598910001514,8.142379272404114,122.81422500044519,4.543447634001495,81,6.8765432098765435,5.888888888888889,6.8765432098765435,0.5925925925925926,0.9876543209876543,4.457725706161569,False,0.16140762599752634,1.1247707970214833,0.09250997900744551,0.01886272698902758,3.13275222599259
82,math500,Qwen/Qwen3-4B,mgoin/Qwen3-4B-speculator.dflash2,0.0,8,dflash2_pairwise_k16_tb32,32,53,495,37.07352300261846,8.104263989897468,123.39183437836797,4.011610674999247,71,6.957746478873239,5.971830985915493,6.957746478873239,0.6338028169014085,0.9859154929577465,4.47869090113045,True,0.14173871299499297,0.985728341001959,0.1157652280126058,0.01666107797063887,2.739915503996599
82,math500,Qwen/Qwen3-4B,mgoin/Qwen3-4B-speculator.dflash2,0.0,8,dflash2_pairwise_k16_tb64,64,53,495,36.94556099799229,7.855974640404733,127.29165326690527,3.8887074470003427,67,7.373134328358209,6.388059701492537,7.373134328358209,0.7313432835820896,0.9850746268656716,4.620240651647901,True,0.13519552500656573,0.9311028360098135,0.16991845400480088,0.015768493012728868,2.6251099210021493
83,math500,Qwen/Qwen3-4B,mgoin/Qwen3-4B-speculator.dflash2,0.0,8,baseline,,49,336,38.71014100150205,36.11950886308824,27.685869256708916,12.136154977997649,335,1,,,,,1.0,True,0.08246444400356268,0.0,0.0,0.0,11.998265809041186
83,math500,Qwen/Qwen3-4B,mgoin/Qwen3-4B-speculator.dflash2,0.0,8,dflash2,,49,336,38.440443997387774,10.544532857141219,94.83587500253806,3.5429630399994494,66,5.075757575757576,4.090909090909091,5.075757575757576,0.2878787878787879,0.9848484848484849,3.425425227692902,True,0.03850001998216612,0.8313545100099873,0.0,0.0,2.663411153029301
83,math500,Qwen/Qwen3-4B,mgoin/Qwen3-4B-speculator.dflash2,0.0,8,dflash2_unary_k16_tb8,8,49,336,37.51964299954125,10.35215976786016,96.59820003016671,3.4783256820010138,62,5.403225806451613,4.419354838709677,5.403225806451613,0.3387096774193548,0.9838709677419355,3.4890795421479774,True,0.12379955300275469,0.8588271269909455,0.045771749999403255,0.014447925004787976,2.425606026998139
83,math500,Qwen/Qwen3-4B,mgoin/Qwen3-4B-speculator.dflash2,0.0,8,dflash2_unary_k16_tb16,16,49,336,37.092663998919306,9.636635800591518,103.77065406359114,3.23790962899875,58,5.775862068965517,4.793103448275862,5.775862068965517,0.39655172413793105,0.9827586206896551,3.748145059178344,False,0.11547730000165757,0.8014510599969071,0.05585154601794784,0.01356157498958055,2.2422189799945045
83,math500,Qwen/Qwen3-4B,mgoin/Qwen3-4B-speculator.dflash2,0.0,8,dflash2_unary_k16_tb32,32,49,336,37.033622997114435,9.05021792858038,110.4945768037279,3.0408732240030076,54,6.203703703703703,5.222222222222222,6.203703703703703,0.42592592592592593,0.9814814814814815,3.991009846185434,False,0.10777067898379755,0.7460840459825704,0.07671789002415608,0.012698638998699607,2.0887356540006294
83,math500,Qwen/Qwen3-4B,mgoin/Qwen3-4B-speculator.dflash2,0.0,8,dflash2_unary_k16_tb64,64,49,336,37.07363300054567,9.092542860116737,109.98023494465676,3.0550944009992236,53,6.320754716981132,5.339622641509434,6.320754716981132,0.4528301886792453,0.9811320754716981,3.9724320708480567,False,0.10644061199127464,0.7313388820039108,0.12321189498106833,0.012408266014972469,2.0719346269943344
83,math500,Qwen/Qwen3-4B,mgoin/Qwen3-4B-speculator.dflash2,0.0,8,dflash2_pairwise_k16_tb8,8,49,336,37.19159600223065,10.023386726191218,99.76667840092304,3.367857940000249,60,5.583333333333333,4.6,5.583333333333333,0.3333333333333333,0.9833333333333333,3.603523424743014,True,0.11920896900483058,0.8292106019762286,0.05420796100224834,0.013972715994896134,2.341784344996995
83,math500,Qwen/Qwen3-4B,mgoin/Qwen3-4B-speculator.dflash2,0.0,8,dflash2_pairwise_k16_tb16,16,49,336,37.15736500089406,9.029469270834463,110.7484803376029,3.0339016750003793,54,6.203703703703703,5.222222222222222,6.203703703703703,0.3888888888888889,0.9814814814814815,4.000180717127601,False,0.10757063199707773,0.7468289190037467,0.06198021999080083,0.01264924799761502,2.096154552000371
83,math500,Qwen/Qwen3-4B,mgoin/Qwen3-4B-speculator.dflash2,0.0,8,dflash2_pairwise_k16_tb32,32,49,336,36.915100001351675,8.567902991065543,116.71467347877098,2.878815404998022,51,6.568627450980392,5.588235294117647,6.568627450980392,0.5686274509803921,0.9803921568627451,4.215676683168918,True,0.10168761400927906,0.7035768130008364,0.08305463400029112,0.01201028499417589,1.9701396090058552
83,math500,Qwen/Qwen3-4B,mgoin/Qwen3-4B-speculator.dflash2,0.0,8,dflash2_pairwise_k16_tb64,64,49,336,36.901868999848375,8.630036294648779,115.87436783088263,2.8996921950019896,50,6.7,5.72,6.7,0.6,0.98,4.185325255872312,False,0.10092754698052886,0.6908249269945372,0.12745327099401038,0.01179922001392697,1.9600959200033685
84,math500,Qwen/Qwen3-4B,mgoin/Qwen3-4B-speculator.dflash2,0.0,8,baseline,,124,936,39.336465000815224,36.628482849357525,27.301158066325435,34.284259946998645,935,1,,,,,1.0,True,0.23207080503198085,0.0,0.0,0.0,33.895695687988336
84,math500,Qwen/Qwen3-4B,mgoin/Qwen3-4B-speculator.dflash2,0.0,8,dflash2,,124,811,37.28048799894168,10.378783265105477,96.35040779414882,8.417193228000542,155,5.225806451612903,4.232258064516129,5.225806451612903,0.3548387096774194,0.9935483870967742,3.5291692594165838,False,0.08856220400775783,1.9834463470469927,0.0,0.0,6.3223204590176465
84,math500,Qwen/Qwen3-4B,mgoin/Qwen3-4B-speculator.dflash2,0.0,8,dflash2_unary_k16_tb8,8,124,767,37.87400299916044,10.619924256846625,94.16263014826154,8.145481905001361,144,5.319444444444445,4.326388888888889,5.319444444444445,0.3055555555555556,0.9930555555555556,3.4490342834359935,False,0.28832343000976834,2.02474257099675,0.10585642400837969,0.03381760698539438,5.6696847479870485
84,math500,Qwen/Qwen3-4B,mgoin/Qwen3-4B-speculator.dflash2,0.0,8,dflash2_unary_k16_tb16,16,124,808,37.42322099787998,9.931769480196031,100.6869925841515,8.024869739998394,142,5.683098591549296,4.690140845070423,5.683098591549296,0.34507042253521125,0.9929577464788732,3.6880117810219812,False,0.2862728179861733,1.9991439829827868,0.13912869103296543,0.03343680199031951,5.5438468599713815
84,math500,Qwen/Qwen3-4B,mgoin/Qwen3-4B-speculator.dflash2,0.0,8,dflash2_unary_k16_tb32,32,124,812,37.40057200047886,9.519260732756754,105.05017438580049,7.729639714998485,136,5.963235294117647,4.970588235294118,5.963235294117647,0.4632352941176471,0.9926470588235294,3.8478285108123105,False,0.27393987600225955,1.9155777870000747,0.1955016750107461,0.03203250602746266,5.289912956013723
84,math500,Qwen/Qwen3-4B,mgoin/Qwen3-4B-speculator.dflash2,0.0,8,dflash2_unary_k16_tb64,64,124,812,37.239878001855686,9.481351990149866,105.47019043685917,7.6988578160016905,132,6.143939393939394,5.151515151515151,6.143939393939394,0.5075757575757576,0.9924242424242424,3.8632130615349682,False,0.2677796449934249,1.8632674460059206,0.31174781901790993,0.031209783992380835,5.2018352929881075
84,math500,Qwen/Qwen3-4B,mgoin/Qwen3-4B-speculator.dflash2,0.0,8,dflash2_pairwise_k16_tb8,8,124,825,37.44157100300072,9.986920063031103,100.13097067851095,8.23920905200066,145,5.682758620689655,4.689655172413793,5.682758620689655,0.33793103448275863,0.993103448275862,3.6676455421873593,False,0.291120810983557,2.0403405090401066,0.13228080400585895,0.0341138050207519,5.7180128100080765
84,math500,Qwen/Qwen3-4B,mgoin/Qwen3-4B-speculator.dflash2,0.0,8,dflash2_pairwise_k16_tb16,16,124,718,37.39908000352443,9.8816541072427,101.19763241531152,7.095027649000258,125,5.736,4.744,5.736,0.384,0.992,3.7067157433198252,False,0.25131419799799914,1.759192447992973,0.1456237230086117,0.029460599020239897,4.889235754984838
84,math500,Qwen/Qwen3-4B,mgoin/Qwen3-4B-speculator.dflash2,0.0,8,dflash2_pairwise_k16_tb32,32,124,817,37.48170300241327,8.815957423499894,113.43067485040152,7.202637214999413,126,6.476190476190476,5.484126984126984,6.476190476190476,0.5476190476190477,0.9920634920634921,4.154793528348982,False,0.2543322499950591,1.7775337050006783,0.208410889008519,0.029788545980409253,4.911463193020609
84,math500,Qwen/Qwen3-4B,mgoin/Qwen3-4B-speculator.dflash2,0.0,8,dflash2_pairwise_k16_tb64,64,124,800,37.40605100028915,8.935736802500287,111.91018962422802,7.148589442000229,122,6.549180327868853,5.557377049180328,6.549180327868853,0.5409836065573771,0.9918032786885246,4.099100461319384,False,0.24822076199416188,1.7223110260310932,0.3163345959983417,0.028929361997143133,4.81146529898615
85,math500,Qwen/Qwen3-4B,mgoin/Qwen3-4B-speculator.dflash2,0.0,8,baseline,,161,557,39.23120300169103,36.672538904852736,27.268360191654846,20.426604170002975,556,1,,,,,1.0,True,0.13817817099334206,0.0,0.0,0.0,20.194963233032468
85,math500,Qwen/Qwen3-4B,mgoin/Qwen3-4B-speculator.dflash2,0.0,8,dflash2,,161,543,37.60049499760498,15.656723775323647,63.87032270289437,8.50160101000074,155,3.496774193548387,2.503225806451613,3.496774193548387,0.11612903225806452,0.9935483870967742,2.342286894187393,False,0.0991003150047618,2.0041726199997356,0.0,0.0,6.375177130026714
85,math500,Qwen/Qwen3-4B,mgoin/Qwen3-4B-speculator.dflash2,0.0,8,dflash2_unary_k16_tb8,8,161,502,37.124503000086406,13.429805314741946,74.46124322459808,6.741762268000457,119,4.2100840336134455,3.2184873949579833,4.2100840336134455,0.16806722689075632,0.9915966386554622,2.7306828390577755,False,0.2382968579986482,1.6728390760290495,0.0879054599936353,0.028103468983317725,4.695540013992286
85,math500,Qwen/Qwen3-4B,mgoin/Qwen3-4B-speculator.dflash2,0.0,8,dflash2_unary_k16_tb16,16,161,511,37.2762290026003,12.850901001952488,77.81555548891599,6.5668104119977215,116,4.396551724137931,3.4051724137931036,4.396551724137931,0.16379310344827586,0.9913793103448276,2.853693986069999,False,0.2328717180280364,1.6329013029717316,0.11658231098772376,0.02749300798313925,4.538155894970259
85,math500,Qwen/Qwen3-4B,mgoin/Qwen3-4B-speculator.dflash2,0.0,8,dflash2_unary_k16_tb32,32,161,580,37.524603998463135,12.078950129310623,82.78865210093161,7.005791075000161,123,4.7073170731707314,3.7154471544715446,4.7073170731707314,0.23577235772357724,0.991869918699187,3.036070065051733,False,0.24744396501409938,1.7337771779712057,0.1825296690039977,0.029034388026047964,4.792576650004776
85,math500,Qwen/Qwen3-4B,mgoin/Qwen3-4B-speculator.dflash2,0.0,8,dflash2_unary_k16_tb64,64,161,484,37.862740999116795,11.112527650826557,89.98852749091873,5.378463383000053,92,5.25,4.260869565217392,5.25,0.2826086956521739,0.9891304347826086,3.300107775401127,False,0.18622943200534792,1.2935238260106416,0.22499602601965307,0.021926690016698558,3.6357230540234013
85,math500,Qwen/Qwen3-4B,mgoin/Qwen3-4B-speculator.dflash2,0.0,8,dflash2_pairwise_k16_tb8,8,161,543,37.27262800020981,13.080649075507184,76.4488057303247,7.1027924480004,125,4.336,3.344,4.336,0.152,0.992,2.8035718023748615,False,0.25076001303386874,1.7588298560222029,0.11476380399108166,0.029340071003389312,4.929095298994071
85,math500,Qwen/Qwen3-4B,mgoin/Qwen3-4B-speculator.dflash2,0.0,8,dflash2_pairwise_k16_tb16,16,161,501,37.26340700086439,11.351926510978085,88.09077463925898,5.68731518200002,100,5,4,5,0.21,1,3.2305123601168404,False,0.2008039449901844,1.4067925660092442,0.11777926701324759,0.023554425992188044,3.92210819799584
85,math500,Qwen/Qwen3-4B,mgoin/Qwen3-4B-speculator.dflash2,0.0,8,dflash2_pairwise_k16_tb32,32,161,525,37.31197800152586,10.70150421524193,93.44480737350182,5.618289713002014,98,5.346938775510204,4.357142857142857,5.346938775510204,0.30612244897959184,0.9897959183673469,3.4268583338612157,False,0.19891796899901237,1.3820490389734914,0.16581897798823775,0.023119167006370844,3.8319649810109695
85,math500,Qwen/Qwen3-4B,mgoin/Qwen3-4B-speculator.dflash2,0.0,8,dflash2_pairwise_k16_tb64,64,161,525,37.28694800156518,10.632765241905526,94.04891175992779,5.582201752000401,95,5.515789473684211,4.526315789473684,5.515789473684211,0.3368421052631579,0.9894736842105263,3.449012375475014,False,0.19311856599961175,1.3378222590181394,0.25599814099041396,0.022558508990186965,3.756190614993102
86,math500,Qwen/Qwen3-4B,mgoin/Qwen3-4B-speculator.dflash2,0.0,8,baseline,,51,722,39.22446299839066,36.584903286699685,27.33367892661743,26.414300172997173,721,1,,,,,1.0,True,0.178975262959284,0.0,0.0,0.0,26.11477051397378
86,math500,Qwen/Qwen3-4B,mgoin/Qwen3-4B-speculator.dflash2,0.0,8,dflash2,,51,592,37.35629899892956,11.620951032092627,86.05147696073945,6.879603010998835,127,4.653543307086614,3.661417322834646,4.653543307086614,0.28346456692913385,0.9921259842519685,3.148184962286319,False,0.07478496598923812,1.6174809490476036,0.0,0.0,5.168574011000601
86,math500,Qwen/Qwen3-4B,mgoin/Qwen3-4B-speculator.dflash2,0.0,8,dflash2_unary_k16_tb8,8,51,592,37.32382900125231,11.945824388513339,83.7112590539639,7.071928037999896,125,4.728,3.736,4.728,0.256,0.992,3.0625683164971327,False,0.2502287430179422,1.7566160460155515,0.0917117779936234,0.029259193011967,4.92407334300151
86,math500,Qwen/Qwen3-4B,mgoin/Qwen3-4B-speculator.dflash2,0.0,8,dflash2_unary_k16_tb16,16,51,592,37.48471299695666,10.975695506750846,91.11039928038527,6.4976117399965005,115,5.139130434782609,4.147826086956521,5.139130434782609,0.3130434782608696,0.991304347826087,3.3332651460854876,False,0.23025884700837196,1.616382620006334,0.11182348499278305,0.02711958497093292,4.493375466001453
86,math500,Qwen/Qwen3-4B,mgoin/Qwen3-4B-speculator.dflash2,0.0,8,dflash2_unary_k16_tb32,32,51,592,37.4878330003412,10.473188467905267,95.48190630431853,6.200127572999918,109,5.422018348623853,4.431192660550459,5.422018348623853,0.3577981651376147,0.9908256880733946,3.4931963077732147,False,0.21921652098171762,1.534771222002746,0.15856009601338883,0.025821318002272164,4.243507952000073
86,math500,Qwen/Qwen3-4B,mgoin/Qwen3-4B-speculator.dflash2,0.0,8,dflash2_unary_k16_tb64,64,51,586,37.57855399817345,10.063918052901656,99.36487904049233,5.8974559790003696,101,5.792079207920792,4.801980198019802,5.792079207920792,0.39603960396039606,0.9900990099009901,3.6352544897910244,False,0.20461281497046002,1.4233283689973177,0.2411207430086506,0.02392922100261785,3.986832558985043
86,math500,Qwen/Qwen3-4B,mgoin/Qwen3-4B-speculator.dflash2,0.0,8,dflash2_pairwise_k16_tb8,8,51,816,37.48659300254076,10.311877653186778,96.97554932597173,8.41449216500041,148,5.506756756756757,4.513513513513513,5.506756756756757,0.3310810810810811,0.9932432432432432,3.5478410932652507,False,0.2963074710096407,2.085433535001357,0.13503481698353426,0.034886502995505,5.839177782945626
86,math500,Qwen/Qwen3-4B,mgoin/Qwen3-4B-speculator.dflash2,0.0,8,dflash2_pairwise_k16_tb16,16,51,587,37.37000999899465,9.675328294721341,103.35566603415197,5.679417709001427,100,5.86,4.86,5.86,0.38,1,3.7812570459918815,False,0.20025055201040232,1.4060036499722628,0.11646697401374695,0.02333358797841356,3.917040692002047
86,math500,Qwen/Qwen3-4B,mgoin/Qwen3-4B-speculator.dflash2,0.0,8,dflash2_pairwise_k16_tb32,32,51,811,37.450261999765644,8.810817203448769,113.49685016828809,7.145572751996951,125,6.48,5.488,6.48,0.568,0.992,4.152271286751865,False,0.2531176890406641,1.7607622740142688,0.20612444501239224,0.029538773978856625,4.87511903498671
86,math500,Qwen/Qwen3-4B,mgoin/Qwen3-4B-speculator.dflash2,0.0,8,dflash2_pairwise_k16_tb64,64,51,716,37.33993899732013,8.759574195530108,114.16080024874798,6.271855123999558,107,6.682242990654205,5.682242990654205,6.682242990654205,0.5981308411214953,1,4.176561836232686,False,0.21649139598957845,1.5085583900145139,0.28010331998666516,0.02516603399635642,4.222847036024177
87,math500,Qwen/Qwen3-4B,mgoin/Qwen3-4B-speculator.dflash2,0.0,8,baseline,,47,236,38.78883200013661,36.11382372457876,27.690227643200476,8.522862399000587,235,1,,,,,1.0,True,0.05817871204271796,0.0,0.0,0.0,8.425528752934042
87,math500,Qwen/Qwen3-4B,mgoin/Qwen3-4B-speculator.dflash2,0.0,8,dflash2,,47,235,37.299289000657154,10.037898723400776,99.6224436563359,2.3589061999991827,44,5.318181818181818,4.340909090909091,5.318181818181818,0.38636363636363635,0.9772727272727273,3.5977473692166946,False,0.024494201006746152,0.550734497999656,0.0,0.0,1.7772453589896031
87,math500,Qwen/Qwen3-4B,mgoin/Qwen3-4B-speculator.dflash2,0.0,8,dflash2_unary_k16_tb8,8,47,235,37.40048100007698,10.19034576170367,98.13209712256274,2.3947312540003622,43,5.441860465116279,4.465116279069767,5.441860465116279,0.32558139534883723,0.9767441860465116,3.5439252572074733,False,0.08613243198851706,0.5963861500131316,0.03227392999906442,0.010041947996796807,1.6630063999982667
87,math500,Qwen/Qwen3-4B,mgoin/Qwen3-4B-speculator.dflash2,0.0,8,dflash2_unary_k16_tb16,16,47,235,38.185649002116406,9.704476063826464,103.04523329471753,2.280551874999219,41,5.7073170731707314,4.7317073170731705,5.7073170731707314,0.43902439024390244,0.975609756097561,3.721357390863523,False,0.08208775698585669,0.569006519010145,0.03965323299780721,0.009652592008933425,1.5735889099887572
87,math500,Qwen/Qwen3-4B,mgoin/Qwen3-4B-speculator.dflash2,0.0,8,dflash2_unary_k16_tb32,32,47,235,37.47819199998048,9.2806463999992,107.75111526715274,2.180951903999812,39,6,5.0256410256410255,6,0.5641025641025641,0.9743589743589743,3.8913047828847214,False,0.07840917898647604,0.541075521017774,0.056266797000716906,0.009247408990631811,1.4895367819990497
87,math500,Qwen/Qwen3-4B,mgoin/Qwen3-4B-speculator.dflash2,0.0,8,dflash2_unary_k16_tb64,64,47,235,37.488963000214426,9.281489476601797,107.74132778159729,2.181150027001422,38,6.157894736842105,5.157894736842105,6.157894736842105,0.5526315789473685,1,3.890951319356665,False,0.0766444019973278,0.5268207880035334,0.09052182301820721,0.008985374995972961,1.4714994590030983
87,math500,Qwen/Qwen3-4B,mgoin/Qwen3-4B-speculator.dflash2,0.0,8,dflash2_pairwise_k16_tb8,8,47,235,37.348670000938,9.81590454468189,101.87548131178445,2.306737568000244,41,5.7073170731707314,4.7317073170731705,5.7073170731707314,0.4146341463414634,0.975609756097561,3.6791131739504017,False,0.08246541801054263,0.5682654490083223,0.03741496099974029,0.009632708999561146,1.6023860709938162
87,math500,Qwen/Qwen3-4B,mgoin/Qwen3-4B-speculator.dflash2,0.0,8,dflash2_pairwise_k16_tb16,16,47,236,38.29797200160101,8.512061788139162,117.48035022412728,2.0088465820008423,36,6.527777777777778,5.527777777777778,6.527777777777778,0.6388888888888888,1,4.24266465909591,True,0.07225614701019367,0.4971768920077011,0.04215973199461587,0.008501605996571016,1.3828789830040478
87,math500,Qwen/Qwen3-4B,mgoin/Qwen3-4B-speculator.dflash2,0.0,8,dflash2_pairwise_k16_tb32,32,47,235,37.44350299893995,8.35839232341312,119.64023239240025,1.9642221960020831,35,6.685714285714286,5.714285714285714,6.685714285714286,0.6857142857142857,0.9714285714285714,4.320666262986781,False,0.07029422300183796,0.483506940996449,0.05802954100363422,0.008230081992223859,1.3383980539874756
87,math500,Qwen/Qwen3-4B,mgoin/Qwen3-4B-speculator.dflash2,0.0,8,dflash2_pairwise_k16_tb64,64,47,235,37.48102200188441,8.325534799997572,120.11240407046185,1.9565006779994292,34,6.882352941176471,5.911764705882353,6.882352941176471,0.7352941176470589,0.9705882352941176,4.337718187736035,False,0.06891497600008734,0.46971214801305905,0.0864488509905641,0.008062895001785364,1.317387796996627
88,math500,Qwen/Qwen3-4B,mgoin/Qwen3-4B-speculator.dflash2,0.0,8,baseline,,67,336,38.61604900157545,36.02194081250197,27.760858450273584,12.10337211300066,335,1,,,,,1.0,True,0.08336314499319997,0.0,0.0,0.0,11.964576544996817
88,math500,Qwen/Qwen3-4B,mgoin/Qwen3-4B-speculator.dflash2,0.0,8,dflash2,,67,336,37.281607001204975,9.988337255955619,100.11676361886386,3.356081318001088,63,5.317460317460317,4.333333333333333,5.317460317460317,0.30158730158730157,0.9841269841269841,3.6064001334179636,True,0.03619662800701917,0.7865681479888735,0.0,0.0,2.5240634469955694
88,math500,Qwen/Qwen3-4B,mgoin/Qwen3-4B-speculator.dflash2,0.0,8,dflash2_unary_k16_tb8,8,67,333,37.25577699879068,10.10716690689697,98.93969390350286,3.365686579996691,60,5.533333333333333,4.55,5.533333333333333,0.23333333333333334,0.9833333333333333,3.5639997977990414,False,0.11946097398686106,0.8306284309910552,0.044276821998209925,0.013928411008237163,2.347864857991226
88,math500,Qwen/Qwen3-4B,mgoin/Qwen3-4B-speculator.dflash2,0.0,8,dflash2_unary_k16_tb16,16,67,333,37.32803899765713,9.652948735741369,103.595287551602,3.2144319290018757,57,5.824561403508772,4.842105263157895,5.824561403508772,0.3684210526315789,0.9824561403508771,3.7317033166379283,False,0.11378803402840276,0.7923957299972244,0.05573291000109748,0.013454300988087198,2.229866101024527
88,math500,Qwen/Qwen3-4B,mgoin/Qwen3-4B-speculator.dflash2,0.0,8,dflash2_unary_k16_tb32,32,67,336,37.80792000179645,9.910690410714821,100.9011439726603,3.32999197800018,58,5.775862068965517,4.793103448275862,5.775862068965517,0.3275862068965517,0.9827586206896551,3.6346550360969085,True,0.11754178500996204,0.8175407109883963,0.08406454100622796,0.013977160011563683,2.286392308975337
88,math500,Qwen/Qwen3-4B,mgoin/Qwen3-4B-speculator.dflash2,0.0,8,dflash2_unary_k16_tb64,64,67,333,37.75470900291111,9.500118402408313,105.26184597304561,3.163539428001968,54,6.148148148148148,5.166666666666667,6.148148148148148,0.35185185185185186,0.9814814814814815,3.7917359854557473,False,0.11004776700792718,0.7584278780013847,0.12822063000203343,0.012969630992301973,2.144316115005495
88,math500,Qwen/Qwen3-4B,mgoin/Qwen3-4B-speculator.dflash2,0.0,8,dflash2_pairwise_k16_tb8,8,67,336,37.57932499866001,10.047125241065995,99.53095796125464,3.3758340809981746,60,5.583333333333333,4.6,5.583333333333333,0.3,0.9833333333333333,3.585298276691936,True,0.1197727040052996,0.8320182659990678,0.05451965299289441,0.013946100003522588,2.34598638900934
88,math500,Qwen/Qwen3-4B,mgoin/Qwen3-4B-speculator.dflash2,0.0,8,dflash2_pairwise_k16_tb16,16,67,336,37.293467998097185,8.52939639880138,117.24159052339603,2.8658771899972635,51,6.568627450980392,5.588235294117647,6.568627450980392,0.5098039215686274,0.9803921568627451,4.223269634597363,True,0.10155803399902652,0.705340703985712,0.05853847802427481,0.011941095996007789,1.9801804120033921
88,math500,Qwen/Qwen3-4B,mgoin/Qwen3-4B-speculator.dflash2,0.0,8,dflash2_pairwise_k16_tb32,32,67,336,37.19784499844536,7.910392726195087,126.4159738477361,2.6578919560015493,47,7.127659574468085,6.148936170212766,7.127659574468085,0.6382978723404256,0.9787234042553191,4.553748727697946,True,0.09401814600278158,0.6489166710125573,0.07659842000066419,0.01102078700569109,1.819587545014656
88,math500,Qwen/Qwen3-4B,mgoin/Qwen3-4B-speculator.dflash2,0.0,8,dflash2_pairwise_k16_tb64,64,67,336,37.26422700128751,7.770521833338405,128.69148577765154,2.610895336001704,45,7.444444444444445,6.444444444444445,7.444444444444445,0.7777777777777778,1,4.635717083755502,True,0.09055910299503012,0.6214405749924481,0.1163248150041909,0.010542522999458015,1.7642073359966162
89,math500,Qwen/Qwen3-4B,mgoin/Qwen3-4B-speculator.dflash2,0.0,8,baseline,,99,345,38.40376399966772,35.92068694782464,27.839111246745244,12.392636996999501,344,1,,,,,1.0,True,0.08458089901250787,0.0,0.0,0.0,12.251488584981416
89,math500,Qwen/Qwen3-4B,mgoin/Qwen3-4B-speculator.dflash2,0.0,8,dflash2,,99,350,37.05120200174861,9.438375788574506,105.95043282876445,3.303431526001077,62,5.629032258064516,4.645161290322581,5.629032258064516,0.45161290322580644,0.9838709677419355,3.8058123296285706,False,0.033587335023185005,0.7733946029911749,0.0,0.0,2.4874076320011227
89,math500,Qwen/Qwen3-4B,mgoin/Qwen3-4B-speculator.dflash2,0.0,8,dflash2_unary_k16_tb8,8,99,350,37.08707399709965,9.625248345712732,103.89342322220901,3.368836920999456,60,5.816666666666666,4.833333333333333,5.816666666666666,0.4,0.9833333333333333,3.7319231315028243,False,0.1192949610085634,0.8301215300089098,0.04378353598804097,0.014007242021762067,2.352011577990197
89,math500,Qwen/Qwen3-4B,mgoin/Qwen3-4B-speculator.dflash2,0.0,8,dflash2_unary_k16_tb16,16,99,345,37.10366399900522,9.415937834779944,106.20291016644872,3.248498552999081,58,5.931034482758621,4.948275862068965,5.931034482758621,0.46551724137931033,0.9827586206896551,3.8148814890369467,True,0.11530626099192887,0.8017591170173546,0.05581448600059957,0.013459559992043069,2.2527683319967764
89,math500,Qwen/Qwen3-4B,mgoin/Qwen3-4B-speculator.dflash2,0.0,8,dflash2_unary_k16_tb32,32,99,345,37.08191300029284,9.488341411591703,105.3924976580545,3.273477786999137,58,5.931034482758621,4.948275862068965,5.931034482758621,0.5344827586206896,0.9827586206896551,3.785770915024317,True,0.11578528300015023,0.8037280519965861,0.08277878700755537,0.013595737022114918,2.247949010994489
89,math500,Qwen/Qwen3-4B,mgoin/Qwen3-4B-speculator.dflash2,0.0,8,dflash2_unary_k16_tb64,64,99,345,37.03088100155583,9.217753936230809,108.48629795480369,3.180125107999629,55,6.254545454545455,5.2727272727272725,6.254545454545455,0.5272727272727272,0.9818181818181818,3.8969023469629316,True,0.11049715800254489,0.761928493004234,0.12819271698754164,0.013022576004004804,2.1569892760126095
89,math500,Qwen/Qwen3-4B,mgoin/Qwen3-4B-speculator.dflash2,0.0,8,dflash2_pairwise_k16_tb8,8,99,345,37.00276000017766,9.793519913048089,102.10833376339812,3.3787643700015906,60,5.733333333333333,4.75,5.733333333333333,0.36666666666666664,0.9833333333333333,3.6678014918790165,True,0.11951356200006558,0.8301887879970309,0.054418145005911356,0.013986788002512185,2.351011564995133
89,math500,Qwen/Qwen3-4B,mgoin/Qwen3-4B-speculator.dflash2,0.0,8,dflash2_pairwise_k16_tb16,16,99,345,37.054101998364786,8.646582423197273,115.65263025969361,2.9830709360030596,53,6.490566037735849,5.509433962264151,6.490566037735849,0.5660377358490566,0.9811320754716981,4.154321926250965,True,0.10574960102894693,0.7330850859871134,0.06248021601277287,0.012322842001594836,2.060787986014475
89,math500,Qwen/Qwen3-4B,mgoin/Qwen3-4B-speculator.dflash2,0.0,8,dflash2_pairwise_k16_tb32,32,99,345,37.09896299915272,8.37693175651467,119.37545023239663,2.8900414559975616,51,6.745098039215686,5.764705882352941,6.745098039215686,0.6078431372549019,0.9803921568627451,4.28804817705354,True,0.10244725501615903,0.7050575399771333,0.08291736799583305,0.01191703801669064,1.9792968790097802
89,math500,Qwen/Qwen3-4B,mgoin/Qwen3-4B-speculator.dflash2,0.0,8,dflash2_pairwise_k16_tb64,64,99,345,36.94598999936716,8.249500884066682,121.2194548559208,2.8460778050030053,49,7.020408163265306,6.040816326530612,7.020408163265306,0.7142857142857143,0.9795918367346939,4.354286089865492,True,0.09865834199081291,0.6771195619985519,0.12582935700993403,0.011513472007209202,1.924446094995801
90,math500,Qwen/Qwen3-4B,mgoin/Qwen3-4B-speculator.dflash2,0.0,8,baseline,,78,695,38.632388997939415,35.92845966762874,27.833088566860884,24.97027946900198,694,1,,,,,1.0,True,0.1706301180056471,0.0,0.0,0.0,24.68579570702059
90,math500,Qwen/Qwen3-4B,mgoin/Qwen3-4B-speculator.dflash2,0.0,8,dflash2,,78,718,37.25993699845276,9.697425612812316,103.12015166981968,6.962751589999242,131,5.473282442748092,4.480916030534351,5.473282442748092,0.35877862595419846,0.9923664122137404,3.7049482101888755,False,0.07360238401088282,1.6460103760146012,0.0,0.0,5.2233143810262845
90,math500,Qwen/Qwen3-4B,mgoin/Qwen3-4B-speculator.dflash2,0.0,8,dflash2_unary_k16_tb8,8,78,695,37.40643099808949,9.875897169784222,101.25662335362782,6.8637485330000345,122,5.688524590163935,4.69672131147541,5.688524590163935,0.3524590163934426,0.9918032786885246,3.637994508241092,True,0.2434668220084859,1.7042186530015897,0.09068251901044277,0.02847298300912371,4.777431604030426
90,math500,Qwen/Qwen3-4B,mgoin/Qwen3-4B-speculator.dflash2,0.0,8,dflash2_unary_k16_tb16,16,78,718,37.3038279976754,9.367716050137536,106.74960626985678,6.726020123998751,119,6.025210084033613,5.033613445378151,6.025210084033613,0.4369747899159664,0.9915966386554622,3.8353489234017983,False,0.2393384179995337,1.6736686379917955,0.11578541401468101,0.028094301007513423,4.649765110989392
90,math500,Qwen/Qwen3-4B,mgoin/Qwen3-4B-speculator.dflash2,0.0,8,dflash2_unary_k16_tb32,32,78,718,37.29010800088872,9.033055831476755,110.70450782728268,6.48573408700031,115,6.234782608695652,5.243478260869566,6.234782608695652,0.4956521739130435,0.991304347826087,3.977442444497217,False,0.22930298799838056,1.605941823017929,0.1636621590150753,0.02691313298419118,4.440728771016438
90,math500,Qwen/Qwen3-4B,mgoin/Qwen3-4B-speculator.dflash2,0.0,8,dflash2_unary_k16_tb64,64,78,718,37.34179900129675,9.102237616992127,109.86309543635647,6.535406609000347,113,6.345132743362832,5.353982300884955,6.345132743362832,0.5132743362831859,0.9911504424778761,3.9472117933459816,False,0.22705370298717753,1.5786823499984166,0.2626564199963468,0.02660613999250927,4.420866027987358
90,math500,Qwen/Qwen3-4B,mgoin/Qwen3-4B-speculator.dflash2,0.0,8,dflash2_pairwise_k16_tb8,8,78,695,37.384700000984594,9.0118618388476,110.9648614106889,6.263243977999082,111,6.252252252252252,5.261261261261262,6.252252252252252,0.45045045045045046,0.990990990990991,3.9867965477179497,True,0.22128554399387212,1.548516386999836,0.10041541400642018,0.025738136984728044,4.349453675986297
90,math500,Qwen/Qwen3-4B,mgoin/Qwen3-4B-speculator.dflash2,0.0,8,dflash2_pairwise_k16_tb16,16,78,719,37.37268900295021,8.373141777465891,119.42948376811641,6.020288937997975,107,6.710280373831775,5.719626168224299,6.710280373831775,0.616822429906542,0.9906542056074766,4.2909173906884925,False,0.21348609400592977,1.4924608079927566,0.12242472601064947,0.024947667981905397,4.149670292979863
90,math500,Qwen/Qwen3-4B,mgoin/Qwen3-4B-speculator.dflash2,0.0,8,dflash2_pairwise_k16_tb32,32,78,695,37.343799998780014,8.069519339569654,123.92311833201825,5.608315941000909,99,7.01010101010101,6.02020202020202,7.01010101010101,0.6666666666666666,0.98989898989899,4.452366758878702,True,0.1974829540013161,1.380203712007642,0.16099483199286624,0.023299800985114416,3.8298541829972237
90,math500,Qwen/Qwen3-4B,mgoin/Qwen3-4B-speculator.dflash2,0.0,8,dflash2_pairwise_k16_tb64,64,78,730,37.44711200124584,8.030043198630988,124.53233130433048,5.861931535000622,101,7.217821782178218,6.227722772277228,7.217821782178218,0.7326732673267327,0.9900990099009901,4.474254842583418,False,0.20326456699331175,1.4071492020120786,0.2596630770021875,0.02387956301390659,3.9504664500127546
91,math500,Qwen/Qwen3-4B,mgoin/Qwen3-4B-speculator.dflash2,0.0,8,baseline,,90,397,38.68301100010285,35.91250693450828,27.84545233290582,14.257265252999787,396,1,,,,,1.0,True,0.09765285498360754,0.0,0.0,0.0,14.094354564018431
91,math500,Qwen/Qwen3-4B,mgoin/Qwen3-4B-speculator.dflash2,0.0,8,dflash2,,90,391,37.24590699857799,9.816039173915263,101.87408406614337,3.8380713170008676,72,5.416666666666667,4.430555555555555,5.416666666666667,0.3611111111111111,0.9861111111111112,3.6585537504720533,False,0.04045195900835097,0.9018760549952276,0.0,0.0,2.8852119780276553
91,math500,Qwen/Qwen3-4B,mgoin/Qwen3-4B-speculator.dflash2,0.0,8,dflash2_unary_k16_tb8,8,90,388,37.45419099868741,11.281851938142657,88.63792979050841,4.37735855199935,78,4.961538461538462,3.9743589743589745,4.961538461538462,0.23076923076923078,0.9871794871794872,3.1832102682620915,False,0.15542484799516387,1.082451698021032,0.057265569990704535,0.01821521901001688,3.0515524029906373
91,math500,Qwen/Qwen3-4B,mgoin/Qwen3-4B-speculator.dflash2,0.0,8,dflash2_unary_k16_tb16,16,90,391,37.399400000140304,9.771260288998793,102.34094379062586,3.8205627729985276,68,5.735294117647059,4.75,5.735294117647059,0.4117647058823529,0.9852941176470589,3.6753198535649734,False,0.1356856630081893,0.9456931209897448,0.06635341998844524,0.016034215968829812,2.645958212993719
91,math500,Qwen/Qwen3-4B,mgoin/Qwen3-4B-speculator.dflash2,0.0,8,dflash2_unary_k16_tb32,32,90,397,37.31311800220283,9.666238974807555,103.45285302859058,3.8374968729985994,68,5.823529411764706,4.838235294117647,5.823529411764706,0.45588235294117646,0.9852941176470589,3.715251301783925,True,0.13583702501637163,0.9456685969853424,0.09737097296238062,0.015965059985319385,2.6314493829922867
91,math500,Qwen/Qwen3-4B,mgoin/Qwen3-4B-speculator.dflash2,0.0,8,dflash2_unary_k16_tb64,64,90,391,37.337378998927306,9.630557104867101,103.83615289447991,3.7655478280030366,65,6,5.015384615384615,6,0.46153846153846156,0.9846153846153847,3.7290165608756713,False,0.13108227098200587,0.9030730990089069,0.15377963596620248,0.015294550019461894,2.551042779996351
91,math500,Qwen/Qwen3-4B,mgoin/Qwen3-4B-speculator.dflash2,0.0,8,dflash2_pairwise_k16_tb8,8,90,397,37.378230001195334,9.799937241811083,102.04146978957534,3.890575084999,69,5.739130434782608,4.753623188405797,5.739130434782608,0.3333333333333333,0.9855072463768116,3.664564991425542,True,0.1378316349873785,0.958053188991471,0.06265895099568297,0.016070056990429293,2.7049188209857675
91,math500,Qwen/Qwen3-4B,mgoin/Qwen3-4B-speculator.dflash2,0.0,8,dflash2_pairwise_k16_tb16,16,90,388,37.37312099838164,9.146719342781354,109.3288164339716,3.5489271049991657,63,6.142857142857143,5.158730158730159,6.142857142857143,0.47619047619047616,0.9841269841269841,3.9262718783265877,False,0.12583251999967615,0.8748550760137732,0.07314550100636552,0.014688138002384221,2.450220938979328
91,math500,Qwen/Qwen3-4B,mgoin/Qwen3-4B-speculator.dflash2,0.0,8,dflash2_pairwise_k16_tb32,32,90,397,37.38587100087898,9.000877392948494,111.10028015529068,3.573348325000552,63,6.285714285714286,5.301587301587301,6.285714285714286,0.5396825396825397,0.9841269841269841,3.989889581502689,True,0.1263199000059103,0.875006845977623,0.1031134930162807,0.014894339001330081,2.443657419000374
91,math500,Qwen/Qwen3-4B,mgoin/Qwen3-4B-speculator.dflash2,0.0,8,dflash2_pairwise_k16_tb64,64,90,397,37.33046799970907,8.792922108315599,113.72783560248816,3.490790077001293,60,6.6,5.616666666666666,6.6,0.6333333333333333,0.9833333333333333,4.084251684720973,True,0.12066428899561288,0.8319721319930977,0.15703799500261084,0.014079413002036745,2.356657896994875
92,math500,Qwen/Qwen3-4B,mgoin/Qwen3-4B-speculator.dflash2,0.0,8,baseline,,53,408,38.33471200050553,35.86325715195926,27.88369153874716,14.632208917999378,407,1,,,,,1.0,True,0.1001949560122739,0.0,0.0,0.0,14.465362751008797
92,math500,Qwen/Qwen3-4B,mgoin/Qwen3-4B-speculator.dflash2,0.0,8,dflash2,,53,407,37.007191000157036,10.195547280095447,98.08203253122852,4.149587742998847,78,5.205128205128205,4.217948717948718,5.205128205128205,0.32051282051282054,0.9871794871794872,3.517541154654282,False,0.04449867901348625,0.9755720890170778,0.0,0.0,3.1179651679885865
92,math500,Qwen/Qwen3-4B,mgoin/Qwen3-4B-speculator.dflash2,0.0,8,dflash2_unary_k16_tb8,8,53,406,37.13908399731736,10.901601017242239,91.72964580325178,4.426050013000349,77,5.259740259740259,4.2727272727272725,5.259740259740259,0.2857142857142857,0.987012987012987,3.2897238759001595,False,0.15696809201472206,1.0932977690063126,0.05762415500430507,0.018292333006684203,3.087499883989949
92,math500,Qwen/Qwen3-4B,mgoin/Qwen3-4B-speculator.dflash2,0.0,8,dflash2_unary_k16_tb16,16,53,407,37.01407299740822,9.682269550373173,103.28156996635754,3.9406837070018814,70,5.8,4.814285714285714,5.8,0.38571428571428573,0.9857142857142858,3.7040135027615526,False,0.14023426598578226,0.9762313500104938,0.06757773498975439,0.016497378994245082,2.7287924960000964
92,math500,Qwen/Qwen3-4B,mgoin/Qwen3-4B-speculator.dflash2,0.0,8,dflash2_unary_k16_tb32,32,53,406,37.19246599939652,9.628731142852818,103.85584405295984,3.909264843998244,67,6.044776119402985,5.059701492537314,6.044776119402985,0.417910447761194,0.9850746268656716,3.7246088420050776,False,0.13838202899569296,0.9596105469827307,0.09845827898971038,0.016049299003498163,2.685433845010266
92,math500,Qwen/Qwen3-4B,mgoin/Qwen3-4B-speculator.dflash2,0.0,8,dflash2_unary_k16_tb64,64,53,406,47.18457600029069,9.265628256157985,107.92576308415943,3.761845072000142,65,6.230769230769231,5.246153846153846,6.230769230769231,0.46153846153846156,0.9846153846153847,3.8705693948086415,False,0.1306844459832064,0.9008478769901558,0.15286851000564639,0.015250725999067072,2.550865460983914
92,math500,Qwen/Qwen3-4B,mgoin/Qwen3-4B-speculator.dflash2,0.0,8,dflash2_pairwise_k16_tb8,8,53,406,37.06476200022735,10.453560115762194,95.6611899607455,4.244145406999451,75,5.4,4.413333333333333,5.4,0.32,0.9866666666666667,3.4307218550246397,False,0.15057597601844463,1.0460119209892582,0.06837208001161343,0.017623326002649264,2.949740058000316
92,math500,Qwen/Qwen3-4B,mgoin/Qwen3-4B-speculator.dflash2,0.0,8,dflash2_pairwise_k16_tb16,16,53,406,37.02795199933462,9.545074268478256,104.76607848955241,3.875300153002172,68,5.955882352941177,4.970588235294118,5.955882352941177,0.47058823529411764,0.9852941176470589,3.7572528136731655,False,0.13751522999882582,0.9565029250079533,0.07926220100489445,0.016127323000546312,2.6748879659971863
92,math500,Qwen/Qwen3-4B,mgoin/Qwen3-4B-speculator.dflash2,0.0,8,dflash2_pairwise_k16_tb32,32,53,406,36.95658000287949,8.499260083741776,117.65730077055753,3.4506995939991607,61,6.639344262295082,5.655737704918033,6.639344262295082,0.5573770491803278,0.9836065573770492,4.219574033339919,False,0.12202946900288225,0.8451185609847016,0.09972847499739146,0.014209021006536204,2.3595277879976493
92,math500,Qwen/Qwen3-4B,mgoin/Qwen3-4B-speculator.dflash2,0.0,8,dflash2_pairwise_k16_tb64,64,53,407,37.15820599973085,8.761867417689542,114.13092122132278,3.566080038999644,60,6.766666666666667,5.783333333333333,6.766666666666667,0.6166666666666667,0.9833333333333333,4.093106576750303,False,0.12337174299682374,0.8527312710320984,0.1567716100034886,0.014444249012740329,2.4080926999959047
93,math500,Qwen/Qwen3-4B,mgoin/Qwen3-4B-speculator.dflash2,0.0,8,baseline,,88,478,38.80176299935556,36.46150010669265,27.42618918787837,17.428597050999088,477,1,,,,,1.0,True,0.11900156508636428,0.0,0.0,0.0,17.23005779502273
93,math500,Qwen/Qwen3-4B,mgoin/Qwen3-4B-speculator.dflash2,0.0,8,dflash2,,88,421,37.688517000788124,10.601311035624956,94.32795591409125,4.463151945998106,83,5.0602409638554215,4.072289156626506,5.0602409638554215,0.26506024096385544,0.9879518072289156,3.4393387746257376,False,0.04886044498562114,1.0486659350171976,0.0,0.0,3.3533608030083997
93,math500,Qwen/Qwen3-4B,mgoin/Qwen3-4B-speculator.dflash2,0.0,8,dflash2_unary_k16_tb8,8,88,455,37.71293799945852,10.46217127912134,95.58245351953217,4.76028793200021,84,5.404761904761905,4.416666666666667,5.404761904761905,0.27380952380952384,0.9880952380952381,3.485079639200367,False,0.16837906702130567,1.176819324031385,0.06179222098944592,0.019673769020300824,3.320133363988134
93,math500,Qwen/Qwen3-4B,mgoin/Qwen3-4B-speculator.dflash2,0.0,8,dflash2_unary_k16_tb16,16,88,459,37.76689900041674,9.745111814818639,102.61554910836192,4.473006323001755,79,5.7974683544303796,4.810126582278481,5.7974683544303796,0.4050632911392405,0.9873417721518988,3.741516854762863,False,0.15850646999388118,1.1081220059968473,0.07711872000436415,0.018554103993665194,3.0978883749921806
93,math500,Qwen/Qwen3-4B,mgoin/Qwen3-4B-speculator.dflash2,0.0,8,dflash2_unary_k16_tb32,32,88,479,37.735067002358846,9.39805190188008,106.40503057872557,4.501666861000558,79,6.050632911392405,5.063291139240507,6.050632911392405,0.43037974683544306,0.9873417721518988,3.879687033798837,False,0.15864611100187176,1.109197239016794,0.11386799200045061,0.018524688999605132,3.0883480470001814
93,math500,Qwen/Qwen3-4B,mgoin/Qwen3-4B-speculator.dflash2,0.0,8,dflash2_unary_k16_tb64,64,88,478,37.86219999892637,9.53287815899172,104.90011340979615,4.556715759998042,78,6.115384615384615,5.128205128205129,6.115384615384615,0.4358974358974359,0.9871794871794872,3.824815496283353,False,0.15743191400542855,1.096085466000659,0.18282676399394404,0.01854228402589797,3.088236245981534
93,math500,Qwen/Qwen3-4B,mgoin/Qwen3-4B-speculator.dflash2,0.0,8,dflash2_pairwise_k16_tb8,8,88,456,37.73330900003202,10.093113969305065,99.07745053124098,4.60245997000311,81,5.617283950617284,4.62962962962963,5.617283950617284,0.3950617283950617,0.9876543209876543,3.612512473115679,False,0.16177457099183812,1.1357798039789486,0.07347309800752555,0.018971829005749896,3.1994274230055453
93,math500,Qwen/Qwen3-4B,mgoin/Qwen3-4B-speculator.dflash2,0.0,8,dflash2_pairwise_k16_tb16,16,88,473,37.76620899952832,8.998073661736132,111.13489815630773,4.256088842001191,75,6.293333333333333,5.306666666666667,6.293333333333333,0.5066666666666667,0.9866666666666667,4.052145100983491,False,0.1503350400016643,1.0513616590105812,0.08665355600169278,0.01771185402321862,2.9377106339670718
93,math500,Qwen/Qwen3-4B,mgoin/Qwen3-4B-speculator.dflash2,0.0,8,dflash2_pairwise_k16_tb32,32,88,473,37.81652000179747,8.579737591964781,116.55368119143111,4.058215880999342,71,6.647887323943662,5.661971830985915,6.647887323943662,0.5774647887323944,0.9859154929577465,4.249722059196786,False,0.1427458519792708,0.9957622660185734,0.1162051989849715,0.01673554101580521,2.7749997440041625
93,math500,Qwen/Qwen3-4B,mgoin/Qwen3-4B-speculator.dflash2,0.0,8,dflash2_pairwise_k16_tb64,64,88,455,37.7846999981557,8.773551773621156,113.97892504682451,3.991966056997626,68,6.676470588235294,5.6911764705882355,6.676470588235294,0.5441176470588235,0.9852941176470589,4.155842587755505,False,0.13772752801014576,0.9544197849972988,0.17588016200534184,0.01612540699352394,2.6960193070044625
94,math500,Qwen/Qwen3-4B,mgoin/Qwen3-4B-speculator.dflash2,0.0,8,baseline,,81,563,38.427095001679845,36.355303822379504,27.50630292860935,20.46803605199966,562,1,,,,,1.0,True,0.13936617501531146,0.0,0.0,0.0,20.23504398496516
94,math500,Qwen/Qwen3-4B,mgoin/Qwen3-4B-speculator.dflash2,0.0,8,dflash2,,81,616,37.728878000052646,11.256042957791271,88.84116769542128,6.933722461999423,129,4.767441860465116,3.7751937984496124,4.767441860465116,0.3023255813953488,0.9922480620155039,3.2298476435020076,False,0.07438424798237975,1.6338244459948328,0.0,0.0,5.206374677003623
94,math500,Qwen/Qwen3-4B,mgoin/Qwen3-4B-speculator.dflash2,0.0,8,dflash2_unary_k16_tb8,8,81,617,37.68147700247937,11.650047301455526,85.83656135671335,7.18807918499806,127,4.850393700787402,3.858267716535433,4.850393700787402,0.25984251968503935,0.9921259842519685,3.1206142671916335,False,0.2539629100137972,1.7849474270115024,0.09331470901815919,0.029803436966176378,5.005759242972999
94,math500,Qwen/Qwen3-4B,mgoin/Qwen3-4B-speculator.dflash2,0.0,8,dflash2_unary_k16_tb16,16,81,570,37.7757099995506,10.820535070180133,92.4168715792862,6.167704990002676,109,5.220183486238532,4.229357798165138,5.220183486238532,0.3486238532110092,0.9908256880733946,3.3598434445787793,False,0.21818516999701387,1.5323357330053113,0.1065462229817058,0.02555220100839506,4.2673732259790995
94,math500,Qwen/Qwen3-4B,mgoin/Qwen3-4B-speculator.dflash2,0.0,8,dflash2_unary_k16_tb32,32,81,616,37.8348209997057,9.984336024350437,100.15688550156327,6.150350990999869,108,5.694444444444445,4.694444444444445,5.694444444444445,0.3888888888888889,1,3.641234002312609,False,0.21687039298922173,1.5206612760048301,0.15688154798044707,0.02555792697603465,4.212442913994892
94,math500,Qwen/Qwen3-4B,mgoin/Qwen3-4B-speculator.dflash2,0.0,8,dflash2_unary_k16_tb64,64,81,552,37.77902000001632,9.841963699279628,101.60573952057901,5.432763962002355,93,5.924731182795699,4.924731182795699,5.924731182795699,0.46236559139784944,1,3.693907530368202,False,0.1877509460064175,1.308360653998534,0.22107215199503116,0.02190625898219878,3.6776170909906796
94,math500,Qwen/Qwen3-4B,mgoin/Qwen3-4B-speculator.dflash2,0.0,8,dflash2_pairwise_k16_tb8,8,81,617,37.76103799827979,10.499890854133982,95.23908523356539,6.478432657000667,114,5.4035087719298245,4.412280701754386,5.4035087719298245,0.3333333333333333,0.9912280701754386,3.462445879431767,False,0.22826147799059981,1.6027175139934116,0.10401422897848533,0.026762749013869325,4.498452931999054
94,math500,Qwen/Qwen3-4B,mgoin/Qwen3-4B-speculator.dflash2,0.0,8,dflash2_pairwise_k16_tb16,16,81,589,37.9044020010042,9.542619461800316,104.79302920996281,5.620602863000386,99,5.9393939393939394,4.94949494949495,5.9393939393939394,0.43434343434343436,0.98989898989899,3.809782415395688,False,0.19827672698738752,1.3922537739963445,0.11529671998869162,0.0232690540033218,3.8755134799830557
94,math500,Qwen/Qwen3-4B,mgoin/Qwen3-4B-speculator.dflash2,0.0,8,dflash2_pairwise_k16_tb32,32,81,614,37.91913199893315,9.035439573289317,110.6753016152322,5.54775989799964,97,6.319587628865979,5.329896907216495,6.319587628865979,0.5154639175257731,0.9896907216494846,4.023634215855256,False,0.19508300201050588,1.3659318929785513,0.16073981099543744,0.02296636799655971,3.786820766006713
94,math500,Qwen/Qwen3-4B,mgoin/Qwen3-4B-speculator.dflash2,0.0,8,dflash2_pairwise_k16_tb64,64,81,613,37.741897998785134,8.893214592169937,112.44527944714768,5.451540545000171,93,6.580645161290323,5.591397849462366,6.580645161290323,0.5698924731182796,0.989247311827957,4.0879822976934195,False,0.18818355998882907,1.3084385030160774,0.24249655898165656,0.022013216999766883,3.674164888983796
95,math500,Qwen/Qwen3-4B,mgoin/Qwen3-4B-speculator.dflash2,0.0,8,baseline,,75,892,39.055478999216575,36.312911430494474,27.53841431618811,32.391116996001074,891,1,,,,,1.0,True,0.21999093397607794,0.0,0.0,0.0,32.024287855932926
95,math500,Qwen/Qwen3-4B,mgoin/Qwen3-4B-speculator.dflash2,0.0,8,dflash2,,75,1359,37.64219599906937,10.232512899190588,97.72770480251258,13.90598503000001,259,5.243243243243243,4.243243243243243,5.243243243243243,0.3783783783783784,1,3.548777488799149,False,0.145229839024978,3.286651383001299,0.0,0.0,10.435760552030843
95,math500,Qwen/Qwen3-4B,mgoin/Qwen3-4B-speculator.dflash2,0.0,8,dflash2_unary_k16_tb8,8,75,1043,37.72641799878329,10.429989177371494,95.87737657192989,10.878478711998468,192,5.427083333333333,4.432291666666667,5.427083333333333,0.3229166666666667,0.9947916666666666,3.481586683644656,False,0.38450536299933447,2.706601869995211,0.140903238007013,0.04520271798901376,7.570329382993805
95,math500,Qwen/Qwen3-4B,mgoin/Qwen3-4B-speculator.dflash2,0.0,8,dflash2_unary_k16_tb16,16,75,892,37.60655400037649,9.445989057172735,105.86503900728724,8.42582223899808,149,5.97986577181208,4.9865771812080535,5.97986577181208,0.40268456375838924,0.9932885906040269,3.8442677850574642,False,0.29855999799474375,2.101151883995044,0.1462569200193684,0.03503483301392407,5.820760380007414
95,math500,Qwen/Qwen3-4B,mgoin/Qwen3-4B-speculator.dflash2,0.0,8,dflash2_unary_k16_tb32,32,75,1376,37.68554799898993,9.473052340843234,105.56259630156188,13.03492002100029,229,6.004366812227074,5.008733624454148,6.004366812227074,0.44541484716157204,0.9956331877729258,3.8332852098716605,False,0.460727408004459,3.235334303964919,0.331908673979342,0.054226713997195475,8.914109607001592
95,math500,Qwen/Qwen3-4B,mgoin/Qwen3-4B-speculator.dflash2,0.0,8,dflash2_unary_k16_tb64,64,75,950,37.81371900186059,9.269465941052706,107.88108035126271,8.80599264400007,151,6.28476821192053,5.291390728476821,6.28476821192053,0.5099337748344371,0.9933774834437086,3.917476115821461,False,0.3049120719988423,2.13174218801214,0.3573948059565737,0.03584893398510758,5.949680538018583
95,math500,Qwen/Qwen3-4B,mgoin/Qwen3-4B-speculator.dflash2,0.0,8,dflash2_pairwise_k16_tb8,8,75,1247,37.75908999887179,9.758345945471024,102.47638335307359,12.168657394002368,214,5.822429906542056,4.822429906542056,5.822429906542056,0.4205607476635514,1,3.7212158324175597,False,0.4286398509866558,3.0190291770049953,0.19493635605977033,0.05048077800529427,8.44098400101575
95,math500,Qwen/Qwen3-4B,mgoin/Qwen3-4B-speculator.dflash2,0.0,8,dflash2_pairwise_k16_tb16,16,75,892,37.7130289998604,8.776893530268818,113.93552816281823,7.828989028999786,138,6.456521739130435,5.463768115942029,6.456521739130435,0.5289855072463768,0.9927536231884058,4.1373307429630275,True,0.27703492799264495,1.9436492669883592,0.1594845019899367,0.03253584500998841,5.3937665529956575
95,math500,Qwen/Qwen3-4B,mgoin/Qwen3-4B-speculator.dflash2,0.0,8,dflash2_pairwise_k16_tb32,32,75,1504,37.67599600178073,8.395451876331304,119.11211150161296,12.626759622002282,221,6.800904977375565,5.8054298642533935,6.800904977375565,0.5927601809954751,0.995475113122172,4.325307555257254,False,0.44408400100292056,3.1218778070215194,0.36173315397900296,0.0519011199939996,8.610261793011887
95,math500,Qwen/Qwen3-4B,mgoin/Qwen3-4B-speculator.dflash2,0.0,8,dflash2_pairwise_k16_tb64,64,75,1597,37.69475700028124,8.522966943645011,117.33003384996478,13.611178209001082,231,6.909090909090909,5.913419913419913,6.909090909090909,0.6190476190476191,0.9956709956709957,4.26059512733069,False,0.4703869209915865,3.287665167976229,0.6059382449784607,0.055062069008272374,9.151343374014687
96,math500,Qwen/Qwen3-4B,mgoin/Qwen3-4B-speculator.dflash2,0.0,8,baseline,,66,443,40.16676399987773,37.30541736343269,26.805758269848887,16.52629989200068,442,1,,,,,1.0,True,0.11195875299017644,0.0,0.0,0.0,16.339096695926855
96,math500,Qwen/Qwen3-4B,mgoin/Qwen3-4B-speculator.dflash2,0.0,8,dflash2,,66,495,38.90426500220201,12.705492737373476,78.70611716289278,6.289218904999871,114,4.333333333333333,3.3421052631578947,4.333333333333333,0.19298245614035087,0.9912280701754386,2.9361645498169477,False,0.07043222401989624,1.480542608005635,0.0,0.0,4.721108607012866
96,math500,Qwen/Qwen3-4B,mgoin/Qwen3-4B-speculator.dflash2,0.0,8,dflash2_unary_k16_tb8,8,66,444,38.17478800192475,12.40628000450342,80.60433906352306,5.508388321999519,96,4.614583333333333,3.625,4.614583333333333,0.15625,0.9895833333333334,3.0069785100683686,False,0.1944787879838259,1.3657350900211895,0.0716948030203639,0.02268929702040623,3.8383352749806363
96,math500,Qwen/Qwen3-4B,mgoin/Qwen3-4B-speculator.dflash2,0.0,8,dflash2_unary_k16_tb16,16,66,508,38.216848999582,10.735655125989885,93.14755254936476,5.453712804002862,96,5.28125,4.291666666666667,5.28125,0.25,0.9895833333333334,3.474908324236331,False,0.19323159198029316,1.35681853299684,0.09424313599447487,0.022670221980661154,3.7711348839984566
96,math500,Qwen/Qwen3-4B,mgoin/Qwen3-4B-speculator.dflash2,0.0,8,dflash2_unary_k16_tb32,32,66,508,38.17582800184027,9.972296659453411,100.27780301261222,5.065926703002333,89,5.696629213483146,4.696629213483146,5.696629213483146,0.34831460674157305,1,3.7409052936735865,False,0.17893372698381427,1.2514106419876043,0.130752680976002,0.02095428699249169,3.4691521659588034
96,math500,Qwen/Qwen3-4B,mgoin/Qwen3-4B-speculator.dflash2,0.0,8,dflash2_unary_k16_tb64,64,66,489,37.75569799836376,10.407514662578796,96.08441903959978,5.089274670001032,87,5.609195402298851,4.620689655172414,5.609195402298851,0.3103448275862069,0.9885057471264368,3.5844693543952277,False,0.17627833497681422,1.2260720719896199,0.21025241497773095,0.020556082017719746,3.440990443014016
96,math500,Qwen/Qwen3-4B,mgoin/Qwen3-4B-speculator.dflash2,0.0,8,dflash2_pairwise_k16_tb8,8,66,498,37.809040000865934,11.881027865463722,84.16780192114881,5.916751877000934,104,4.778846153846154,3.7884615384615383,4.778846153846154,0.14423076923076922,0.9903846153846154,3.139914979231188,False,0.20867114601060166,1.463546155988297,0.09579695000866195,0.024573207010689657,4.107456470985198
96,math500,Qwen/Qwen3-4B,mgoin/Qwen3-4B-speculator.dflash2,0.0,8,dflash2_pairwise_k16_tb16,16,66,506,37.86028999820701,10.140704889327099,98.6124742721269,5.131196673999511,90,5.611111111111111,4.622222222222222,5.611111111111111,0.32222222222222224,0.9888888888888889,3.678779509962462,False,0.1817762590108032,1.2701399570069043,0.10719653398700757,0.021354161002818728,3.5358719949908846
96,math500,Qwen/Qwen3-4B,mgoin/Qwen3-4B-speculator.dflash2,0.0,8,dflash2_pairwise_k16_tb32,32,66,508,37.80854000069667,9.463623066927882,105.66777574802795,4.8075205179993645,84,6.035714285714286,5.0476190476190474,6.035714285714286,0.40476190476190477,0.9880952380952381,3.9419804761457935,False,0.16901379901901237,1.1823726079965127,0.1397750299765903,0.01982477698402363,3.282533796005737
96,math500,Qwen/Qwen3-4B,mgoin/Qwen3-4B-speculator.dflash2,0.0,8,dflash2_pairwise_k16_tb64,64,66,443,37.71932699964964,9.679209444691317,103.31422268669499,4.287889783998253,73,6.054794520547945,5.068493150684931,6.054794520547945,0.4246575342465753,0.9863013698630136,3.8541801969057827,False,0.14773866501127486,1.0263065660110442,0.19448966297568404,0.017206616983457934,2.889396767001017
97,math500,Qwen/Qwen3-4B,mgoin/Qwen3-4B-speculator.dflash2,0.0,8,baseline,,96,444,38.67569000067306,36.70779467567529,27.242170466390288,16.298260835999827,443,1,,,,,1.0,True,0.11083441200389643,0.0,0.0,0.0,16.112995671985118
97,math500,Qwen/Qwen3-4B,mgoin/Qwen3-4B-speculator.dflash2,0.0,8,dflash2,,96,472,37.77426899978309,8.964029586869879,111.55697226443301,4.231021965002583,78,6.038461538461538,5.051282051282051,6.038461538461538,0.5384615384615384,0.9871794871794872,4.09501043252281,False,0.04116057998908218,0.9992995260035968,0.0,0.0,3.178927499007841
97,math500,Qwen/Qwen3-4B,mgoin/Qwen3-4B-speculator.dflash2,0.0,8,dflash2_unary_k16_tb8,8,96,472,37.211946000752505,9.238614930089138,108.24133352967354,4.360626247002074,77,6.116883116883117,5.12987012987013,6.116883116883117,0.4675324675324675,0.987012987012987,3.973300646628543,False,0.1551328710229427,1.08009255199795,0.05625490901002195,0.018092967995471554,3.0387223449724843
97,math500,Qwen/Qwen3-4B,mgoin/Qwen3-4B-speculator.dflash2,0.0,8,dflash2_unary_k16_tb16,16,96,444,37.20678500030772,8.938539551800696,111.87509930507014,3.968711560999509,70,6.328571428571428,5.3428571428571425,6.328571428571428,0.5428571428571428,0.9857142857142858,4.106688174611298,True,0.14132333098677918,0.9824318760001916,0.06756890500037116,0.01646375002746936,2.7475358990086534
97,math500,Qwen/Qwen3-4B,mgoin/Qwen3-4B-speculator.dflash2,0.0,8,dflash2_unary_k16_tb32,32,96,444,37.34719899875927,8.717756680181974,114.7084091338881,3.870683966000797,68,6.514705882352941,5.529411764705882,6.514705882352941,0.5441176470588235,0.9852941176470589,4.21069273006012,True,0.1373556169855874,0.9541877440060489,0.09625940899786656,0.016159009996044915,2.6553072610076924
97,math500,Qwen/Qwen3-4B,mgoin/Qwen3-4B-speculator.dflash2,0.0,8,dflash2_unary_k16_tb64,64,96,448,37.210896000033244,8.738540497769723,114.43558569708787,3.9148661430008356,67,6.6716417910447765,5.686567164179104,6.6716417910447765,0.6268656716417911,0.9850746268656716,4.200677983359346,False,0.13657982398945023,0.9416567639964342,0.15496505398186855,0.016092168028990272,2.653838401001849
97,math500,Qwen/Qwen3-4B,mgoin/Qwen3-4B-speculator.dflash2,0.0,8,dflash2_pairwise_k16_tb8,8,96,476,37.855102000321494,8.368953876053654,119.4892473790937,3.983622045001539,70,6.785714285714286,5.8,6.785714285714286,0.6428571428571429,0.9857142857142858,4.386186758742743,False,0.1408576949907001,0.9812290969894093,0.0637655940008699,0.01661814197723288,2.7699446580008953
97,math500,Qwen/Qwen3-4B,mgoin/Qwen3-4B-speculator.dflash2,0.0,8,dflash2_pairwise_k16_tb16,16,96,476,37.394210001366446,7.880972861344429,126.8878877765109,3.7513430819999485,66,7.196969696969697,6.212121212121212,7.196969696969697,0.7272727272727273,0.9848484848484849,4.657774531330291,False,0.1331381459858676,0.9253811270027654,0.07577430399760487,0.015549366999039194,2.590781980987231
97,math500,Qwen/Qwen3-4B,mgoin/Qwen3-4B-speculator.dflash2,0.0,8,dflash2_pairwise_k16_tb32,32,96,476,37.427850998938084,7.813008815121845,127.99166411594595,3.718992195997998,65,7.3076923076923075,6.323076923076923,7.3076923076923075,0.7538461538461538,0.9846153846153847,4.698291726566141,False,0.13139597100234823,0.912979233009537,0.10571502599850646,0.015414617002534214,2.5426009759794397
97,math500,Qwen/Qwen3-4B,mgoin/Qwen3-4B-speculator.dflash2,0.0,8,dflash2_pairwise_k16_tb64,64,96,444,37.44110100160469,8.195800572073429,122.01370582483723,3.638935454000602,62,7.145161290322581,6.161290322580645,7.145161290322581,0.7258064516129032,0.9838709677419355,4.478854061036372,True,0.12591731299107778,0.8708190709949122,0.1605900289978308,0.014764831998036243,2.455890603006992
98,math500,Qwen/Qwen3-4B,mgoin/Qwen3-4B-speculator.dflash2,0.0,8,baseline,,97,451,38.862593999510864,36.72997332150792,27.225720836950117,16.56521796800007,450,1,,,,,1.0,True,0.11271373395356932,0.0,0.0,0.0,16.376291756965657
98,math500,Qwen/Qwen3-4B,mgoin/Qwen3-4B-speculator.dflash2,0.0,8,dflash2,,97,1088,37.8489909999189,11.17266318014826,89.5041749559598,12.155857540001307,223,4.874439461883408,3.8789237668161434,4.874439461883408,0.35874439461883406,0.9955156950672646,3.28748595829598,False,0.12747637899883557,2.871929403016111,0.0,0.0,9.123059602025023
98,math500,Qwen/Qwen3-4B,mgoin/Qwen3-4B-speculator.dflash2,0.0,8,dflash2_unary_k16_tb8,8,97,951,37.9294119993574,10.666629089379397,93.7503302702899,10.143964263999806,179,5.307262569832402,4.307262569832402,5.307262569832402,0.3687150837988827,1,3.4434471297103038,False,0.36039794301905204,2.523279598011868,0.13201299698266666,0.04202665099001024,7.056987296000443
98,math500,Qwen/Qwen3-4B,mgoin/Qwen3-4B-speculator.dflash2,0.0,8,dflash2_unary_k16_tb16,16,97,464,37.18966499945964,10.912688314655153,91.63644843196464,5.063487377999991,90,5.144444444444445,4.155555555555556,5.144444444444445,0.3111111111111111,0.9888888888888889,3.3658043061837972,False,0.17997074398954283,1.257828162968508,0.08818121498916298,0.021199210998020135,3.5017712270346237
98,math500,Qwen/Qwen3-4B,mgoin/Qwen3-4B-speculator.dflash2,0.0,8,dflash2_unary_k16_tb32,32,97,1008,37.22226699755993,9.865731011904433,101.3609633987948,9.944656859999668,176,5.721590909090909,4.7272727272727275,5.721590909090909,0.4034090909090909,0.9943181818181818,3.722985481480073,False,0.35247156898185494,2.4680065080028726,0.25395828299588175,0.041416595962800784,6.79944652300037
98,math500,Qwen/Qwen3-4B,mgoin/Qwen3-4B-speculator.dflash2,0.0,8,dflash2_unary_k16_tb64,64,97,627,37.16220400019665,9.714921421047267,102.93444039943662,6.091255730996636,105,5.961904761904762,4.9714285714285715,5.961904761904762,0.42857142857142855,0.9904761904761905,3.780779249735654,False,0.21218291096374742,1.4700580890057608,0.25211190998743405,0.024845163021382177,4.113864552007726
98,math500,Qwen/Qwen3-4B,mgoin/Qwen3-4B-speculator.dflash2,0.0,8,dflash2_pairwise_k16_tb8,8,97,627,37.1531849996245,10.527846089317926,94.98619105142976,6.600959498002339,117,5.35042735042735,4.358974358974359,5.35042735042735,0.3162393162393162,0.9914529914529915,3.488840263230669,False,0.23286795597960008,1.6333296510092623,0.10634396999375895,0.02740460598943173,4.5824485659722995
98,math500,Qwen/Qwen3-4B,mgoin/Qwen3-4B-speculator.dflash2,0.0,8,dflash2_pairwise_k16_tb16,16,97,947,37.09896299915272,8.649756708553337,115.61018808900684,8.19131960300001,145,6.524137931034483,5.531034482758621,6.524137931034483,0.5655172413793104,0.993103448275862,4.2463591242037335,False,0.29050404801455443,2.0357937719854817,0.1685573789582122,0.03421508803148754,5.638818670006003
98,math500,Qwen/Qwen3-4B,mgoin/Qwen3-4B-speculator.dflash2,0.0,8,dflash2_pairwise_k16_tb32,32,97,559,37.586464000924025,9.335812896243626,107.11440033276179,5.218719409000187,91,6.131868131868132,5.142857142857143,6.131868131868132,0.43956043956043955,0.989010989010989,3.9343090665716596,False,0.18487364900283865,1.2854806740106142,0.15252567501011072,0.02170242498323205,3.5588047440032824
98,math500,Qwen/Qwen3-4B,mgoin/Qwen3-4B-speculator.dflash2,0.0,8,dflash2_pairwise_k16_tb64,64,97,857,37.56746300132363,8.710861539088937,114.79920734735836,7.465208338999219,127,6.74015748031496,5.748031496062992,6.74015748031496,0.5669291338582677,0.9921259842519685,4.216571823198728,False,0.25807332303520525,1.7961149340007978,0.3331125539916684,0.03043062600772828,5.025194878995535
99,math500,Qwen/Qwen3-4B,mgoin/Qwen3-4B-speculator.dflash2,0.0,8,baseline,,61,491,38.52320499936468,36.702081977596386,27.24641072434033,18.020722250999825,490,1,,,,,1.0,True,0.12209389600320719,0.0,0.0,0.0,17.816129922972323
99,math500,Qwen/Qwen3-4B,mgoin/Qwen3-4B-speculator.dflash2,0.0,8,dflash2,,61,494,37.84214999905089,8.795853303638754,113.68993609594538,4.345151531997544,80,6.1625,5.1625,6.1625,0.5125,1,4.172657354621081,False,0.042692036000516964,1.0236498759913957,0.0,0.0,3.2670614499911608
99,math500,Qwen/Qwen3-4B,mgoin/Qwen3-4B-speculator.dflash2,0.0,8,dflash2_unary_k16_tb8,8,61,494,37.853470999834826,9.188627884611602,108.8301771012756,4.539182174998132,80,6.1625,5.1625,6.1625,0.4625,1,3.9942940816073498,False,0.16072586000882438,1.1222127599976375,0.058646129989938345,0.018681002002267633,3.1661319700215245
99,math500,Qwen/Qwen3-4B,mgoin/Qwen3-4B-speculator.dflash2,0.0,8,dflash2_unary_k16_tb16,16,61,494,37.45940299995709,8.368704082997342,119.49281395093125,4.134139817000687,73,6.7534246575342465,5.767123287671233,6.7534246575342465,0.6438356164383562,0.9863013698630136,4.385635053360752,False,0.14724701898740022,1.0232899940165225,0.06910299200899317,0.017173624997667503,2.8654524959893024
99,math500,Qwen/Qwen3-4B,mgoin/Qwen3-4B-speculator.dflash2,0.0,8,dflash2_unary_k16_tb32,32,61,494,37.389270997664426,8.417656504048782,118.797910026266,4.158322313000099,73,6.7534246575342465,5.767123287671233,6.7534246575342465,0.6712328767123288,0.9863013698630136,4.360130632551134,False,0.14735494500564528,1.0250862810135004,0.10321549701984623,0.017174881006212672,2.85338121400855
99,math500,Qwen/Qwen3-4B,mgoin/Qwen3-4B-speculator.dflash2,0.0,8,dflash2_unary_k16_tb64,64,61,494,37.32549900087179,8.277887781373042,120.80376376328834,4.089276563998283,70,7.042857142857143,6.057142857142857,7.042857142857143,0.7,0.9857142857142858,4.433749640842396,False,0.1421352849829418,0.9841510289952566,0.1612670030008303,0.01668210900243139,2.772903602995939
99,math500,Qwen/Qwen3-4B,mgoin/Qwen3-4B-speculator.dflash2,0.0,8,dflash2_pairwise_k16_tb8,8,61,494,37.369349996879464,9.137464115388012,109.43955427588962,4.513907273001678,79,6.2405063291139244,5.2405063291139244,6.2405063291139244,0.5443037974683544,1,4.01665949262531,False,0.1594065430253977,1.1133985179767478,0.0722476389928488,0.018575741010863567,3.137613139981113
99,math500,Qwen/Qwen3-4B,mgoin/Qwen3-4B-speculator.dflash2,0.0,8,dflash2_pairwise_k16_tb16,16,61,494,37.41744199942332,7.9453542631578795,125.85971208822478,3.925005005999992,69,7.144927536231884,6.144927536231884,7.144927536231884,0.6956521739130435,1,4.619313470738704,False,0.13921834800203214,0.9688247720187064,0.07884948500213795,0.016143457010912243,2.7107016180198116
99,math500,Qwen/Qwen3-4B,mgoin/Qwen3-4B-speculator.dflash2,0.0,8,dflash2_pairwise_k16_tb32,32,61,491,37.619304999680026,7.9238483767822885,126.20130427155894,3.8906095530001035,68,7.205882352941177,6.220588235294118,7.205882352941177,0.8088235294117647,0.9852941176470589,4.631850615054341,True,0.13725791099932394,0.9556198579994089,0.10896592699646135,0.016076495994639117,2.6613041299897304
99,math500,Qwen/Qwen3-4B,mgoin/Qwen3-4B-speculator.dflash2,0.0,8,dflash2_pairwise_k16_tb64,64,61,438,37.40924100202392,8.035965968041612,124.44054690835168,3.5197530940022266,60,7.283333333333333,6.3,7.283333333333333,0.7666666666666667,0.9833333333333333,4.567227153967251,False,0.12203620100262924,0.8414729769974656,0.15157092401204864,0.014343177012051456,2.3798617880092934
100,math500,Qwen/Qwen3-4B,mgoin/Qwen3-4B-speculator.dflash2,0.0,8,baseline,,77,453,39.583699999639066,36.770170697564346,27.19595751200143,16.65688732599665,452,1,,,,,1.0,True,0.1130799279853818,0.0,0.0,0.0,16.467767215974163
100,math500,Qwen/Qwen3-4B,mgoin/Qwen3-4B-speculator.dflash2,0.0,8,dflash2,,77,459,37.757801001134794,12.87913990413343,77.64493649758865,5.911525215997244,108,4.2407407407407405,3.25,4.2407407407407405,0.18518518518518517,0.9907407407407407,2.8550175688178783,False,0.06653737498709233,1.3915818300156388,0.0,0.0,4.437285814023198
100,math500,Qwen/Qwen3-4B,mgoin/Qwen3-4B-speculator.dflash2,0.0,8,dflash2_unary_k16_tb8,8,77,466,39.0482590009924,13.26890896566335,75.36414656154115,6.18331157799912,109,4.26605504587156,3.2752293577981653,4.26605504587156,0.13761467889908258,0.9908256880733946,2.771152533544125,False,0.21970482801043545,1.5341830640027183,0.08054296900081681,0.02578852199440007,4.305647174005571
100,math500,Qwen/Qwen3-4B,mgoin/Qwen3-4B-speculator.dflash2,0.0,8,dflash2_unary_k16_tb16,16,77,458,37.7711580003961,12.013222657201387,83.24161039340638,5.502055976998236,97,4.711340206185567,3.7216494845360826,4.711340206185567,0.21649484536082475,0.9896907216494846,3.0608082233056986,False,0.19580258100904757,1.3668104719945404,0.09530753801300307,0.022935411980142817,3.805486681038019
100,math500,Qwen/Qwen3-4B,mgoin/Qwen3-4B-speculator.dflash2,0.0,8,dflash2_unary_k16_tb32,32,77,460,37.894111999776214,11.533848382603775,86.7013304517056,5.305570255997736,93,4.935483870967742,3.946236559139785,4.935483870967742,0.22580645161290322,0.989247311827957,3.1880227204151486,False,0.18710837297476246,1.3103152829935425,0.13773138200849644,0.021871983008168172,3.632977594021213
100,math500,Qwen/Qwen3-4B,mgoin/Qwen3-4B-speculator.dflash2,0.0,8,dflash2_unary_k16_tb64,64,77,459,37.89647099983995,11.105533130715811,90.04520433460223,5.097439706998557,87,5.264367816091954,4.264367816091954,5.264367816091954,0.25287356321839083,1,3.310977533880385,False,0.1766696070008038,1.2264349419710925,0.2127740720025031,0.02059367801848566,3.4458152880106354
100,math500,Qwen/Qwen3-4B,mgoin/Qwen3-4B-speculator.dflash2,0.0,8,dflash2_pairwise_k16_tb8,8,77,457,37.80156100037857,12.092126890587663,82.6984375079942,5.526101988998562,97,4.701030927835052,3.711340206185567,4.701030927835052,0.17525773195876287,0.9896907216494846,3.0408356635908045,False,0.19542732801346574,1.367226014019252,0.0891935450163146,0.02281148001929978,3.8360023260065645
100,math500,Qwen/Qwen3-4B,mgoin/Qwen3-4B-speculator.dflash2,0.0,8,dflash2_pairwise_k16_tb16,16,77,457,37.80547899805242,11.084480122537622,90.21622926335903,5.065607415999693,89,5.123595505617978,4.123595505617978,5.123595505617978,0.25842696629213485,1,3.3172661497043108,False,0.1796238409842772,1.2537948159915686,0.10467474698816659,0.020969846034859074,3.4919423469800677
100,math500,Qwen/Qwen3-4B,mgoin/Qwen3-4B-speculator.dflash2,0.0,8,dflash2_pairwise_k16_tb32,32,77,439,37.773488998936955,10.443365013662497,95.75457706321224,4.584637240997836,80,5.475,4.4875,5.475,0.35,0.9875,3.5209121436873936,False,0.1613187820003077,1.1261223630026507,0.13406691101044999,0.01881923500695848,3.1308787560083147
100,math500,Qwen/Qwen3-4B,mgoin/Qwen3-4B-speculator.dflash2,0.0,8,dflash2_pairwise_k16_tb64,64,77,457,37.826470001164125,9.78035285339219,102.24579981827168,4.469621254000231,76,6,5.0131578947368425,6,0.40789473684210525,0.9868421052631579,3.759595512426843,False,0.15467175399317057,1.0696598700014874,0.20179809801629744,0.018011424981523305,3.012238499992236
101,math500,Qwen/Qwen3-4B,mgoin/Qwen3-4B-speculator.dflash2,0.0,8,baseline,,124,1090,39.22265299843275,36.80686151284477,27.16884729905652,40.1194790490008,1089,1,,,,,1.0,True,0.2721674160384282,0.0,0.0,0.0,39.66511257613456
101,math500,Qwen/Qwen3-4B,mgoin/Qwen3-4B-speculator.dflash2,0.0,8,dflash2,,124,1114,38.024043999030255,8.62560008527798,115.93396286790318,9.60891849499967,177,6.288135593220339,5.293785310734464,6.288135593220339,0.576271186440678,0.9943502824858758,4.2671653159142,False,0.09130309600732289,2.275747814994247,0.0,0.0,7.215678884003864
101,math500,Qwen/Qwen3-4B,mgoin/Qwen3-4B-speculator.dflash2,0.0,8,dflash2_unary_k16_tb8,8,124,1114,37.936443000944564,8.854879758527428,112.93208121058672,9.864336050999555,174,6.396551724137931,5.402298850574713,6.396551724137931,0.5862068965517241,0.9942528735632183,4.156675473475405,False,0.35081572303170105,2.4590676320040075,0.12921391800773563,0.04103885902077309,6.856275534973975
101,math500,Qwen/Qwen3-4B,mgoin/Qwen3-4B-speculator.dflash2,0.0,8,dflash2_unary_k16_tb16,16,124,1121,37.55905399884796,8.123078586083322,123.10603540303391,9.105971094999402,161,6.956521739130435,5.962732919254658,6.956521739130435,0.6956521739130435,0.9937888198757764,4.531146796474834,False,0.32489629196788883,2.273799798993423,0.1539438740364858,0.037989209027728066,6.2892183659932925
101,math500,Qwen/Qwen3-4B,mgoin/Qwen3-4B-speculator.dflash2,0.0,8,dflash2_unary_k16_tb32,32,124,1120,37.57245400265674,8.076557214284158,123.81513229812884,9.045744079998258,159,7.037735849056604,6.044025157232705,7.037735849056604,0.710691823899371,0.9937106918238994,4.557246427691782,False,0.32162048097961815,2.245057860000088,0.2237539949856,0.037766284971439745,6.190859987971635
101,math500,Qwen/Qwen3-4B,mgoin/Qwen3-4B-speculator.dflash2,0.0,8,dflash2_unary_k16_tb64,64,124,1114,37.5161140000273,8.168800205565462,122.41699819254886,9.100043428999925,156,7.134615384615385,6.141025641025641,7.134615384615385,0.7371794871794872,0.9935897435897436,4.5057854992913144,False,0.3169590609431907,2.206267524998111,0.35926258398467326,0.03774144696217263,6.152585315998294
101,math500,Qwen/Qwen3-4B,mgoin/Qwen3-4B-speculator.dflash2,0.0,8,dflash2_pairwise_k16_tb8,8,124,1122,38.555227998585906,8.615375472368983,116.07155175153711,9.666451279998,170,6.594117647058823,5.6,6.594117647058823,0.6411764705882353,0.9941176470588236,4.272229530899821,False,0.34199896199424984,2.4002005989896134,0.1544187230465468,0.04000025902860216,6.7024148119853635
101,math500,Qwen/Qwen3-4B,mgoin/Qwen3-4B-speculator.dflash2,0.0,8,dflash2_pairwise_k16_tb16,16,124,1120,37.561883000307716,7.923431618749938,126.20794222967847,8.874243412999931,156,7.173076923076923,6.17948717948718,7.173076923076923,0.7692307692307693,0.9935897435897436,4.645318251468889,False,0.31455234199529514,2.205968644029781,0.1793592799876933,0.03673199002514593,6.112161732027744
101,math500,Qwen/Qwen3-4B,mgoin/Qwen3-4B-speculator.dflash2,0.0,8,dflash2_pairwise_k16_tb32,32,124,1108,37.52791299848468,7.7376563014419615,129.23810014844463,8.573323181997694,150,7.38,6.38,7.38,0.8066666666666666,1,4.756848854346965,False,0.3044562999966729,2.1186489899846492,0.24226004197771545,0.03557769399412791,5.84709747101806
101,math500,Qwen/Qwen3-4B,mgoin/Qwen3-4B-speculator.dflash2,0.0,8,dflash2_pairwise_k16_tb64,64,124,1036,37.519163997785654,7.92324296235446,126.21094730418835,8.20847970899922,140,7.392857142857143,6.4,7.392857142857143,0.7928571428571428,0.9928571428571429,4.6454288588302095,False,0.2843284060145379,1.9793464399954246,0.3573694879996765,0.03322850500990171,5.529725618001976
102,math500,Qwen/Qwen3-4B,mgoin/Qwen3-4B-speculator.dflash2,0.0,8,baseline,,69,171,39.63254199697985,36.43089892399363,27.449226605314244,6.22968371600291,170,1,,,,,1.0,True,0.042340291027358035,0.0,0.0,0.0,6.158570089999557
102,math500,Qwen/Qwen3-4B,mgoin/Qwen3-4B-speculator.dflash2,0.0,8,dflash2,,69,171,37.67228699871339,10.422665976609643,95.94474218440673,1.782275882000249,33,5.151515151515151,4.151515151515151,5.151515151515151,0.30303030303030304,1,3.4953532048087492,True,0.019227897992095677,0.4126054720109096,0.0,0.0,1.3455943419940013
102,math500,Qwen/Qwen3-4B,mgoin/Qwen3-4B-speculator.dflash2,0.0,8,dflash2_unary_k16_tb8,8,69,171,37.73321799963014,10.789709274852969,92.68090312040655,1.8450402859998576,33,5.151515151515151,4.181818181818182,5.151515151515151,0.21212121212121213,0.9696969696969697,3.376448613763977,True,0.06595627500064438,0.45067960099186166,0.024893200999940746,0.007713870010775281,1.2906020819827972
102,math500,Qwen/Qwen3-4B,mgoin/Qwen3-4B-speculator.dflash2,0.0,8,dflash2_unary_k16_tb16,16,69,171,37.27133700158447,10.138171473678,98.63711642640158,1.7336273219989378,31,5.483870967741935,4.483870967741935,5.483870967741935,0.3225806451612903,1,3.5934388186844273,True,0.06199429800835787,0.4234951979960897,0.030420476003200747,0.007159415996284224,1.2056273619964486
102,math500,Qwen/Qwen3-4B,mgoin/Qwen3-4B-speculator.dflash2,0.0,8,dflash2_unary_k16_tb32,32,69,171,37.43436200238648,9.86484781872057,101.37003817760828,1.6868889770012174,30,5.666666666666667,4.666666666666667,5.666666666666667,0.36666666666666664,1,3.693001614769823,True,0.06002091100162943,0.4102534660087258,0.04364619900297839,0.007136342006560881,1.1608418989999336
102,math500,Qwen/Qwen3-4B,mgoin/Qwen3-4B-speculator.dflash2,0.0,8,dflash2_unary_k16_tb64,64,69,171,37.426619997859234,9.79964462572614,102.04451673428936,1.67573923099917,29,5.862068965517241,4.862068965517241,5.862068965517241,0.3448275862068966,1,3.7175734748946723,True,0.05858214200270595,0.39729267999791773,0.06903168298958917,0.006800505001592683,1.1390363989958132
102,math500,Qwen/Qwen3-4B,mgoin/Qwen3-4B-speculator.dflash2,0.0,8,dflash2_pairwise_k16_tb8,8,69,171,37.399520002509234,10.517566116978257,95.07903148673567,1.798503806003282,32,5.3125,4.3125,5.3125,0.28125,1,3.463814585884475,True,0.0638004990069021,0.4374116309954843,0.029221942993899575,0.007544953994511161,1.2553913509946142
102,math500,Qwen/Qwen3-4B,mgoin/Qwen3-4B-speculator.dflash2,0.0,8,dflash2_pairwise_k16_tb16,16,69,171,37.40111099978094,8.53680767249898,117.13980663069921,1.4597941119973257,26,6.538461538461538,5.576923076923077,6.538461538461538,0.5384615384615384,0.9615384615384616,4.267508455339161,True,0.05194574498818838,0.3531179640049231,0.030015459986316273,0.0061043979912938084,1.014472171998932
102,math500,Qwen/Qwen3-4B,mgoin/Qwen3-4B-speculator.dflash2,0.0,8,dflash2_pairwise_k16_tb32,32,69,171,37.446091999299824,8.571198619871499,116.66979664683028,1.4656749639980262,26,6.538461538461538,5.576923076923077,6.538461538461538,0.5,0.9615384615384616,4.250385569123565,True,0.05202889700012747,0.35400330199627206,0.04249617199820932,0.006143691996840062,1.0066761240123014
102,math500,Qwen/Qwen3-4B,mgoin/Qwen3-4B-speculator.dflash2,0.0,8,dflash2_pairwise_k16_tb64,64,69,171,37.4384810020274,8.470047450296265,118.06309301903876,1.4483781140006613,25,6.8,5.8,6.8,0.52,1,4.301144608430659,True,0.05057790099817794,0.3400154460032354,0.06477394900502986,0.0058959369926014915,0.9828990909991262
103,math500,Qwen/Qwen3-4B,mgoin/Qwen3-4B-speculator.dflash2,0.0,8,baseline,,85,608,39.190620998851955,36.42592974670989,27.452971192597307,22.146965285999613,607,1,,,,,1.0,True,0.15038736394490115,0.0,0.0,0.0,21.895079709964193
103,math500,Qwen/Qwen3-4B,mgoin/Qwen3-4B-speculator.dflash2,0.0,8,dflash2,,85,608,37.92548199999146,10.036414266443515,99.63717852335704,6.102139873997658,113,5.371681415929204,4.380530973451328,5.371681415929204,0.36283185840707965,0.9911504424778761,3.629376865052195,True,0.06413725199672626,1.4385976209850924,0.0,0.0,4.582822604010289
103,math500,Qwen/Qwen3-4B,mgoin/Qwen3-4B-speculator.dflash2,0.0,8,dflash2_unary_k16_tb8,8,85,608,37.8410299999814,9.812886245066167,101.90681671284952,5.966234837000229,106,5.726415094339623,4.735849056603773,5.726415094339623,0.3867924528301887,0.9905660377358491,3.712050546293098,True,0.21163701999830664,1.480205940970336,0.07754948998626787,0.024634974008222343,4.155504564001603
103,math500,Qwen/Qwen3-4B,mgoin/Qwen3-4B-speculator.dflash2,0.0,8,dflash2_unary_k16_tb16,16,85,608,37.6369949990476,8.871027741777556,112.72651028815544,5.3935848670007545,96,6.322916666666667,5.333333333333333,6.322916666666667,0.5416666666666666,0.9895833333333334,4.10616794434812,False,0.19224780797230778,1.3404189809698437,0.09193523901194567,0.022437197032559197,3.731055213018408
103,math500,Qwen/Qwen3-4B,mgoin/Qwen3-4B-speculator.dflash2,0.0,8,dflash2_unary_k16_tb32,32,85,607,37.51094299877877,8.841264937399751,113.10598733105081,5.366647817001649,95,6.378947368421053,5.389473684210526,6.378947368421053,0.5263157894736842,0.9894736842105263,4.119990748453116,False,0.19040662299812539,1.3272639450406132,0.13418293698487105,0.0222532869920542,3.676656689007359
103,math500,Qwen/Qwen3-4B,mgoin/Qwen3-4B-speculator.dflash2,0.0,8,dflash2_unary_k16_tb64,64,85,475,37.4264599995513,8.787896065263531,113.79287972609995,4.174250631000177,72,6.583333333333333,5.597222222222222,6.583333333333333,0.5555555555555556,0.9861111111111112,4.145011442578725,False,0.1451140229946759,1.004391536982439,0.1665636139914568,0.017017047008266672,2.828723430990067
103,math500,Qwen/Qwen3-4B,mgoin/Qwen3-4B-speculator.dflash2,0.0,8,dflash2_pairwise_k16_tb8,8,85,608,37.498361998586915,9.557704305920149,104.62763525552771,5.811084217999451,103,5.893203883495145,4.902912621359223,5.893203883495145,0.44660194174757284,0.9902912621359223,3.8111588913822394,True,0.2056419830005325,1.4359375899693987,0.09313487299732515,0.024077852991467807,4.035876863999874
103,math500,Qwen/Qwen3-4B,mgoin/Qwen3-4B-speculator.dflash2,0.0,8,dflash2_pairwise_k16_tb16,16,85,607,37.44450100202812,8.454146889622185,118.28514610120405,5.131667162000666,91,6.65934065934066,5.670329670329671,6.65934065934066,0.5714285714285714,0.989010989010989,4.3086464219617735,False,0.1817888780060457,1.2704676109788124,0.10429857799681486,0.021419753047666745,3.5388628060209157
103,math500,Qwen/Qwen3-4B,mgoin/Qwen3-4B-speculator.dflash2,0.0,8,dflash2_pairwise_k16_tb32,32,85,608,37.573644000076456,8.307003320725782,120.38035394845974,5.050658019001275,89,6.820224719101123,5.831460674157303,6.820224719101123,0.6067415730337079,0.9887640449438202,4.384966315810665,True,0.17875835499580717,1.2434565869989456,0.14329438700224273,0.020742387023346964,3.4496934399940073
103,math500,Qwen/Qwen3-4B,mgoin/Qwen3-4B-speculator.dflash2,0.0,8,dflash2_pairwise_k16_tb64,64,85,607,37.46103299999959,8.347787654034152,119.79221818330991,5.067107105998731,87,6.9655172413793105,5.977011494252873,6.9655172413793105,0.6781609195402298,0.9885057471264368,4.36354292374779,False,0.1759864099949482,1.215764371001569,0.22289721700872178,0.020414434013218852,3.4169799130067986
104,math500,Qwen/Qwen3-4B,mgoin/Qwen3-4B-speculator.dflash2,0.0,8,baseline,,62,400,38.303661000099964,36.376035875000525,27.490626065916413,14.55041435000021,399,1,,,,,1.0,True,0.0986530740156013,0.0,0.0,0.0,14.385181863995967
104,math500,Qwen/Qwen3-4B,mgoin/Qwen3-4B-speculator.dflash2,0.0,8,dflash2,,62,408,37.44108099999721,9.26192589950719,107.96890526334357,3.7788657669989334,70,5.814285714285714,4.828571428571428,5.814285714285714,0.42857142857142855,0.9857142857142858,3.9274807712439186,False,0.038610506995610194,0.8859772550131311,0.0,0.0,2.843975206003961
104,math500,Qwen/Qwen3-4B,mgoin/Qwen3-4B-speculator.dflash2,0.0,8,dflash2_unary_k16_tb8,8,62,400,37.614376000419725,9.98675692750112,100.13260633652165,3.9947027710004477,71,5.619718309859155,4.633802816901408,5.619718309859155,0.38028169014084506,0.9859154929577465,3.6424272803546165,True,0.1418702490045689,0.987088274971029,0.05261967299884418,0.01655171198945027,2.7853684819965565
104,math500,Qwen/Qwen3-4B,mgoin/Qwen3-4B-speculator.dflash2,0.0,8,dflash2_unary_k16_tb16,16,62,400,37.000101001467556,9.126782020002793,109.56764364573857,3.650712808001117,65,6.138461538461539,5.153846153846154,6.138461538461539,0.49230769230769234,0.9846153846153847,3.9856365359966595,True,0.1298677669838071,0.9035786679887678,0.06251719701685943,0.015259423005772987,2.5290629109913425
104,math500,Qwen/Qwen3-4B,mgoin/Qwen3-4B-speculator.dflash2,0.0,8,dflash2_unary_k16_tb32,32,62,400,37.037191999843344,8.895982662497772,112.41029101997201,3.558393064999109,63,6.333333333333333,5.349206349206349,6.333333333333333,0.5396825396825397,0.9841269841269841,4.089040778861751,True,0.1264548580038536,0.8756753640009265,0.09036524999828544,0.014816606006206712,2.440729483998439
104,math500,Qwen/Qwen3-4B,mgoin/Qwen3-4B-speculator.dflash2,0.0,8,dflash2_unary_k16_tb64,64,62,408,37.0356819985318,8.950722882352292,111.72281983745154,3.651894935999735,63,6.4603174603174605,5.476190476190476,6.4603174603174605,0.5873015873015873,0.9841269841269841,4.064033302463358,False,0.12715398898217245,0.876114348997362,0.1492308149972814,0.015001052994193742,2.473534786990058
104,math500,Qwen/Qwen3-4B,mgoin/Qwen3-4B-speculator.dflash2,0.0,8,dflash2_pairwise_k16_tb8,8,62,408,37.07563299758476,9.130253948533923,109.52597875556063,3.7251436110018403,66,6.166666666666667,5.181818181818182,6.166666666666667,0.45454545454545453,0.9848484848484849,3.9841209324568188,False,0.1326619089959422,0.9164855940107373,0.05994398000257206,0.015439758000866277,2.590104365001025
104,math500,Qwen/Qwen3-4B,mgoin/Qwen3-4B-speculator.dflash2,0.0,8,dflash2_pairwise_k16_tb16,16,62,400,36.99944099935237,8.459257122494819,118.21369010534086,3.383702848997928,60,6.65,5.666666666666667,6.65,0.5666666666666667,0.9833333333333333,4.300145432188073,True,0.12008109900489217,0.8326376269906177,0.07081996901615639,0.014181915976223536,2.3362809969767113
104,math500,Qwen/Qwen3-4B,mgoin/Qwen3-4B-speculator.dflash2,0.0,8,dflash2_pairwise_k16_tb32,32,62,408,36.97339000063948,8.356933661768077,119.66111500619834,3.409628934001375,60,6.783333333333333,5.8,6.783333333333333,0.6166666666666667,0.9833333333333333,4.352797012308034,False,0.12054971897305222,0.8352239099913277,0.0980688670060772,0.014165771011903416,2.331641145021422
104,math500,Qwen/Qwen3-4B,mgoin/Qwen3-4B-speculator.dflash2,0.0,8,dflash2_pairwise_k16_tb64,64,62,400,37.02152199912234,8.165823270001056,122.46162657888024,3.2663293080004223,56,7.125,6.142857142857143,7.125,0.6785714285714286,0.9821428571428571,4.454668521744265,True,0.11317560599491117,0.7800144299981184,0.1440146880049724,0.01312240101833595,2.206414699991001
105,math500,Qwen/Qwen3-4B,mgoin/Qwen3-4B-speculator.dflash2,0.0,8,baseline,,51,235,38.452765002148226,36.52960833617514,27.37505397805494,8.584457959001156,234,1,,,,,1.0,True,0.05854286198882619,0.0,0.0,0.0,8.486477822967572
105,math500,Qwen/Qwen3-4B,mgoin/Qwen3-4B-speculator.dflash2,0.0,8,dflash2,,51,235,38.05933599869604,10.397651744681347,96.17556199759474,2.4434481600001163,45,5.2,4.222222222222222,5.2,0.37777777777777777,0.9777777777777777,3.5132556112836655,True,0.025693938994663768,0.5688304820068879,0.0,0.0,1.8422883840103168
105,math500,Qwen/Qwen3-4B,mgoin/Qwen3-4B-speculator.dflash2,0.0,8,dflash2_unary_k16_tb8,8,51,235,37.99981400152319,10.150629765957227,98.51605496968864,2.3853979949999484,42,5.571428571428571,4.571428571428571,5.571428571428571,0.3333333333333333,1,3.598752902867826,True,0.08444517598036327,0.5859561869910976,0.03206695698463591,0.009817324993491638,1.6663558880100027
105,math500,Qwen/Qwen3-4B,mgoin/Qwen3-4B-speculator.dflash2,0.0,8,dflash2_unary_k16_tb16,16,51,235,37.564482998277526,9.888610085104022,101.12644662836664,2.3238233699994453,41,5.7073170731707314,4.7317073170731705,5.7073170731707314,0.4146341463414634,0.975609756097561,3.694109487763352,True,0.08257575899915537,0.5706934199988609,0.040192562013544375,0.009741712001414271,1.613991853002517
105,math500,Qwen/Qwen3-4B,mgoin/Qwen3-4B-speculator.dflash2,0.0,8,dflash2_unary_k16_tb32,32,51,235,37.598474002152216,9.217065272349963,108.49440363625006,2.1660103390022414,38,6.157894736842105,5.157894736842105,6.157894736842105,0.47368421052631576,1,3.96325807149911,True,0.0765842879882257,0.5287852149886021,0.05469268397428095,0.00903664400902926,1.490605000009964
105,math500,Qwen/Qwen3-4B,mgoin/Qwen3-4B-speculator.dflash2,0.0,8,dflash2_unary_k16_tb64,64,51,235,37.56207399783307,8.959041170214249,111.61908746715646,2.1053746750003484,36,6.5,5.5,6.5,0.5555555555555556,1,4.077401548016501,True,0.07322970899258507,0.5007877009993535,0.0847627629955241,0.008602717007306637,1.4316792819954571
105,math500,Qwen/Qwen3-4B,mgoin/Qwen3-4B-speculator.dflash2,0.0,8,dflash2_pairwise_k16_tb8,8,51,235,37.49186200002441,9.94096673191265,100.59383830244438,2.3361271819994727,41,5.7073170731707314,4.7073170731707314,5.7073170731707314,0.43902439024390244,1,3.6746535142208256,True,0.08244756201384007,0.5703583769936813,0.0377400310280791,0.009710850008559646,1.6293050869899162
105,math500,Qwen/Qwen3-4B,mgoin/Qwen3-4B-speculator.dflash2,0.0,8,dflash2_pairwise_k16_tb16,16,51,235,37.566304999927524,9.208408059574603,108.59640380078862,2.163975894000032,38,6.157894736842105,5.184210526315789,6.157894736842105,0.4473684210526316,0.9736842105263158,3.966984097559929,True,0.07756132997383247,0.5283546079917869,0.04442963899782626,0.00901279700701707,1.4984420589862566
105,math500,Qwen/Qwen3-4B,mgoin/Qwen3-4B-speculator.dflash2,0.0,8,dflash2_pairwise_k16_tb32,32,51,235,37.50729200328351,9.023084297873442,110.82684888976154,2.1204248100002587,37,6.324324324324325,5.351351351351352,6.324324324324325,0.5135135135135135,0.972972972972973,4.048461383075455,True,0.07499530999848503,0.5148801000104868,0.06112400599158718,0.008748214997467585,1.4545231070005684
105,math500,Qwen/Qwen3-4B,mgoin/Qwen3-4B-speculator.dflash2,0.0,8,dflash2_pairwise_k16_tb64,64,51,235,37.6295759997447,8.742560059583914,114.38297171361876,2.05450161400222,35,6.685714285714286,5.714285714285714,6.685714285714286,0.6285714285714286,0.9714285714285714,4.178365157026293,True,0.07106600600673119,0.4861695280051208,0.09007264400497661,0.008275347005110234,1.3928367980006442
106,math500,Qwen/Qwen3-4B,mgoin/Qwen3-4B-speculator.dflash2,0.0,8,baseline,,59,432,39.1761700011557,36.80739361342839,27.16845453667688,15.900794041001063,431,1,,,,,1.0,True,0.1074022410393809,0.0,0.0,0.0,15.72061582506285
106,math500,Qwen/Qwen3-4B,mgoin/Qwen3-4B-speculator.dflash2,0.0,8,dflash2,,59,405,37.90438299984089,10.394794175316534,96.20200103380583,4.209891641003196,77,5.246753246753247,4.259740259740259,5.246753246753247,0.3246753246753247,0.987012987012987,3.5409449184507356,False,0.04465603200151236,0.9870763050239475,0.0,0.0,3.1666705230090884
106,math500,Qwen/Qwen3-4B,mgoin/Qwen3-4B-speculator.dflash2,0.0,8,dflash2_unary_k16_tb8,8,59,432,37.93183200104977,11.078141770827575,90.26784642107867,4.785757244997512,84,5.130952380952381,4.142857142857143,5.130952380952381,0.2619047619047619,0.9880952380952381,3.3225241538571453,True,0.1689295320175006,1.1835413570115634,0.06246476602245821,0.019769744012592128,3.3374782019745908
106,math500,Qwen/Qwen3-4B,mgoin/Qwen3-4B-speculator.dflash2,0.0,8,dflash2_unary_k16_tb16,16,59,393,37.484612003026996,10.000048916032357,99.9995108420692,3.9300192240007163,69,5.681159420289855,4.695652173913044,5.681159420289855,0.36231884057971014,0.9855072463768116,3.6807213567143404,False,0.14012595501117175,0.9725869929716282,0.06719970398262376,0.016261162014416186,2.7226447929861024
106,math500,Qwen/Qwen3-4B,mgoin/Qwen3-4B-speculator.dflash2,0.0,8,dflash2_unary_k16_tb32,32,59,405,37.41841100054444,9.737866743213358,102.69189611748725,3.94383603100141,69,5.855072463768116,4.869565217391305,5.855072463768116,0.34782608695652173,0.9855072463768116,3.779821041305651,False,0.13911497999288258,0.9714943419930933,0.09940652498335112,0.01640716202018666,2.7058234640135197
106,math500,Qwen/Qwen3-4B,mgoin/Qwen3-4B-speculator.dflash2,0.0,8,dflash2_unary_k16_tb64,64,59,393,37.515974003326846,9.391964012723989,106.47400252441618,3.6910418570005277,63,6.222222222222222,5.238095238095238,6.222222222222222,0.4603174603174603,0.9841269841269841,3.919030520513354,False,0.12789545997293317,0.8854658249983913,0.14793670799190295,0.014909492016158765,2.5039539669996884
106,math500,Qwen/Qwen3-4B,mgoin/Qwen3-4B-speculator.dflash2,0.0,8,dflash2_pairwise_k16_tb8,8,59,393,37.39257000052021,10.348723139948227,96.63027858381791,4.0670481939996534,71,5.52112676056338,4.535211267605634,5.52112676056338,0.30985915492957744,0.9859154929577465,3.556708698809825,False,0.14367414901425946,1.0015748560108477,0.06515011300507467,0.01674558898957912,2.8284805419934855
106,math500,Qwen/Qwen3-4B,mgoin/Qwen3-4B-speculator.dflash2,0.0,8,dflash2_pairwise_k16_tb16,16,59,432,37.537662999966415,8.863775076389613,112.81874724728681,3.8291508330003126,67,6.432835820895522,5.447761194029851,6.432835820895522,0.5373134328358209,0.9850746268656716,4.152564036904776,True,0.13698968999960925,0.9431942820192489,0.07774584300568677,0.015788333999807946,2.644567517021642
106,math500,Qwen/Qwen3-4B,mgoin/Qwen3-4B-speculator.dflash2,0.0,8,dflash2_pairwise_k16_tb32,32,59,552,37.38864000115427,8.327864570654365,120.07880189644158,4.59698124300121,80,6.8875,5.8875,6.8875,0.5875,1,4.419787726031216,False,0.16180016701400746,1.1290147949875973,0.1318403299919737,0.018937413988169283,3.1420703459843935
106,math500,Qwen/Qwen3-4B,mgoin/Qwen3-4B-speculator.dflash2,0.0,8,dflash2_pairwise_k16_tb64,64,59,393,37.36944999764091,8.548451557259817,116.98024996711186,3.359541462003108,57,6.87719298245614,5.894736842105263,6.87719298245614,0.5614035087719298,0.9824561403508771,4.305738105536729,False,0.11588876302630524,0.8012047410047671,0.14782440398266772,0.013525954007491237,2.271198110000114
107,math500,Qwen/Qwen3-4B,mgoin/Qwen3-4B-speculator.dflash2,0.0,8,baseline,,134,1741,39.14794000229449,36.41712323607078,27.459609961983777,63.40221155399922,1740,1,,,,,1.0,True,0.430150793021312,0.0,0.0,0.0,62.685506913945574
107,math500,Qwen/Qwen3-4B,mgoin/Qwen3-4B-speculator.dflash2,0.0,8,dflash2,,134,2048,37.85461000006762,10.775496935545803,92.80314457714128,22.068217723997805,409,5.004889975550122,4.007334963325183,5.004889975550122,0.31295843520782396,0.9975550122249389,3.3796235527606475,False,0.23811432600632543,5.221978467034205,0.0,0.0,16.547433832984098
107,math500,Qwen/Qwen3-4B,mgoin/Qwen3-4B-speculator.dflash2,0.0,8,dflash2_unary_k16_tb8,8,134,2048,37.88865199749125,10.50017916748125,95.23647016395407,21.5043669350016,383,5.344647519582246,4.347258485639687,5.344647519582246,0.34464751958224543,0.9973890339425587,3.468238270529093,False,0.7633996320073493,5.360407232019497,0.2824936190081644,0.08948524801962776,14.94746853001925
107,math500,Qwen/Qwen3-4B,mgoin/Qwen3-4B-speculator.dflash2,0.0,8,dflash2_unary_k16_tb16,16,134,1902,37.462571999640204,10.432504965298591,95.85425584040244,19.84262444399792,352,5.400568181818182,4.403409090909091,5.400568181818182,0.3181818181818182,0.9971590909090909,3.490736247641793,False,0.7065397630285588,4.957230113050173,0.34495774504102883,0.08286212894381606,13.693821699962427
107,math500,Qwen/Qwen3-4B,mgoin/Qwen3-4B-speculator.dflash2,0.0,8,dflash2_unary_k16_tb32,32,134,1239,37.82734999913373,10.022305160613435,99.77744480679863,12.417636094000045,218,5.678899082568807,4.678899082568807,5.678899082568807,0.4036697247706422,1,3.6336075037094355,False,0.439686505960708,3.0789642380077566,0.31978934796643443,0.053359511024609674,8.489527444999112
107,math500,Qwen/Qwen3-4B,mgoin/Qwen3-4B-speculator.dflash2,0.0,8,dflash2_unary_k16_tb64,64,134,2048,37.67326600063825,9.234582577636985,108.28859795153703,18.912425119000545,327,6.259938837920489,5.2629969418960245,6.259938837920489,0.5076452599388379,0.9969418960244648,3.943559216662446,False,0.659316715933528,4.590947184027755,0.7812405310032773,0.07729624499188503,12.746396565020405
107,math500,Qwen/Qwen3-4B,mgoin/Qwen3-4B-speculator.dflash2,0.0,8,dflash2_pairwise_k16_tb8,8,134,2048,37.29265799847781,9.64295063769427,103.70269822713833,19.748762905997864,351,5.831908831908832,4.834757834757835,5.831908831908832,0.3817663817663818,0.9971509971509972,3.776553941250755,False,0.6986689379955351,4.90888020602506,0.31822994396134163,0.08221141401008936,13.684700245034037
107,math500,Qwen/Qwen3-4B,mgoin/Qwen3-4B-speculator.dflash2,0.0,8,dflash2_pairwise_k16_tb16,16,134,2048,37.245627001539106,8.414392130859483,118.84399781328656,17.23267508400022,307,6.6677524429967425,5.671009771986971,6.6677524429967425,0.6254071661237784,0.996742671009772,4.327956514233782,False,0.6126973840182472,4.292469825977605,0.353481346006447,0.07172089596497244,11.852600398964569
107,math500,Qwen/Qwen3-4B,mgoin/Qwen3-4B-speculator.dflash2,0.0,8,dflash2_pairwise_k16_tb32,32,134,2048,37.36285900231451,8.335745331054412,119.9652772829502,17.071606437999435,302,6.7781456953642385,5.781456953642384,6.7781456953642385,0.5927152317880795,0.9966887417218543,4.368790286862599,False,0.6036967639920476,4.226849125992885,0.49489564500618144,0.07084258700706414,11.624849848987651
107,math500,Qwen/Qwen3-4B,mgoin/Qwen3-4B-speculator.dflash2,0.0,8,dflash2_pairwise_k16_tb64,64,134,2048,37.328790000174195,8.099311275390875,123.4672882666483,16.58738949200051,286,7.1573426573426575,6.160839160839161,7.1573426573426575,0.7097902097902098,0.9965034965034965,4.496323452430007,False,0.5757094919899828,4.009775242018804,0.7426114539775881,0.06753513200965244,11.141842346001795
108,math500,Qwen/Qwen3-4B,mgoin/Qwen3-4B-speculator.dflash2,0.0,8,baseline,,77,462,39.013386998703936,36.663571080085894,27.275029969548104,16.938569838999683,461,1,,,,,1.0,True,0.11525060096755624,0.0,0.0,0.0,16.74571025397381
108,math500,Qwen/Qwen3-4B,mgoin/Qwen3-4B-speculator.dflash2,0.0,8,dflash2,,77,489,37.568185001873644,11.633389867075142,85.95946765527074,5.688727644999744,105,4.647619047619048,3.657142857142857,4.647619047619048,0.2571428571428571,0.9904761904761905,3.1515810523853633,False,0.06265660403369111,1.3393245130064315,0.0,0.0,4.271002453988331
108,math500,Qwen/Qwen3-4B,mgoin/Qwen3-4B-speculator.dflash2,0.0,8,dflash2_unary_k16_tb8,8,77,489,38.068546000431525,11.883574290386642,84.1497663551413,5.811067827999068,103,4.737864077669903,3.7475728155339807,4.737864077669903,0.2524271844660194,0.9902912621359223,3.0852309401343434,False,0.20672310798545368,1.442221914014226,0.07576093800162198,0.024267619006423047,4.045480769997084
108,math500,Qwen/Qwen3-4B,mgoin/Qwen3-4B-speculator.dflash2,0.0,8,dflash2_unary_k16_tb16,16,77,432,37.238445998809766,10.871423268520596,91.98427614308885,4.6964548520008975,84,5.130952380952381,4.142857142857143,5.130952380952381,0.3333333333333333,0.9880952380952381,3.372472046622387,False,0.16698123898822814,1.1653166230025818,0.08183009297863464,0.019434444031503517,3.249258962980093
108,math500,Qwen/Qwen3-4B,mgoin/Qwen3-4B-speculator.dflash2,0.0,8,dflash2_unary_k16_tb32,32,77,510,37.22552600083873,10.263501635292378,97.43263415688176,5.234385833999113,93,5.473118279569892,4.483870967741935,5.473118279569892,0.3655913978494624,0.989247311827957,3.572228307930839,False,0.1854926669911947,1.293192368997552,0.13501344699034235,0.02184938799837255,3.583435397995345
108,math500,Qwen/Qwen3-4B,mgoin/Qwen3-4B-speculator.dflash2,0.0,8,dflash2_unary_k16_tb64,64,77,486,37.43485199811403,10.111236969137673,98.89986784527748,4.914061167000909,85,5.705882352941177,4.7176470588235295,5.705882352941177,0.4117647058823529,0.9882352941176471,3.6260223345564326,False,0.17119022700353526,1.182233172996348,0.20403506099319202,0.019949107001593802,3.321953050006414
108,math500,Qwen/Qwen3-4B,mgoin/Qwen3-4B-speculator.dflash2,0.0,8,dflash2_pairwise_k16_tb8,8,77,489,37.25349700107472,11.036107928426006,90.61165462366243,5.396656777000317,96,5.083333333333333,4.09375,5.083333333333333,0.3020833333333333,0.9895833333333334,3.3221468399788416,False,0.1911994020010752,1.3351218119896657,0.08747708099690499,0.022498353991977638,3.745116614987637
108,math500,Qwen/Qwen3-4B,mgoin/Qwen3-4B-speculator.dflash2,0.0,8,dflash2_pairwise_k16_tb16,16,77,461,37.313918001018465,9.742922143167032,102.63861142535418,4.491487108000001,80,5.75,4.7625,5.75,0.3875,0.9875,3.7630980255547897,False,0.15960333902330603,1.1106558420069632,0.09273036999366013,0.018620031005411875,3.0968940379971173
108,math500,Qwen/Qwen3-4B,mgoin/Qwen3-4B-speculator.dflash2,0.0,8,dflash2_pairwise_k16_tb32,32,77,486,37.355299999035196,9.423015792175638,106.12313743868982,4.579585674997361,81,5.987654320987654,5,5.987654320987654,0.41975308641975306,0.9876543209876543,3.890853192725129,False,0.1620213339883776,1.1259998900204664,0.13385586201184196,0.01913687000342179,3.125191518021893
108,math500,Qwen/Qwen3-4B,mgoin/Qwen3-4B-speculator.dflash2,0.0,8,dflash2_pairwise_k16_tb64,64,77,486,37.405869999929564,8.853793395066958,112.94593801535588,4.302943590002542,74,6.554054054054054,5.554054054054054,6.554054054054054,0.527027027027027,1,4.141001426632976,False,0.14986948201112682,1.0294305320021522,0.19546558100410039,0.017549835985846585,2.8977566169960483
109,math500,Qwen/Qwen3-4B,mgoin/Qwen3-4B-speculator.dflash2,0.0,8,baseline,,67,366,39.129409997258335,36.44121153551258,27.441458663510215,13.337483421997604,365,1,,,,,1.0,True,0.09050800003751647,0.0,0.0,0.0,13.1858820899688
109,math500,Qwen/Qwen3-4B,mgoin/Qwen3-4B-speculator.dflash2,0.0,8,dflash2,,67,331,37.77833799904329,10.747628410875599,93.04378247652227,3.5574650039998232,66,5,4.015151515151516,5,0.2727272727272727,0.9848484848484849,3.3906281592911665,False,0.038758882004913175,0.833990970004379,0.0,0.0,2.6749574370260234
109,math500,Qwen/Qwen3-4B,mgoin/Qwen3-4B-speculator.dflash2,0.0,8,dflash2_unary_k16_tb8,8,67,323,38.076746997830924,11.301219439628316,88.4860262507113,3.650293878999946,65,4.953846153846154,3.9692307692307693,4.953846153846154,0.15384615384615385,0.9846153846153847,3.2245380005390896,False,0.13008535798508092,0.9007849969966628,0.04785763801555731,0.01524424700983218,2.546025809013372
109,math500,Qwen/Qwen3-4B,mgoin/Qwen3-4B-speculator.dflash2,0.0,8,dflash2_unary_k16_tb16,16,67,331,37.90339099941775,10.169489525678921,98.33335266975845,3.366101032999723,60,5.5,4.516666666666667,5.5,0.23333333333333334,0.9833333333333333,3.5833865056348286,False,0.11981798498527496,0.8321310819919745,0.05874751501323772,0.013969444000395015,2.331703853011277
109,math500,Qwen/Qwen3-4B,mgoin/Qwen3-4B-speculator.dflash2,0.0,8,dflash2_unary_k16_tb32,32,67,323,37.34703000009176,10.116337517026095,98.85000360228892,3.267577017999429,58,5.551724137931035,4.568965517241379,5.551724137931035,0.27586206896551724,0.9827586206896551,3.602213891557191,False,0.11571771099988837,0.803245738017722,0.0847508060032851,0.013576034991274355,2.240685102999123
109,math500,Qwen/Qwen3-4B,mgoin/Qwen3-4B-speculator.dflash2,0.0,8,dflash2_unary_k16_tb64,64,67,331,37.397249001514865,9.977970435044478,100.22078202274633,3.302708213999722,57,5.7894736842105265,4.807017543859649,5.7894736842105265,0.3333333333333333,0.9824561403508771,3.652166717945396,False,0.11487254201347241,0.7911431569882552,0.13563783900099224,0.01344215200151666,2.237641354997322
109,math500,Qwen/Qwen3-4B,mgoin/Qwen3-4B-speculator.dflash2,0.0,8,dflash2_pairwise_k16_tb8,8,67,367,37.3878499995044,11.187807953681677,89.38301445109457,4.105925519001175,73,5.013698630136986,4.013698630136986,5.013698630136986,0.1780821917808219,1,3.257225337294115,False,0.14492985099059297,1.012508041010733,0.06637556198620587,0.01702910498715937,2.853518551983143
109,math500,Qwen/Qwen3-4B,mgoin/Qwen3-4B-speculator.dflash2,0.0,8,dflash2_pairwise_k16_tb16,16,67,329,37.6723259978462,9.412818264436808,106.2381076428689,3.0968172089997097,55,5.963636363636364,4.9818181818181815,5.963636363636364,0.41818181818181815,0.9818181818181818,3.8714453537463416,False,0.1099289480043808,0.7619238770057564,0.06449471097948845,0.012943558005645173,2.1386801449807535
109,math500,Qwen/Qwen3-4B,mgoin/Qwen3-4B-speculator.dflash2,0.0,8,dflash2_pairwise_k16_tb32,32,67,365,37.38058900125907,9.293682093146794,107.5999792092528,3.3921939639985794,60,6.066666666666666,5.083333333333333,6.066666666666666,0.4,0.9833333333333333,3.921073603581137,False,0.1198372990002099,0.8316388559796906,0.09910909999598516,0.01398878000327386,2.3177247660059948
109,math500,Qwen/Qwen3-4B,mgoin/Qwen3-4B-speculator.dflash2,0.0,8,dflash2_pairwise_k16_tb64,64,67,386,37.29341799771646,9.478942683936442,105.49699827752491,3.6588718759994663,63,6.111111111111111,5.126984126984127,6.111111111111111,0.4444444444444444,0.9841269841269841,3.8444384305928914,False,0.12673457200071425,0.873740111994266,0.16530572297779145,0.01475618798576761,2.4675271440028155
110,math500,Qwen/Qwen3-4B,mgoin/Qwen3-4B-speculator.dflash2,0.0,8,baseline,,164,484,39.8591570010467,36.57048019627567,27.344459100152584,17.70011241499742,483,1,,,,,1.0,True,0.12020250995192328,0.0,0.0,0.0,17.49889775504562
110,math500,Qwen/Qwen3-4B,mgoin/Qwen3-4B-speculator.dflash2,0.0,8,dflash2,,164,503,37.41720100151724,12.556065300199313,79.64278427128968,6.315700846000254,117,4.2905982905982905,3.299145299145299,4.2905982905982905,0.18803418803418803,0.9914529914529915,2.912574864969454,False,0.07151979599802871,1.4888213600061135,0.0,0.0,4.738063411994517
110,math500,Qwen/Qwen3-4B,mgoin/Qwen3-4B-speculator.dflash2,0.0,8,dflash2_unary_k16_tb8,8,164,667,37.61712599953171,13.425507506746516,74.48507994930435,8.954813506999926,159,4.188679245283019,3.1949685534591197,4.188679245283019,0.1069182389937107,0.9937106918238994,2.7239551412040446,False,0.3221469119816902,2.228510801003722,0.11690419098522398,0.03731009701368748,6.224552477997349
110,math500,Qwen/Qwen3-4B,mgoin/Qwen3-4B-speculator.dflash2,0.0,8,dflash2_unary_k16_tb16,16,164,595,37.07944100096938,11.610345215128955,86.1300832551423,6.908155403001729,123,4.829268292682927,3.83739837398374,4.829268292682927,0.23577235772357724,0.991869918699187,3.1498185039857556,False,0.24578037099490757,1.7195265319933242,0.12021168601495447,0.028982251988054486,4.77375942402432
110,math500,Qwen/Qwen3-4B,mgoin/Qwen3-4B-speculator.dflash2,0.0,8,dflash2_unary_k16_tb32,32,164,558,37.01475200068671,11.382216888891255,87.85634729698164,6.35127702400132,112,4.973214285714286,3.982142857142857,4.973214285714286,0.26785714285714285,0.9910714285714286,3.2129488089413845,False,0.22641169702183106,1.5773438809774234,0.16471885898863547,0.026457958010723814,4.337783372000558
110,math500,Qwen/Qwen3-4B,mgoin/Qwen3-4B-speculator.dflash2,0.0,8,dflash2_unary_k16_tb64,64,164,511,37.137504001293564,10.530512442266925,94.96214030252149,5.381091857998399,93,5.483870967741935,4.494623655913978,5.483870967741935,0.34408602150537637,0.989247311827957,3.4728110713293137,False,0.18729485198127804,1.2952050650019373,0.2234457609920355,0.02184589899115963,3.637205559978611
110,math500,Qwen/Qwen3-4B,mgoin/Qwen3-4B-speculator.dflash2,0.0,8,dflash2_pairwise_k16_tb8,8,164,801,37.17305399914039,12.093928118602104,82.68612068744349,9.687236423000286,172,4.651162790697675,3.6569767441860463,4.651162790697675,0.18023255813953487,0.9941860465116279,3.023871139107012,False,0.3425332359947788,2.4053263639943907,0.15668752701822086,0.040327374004846206,6.7149089179984
110,math500,Qwen/Qwen3-4B,mgoin/Qwen3-4B-speculator.dflash2,0.0,8,dflash2_pairwise_k16_tb16,16,164,1599,36.82551800011424,10.164609540336984,98.38056208963313,16.25321065499884,289,5.529411764705882,4.532871972318339,5.529411764705882,0.328719723183391,0.9965397923875432,3.597824397597397,False,0.5761741410751711,4.0463173859716335,0.3369278720310831,0.06741499497366021,11.179399416021624
110,math500,Qwen/Qwen3-4B,mgoin/Qwen3-4B-speculator.dflash2,0.0,8,dflash2_pairwise_k16_tb32,32,164,491,36.95025999695645,10.028180918533176,99.71898274709928,4.9238368309997895,87,5.632183908045977,4.64367816091954,5.632183908045977,0.3563218390804598,0.9885057471264368,3.646771083745549,False,0.17357350898964796,1.2112591809818696,0.1448836210220179,0.0204051420041651,3.3593652869967627
110,math500,Qwen/Qwen3-4B,mgoin/Qwen3-4B-speculator.dflash2,0.0,8,dflash2_pairwise_k16_tb64,64,164,484,36.94548999919789,9.600146576446626,104.16507623471489,4.646470943000168,80,6.0375,5.05,6.0375,0.475,0.9875,3.809366857585186,True,0.16085961400676752,1.1130819109966978,0.21143679100714508,0.018848534993594512,3.1283148600196
111,math500,Qwen/Qwen3-4B,mgoin/Qwen3-4B-speculator.dflash2,0.0,8,baseline,,75,1411,38.84359299991047,36.55953733593206,27.352643738660312,51.58550718100014,1410,1,,,,,1.0,True,0.34943257999475463,0.0,0.0,0.0,51.00120396400598
111,math500,Qwen/Qwen3-4B,mgoin/Qwen3-4B-speculator.dflash2,0.0,8,dflash2,,75,1444,37.96625199902337,10.157256587950753,98.45178088601894,14.667078513000888,272,5.305147058823529,4.3088235294117645,5.305147058823529,0.3860294117647059,0.9963235294117647,3.5993515590914122,False,0.15452027498031384,3.469835221025278,0.0,0.0,11.002605213008792
111,math500,Qwen/Qwen3-4B,mgoin/Qwen3-4B-speculator.dflash2,0.0,8,dflash2_unary_k16_tb8,8,75,1345,37.951181999233086,10.510079947213269,95.14675483178874,14.136057529001846,251,5.354581673306773,4.3585657370517925,5.354581673306773,0.3187250996015936,0.9960159362549801,3.478521335665555,False,0.5037295590300346,3.528368844978104,0.18357083498995053,0.05888549700466683,9.821318252979836
111,math500,Qwen/Qwen3-4B,mgoin/Qwen3-4B-speculator.dflash2,0.0,8,dflash2_unary_k16_tb16,16,75,1103,37.43055999802891,9.173725679964063,109.00696564145761,10.118619425000361,180,6.122222222222222,5.127777777777778,6.122222222222222,0.4666666666666667,0.9944444444444445,3.985244230245533,False,0.36246067303363816,2.525442601971008,0.17419547497411259,0.042139751982176676,6.985191604999272
111,math500,Qwen/Qwen3-4B,mgoin/Qwen3-4B-speculator.dflash2,0.0,8,dflash2_unary_k16_tb32,32,75,2048,37.5919630023418,9.55493390624973,104.65797145346197,19.568504639999446,346,5.916184971098266,4.91907514450867,5.916184971098266,0.4161849710982659,0.9971098265895953,3.826247014855755,False,0.694267915951059,4.864934083019762,0.4998736879315402,0.08138703300937777,13.370316839987936
111,math500,Qwen/Qwen3-4B,mgoin/Qwen3-4B-speculator.dflash2,0.0,8,dflash2_unary_k16_tb64,64,75,1079,37.41722999984631,8.978801708988856,111.37343627923984,9.688127043998975,167,6.455089820359281,5.461077844311378,6.455089820359281,0.5329341317365269,0.9940119760479041,4.071761301881919,False,0.33708632797788596,2.3446551119923242,0.3914681090063823,0.03953524598182412,6.546387713991862
111,math500,Qwen/Qwen3-4B,mgoin/Qwen3-4B-speculator.dflash2,0.0,8,dflash2_pairwise_k16_tb8,8,75,1447,37.43727099936223,9.79613997650252,102.08102399502731,14.175014545999147,251,5.760956175298805,4.764940239043825,5.760956175298805,0.398406374501992,0.9960159362549801,3.7320350080363776,False,0.5022772419797548,3.523807271023543,0.22775122501843725,0.058836764001171105,9.821934191011678
111,math500,Qwen/Qwen3-4B,mgoin/Qwen3-4B-speculator.dflash2,0.0,8,dflash2_pairwise_k16_tb16,16,75,2048,37.53916399728041,8.884634201660191,112.55387417223537,18.19573084500007,322,6.357142857142857,5.357142857142857,6.357142857142857,0.5279503105590062,1,4.114917565103639,False,0.6491681569750654,4.542205998051941,0.3723671149928123,0.07556526800181018,12.50394319400948
111,math500,Qwen/Qwen3-4B,mgoin/Qwen3-4B-speculator.dflash2,0.0,8,dflash2_pairwise_k16_tb32,32,75,2048,37.40519100028905,8.646568325195503,115.6528188282592,17.70817193000039,312,6.560897435897436,5.564102564102564,6.560897435897436,0.5480769230769231,0.9967948717948718,4.2282135479575285,False,0.6267108219581132,4.385556680012087,0.5127409150118183,0.07365059201038093,12.057436348979536
111,math500,Qwen/Qwen3-4B,mgoin/Qwen3-4B-speculator.dflash2,0.0,8,dflash2_pairwise_k16_tb64,64,75,1438,37.49163300017244,8.294571545896831,120.56077815070282,11.927593882999645,205,7.009756097560976,6.014634146341463,7.009756097560976,0.6829268292682927,0.9951219512195122,4.407646270049642,False,0.4134536499877868,2.8817795400027535,0.5285932459373726,0.04839025595720159,8.019612756019342
112,math500,Qwen/Qwen3-4B,mgoin/Qwen3-4B-speculator.dflash2,0.0,8,baseline,,65,245,39.32782400079304,36.461269616328146,27.42636256287078,8.933011056000396,244,1,,,,,1.0,True,0.06084125496636261,0.0,0.0,0.0,8.831017661999795
112,math500,Qwen/Qwen3-4B,mgoin/Qwen3-4B-speculator.dflash2,0.0,8,dflash2,,65,246,38.267381001787726,9.011970166661408,110.96352756463484,2.2169446609987062,41,5.975609756097561,5,5.975609756097561,0.43902439024390244,0.975609756097561,4.045871096113011,False,0.02261360599368345,0.5167561640082567,0.0,0.0,1.67139841498647
112,math500,Qwen/Qwen3-4B,mgoin/Qwen3-4B-speculator.dflash2,0.0,8,dflash2_unary_k16_tb8,8,65,245,37.805910000315635,10.623066783665884,94.13477485970513,2.6026513619981415,46,5.304347826086956,4.326086956521739,5.304347826086956,0.30434782608695654,0.9782608695652174,3.4322734064320577,True,0.09258737399431993,0.6393882769771153,0.0346498039943981,0.010862500992516289,1.817712094005401
112,math500,Qwen/Qwen3-4B,mgoin/Qwen3-4B-speculator.dflash2,0.0,8,dflash2_unary_k16_tb16,16,65,246,37.730776999524096,9.642238121958188,103.71036136544984,2.3719905780017143,42,5.833333333333333,4.833333333333333,5.833333333333333,0.40476190476190477,1,3.7814114477524887,False,0.08445018499696744,0.5833242299995618,0.04050276699126698,0.009955199002433801,1.6469249980073073
112,math500,Qwen/Qwen3-4B,mgoin/Qwen3-4B-speculator.dflash2,0.0,8,dflash2_unary_k16_tb32,32,65,246,37.73716700015939,8.769612032524972,114.03012998650034,2.1573245600011433,38,6.447368421052632,5.447368421052632,6.447368421052632,0.5,1,4.157683313822734,False,0.0767638510078541,0.5268673579848837,0.05407338199074729,0.008923360997869167,1.4844148299998778
112,math500,Qwen/Qwen3-4B,mgoin/Qwen3-4B-speculator.dflash2,0.0,8,dflash2_unary_k16_tb64,64,65,245,37.66797600110294,8.556934689796453,116.86427865254484,2.096448999000131,36,6.777777777777778,5.777777777777778,6.777777777777778,0.5555555555555556,1,4.261019972468139,True,0.07338365299801808,0.4998195360021782,0.08376588400278706,0.008510834999469807,1.4247195269854274
112,math500,Qwen/Qwen3-4B,mgoin/Qwen3-4B-speculator.dflash2,0.0,8,dflash2_pairwise_k16_tb8,8,65,246,37.707526000303915,9.463613886191894,105.66787825727688,2.328049016003206,41,5.975609756097561,4.975609756097561,5.975609756097561,0.4146341463414634,1,3.8527849989239114,False,0.08254486500663916,0.5693427540245466,0.037490626993530896,0.00964426099380944,1.6224629829994228
112,math500,Qwen/Qwen3-4B,mgoin/Qwen3-4B-speculator.dflash2,0.0,8,dflash2_pairwise_k16_tb16,16,65,245,37.72999799912213,8.32270257144083,120.1532785073298,2.0390621300030034,36,6.777777777777778,5.777777777777778,6.777777777777778,0.6111111111111112,1,4.380941082941518,True,0.07247773801645963,0.49785724200773984,0.041600205997383455,0.008507556998665677,1.412805710995599
112,math500,Qwen/Qwen3-4B,mgoin/Qwen3-4B-speculator.dflash2,0.0,8,dflash2_pairwise_k16_tb32,32,65,246,37.8121009998722,8.103362682929838,123.40555879432041,1.99342722000074,35,7,6,7,0.6285714285714286,1,4.499523351353352,False,0.07073130998105626,0.48464487100136466,0.05722606700510369,0.008277663997432683,1.366735420000623
112,math500,Qwen/Qwen3-4B,mgoin/Qwen3-4B-speculator.dflash2,0.0,8,dflash2_pairwise_k16_tb64,64,65,245,37.81117900143727,8.114084506116935,123.24249263686293,1.9879507039986493,34,7.176470588235294,6.176470588235294,7.176470588235294,0.7352941176470589,1,4.493577752220996,True,0.0691350009838061,0.47096723398863105,0.08735618301579962,0.008053324007050833,1.346485804006079
113,math500,Qwen/Qwen3-4B,mgoin/Qwen3-4B-speculator.dflash2,0.0,8,baseline,,104,248,39.58050000073854,36.665747084674464,27.27341127648752,9.093105276999268,247,1,,,,,1.0,True,0.06244967699240078,0.0,0.0,0.0,8.989230444040004
113,math500,Qwen/Qwen3-4B,mgoin/Qwen3-4B-speculator.dflash2,0.0,8,dflash2,,104,248,37.881292002566624,8.56888527822218,116.70129398762052,2.1250835489991005,39,6.333333333333333,5.358974358974359,6.333333333333333,0.6153846153846154,0.9743589743589743,4.278940129804335,True,0.019835410002997378,0.4946908549973159,0.0,0.0,1.6047373119872645
113,math500,Qwen/Qwen3-4B,mgoin/Qwen3-4B-speculator.dflash2,0.0,8,dflash2_unary_k16_tb8,8,104,248,37.89231100017787,9.820450072575408,101.8283268699263,2.435471617998701,43,5.744186046511628,4.767441860465116,5.744186046511628,0.4418604651162791,0.9767441860465116,3.7336116790682787,True,0.08651810398077941,0.5971851870162936,0.03232515399577096,0.010310025980288628,1.7022942609946767
113,math500,Qwen/Qwen3-4B,mgoin/Qwen3-4B-speculator.dflash2,0.0,8,dflash2_unary_k16_tb16,16,104,249,37.448320999828866,8.157389594385043,122.58823590923349,2.0311900090018753,36,6.888888888888889,5.916666666666667,6.888888888888889,0.6111111111111112,0.9722222222222222,4.494789253404363,False,0.0724226619968249,0.4973257290039328,0.03454381200936041,0.008463997997750994,1.4126149760049884
113,math500,Qwen/Qwen3-4B,mgoin/Qwen3-4B-speculator.dflash2,0.0,8,dflash2_unary_k16_tb32,32,104,249,37.465731002157554,8.241499196785927,121.3371470557185,2.0521332999996957,36,6.888888888888889,5.916666666666667,6.888888888888889,0.6388888888888888,0.9722222222222222,4.448917145920928,False,0.07273841700953199,0.5005850779925822,0.051167602996429196,0.008551397004339378,1.4131328460134682
113,math500,Qwen/Qwen3-4B,mgoin/Qwen3-4B-speculator.dflash2,0.0,8,dflash2_unary_k16_tb64,64,104,249,37.307548001990654,8.185448630523108,122.16801364693102,2.038176709000254,35,7.085714285714285,6.114285714285714,7.085714285714285,0.6285714285714286,0.9714285714285714,4.479381490215432,False,0.07109407300595194,0.48482598198461346,0.08148054000776028,0.008291660997201689,1.3864412809925852
113,math500,Qwen/Qwen3-4B,mgoin/Qwen3-4B-speculator.dflash2,0.0,8,dflash2_pairwise_k16_tb8,8,104,248,37.41903199988883,9.158192826611588,109.19184810066803,2.271231820999674,40,6.175,5.2,6.175,0.5,0.975,4.003600686167286,True,0.08032123501470778,0.5550318380155659,0.03659852999771829,0.009449452991248108,1.5834850630017172
113,math500,Qwen/Qwen3-4B,mgoin/Qwen3-4B-speculator.dflash2,0.0,8,dflash2_pairwise_k16_tb16,16,104,249,37.47382199799176,7.968128891559491,125.49997792571901,1.9840640939983132,35,7.085714285714285,6.114285714285714,7.085714285714285,0.7428571428571429,0.9714285714285714,4.601550449756642,False,0.07036113000503974,0.484190523991856,0.04037107500334969,0.0082693950025714,1.3752719759904721
113,math500,Qwen/Qwen3-4B,mgoin/Qwen3-4B-speculator.dflash2,0.0,8,dflash2_pairwise_k16_tb32,32,104,249,37.479062000784324,7.796171767062421,128.26808206366618,1.9412467699985427,34,7.294117647058823,6.323529411764706,7.294117647058823,0.7647058823529411,0.9705882352941176,4.7030450559826535,False,0.06871092599976691,0.47102180001093075,0.055568442003277596,0.007961011000588769,1.3323837789976096
113,math500,Qwen/Qwen3-4B,mgoin/Qwen3-4B-speculator.dflash2,0.0,8,dflash2_pairwise_k16_tb64,64,104,248,37.48952300156816,8.025322129029636,124.60559014606343,1.9902798879993497,34,7.264705882352941,6.294117647058823,7.264705882352941,0.7941176470588235,0.9705882352941176,4.568757053632167,True,0.06919450300119934,0.4706602939913864,0.08730641399961314,0.007927908995043254,1.3493176380034129
114,math500,Qwen/Qwen3-4B,mgoin/Qwen3-4B-speculator.dflash2,0.0,8,baseline,,57,1103,39.31737400125712,36.861745841341104,27.128394957313233,40.65850566299923,1102,1,,,,,1.0,True,0.2742064030098845,0.0,0.0,0.0,40.19901595313058
114,math500,Qwen/Qwen3-4B,mgoin/Qwen3-4B-speculator.dflash2,0.0,8,dflash2,,57,1103,37.663497001631185,9.293568074340909,107.6012993073082,10.250805585998023,189,5.830687830687831,4.830687830687831,5.830687830687831,0.4708994708994709,1,3.966371747264067,True,0.10219945796779939,2.4166889379885106,0.0,0.0,7.7038110489884275
114,math500,Qwen/Qwen3-4B,mgoin/Qwen3-4B-speculator.dflash2,0.0,8,dflash2_unary_k16_tb8,8,57,1096,37.126153001736384,9.557591035584922,104.6288752340197,10.475119775001076,185,5.918918918918919,4.918918918918919,5.918918918918919,0.43243243243243246,1,3.8568030065418224,False,0.384822700983932,2.6053362310267403,0.13525269399178796,0.043730828969273716,7.276635956019163
114,math500,Qwen/Qwen3-4B,mgoin/Qwen3-4B-speculator.dflash2,0.0,8,dflash2_unary_k16_tb16,16,57,1103,37.13357499873382,8.663580247507184,115.42572140285019,9.555929013000423,169,6.520710059171598,5.5266272189349115,6.520710059171598,0.5739644970414202,0.9940828402366864,4.254793605905309,True,0.34318304100452224,2.375442488006229,0.16180118500778917,0.03983092398993904,6.608395191986347
114,math500,Qwen/Qwen3-4B,mgoin/Qwen3-4B-speculator.dflash2,0.0,8,dflash2_unary_k16_tb32,32,57,1104,37.23748600168619,8.608937785324535,116.15834902474005,9.504267314998287,167,6.604790419161676,5.604790419161676,6.604790419161676,0.5808383233532934,1,4.28179953909976,False,0.34163344900662196,2.3600561730017944,0.23824893400160363,0.03922787902774871,6.49731057905592
114,math500,Qwen/Qwen3-4B,mgoin/Qwen3-4B-speculator.dflash2,0.0,8,dflash2_unary_k16_tb64,64,57,1118,37.08740300135105,8.650406737922916,115.60150063419029,9.67115473299782,166,6.728915662650603,5.734939759036145,6.728915662650603,0.6204819277108434,0.9939759036144579,4.261273135255155,False,0.338001702017209,2.346644576980907,0.3884742129703227,0.03935388296304154,6.529562214003818
114,math500,Qwen/Qwen3-4B,mgoin/Qwen3-4B-speculator.dflash2,0.0,8,dflash2_pairwise_k16_tb8,8,57,1104,37.29005900095217,9.015789679350734,110.91651819366913,9.95343180600321,175,6.3028571428571425,5.308571428571429,6.3028571428571425,0.49142857142857144,0.9942857142857143,4.088576503261518,False,0.3528968770078791,2.4603445249558717,0.159764559026371,0.04122400897904299,6.9109679350294755
114,math500,Qwen/Qwen3-4B,mgoin/Qwen3-4B-speculator.dflash2,0.0,8,dflash2_pairwise_k16_tb16,16,57,1155,36.94724999877508,8.647564710822163,115.63949313366,9.987937240999598,176,6.556818181818182,5.5625,6.556818181818182,0.5568181818181818,0.9943181818181818,4.262673605114484,False,0.3548166819855396,2.490967568981432,0.20448353402753128,0.041494066983432276,6.867424910047703
114,math500,Qwen/Qwen3-4B,mgoin/Qwen3-4B-speculator.dflash2,0.0,8,dflash2_pairwise_k16_tb32,32,57,1103,36.975970997445984,8.119954768811715,123.15339536630712,8.95631010999932,157,7.019108280254777,6.025477707006369,7.019108280254777,0.6942675159235668,0.9936305732484076,4.539649159491008,True,0.31811230802122736,2.215957504024118,0.25511881601050845,0.0369453840139613,6.10390696801187
114,math500,Qwen/Qwen3-4B,mgoin/Qwen3-4B-speculator.dflash2,0.0,8,dflash2_pairwise_k16_tb64,64,57,1161,37.13912400053232,8.319390455642807,120.20111393157755,9.6588123190013,165,7.03030303030303,6.036363636363636,7.03030303030303,0.7272727272727273,0.9939393939393939,4.430822911591897,False,0.3353018319758121,2.3215701010121848,0.4272764809829823,0.038743577992136125,6.50722301103815
115,math500,Qwen/Qwen3-4B,mgoin/Qwen3-4B-speculator.dflash2,0.0,8,baseline,,272,2048,39.25050299949362,36.60496954736203,27.318695039648404,74.96697763299744,2048,1,,,,,1.0,True,0.5081155889965885,0.0,0.0,0.0,74.11511001293911
115,math500,Qwen/Qwen3-4B,mgoin/Qwen3-4B-speculator.dflash2,0.0,8,dflash2,,272,2048,36.862757999188034,8.985694148925916,111.28800774056312,18.402701617000275,342,5.985380116959064,4.988304093567251,5.985380116959064,0.5555555555555556,0.9970760233918129,4.073694134329903,False,0.17712005201610737,4.362510448012472,0.0,0.0,13.812407649002125
115,math500,Qwen/Qwen3-4B,mgoin/Qwen3-4B-speculator.dflash2,0.0,8,dflash2_unary_k16_tb8,8,272,2048,37.34120900116977,10.812047355956977,92.48942102062128,22.14307298499989,395,5.182278481012658,4.184810126582279,5.182278481012658,0.31645569620253167,0.9974683544303797,3.3855724399129876,False,0.7912442579436174,5.529469518965925,0.289387821991113,0.09332254598848522,15.376584962024936
115,math500,Qwen/Qwen3-4B,mgoin/Qwen3-4B-speculator.dflash2,0.0,8,dflash2_unary_k16_tb16,16,272,2048,36.90609999830485,10.116289921386468,98.8504686768553,20.718161758999486,370,5.532432432432432,4.535135135135135,5.532432432432432,0.34864864864864864,0.9972972972972973,3.6184183956587526,False,0.7413725740261725,5.182999342017865,0.3616084579989547,0.08669317104431684,14.285565238020354
115,math500,Qwen/Qwen3-4B,mgoin/Qwen3-4B-speculator.dflash2,0.0,8,dflash2_unary_k16_tb32,32,272,2048,36.815536997892195,9.525475090331526,104.98164033991462,19.508172984998964,346,5.916184971098266,4.91907514450867,5.916184971098266,0.4479768786127168,0.9971098265895953,3.842849747674688,False,0.6940288419937133,4.855311160990823,0.5031734440308355,0.08163742600299884,13.316442661976907
115,math500,Qwen/Qwen3-4B,mgoin/Qwen3-4B-speculator.dflash2,0.0,8,dflash2_unary_k16_tb64,64,272,2048,36.74885500004166,9.736782309570202,102.70333342228555,19.940930169999774,344,5.950581395348837,4.953488372093023,5.950581395348837,0.43023255813953487,0.997093023255814,3.759452392335332,False,0.6966141399898333,4.844728786010819,0.8294543740157678,0.08108406898463727,13.428912339008093
115,math500,Qwen/Qwen3-4B,mgoin/Qwen3-4B-speculator.dflash2,0.0,8,dflash2_pairwise_k16_tb8,8,272,1064,36.81631700237631,10.376709498120219,96.36966325222403,11.040818905999913,196,5.423469387755102,4.423469387755102,5.423469387755102,0.3163265306122449,1,3.5276085886371944,False,0.3916566029765818,2.7435842939921713,0.17814944196652505,0.04607255003065802,7.64993074699305
115,math500,Qwen/Qwen3-4B,mgoin/Qwen3-4B-speculator.dflash2,0.0,8,dflash2_pairwise_k16_tb16,16,272,2048,36.754016000486445,8.655144025878414,115.53822755693653,17.725734964998992,315,6.498412698412698,5.501587301587302,6.498412698412698,0.5650793650793651,0.9968253968253968,4.229273301277846,False,0.6313013500293891,4.414795828990464,0.36389274398970883,0.07372679300169693,12.190810510004667
115,math500,Qwen/Qwen3-4B,mgoin/Qwen3-4B-speculator.dflash2,0.0,8,dflash2_pairwise_k16_tb32,32,272,2048,37.22731599918916,8.59934348437541,116.28794707607057,17.61145545600084,311,6.581993569131833,5.585209003215434,6.581993569131833,0.5627009646302251,0.9967845659163987,4.256716761444811,False,0.6232739409751957,4.360223590982059,0.5132711219848716,0.07339296102145454,11.989113978001114
115,math500,Qwen/Qwen3-4B,mgoin/Qwen3-4B-speculator.dflash2,0.0,8,dflash2_pairwise_k16_tb64,64,272,2048,37.25126700010151,8.442028376952848,118.45494416129293,17.289274115999433,298,6.869127516778524,5.87248322147651,6.869127516778524,0.6711409395973155,0.9966442953020134,4.336039623758597,False,0.6013221830071416,4.18396484600089,0.7725960589850729,0.0703750950488029,11.608867450006073
116,math500,Qwen/Qwen3-4B,mgoin/Qwen3-4B-speculator.dflash2,0.0,8,baseline,,129,2048,39.48655799831613,36.85662989209071,27.13216056182598,75.48237801900177,2048,1,,,,,1.0,True,0.5112224620133929,0.0,0.0,0.0,74.62820849903073
116,math500,Qwen/Qwen3-4B,mgoin/Qwen3-4B-speculator.dflash2,0.0,8,dflash2,,129,2048,37.13129500101786,9.515235421387658,105.09461465895761,19.487202143001923,359,5.701949860724234,4.704735376044568,5.701949860724234,0.45125348189415043,0.9972144846796658,3.8734333161370915,False,0.19686061201718985,4.620423196993215,0.0,0.0,14.61649601803947
116,math500,Qwen/Qwen3-4B,mgoin/Qwen3-4B-speculator.dflash2,0.0,8,dflash2_unary_k16_tb8,8,129,1962,37.157743998250226,10.148423484708111,98.5374724957846,19.911206876997312,352,5.5710227272727275,4.573863636363637,5.5710227272727275,0.39488636363636365,0.9971590909090909,3.6317591542792007,False,0.7095105920307105,4.968293539961451,0.2586079699904076,0.08324390697453055,13.83472597000582
116,math500,Qwen/Qwen3-4B,mgoin/Qwen3-4B-speculator.dflash2,0.0,8,dflash2_unary_k16_tb16,16,129,2048,43.36404700006824,9.653431828125392,103.59010327151094,19.770228384000802,349,5.865329512893982,4.868194842406877,5.865329512893982,0.46418338108882523,0.997134670487106,3.8179820967615337,False,0.7078906999959145,4.9453782310156384,0.3402113329684653,0.08267197601890075,13.636942431989155
116,math500,Qwen/Qwen3-4B,mgoin/Qwen3-4B-speculator.dflash2,0.0,8,dflash2_unary_k16_tb32,32,129,2048,36.7936059992644,9.340185715821292,107.06425229919199,19.128700346002006,334,6.12874251497006,5.131736526946108,6.12874251497006,0.5059880239520959,0.9970059880239521,3.946027521664741,False,0.6796324739625561,4.75215619802475,0.485645288033993,0.07968966702901525,13.075453831010236
116,math500,Qwen/Qwen3-4B,mgoin/Qwen3-4B-speculator.dflash2,0.0,8,dflash2_unary_k16_tb64,64,129,2048,36.80327599795419,9.361655619139597,106.81871248879662,19.172670707997895,329,6.221884498480243,5.224924012158055,6.221884498480243,0.5167173252279635,0.9969604863221885,3.936977751749225,False,0.6692623749877384,4.65299690199754,0.7906083559828403,0.07822228998702485,12.923977391965309
116,math500,Qwen/Qwen3-4B,mgoin/Qwen3-4B-speculator.dflash2,0.0,8,dflash2_pairwise_k16_tb8,8,129,2048,36.67139499884797,10.182740419434566,98.20539057358478,20.85425237900199,360,5.686111111111111,4.688888888888889,5.686111111111111,0.40555555555555556,0.9972222222222222,3.619519733778828,False,0.7256641789717833,5.086665890019503,0.32946867399004987,0.08598062999590184,14.568259411014878
116,math500,Qwen/Qwen3-4B,mgoin/Qwen3-4B-speculator.dflash2,0.0,8,dflash2_pairwise_k16_tb16,16,129,1541,36.785166998015484,9.977702165476916,100.22347664976645,15.375639036999928,269,5.724907063197026,4.728624535315985,5.724907063197026,0.41263940520446096,0.9962825278810409,3.6938995853790377,False,0.5458667779930693,3.825332398952014,0.31764948698764783,0.06466330300099798,10.577501287993073
116,math500,Qwen/Qwen3-4B,mgoin/Qwen3-4B-speculator.dflash2,0.0,8,dflash2_pairwise_k16_tb32,32,129,2048,36.94801999881747,9.0697585966808,110.25651778272947,18.574865606002277,323,6.337461300309598,5.340557275541796,6.337461300309598,0.49226006191950467,0.9969040247678018,4.063683669108777,False,0.6599272229905182,4.602191470981779,0.5431010550018982,0.0770125140043092,12.637634084996535
116,math500,Qwen/Qwen3-4B,mgoin/Qwen3-4B-speculator.dflash2,0.0,8,dflash2_pairwise_k16_tb64,64,129,2048,36.91543999957503,8.159150522949687,122.56177860516796,16.70994027100096,283,7.23321554770318,6.23321554770318,7.23321554770318,0.7632508833922261,1,4.517214112967037,False,0.5808736890321597,4.035239622990048,0.7478060600151366,0.06800039501467836,11.228024741973059
117,math500,Qwen/Qwen3-4B,mgoin/Qwen3-4B-speculator.dflash2,0.0,8,baseline,,63,414,38.86258399870712,36.743160932370735,27.215949162365064,15.211668626001483,413,1,,,,,1.0,True,0.10389253401081078,0.0,0.0,0.0,15.038188582973817
117,math500,Qwen/Qwen3-4B,mgoin/Qwen3-4B-speculator.dflash2,0.0,8,dflash2,,63,326,37.60168499866268,8.921014773003233,112.09487098106811,2.908250815999054,54,6.018518518518518,5.037037037037037,6.018518518518518,0.48148148148148145,0.9814814814814815,4.11871988415072,False,0.029176132986322045,0.6812147560303856,0.0,0.0,2.189875583997491
117,math500,Qwen/Qwen3-4B,mgoin/Qwen3-4B-speculator.dflash2,0.0,8,dflash2_unary_k16_tb8,8,63,326,38.61706800307729,9.978227960128367,100.21819545473035,3.2529023150018475,57,5.701754385964913,4.719298245614035,5.701754385964913,0.3684210526315789,0.9824561403508771,3.6823332839449425,False,0.11714928497895016,0.8111301419921801,0.04404145498483558,0.013726843990298221,2.2574863159752567
117,math500,Qwen/Qwen3-4B,mgoin/Qwen3-4B-speculator.dflash2,0.0,8,dflash2_unary_k16_tb16,16,63,413,37.100265002663946,9.917716242126488,100.82966436894014,4.0960168079982395,74,5.5675675675675675,4.581081081081081,5.5675675675675675,0.40540540540540543,0.9864864864864865,3.704800584664895,False,0.1482523859885987,1.0295511999975133,0.07324999000775279,0.017404164016625145,2.815559979986574
117,math500,Qwen/Qwen3-4B,mgoin/Qwen3-4B-speculator.dflash2,0.0,8,dflash2_unary_k16_tb32,32,63,413,37.00265099905664,9.165657154964729,109.10292443770204,3.7854164050004333,67,6.149253731343284,5.164179104477612,6.149253731343284,0.47761194029850745,0.9850746268656716,4.00878631080677,False,0.13631308800904662,0.9445632690149068,0.09745107598428149,0.015960229007760063,2.5798095000136527
117,math500,Qwen/Qwen3-4B,mgoin/Qwen3-4B-speculator.dflash2,0.0,8,dflash2_unary_k16_tb64,64,63,326,37.080042999150464,8.74438696626195,114.3590744392091,2.8506701510013954,50,6.5,5.52,6.5,0.5,0.98,4.201913876196824,False,0.10119491698787897,0.6905765499941481,0.1171418730118603,0.011808408016804606,1.921337243005837
117,math500,Qwen/Qwen3-4B,mgoin/Qwen3-4B-speculator.dflash2,0.0,8,dflash2_pairwise_k16_tb8,8,63,326,37.08299299978535,9.425012168717862,106.10065876827784,3.0725539670020225,53,6.132075471698113,5.150943396226415,6.132075471698113,0.4716981132075472,0.9811320754716981,3.8984735801533845,False,0.11092891900261748,0.766946010011452,0.050104627986002015,0.012801194996427512,2.1231132260145387
117,math500,Qwen/Qwen3-4B,mgoin/Qwen3-4B-speculator.dflash2,0.0,8,dflash2_pairwise_k16_tb16,16,63,334,37.0922830006748,8.124097203587505,123.09060009257544,2.7134484659982268,49,6.795918367346939,5.816326530612245,6.795918367346939,0.6530612244897959,0.9795918367346939,4.5227377284635875,False,0.09800983099921723,0.6756973500050663,0.05663452599401353,0.01155323799684993,1.8636700859897246
117,math500,Qwen/Qwen3-4B,mgoin/Qwen3-4B-speculator.dflash2,0.0,8,dflash2_pairwise_k16_tb32,32,63,413,37.053443000331754,8.107172828087341,123.34756162289953,3.3482623780000718,60,6.866666666666666,5.883333333333334,6.866666666666666,0.6166666666666667,0.9833333333333333,4.5321793073257135,False,0.12016984098954708,0.8312006900159759,0.0978377490209823,0.014298200992925558,2.2746443979958713
117,math500,Qwen/Qwen3-4B,mgoin/Qwen3-4B-speculator.dflash2,0.0,8,dflash2_pairwise_k16_tb64,64,63,414,37.319978000596166,8.173623787436243,122.34475503229177,3.3838802479986043,59,7,6.016949152542373,7,0.6610169491525424,0.9830508474576272,4.495333023382971,True,0.11934744301106548,0.8185304430007818,0.15284917401368148,0.013913445989601314,2.2690142359970196
118,math500,Qwen/Qwen3-4B,mgoin/Qwen3-4B-speculator.dflash2,0.0,8,baseline,,105,819,38.392072998249205,36.745636106229895,27.21411590505733,30.094675971002285,818,1,,,,,1.0,True,0.20428616291246726,0.0,0.0,0.0,29.75348370205029
118,math500,Qwen/Qwen3-4B,mgoin/Qwen3-4B-speculator.dflash2,0.0,8,dflash2,,105,812,37.04423299859627,11.700286967980754,85.467989181515,9.500633018000372,176,4.607954545454546,3.6136363636363638,4.607954545454546,0.2727272727272727,0.9943181818181818,3.140575629195144,False,0.10431813198374584,2.2368630040073185,0.0,0.0,7.133225180037698
118,math500,Qwen/Qwen3-4B,mgoin/Qwen3-4B-speculator.dflash2,0.0,8,dflash2_unary_k16_tb8,8,105,800,37.68437699909555,11.547355917496134,86.59991145547323,9.237884733996907,164,4.871951219512195,3.8780487804878048,4.871951219512195,0.2682926829268293,0.9939024390243902,3.1821688331745492,False,0.3278508890180092,2.296869751993654,0.12341067598754307,0.0384858469988103,6.424922909980523
118,math500,Qwen/Qwen3-4B,mgoin/Qwen3-4B-speculator.dflash2,0.0,8,dflash2_unary_k16_tb16,16,105,810,37.04330200343975,10.691294419751856,93.53404374988767,8.659948479999002,154,5.253246753246753,4.259740259740259,5.253246753246753,0.33766233766233766,0.9935064935064936,3.4369679351775595,False,0.30794726602835,2.1573540220088034,0.15326228897174587,0.03626650202204473,5.980034835021797
118,math500,Qwen/Qwen3-4B,mgoin/Qwen3-4B-speculator.dflash2,0.0,8,dflash2_unary_k16_tb32,32,105,810,38.319721999869216,10.13329006543503,98.68463189571878,8.207964953002374,145,5.5793103448275865,4.586206896551724,5.5793103448275865,0.36551724137931035,0.993103448275862,3.6262295729173304,False,0.2911827390307735,2.032289030008542,0.21510632899662596,0.0342319929804944,5.610931185994559
118,math500,Qwen/Qwen3-4B,mgoin/Qwen3-4B-speculator.dflash2,0.0,8,dflash2_unary_k16_tb64,64,105,810,37.09196299678297,9.975173774077076,100.24888013467437,8.079890757002431,139,5.820143884892087,4.820143884892087,5.820143884892087,0.39568345323741005,1,3.6837088694858036,False,0.28144743501616176,1.9510162290462176,0.33735135800088756,0.032983954009978333,5.452828023004258
118,math500,Qwen/Qwen3-4B,mgoin/Qwen3-4B-speculator.dflash2,0.0,8,dflash2_pairwise_k16_tb8,8,105,810,37.11583399854135,10.962346012344408,91.22134977986705,8.879500269998971,157,5.1528662420382165,4.159235668789809,5.1528662420382165,0.28662420382165604,0.9936305732484076,3.3519865241301092,False,0.31354600801569177,2.1993638969943277,0.14607701801651274,0.036908721034706105,6.158446509994974
118,math500,Qwen/Qwen3-4B,mgoin/Qwen3-4B-speculator.dflash2,0.0,8,dflash2_pairwise_k16_tb16,16,105,810,37.30845700192731,9.96200525061997,100.38139660062582,8.069224253002176,143,5.6573426573426575,4.6573426573426575,5.6573426573426575,0.3916083916083916,1,3.688578271321739,False,0.28636905899475096,2.001523464019556,0.17024704103096155,0.03363353699023719,5.554114573977131
118,math500,Qwen/Qwen3-4B,mgoin/Qwen3-4B-speculator.dflash2,0.0,8,dflash2_pairwise_k16_tb32,32,105,855,37.09849299775669,9.502736632749627,105.23284382665763,8.124839821000933,143,5.972027972027972,4.979020979020979,5.972027972027972,0.43356643356643354,0.993006993006993,3.8668477856780825,False,0.28664300099626416,2.003617481004767,0.2402423940038716,0.03360373400937533,5.5369210229873715
118,math500,Qwen/Qwen3-4B,mgoin/Qwen3-4B-speculator.dflash2,0.0,8,dflash2_pairwise_k16_tb64,64,105,822,37.125744001969,9.725180284669186,102.82585728270807,7.994098193998071,137,5.992700729927007,5,5.992700729927007,0.45255474452554745,0.9927007299270073,3.7784015340215205,False,0.2771060220038635,1.9234426260190958,0.36884138899768004,0.03266026599521865,5.368185972998617
119,math500,Qwen/Qwen3-4B,mgoin/Qwen3-4B-speculator.dflash2,0.0,8,baseline,,202,1078,38.384153001970844,36.54573803339454,27.362971821398872,39.39630559999932,1077,1,,,,,1.0,True,0.26659694100453635,0.0,0.0,0.0,38.95095413598392
119,math500,Qwen/Qwen3-4B,mgoin/Qwen3-4B-speculator.dflash2,0.0,8,dflash2,,202,967,37.300248000974534,10.543294114787333,94.84701736599244,10.19536540899935,189,5.111111111111111,4.116402116402116,5.111111111111111,0.3492063492063492,0.9947089947089947,3.466254249906383,False,0.10794665602224995,2.406461468028283,0.0,0.0,7.652981026007183
119,math500,Qwen/Qwen3-4B,mgoin/Qwen3-4B-speculator.dflash2,0.0,8,dflash2_unary_k16_tb8,8,202,1110,36.9868999987375,10.89176745585605,91.81246331717647,12.089861876000215,215,5.158139534883721,4.162790697674419,5.158139534883721,0.24651162790697675,0.9953488372093023,3.3553542325901775,False,0.4300101450171496,3.008396630983043,0.15846122099537752,0.05042998502176488,8.408253533027164
119,math500,Qwen/Qwen3-4B,mgoin/Qwen3-4B-speculator.dflash2,0.0,8,dflash2_unary_k16_tb16,16,202,1083,36.949391000234755,9.84374158264135,101.58738845434748,10.660772134000581,190,5.6947368421052635,4.7,5.6947368421052635,0.38421052631578945,0.9947368421052631,3.7125860859492725,False,0.3804271750013868,2.6605964330046845,0.18529020700589172,0.044650824966083746,7.359014552996086
119,math500,Qwen/Qwen3-4B,mgoin/Qwen3-4B-speculator.dflash2,0.0,8,dflash2_unary_k16_tb32,32,202,1054,36.94796999843675,9.551763993359225,104.69270395449894,10.067559249000624,178,5.915730337078652,4.921348314606742,5.915730337078652,0.39325842696629215,0.9943820224719101,3.8260721327288474,False,0.35765946403262205,2.49663912300457,0.2595031340206333,0.04203927099297289,6.881843822982773
119,math500,Qwen/Qwen3-4B,mgoin/Qwen3-4B-speculator.dflash2,0.0,8,dflash2_unary_k16_tb64,64,202,1078,37.1169940008258,9.471859814471214,105.5758868466559,10.210664879999968,176,6.119318181818182,5.125,6.119318181818182,0.45454545454545453,0.9943181818181818,3.8583487033411914,True,0.3556294219997653,2.470550887985155,0.4213220919991727,0.04186295899489778,6.89053960698584
119,math500,Qwen/Qwen3-4B,mgoin/Qwen3-4B-speculator.dflash2,0.0,8,dflash2_pairwise_k16_tb8,8,202,1056,37.029983002867084,10.328823165719548,96.81645081493036,10.907237262999843,193,5.466321243523316,4.471502590673575,5.466321243523316,0.34196891191709844,0.9948186528497409,3.538228648805473,False,0.3868992429925129,2.7070002099862904,0.17821121801898698,0.045296206986677134,7.558756243990501
119,math500,Qwen/Qwen3-4B,mgoin/Qwen3-4B-speculator.dflash2,0.0,8,dflash2_pairwise_k16_tb16,16,202,1036,36.91456899832701,8.98072400193006,111.34959718003678,9.304030065999541,165,6.2727272727272725,5.278787878787878,6.2727272727272725,0.48484848484848486,0.9939393939393939,4.069353208665633,False,0.33033111799886683,2.3115423939962056,0.1943013830241398,0.03875165398858371,6.4023455980059225
119,math500,Qwen/Qwen3-4B,mgoin/Qwen3-4B-speculator.dflash2,0.0,8,dflash2_pairwise_k16_tb32,32,202,1056,36.90243899836787,8.666901935605368,115.38148319087352,9.15224844399927,161,6.552795031055901,5.559006211180124,6.552795031055901,0.5900621118012422,0.9937888198757764,4.2167014585981795,False,0.32437468197895214,2.257290115005162,0.26909695501672104,0.03793543896244955,6.236645052984386
119,math500,Qwen/Qwen3-4B,mgoin/Qwen3-4B-speculator.dflash2,0.0,8,dflash2_pairwise_k16_tb64,64,202,1054,37.081002999912016,8.514822589182737,117.44225901669446,8.974623008998606,153,6.882352941176471,5.888888888888889,6.882352941176471,0.6209150326797386,0.9934640522875817,4.292014032074184,False,0.3096212659984303,2.145948685989424,0.4021338750317227,0.03653673601729679,6.053694739988714
120,math500,Qwen/Qwen3-4B,mgoin/Qwen3-4B-speculator.dflash2,0.0,8,baseline,,261,2048,38.91826499966555,36.53575089941441,27.370451554508158,74.82521784200071,2048,1,,,,,1.0,True,0.5072114851318474,0.0,0.0,0.0,73.97589623209205
120,math500,Qwen/Qwen3-4B,mgoin/Qwen3-4B-speculator.dflash2,0.0,8,dflash2,,261,2048,37.35141899960581,10.07607265771604,99.24501678084084,20.63579680300245,382,5.358638743455497,4.358638743455497,5.358638743455497,0.39790575916230364,1,3.6259912111130044,False,0.2133260370210337,4.883561343012843,0.0,0.0,15.482529338976747
120,math500,Qwen/Qwen3-4B,mgoin/Qwen3-4B-speculator.dflash2,0.0,8,dflash2_unary_k16_tb8,8,261,2048,37.05935199832311,10.036935678222392,99.63200244171603,20.55564426899946,365,5.608219178082192,4.608219178082192,5.608219178082192,0.3589041095890411,1,3.640130022820385,False,0.7309853500119061,5.125435064986959,0.2676909479960159,0.08585926599698723,14.287284776994056
120,math500,Qwen/Qwen3-4B,mgoin/Qwen3-4B-speculator.dflash2,0.0,8,dflash2_unary_k16_tb16,16,261,2048,36.927017998095835,9.660904578126406,103.50997589440384,19.78553257600288,352,5.815340909090909,4.818181818181818,5.815340909090909,0.4318181818181818,0.9971590909090909,3.7818146948823292,False,0.7061746810031764,4.952377298028296,0.3431431469580275,0.08344071698593325,13.643291922027856
120,math500,Qwen/Qwen3-4B,mgoin/Qwen3-4B-speculator.dflash2,0.0,8,dflash2_unary_k16_tb32,32,261,2048,37.008130999311106,9.323990855957476,107.25021243034139,19.09553327300091,338,6.056213017751479,5.059171597633136,6.056213017751479,0.47633136094674555,0.9970414201183432,3.918467045264232,False,0.6799595330267039,4.747016920035094,0.48783055998865166,0.08004149697444518,13.044121616039774
120,math500,Qwen/Qwen3-4B,mgoin/Qwen3-4B-speculator.dflash2,0.0,8,dflash2_unary_k16_tb64,64,261,2048,36.95843099922058,9.10440494140552,109.83694227528747,18.645821319998504,322,6.357142857142857,5.357142857142857,6.357142857142857,0.5496894409937888,1,4.012975162523262,False,0.650245858985727,4.526486718048545,0.760816812995472,0.07622166301007383,12.575578956984828
120,math500,Qwen/Qwen3-4B,mgoin/Qwen3-4B-speculator.dflash2,0.0,8,dflash2_pairwise_k16_tb8,8,261,2048,36.92340899942792,9.562953588867273,104.5702032020893,19.584928950000176,347,5.899135446685879,4.902017291066282,5.899135446685879,0.4265129682997118,0.9971181556195965,3.820550895692682,False,0.6945327869980247,4.8700594089896185,0.3142456859968661,0.08120713400057866,13.569115453006816
120,math500,Qwen/Qwen3-4B,mgoin/Qwen3-4B-speculator.dflash2,0.0,8,dflash2_pairwise_k16_tb16,16,261,2048,37.24803699878976,8.781710052245373,113.87303771710302,17.984942186998524,319,6.41692789968652,5.420062695924765,6.41692789968652,0.5454545454545454,0.9968652037617555,4.160436940191698,False,0.6394315510005981,4.476372180961334,0.3677049659927434,0.07497136398160364,12.374668952994398
120,math500,Qwen/Qwen3-4B,mgoin/Qwen3-4B-speculator.dflash2,0.0,8,dflash2_pairwise_k16_tb32,32,261,2048,37.01421200094046,8.386938388671439,119.23302087812384,17.176449819999107,303,6.755775577557756,5.759075907590759,6.755775577557756,0.6006600660066007,0.9966996699669967,4.35626794978781,False,0.6079490030097077,4.2491485129794455,0.49496389402338536,0.07132464299866115,11.702426047981135
120,math500,Qwen/Qwen3-4B,mgoin/Qwen3-4B-speculator.dflash2,0.0,8,dflash2_pairwise_k16_tb64,64,261,2048,36.86251800172613,8.116492757324067,123.20592525603273,16.62257716699969,286,7.1573426573426575,6.160839160839161,7.1573426573426575,0.7132867132867133,0.9965034965034965,4.501420994486282,False,0.5781555410394503,4.01936957801081,0.7395498079895333,0.06758182195699192,11.168049641004473
121,math500,Qwen/Qwen3-4B,mgoin/Qwen3-4B-speculator.dflash2,0.0,8,baseline,,59,901,38.73987099723308,36.49411067702231,27.401681571312473,32.8811937199971,900,1,,,,,1.0,True,0.22347254800843075,0.0,0.0,0.0,32.50825522099694
121,math500,Qwen/Qwen3-4B,mgoin/Qwen3-4B-speculator.dflash2,0.0,8,dflash2,,59,901,37.0363800029736,9.105046820200434,109.82919909663754,8.203647185000591,152,5.921052631578948,4.927631578947368,5.921052631578948,0.5592105263157895,0.993421052631579,4.008118947401409,True,0.07893432300988934,1.9351352280355059,0.0,0.0,6.167057934006152
121,math500,Qwen/Qwen3-4B,mgoin/Qwen3-4B-speculator.dflash2,0.0,8,dflash2_unary_k16_tb8,8,59,1036,37.42667000187794,9.407728226836237,106.29558761566116,9.746406443002343,173,5.982658959537572,4.988439306358382,5.982658959537572,0.44508670520231214,0.9942196531791907,3.8791629389250604,False,0.34756713502065395,2.432835341998725,0.12966283400601242,0.04075848801949178,6.76784607900845
121,math500,Qwen/Qwen3-4B,mgoin/Qwen3-4B-speculator.dflash2,0.0,8,dflash2_unary_k16_tb16,16,59,1062,37.0782119971409,8.659817347455375,115.47587667005965,9.196726022997609,164,6.469512195121951,5.475609756097561,6.469512195121951,0.6036585365853658,0.9939024390243902,4.214189423723335,False,0.33061598900530953,2.2949267339681683,0.15726824798912276,0.038603326971497154,6.3488129780307645
121,math500,Qwen/Qwen3-4B,mgoin/Qwen3-4B-speculator.dflash2,0.0,8,dflash2_unary_k16_tb32,32,59,900,37.0490620007331,8.531044161112126,117.21894543207216,7.677939745000913,136,6.610294117647059,5.617647058823529,6.610294117647059,0.6176470588235294,0.9926470588235294,4.27780116804188,False,0.2732217910197505,1.9045651689993974,0.19268814001770806,0.032043417002569186,5.2528811959928134
121,math500,Qwen/Qwen3-4B,mgoin/Qwen3-4B-speculator.dflash2,0.0,8,dflash2_unary_k16_tb64,64,59,900,37.143884001125116,8.489175809999223,117.79706562586688,7.6402582289993,132,6.8106060606060606,5.818181818181818,6.8106060606060606,0.6818181818181818,0.9924242424242424,4.298899150378846,False,0.2668116450040543,1.847984363012074,0.3061667590045545,0.03131787197344238,5.165077589972498
121,math500,Qwen/Qwen3-4B,mgoin/Qwen3-4B-speculator.dflash2,0.0,8,dflash2_pairwise_k16_tb8,8,59,901,37.04788200047915,8.821322305214741,113.36168948376914,7.9480113969984805,141,6.382978723404255,5.390070921985815,6.382978723404255,0.5673758865248227,0.9929078014184397,4.137034042554907,True,0.28199083101935685,1.9711267549755576,0.12719239201032906,0.032920314974035136,5.512250302985194
121,math500,Qwen/Qwen3-4B,mgoin/Qwen3-4B-speculator.dflash2,0.0,8,dflash2_pairwise_k16_tb16,16,59,901,37.00452100019902,8.115913008882888,123.21472629210015,7.3124376210034825,130,6.923076923076923,5.930769230769231,6.923076923076923,0.7,0.9923076923076923,4.496611858342914,True,0.2602674079971621,1.8162709190146415,0.1483980560042255,0.030483511014608666,5.03590459098632
121,math500,Qwen/Qwen3-4B,mgoin/Qwen3-4B-speculator.dflash2,0.0,8,dflash2_pairwise_k16_tb32,32,59,901,37.160035000852076,7.977763139844983,125.34841940913165,7.18796458900033,127,7.086614173228346,6.094488188976378,7.086614173228346,0.7244094488188977,0.9921259842519685,4.574479091106662,True,0.2549163280054927,1.7753453089826507,0.20580519997747615,0.029819448998750886,4.901045275004435
121,math500,Qwen/Qwen3-4B,mgoin/Qwen3-4B-speculator.dflash2,0.0,8,dflash2_pairwise_k16_tb64,64,59,901,37.13545400023577,8.113335046615049,123.25387701290707,7.31011487700016,126,7.142857142857143,6.150793650793651,7.142857142857143,0.7380952380952381,0.9920634920634921,4.498040629081126,True,0.25417027299045003,1.7607214090057823,0.32224920900989673,0.02957730900743627,4.921454484003334
122,math500,Qwen/Qwen3-4B,mgoin/Qwen3-4B-speculator.dflash2,0.0,8,baseline,,50,1033,38.99342699878616,36.47785097192792,27.413895647788163,37.68162005400154,1032,1,,,,,1.0,True,0.2547976430505514,0.0,0.0,0.0,37.25519889305724
122,math500,Qwen/Qwen3-4B,mgoin/Qwen3-4B-speculator.dflash2,0.0,8,dflash2,,50,723,37.49912299826974,9.75681686306987,102.49244338950946,7.054178591999516,131,5.511450381679389,4.511450381679389,5.511450381679389,0.4351145038167939,1,3.738704075711285,False,0.07153035299415933,1.66239809201943,0.0,0.0,5.3009245350185665
122,math500,Qwen/Qwen3-4B,mgoin/Qwen3-4B-speculator.dflash2,0.0,8,dflash2_unary_k16_tb8,8,50,667,37.441091997607145,9.67959425936882,103.31011540407349,6.456289370999003,115,5.791304347826087,4.8,5.791304347826087,0.4260869565217391,0.991304347826087,3.7685309936024676,False,0.2301929520072008,1.6030704540025908,0.08524065700476058,0.026824713011592394,4.492697829002282
122,math500,Qwen/Qwen3-4B,mgoin/Qwen3-4B-speculator.dflash2,0.0,8,dflash2_unary_k16_tb16,16,50,749,37.11909499907051,9.807029651535906,101.96767375363112,7.345465209000395,131,5.709923664122138,4.717557251908397,5.709923664122138,0.42748091603053434,0.9923664122137404,3.7195616071391218,False,0.26195820200882736,1.8305303149718384,0.12881055000980268,0.030749777994060423,5.072210430003906
122,math500,Qwen/Qwen3-4B,mgoin/Qwen3-4B-speculator.dflash2,0.0,8,dflash2_unary_k16_tb32,32,50,1037,37.12030499809771,9.032365378011082,110.71297031832418,9.366562896997493,166,6.240963855421687,5.246987951807229,6.240963855421687,0.4939759036144578,0.9939759036144579,4.038571231931309,False,0.3339858309882402,2.3231618819845608,0.23884438399909413,0.039071436014637584,6.403864368014183
122,math500,Qwen/Qwen3-4B,mgoin/Qwen3-4B-speculator.dflash2,0.0,8,dflash2_unary_k16_tb64,64,50,1037,37.01012099918444,9.034194282545196,110.69055731202084,9.368459470999369,162,6.395061728395062,5.401234567901234,6.395061728395062,0.5061728395061729,0.9938271604938271,4.037753653627543,False,0.32655558401165763,2.267992026027059,0.38170021899350104,0.0381840389854915,6.325822196988156
122,math500,Qwen/Qwen3-4B,mgoin/Qwen3-4B-speculator.dflash2,0.0,8,dflash2_pairwise_k16_tb8,8,50,528,37.108843000169145,9.936264200756671,100.64144630170436,5.246347497999523,93,5.666666666666667,4.67741935483871,5.666666666666667,0.41935483870967744,0.989247311827957,3.671183679792858,False,0.1859264439844992,1.2953638099788805,0.08440751498346799,0.021742928023741115,3.644079461981164
122,math500,Qwen/Qwen3-4B,mgoin/Qwen3-4B-speculator.dflash2,0.0,8,dflash2_pairwise_k16_tb16,16,50,670,37.100483001268,9.080432040295207,110.12691858299395,6.083889466997789,108,6.194444444444445,5.203703703703703,6.194444444444445,0.5740740740740741,0.9907407407407407,4.017193324068093,False,0.21580807398277102,1.5074941250095435,0.12397309598600259,0.0253219570076908,4.1939049110260385
122,math500,Qwen/Qwen3-4B,mgoin/Qwen3-4B-speculator.dflash2,0.0,8,dflash2_pairwise_k16_tb32,32,50,610,36.974139999074396,8.65135362131338,115.58884814700106,5.277325709001162,93,6.548387096774194,5.548387096774194,6.548387096774194,0.5913978494623656,1,4.216432776723112,False,0.18642256700331927,1.298051363992272,0.1523706300140475,0.02190357700601453,3.6031928030133713
122,math500,Qwen/Qwen3-4B,mgoin/Qwen3-4B-speculator.dflash2,0.0,8,dflash2_pairwise_k16_tb64,64,50,1106,37.11016300076153,8.308018595840592,120.3656429585569,9.188668566999695,158,6.993670886075949,6,6.993670886075949,0.6835443037974683,0.9936708860759493,4.390679985982524,False,0.31906124900706345,2.2118932839948684,0.40598307197069516,0.037240777019178495,6.187121583010594
123,math500,Qwen/Qwen3-4B,mgoin/Qwen3-4B-speculator.dflash2,0.0,8,baseline,,81,2048,39.4440370000666,36.79028490332037,27.18108877460062,75.34650348200012,2048,1,,,,,1.0,True,0.5094125940559024,0.0,0.0,0.0,74.49565290997998
123,math500,Qwen/Qwen3-4B,mgoin/Qwen3-4B-speculator.dflash2,0.0,8,dflash2,,81,1698,38.16421699957573,12.72363517196632,78.59389132779255,21.604732521998812,398,4.263819095477387,3.2663316582914574,4.263819095477387,0.20351758793969849,0.9974874371859297,2.8914916536100876,False,0.24189945300167892,5.111926462042902,0.0,0.0,16.19161454105415
123,math500,Qwen/Qwen3-4B,mgoin/Qwen3-4B-speculator.dflash2,0.0,8,dflash2_unary_k16_tb8,8,81,2048,38.4281029982958,10.95607264404208,91.27358246787462,22.43803677499818,396,5.16919191919192,4.171717171717172,5.16919191919192,0.2828282828282828,0.9974747474747475,3.3579811031398146,False,0.7947007699985988,5.600419791000604,0.2949739569630765,0.09479243799069081,15.58961091902529
123,math500,Qwen/Qwen3-4B,mgoin/Qwen3-4B-speculator.dflash2,0.0,8,dflash2_unary_k16_tb16,16,81,2048,38.4028730004502,10.928422833496043,91.50451215476042,22.381409962999896,396,5.16919191919192,4.16919191919192,5.16919191919192,0.29797979797979796,1,3.3664770721129775,False,0.7949097159944358,5.59135976903417,0.3940406089568569,0.09308141500878264,15.443199856992578
123,math500,Qwen/Qwen3-4B,mgoin/Qwen3-4B-speculator.dflash2,0.0,8,dflash2_unary_k16_tb32,32,81,1890,37.834099002793664,10.948707056084737,91.33498548070574,20.693056336000154,364,5.18956043956044,4.1923076923076925,5.18956043956044,0.25,0.9972527472527473,3.3602401374757935,False,0.7318481100155623,5.136225581009057,0.5428486550154048,0.08572546095456346,14.135448317025293
123,math500,Qwen/Qwen3-4B,mgoin/Qwen3-4B-speculator.dflash2,0.0,8,dflash2_unary_k16_tb64,64,81,2048,37.917920999461785,9.967434157715616,100.32672242193019,20.41330515500158,350,5.848571428571429,4.851428571428571,5.848571428571429,0.42,0.9971428571428571,3.691048701319151,False,0.7090599269577069,4.954654633016617,0.8457546389399795,0.08306900100797066,13.759594611979992
123,math500,Qwen/Qwen3-4B,mgoin/Qwen3-4B-speculator.dflash2,0.0,8,dflash2_pairwise_k16_tb8,8,81,2048,37.79920899978606,11.129391249022902,89.85217408793984,22.792993277998903,401,5.104738154613466,4.104738154613466,5.104738154613466,0.2518703241895262,1,3.305687083878047,False,0.8045815399163985,5.667508014019404,0.36668507898866665,0.09434002796115237,15.795028602951788
123,math500,Qwen/Qwen3-4B,mgoin/Qwen3-4B-speculator.dflash2,0.0,8,dflash2_pairwise_k16_tb16,16,81,1371,37.82986100122798,10.638194560175062,94.00091287515839,14.584964742000011,257,5.330739299610895,4.334630350194552,5.330739299610895,0.3229571984435798,0.9961089494163424,3.458320365849273,False,0.5153308609878877,3.6276524320091994,0.30205228804334183,0.0603881850183825,10.037510928988922
123,math500,Qwen/Qwen3-4B,mgoin/Qwen3-4B-speculator.dflash2,0.0,8,dflash2_pairwise_k16_tb32,32,81,1790,37.7757379974355,9.67522223854656,103.35679898038424,17.318647806998342,303,5.904290429042904,4.907590759075908,5.904290429042904,0.3927392739273927,0.9966996699669967,3.8025260811835486,False,0.6099712820287095,4.282942624959105,0.5101633130216214,0.07150844599527773,11.793254953016003
123,math500,Qwen/Qwen3-4B,mgoin/Qwen3-4B-speculator.dflash2,0.0,8,dflash2_pairwise_k16_tb64,64,81,2048,37.857021001400426,9.207408725098176,108.60819041020005,18.856773069001065,321,6.376947040498442,5.38006230529595,6.376947040498442,0.48909657320872274,0.9968847352024922,3.995726268025327,False,0.6512624409842829,4.552908015011781,0.859686902967951,0.076223762040172,12.660491550010192
124,math500,Qwen/Qwen3-4B,mgoin/Qwen3-4B-speculator.dflash2,0.0,8,baseline,,82,243,39.66418300115038,36.68805538272339,27.25682758511386,8.915197458001785,242,1,,,,,1.0,True,0.060236279965465656,0.0,0.0,0.0,8.813781850978557
124,math500,Qwen/Qwen3-4B,mgoin/Qwen3-4B-speculator.dflash2,0.0,8,dflash2,,82,243,38.22624899839866,11.20035921810269,89.28285071283608,2.721687289998954,50,4.84,3.86,4.84,0.26,0.98,3.2756141716799547,True,0.029973143980896566,0.6352881960083323,0.0,0.0,2.04903326198837
124,math500,Qwen/Qwen3-4B,mgoin/Qwen3-4B-speculator.dflash2,0.0,8,dflash2_unary_k16_tb8,8,82,243,38.272080000751885,11.16885330864332,89.53470623757974,2.7140313540003262,48,5.041666666666667,4.0625,5.041666666666667,0.3125,0.9791666666666666,3.284854261120195,True,0.09646772398991743,0.6673544909972406,0.03623613400486647,0.011230770989641314,1.8951198249997105
124,math500,Qwen/Qwen3-4B,mgoin/Qwen3-4B-speculator.dflash2,0.0,8,dflash2_unary_k16_tb16,16,82,243,38.13688700029161,10.241681777779563,97.64021395095561,2.488728672000434,44,5.5,4.5227272727272725,5.5,0.4090909090909091,0.9772727272727273,3.5822295770136203,True,0.08875262599394773,0.6121112149994588,0.04392395601098542,0.010370369000156643,1.7264458310091868
124,math500,Qwen/Qwen3-4B,mgoin/Qwen3-4B-speculator.dflash2,0.0,8,dflash2_unary_k16_tb32,32,82,243,37.75574799874448,9.57641483538982,104.42321235964856,2.327068804999726,41,5.902439024390244,4.926829268292683,5.902439024390244,0.43902439024390244,0.975609756097561,3.831084598292672,True,0.08247787300570053,0.5691924359962286,0.05897115598781966,0.009570499987603398,1.6000775050015363
124,math500,Qwen/Qwen3-4B,mgoin/Qwen3-4B-speculator.dflash2,0.0,8,dflash2_unary_k16_tb64,64,82,243,37.77189900210942,9.09337899588068,109.97012226731141,2.2096910959990055,38,6.368421052631579,5.394736842105263,6.368421052631579,0.5263157894736842,0.9736842105263158,4.0345899361879844,True,0.07706853199852048,0.526699540012487,0.08869285200125887,0.008991423001134535,1.5016091689976747
124,math500,Qwen/Qwen3-4B,mgoin/Qwen3-4B-speculator.dflash2,0.0,8,dflash2_pairwise_k16_tb8,8,82,243,37.98172399910982,10.965898555557702,91.19179745586678,2.6647133490005217,47,5.148936170212766,4.170212765957447,5.148936170212766,0.2765957446808511,0.9787234042553191,3.3456497155109344,True,0.09424399800263927,0.6524507890026143,0.04304383398994105,0.011017937995347893,1.8565094750083517
124,math500,Qwen/Qwen3-4B,mgoin/Qwen3-4B-speculator.dflash2,0.0,8,dflash2_pairwise_k16_tb16,16,82,243,37.7348379988689,8.855570436209424,112.92327323275678,2.15190361599889,38,6.368421052631579,5.394736842105263,6.368421052631579,0.5263157894736842,0.9736842105263158,4.142935302361787,True,0.07656452099763555,0.5262419219943695,0.043810827995912405,0.009099031991354423,1.4900630339943746
124,math500,Qwen/Qwen3-4B,mgoin/Qwen3-4B-speculator.dflash2,0.0,8,dflash2_pairwise_k16_tb32,32,82,243,37.616476001858246,8.687618551444652,115.10634290379974,2.1110913080010505,37,6.54054054054054,5.5675675675675675,6.54054054054054,0.5945945945945946,0.972972972972973,4.2230278833573545,True,0.0747895679960493,0.5122809940112347,0.06068513799255015,0.008716798005480086,1.4485396349955408
124,math500,Qwen/Qwen3-4B,mgoin/Qwen3-4B-speculator.dflash2,0.0,8,dflash2_pairwise_k16_tb64,64,82,243,37.60723499726737,8.41618489710961,118.81868236324424,2.045132929997635,35,6.914285714285715,5.942857142857143,6.914285714285715,0.6857142857142857,0.9714285714285714,4.359226399044924,True,0.07089066299886326,0.48371695600508247,0.09081054600756033,0.008267937006166903,1.3853964260015346
125,math500,Qwen/Qwen3-4B,mgoin/Qwen3-4B-speculator.dflash2,0.0,8,baseline,,36,214,38.989736000075936,36.492182177570506,27.403129665801085,7.809326986000088,213,1,,,,,1.0,True,0.053168937971349806,0.0,0.0,0.0,7.720218766997277
125,math500,Qwen/Qwen3-4B,mgoin/Qwen3-4B-speculator.dflash2,0.0,8,dflash2,,36,214,37.03940299965325,11.643403271030527,85.88554194357066,2.4916883000005328,46,4.630434782608695,3.652173913043478,4.630434782608695,0.17391304347826086,0.9782608695652174,3.134150843024153,True,0.028285217984375777,0.5805771599953005,0.0,0.0,1.876007525010209
125,math500,Qwen/Qwen3-4B,mgoin/Qwen3-4B-speculator.dflash2,0.0,8,dflash2_unary_k16_tb8,8,36,214,37.45339099987177,12.151972018702475,82.2911703928343,2.6005220120023296,46,4.630434782608695,3.652173913043478,4.630434782608695,0.1956521739130435,0.9782608695652174,3.0029843815808057,True,0.09216329198534368,0.6379545559975668,0.03487037799641257,0.010813739991135662,1.8173839169867279
125,math500,Qwen/Qwen3-4B,mgoin/Qwen3-4B-speculator.dflash2,0.0,8,dflash2_unary_k16_tb16,16,36,214,37.16963500119164,11.355217906537495,88.06524086378597,2.430016631999024,43,4.953488372093023,3.9767441860465116,4.953488372093023,0.2558139534883721,0.9767441860465116,3.213692813112904,True,0.0862432570065721,0.596935723995557,0.042230573013512185,0.010076418995595304,1.6875830510034575
125,math500,Qwen/Qwen3-4B,mgoin/Qwen3-4B-speculator.dflash2,0.0,8,dflash2_unary_k16_tb32,32,36,214,37.02578299999004,10.60605745326845,94.28574231340146,2.2696962949994486,40,5.325,4.35,5.325,0.3,0.975,3.4406924852481136,True,0.08042166399900452,0.5541125329946226,0.057641017985588405,0.009337679992313497,1.5615873229980934
125,math500,Qwen/Qwen3-4B,mgoin/Qwen3-4B-speculator.dflash2,0.0,8,dflash2_unary_k16_tb64,64,36,214,37.08407299927785,10.071953158874868,99.28560868244838,2.1553979759992217,37,5.756756756756757,4.783783783783784,5.756756756756757,0.3783783783783784,0.972972972972973,3.6231485196508824,True,0.07519507400866132,0.5126357630033453,0.08724437901037163,0.008768873005465139,1.465130191998469
125,math500,Qwen/Qwen3-4B,mgoin/Qwen3-4B-speculator.dflash2,0.0,8,dflash2_pairwise_k16_tb8,8,36,214,37.03276200030814,11.392324602791836,87.77839772533667,2.437957464997453,43,4.953488372093023,3.9767441860465116,4.953488372093023,0.20930232558139536,0.9767441860465116,3.2032252810482267,True,0.0863548949964752,0.5958011159891612,0.039489997001510346,0.010047769002994755,1.699383635987033
125,math500,Qwen/Qwen3-4B,mgoin/Qwen3-4B-speculator.dflash2,0.0,8,dflash2_pairwise_k16_tb16,16,36,214,37.08978400027263,10.333229308403515,96.77516777710026,2.2113110719983524,39,5.461538461538462,4.487179487179487,5.461538461538462,0.3076923076923077,0.9743589743589743,3.5315370527868937,True,0.07852334700510255,0.5402136439952301,0.045642737997695804,0.009147459008090664,1.5313711980015796
125,math500,Qwen/Qwen3-4B,mgoin/Qwen3-4B-speculator.dflash2,0.0,8,dflash2_pairwise_k16_tb32,32,36,214,37.704967999161454,9.313516981318207,107.37082479216815,1.9930926340020962,35,6.085714285714285,5.114285714285714,6.085714285714285,0.45714285714285713,0.9714285714285714,3.9181956988718043,True,0.07061460299883038,0.48380924899538513,0.0579546869994374,0.00826131200301461,1.366652869994141
125,math500,Qwen/Qwen3-4B,mgoin/Qwen3-4B-speculator.dflash2,0.0,8,dflash2_pairwise_k16_tb64,64,36,214,37.34272000292549,9.093158925237748,109.97278374015157,1.945936010000878,33,6.454545454545454,5.454545454545454,6.454545454545454,0.5151515151515151,1,4.013146858820175,True,0.0672132500076259,0.45839101499223034,0.08676830499825883,0.00793216698730248,1.3198655619926285
126,math500,Qwen/Qwen3-4B,mgoin/Qwen3-4B-speculator.dflash2,0.0,8,baseline,,57,262,40.889220999815734,38.351499885491734,26.074599506818696,10.048092969998834,261,1,,,,,1.0,True,0.06817669400334125,0.0,0.0,0.0,9.933743056011735
126,math500,Qwen/Qwen3-4B,mgoin/Qwen3-4B-speculator.dflash2,0.0,8,dflash2,,57,308,42.776793998200446,9.283988334419673,107.71232836350913,2.859468407001259,50,6.14,5.16,6.14,0.58,0.98,4.130929348899168,False,0.027108752001367975,0.6690408480026235,0.0,0.0,2.155496186005621
126,math500,Qwen/Qwen3-4B,mgoin/Qwen3-4B-speculator.dflash2,0.0,8,dflash2_unary_k16_tb8,8,57,308,39.74132299845223,9.00322811364052,111.07127214570185,2.7729942590012797,47,6.531914893617022,5.553191489361702,6.531914893617022,0.5319148936170213,0.9787234042553191,4.259749880977306,False,0.09860782100440701,0.6783577510104806,0.036761796014616266,0.011364273006620351,1.940014717001759
126,math500,Qwen/Qwen3-4B,mgoin/Qwen3-4B-speculator.dflash2,0.0,8,dflash2_unary_k16_tb16,16,57,278,40.80986800181563,8.981639025183775,111.33825320702408,2.496895649001089,42,6.595238095238095,5.619047619047619,6.595238095238095,0.6190476190476191,0.9761904761904762,4.269989005120033,False,0.0883622049841506,0.6116217339949799,0.04180467900368967,0.010141432994714705,1.737759700994502
126,math500,Qwen/Qwen3-4B,mgoin/Qwen3-4B-speculator.dflash2,0.0,8,dflash2_unary_k16_tb32,32,57,296,37.155914997129,8.473354283781903,118.01701740643743,2.5081128679994436,44,6.704545454545454,5.7272727272727275,6.704545454545454,0.5909090909090909,0.9772727272727273,4.526129629549061,False,0.08891360099732992,0.612874719008687,0.06238505000510486,0.010501717995794024,1.7260423760017147
126,math500,Qwen/Qwen3-4B,mgoin/Qwen3-4B-speculator.dflash2,0.0,8,dflash2_unary_k16_tb64,64,57,294,37.23253600037424,8.496918972793667,117.68971826163173,2.498094178001338,43,6.813953488372093,5.837209302325581,6.813953488372093,0.6511627906976745,0.9767441860465116,4.513577216434523,False,0.08715304098950583,0.5958964970013767,0.09823379700173973,0.010219018993666396,1.699146033017314
126,math500,Qwen/Qwen3-4B,mgoin/Qwen3-4B-speculator.dflash2,0.0,8,dflash2_pairwise_k16_tb8,8,57,294,37.36487800051691,8.877866982990108,112.639669181346,2.6100928929990914,46,6.369565217391305,5.391304347826087,6.369565217391305,0.5652173913043478,0.9782608695652174,4.319900259710217,False,0.09212998700968456,0.6376485330001742,0.04203399700782029,0.01080342000204837,1.8201669680056511
126,math500,Qwen/Qwen3-4B,mgoin/Qwen3-4B-speculator.dflash2,0.0,8,dflash2_pairwise_k16_tb16,16,57,294,37.36582900091889,8.0961559081695,123.51540797169442,2.380269837001833,42,6.976190476190476,6,6.976190476190476,0.6666666666666666,0.9761904761904762,4.737001154682903,False,0.08435755100072129,0.5818427659942245,0.048610231999191456,0.009872748003544984,1.6488413000042783
126,math500,Qwen/Qwen3-4B,mgoin/Qwen3-4B-speculator.dflash2,0.0,8,dflash2_pairwise_k16_tb32,32,57,296,37.20988599889097,8.094857739866416,123.53521607613851,2.396077891000459,42,7.023809523809524,6.0476190476190474,7.023809523809524,0.6666666666666666,0.9761904761904762,4.737760825198222,False,0.08454494599209283,0.5820702690107282,0.06782447499062982,0.009870566991594387,1.6448313899818459
126,math500,Qwen/Qwen3-4B,mgoin/Qwen3-4B-speculator.dflash2,0.0,8,dflash2_pairwise_k16_tb64,64,57,284,37.25128699807101,8.238935031687094,121.37491024677121,2.3398575489991345,40,7.075,6.1,7.075,0.675,0.975,4.654909856430615,False,0.08092742400913266,0.5555771140097931,0.10300840299169067,0.009545439002977218,1.5839596090117993
127,math500,Qwen/Qwen3-4B,mgoin/Qwen3-4B-speculator.dflash2,0.0,8,baseline,,90,1417,40.1285830012057,36.79902979604795,27.174629481872795,52.14422522099994,1416,1,,,,,1.0,True,0.3526603699865518,0.0,0.0,0.0,51.55446514498544
127,math500,Qwen/Qwen3-4B,mgoin/Qwen3-4B-speculator.dflash2,0.0,8,dflash2,,90,868,38.36416299964185,14.953924486174564,66.87207768934073,12.980006453999522,239,3.6276150627615062,2.6317991631799162,3.6276150627615062,0.14644351464435146,0.99581589958159,2.4608275794136825,False,0.14867453997794655,3.064632050016371,0.0,0.0,9.731149531999108
127,math500,Qwen/Qwen3-4B,mgoin/Qwen3-4B-speculator.dflash2,0.0,8,dflash2_unary_k16_tb8,8,90,855,38.300240001262864,13.612501670175664,73.46188263035823,11.638688928000192,205,4.1658536585365855,3.1707317073170733,4.1658536585365855,0.08780487804878048,0.9951219512195122,2.7033260077883297,False,0.4112476300142589,2.8946504249943246,0.15432171903012204,0.04802084999028011,8.097309436019714
127,math500,Qwen/Qwen3-4B,mgoin/Qwen3-4B-speculator.dflash2,0.0,8,dflash2_unary_k16_tb16,16,90,725,37.84932099733851,13.128474984826834,76.17030928236103,9.518144363999454,168,4.309523809523809,3.3154761904761907,4.309523809523809,0.13095238095238096,0.9940476190476191,2.802993480855791,False,0.33749339399582823,2.3691932329602423,0.16898430802393705,0.03952592298446689,6.575546850959654
127,math500,Qwen/Qwen3-4B,mgoin/Qwen3-4B-speculator.dflash2,0.0,8,dflash2_unary_k16_tb32,32,90,570,37.97183299684548,12.808339370173615,78.07413366393689,7.30075344099896,128,4.4453125,3.453125,4.4453125,0.171875,0.9921875,2.8730523709998437,False,0.2577313840120041,1.8038955080046435,0.1927443150234467,0.03019563799534808,4.994999527989421
127,math500,Qwen/Qwen3-4B,mgoin/Qwen3-4B-speculator.dflash2,0.0,8,dflash2_unary_k16_tb64,64,90,1392,37.91113300030702,10.807872493533905,92.52514781223377,15.044558510999195,257,5.412451361867705,4.416342412451362,5.412451361867705,0.29961089494163423,0.9961089494163424,3.404835671226131,False,0.5211881360046391,3.639998550002929,0.632718865021161,0.060769093990529655,10.14488377800808
127,math500,Qwen/Qwen3-4B,mgoin/Qwen3-4B-speculator.dflash2,0.0,8,dflash2_pairwise_k16_tb8,8,90,1200,37.85324999989825,12.381219590834007,80.76748761812723,14.857463509000809,261,4.593869731800766,3.5977011494252875,4.593869731800766,0.18773946360153257,0.9961685823754789,2.9721651834113976,False,0.5247019319904211,3.6862707829750434,0.24003801400249358,0.061249630991369486,10.30310418800218
127,math500,Qwen/Qwen3-4B,mgoin/Qwen3-4B-speculator.dflash2,0.0,8,dflash2_pairwise_k16_tb16,16,90,970,37.69179599839845,12.589109689691108,79.43373476353723,12.211436399000377,215,4.506976744186047,3.511627906976744,4.506976744186047,0.16279069767441862,0.9953488372093023,2.923084372374776,False,0.43206378698232584,3.0329238969789003,0.255852340018464,0.05067896598848165,8.40482649000478
127,math500,Qwen/Qwen3-4B,mgoin/Qwen3-4B-speculator.dflash2,0.0,8,dflash2_pairwise_k16_tb32,32,90,2048,38.208558999031084,8.599714540526548,116.2829295423068,17.61221537899837,308,6.646103896103896,5.64935064935065,6.646103896103896,0.6298701298701299,0.9967532467532467,4.279098988999093,False,0.6203812540006766,4.352908042019408,0.5099899070009997,0.07289615599802346,12.004611398013367
127,math500,Qwen/Qwen3-4B,mgoin/Qwen3-4B-speculator.dflash2,0.0,8,dflash2_pairwise_k16_tb64,64,90,1397,38.23170900068362,10.139358931997371,98.62556466407764,14.164684428000328,241,5.79253112033195,4.796680497925311,5.79253112033195,0.3112033195020747,0.995850622406639,3.629325092725447,False,0.4910108129370201,3.4140166659781244,0.6529607279699121,0.057090629983576946,9.507469549000234
