sample_index,dataset,model,draft_model,temperature,block_size,method,tree_budget,num_input_tokens,num_output_tokens,time_to_first_token_ms,time_per_output_token_ms,tokens_per_second,total_decode_time_seconds,decode_rounds,mean_acceptance_length,mean_matched_draft_tokens,mean_committed_tokens_per_round,full_block_acceptance,verifier_bonus_commit_rate,speedup_vs_baseline,matches_baseline,stage_commit_seconds,stage_draft_seconds,stage_tree_build_seconds,stage_tree_compile_seconds,stage_verify_seconds
0,mt-bench,Qwen/Qwen3-4B,mgoin/Qwen3-4B-speculator.dflash2,0.0,8,baseline,,34,972,37.06733899889514,36.03314872016349,27.75222359183999,35.02422055599891,971,1,,,,,1.0,True,0.23748693399465992,0.0,0.0,0.0,34.626896735942864
0,mt-bench,Qwen/Qwen3-4B,mgoin/Qwen3-4B-speculator.dflash2,0.0,8,dflash2,,34,743,36.86989400011953,25.47640445356756,39.25200676659716,18.928968509000697,352,2.1079545454545454,1.1107954545454546,2.1079545454545454,0,0.9971590909090909,1.4143733973856591,False,0.22863402400980704,4.427100415021414,0.0,0.0,14.221076916041056
0,mt-bench,Qwen/Qwen3-4B,mgoin/Qwen3-4B-speculator.dflash2,0.0,8,dflash2_unary_k16_tb8,8,34,766,37.16836099920329,23.71839561096666,42.1613677586873,18.16829103800046,322,2.375776397515528,1.3788819875776397,2.375776397515528,0,0.9968944099378882,1.5192068346942853,False,0.6389913519997208,4.485747945989715,0.2432306300433993,0.07558672502273112,12.67326114694879
0,mt-bench,Qwen/Qwen3-4B,mgoin/Qwen3-4B-speculator.dflash2,0.0,8,dflash2_unary_k16_tb16,16,34,915,37.21208299975842,21.033115527869167,47.54407394734205,19.245300708000286,341,2.6803519061583576,1.683284457478006,2.6803519061583576,0,0.9970674486803519,1.7131626873070263,False,0.6786192120234773,4.758426842025074,0.34788124997066916,0.08011768198412028,13.325083506035298
0,mt-bench,Qwen/Qwen3-4B,mgoin/Qwen3-4B-speculator.dflash2,0.0,8,dflash2_unary_k16_tb32,32,34,906,37.222651997581124,19.108284397352246,52.333321987742956,17.312105664001137,305,2.9672131147540983,1.9704918032786884,2.9672131147540983,0.003278688524590164,0.9967213114754099,1.8857343742045436,False,0.6082285379852692,4.255532138016861,0.475933777015598,0.07243178800490568,11.849156837008195
0,mt-bench,Qwen/Qwen3-4B,mgoin/Qwen3-4B-speculator.dflash2,0.0,8,dflash2_unary_k16_tb64,64,34,973,37.24048200092511,18.631727226103607,53.67188923842606,18.12867059099881,310,3.1354838709677417,2.138709677419355,3.1354838709677417,0.0032258064516129032,0.9967741935483871,1.9339671670203484,False,0.6208814970268577,4.343458650990215,0.8046582029819547,0.07398191798347398,12.231911714996386
0,mt-bench,Qwen/Qwen3-4B,mgoin/Qwen3-4B-speculator.dflash2,0.0,8,dflash2_pairwise_k16_tb8,8,34,943,37.19258099954459,21.60295823753992,46.28995663484081,20.371589618000144,359,2.6239554317548746,1.626740947075209,2.6239554317548746,0.002785515320334262,0.9972144846796658,1.6679728916731373,False,0.7128597999435442,5.01629075699384,0.3289512590308732,0.08439220099171507,14.171800976007944
0,mt-bench,Qwen/Qwen3-4B,mgoin/Qwen3-4B-speculator.dflash2,0.0,8,dflash2_pairwise_k16_tb16,16,34,938,37.304204000975005,20.179803497868054,49.55449641051497,18.928655681000237,334,2.805389221556886,1.8083832335329342,2.805389221556886,0.0029940119760479044,0.9970059880239521,1.7856045389128936,False,0.6633837469853461,4.667192010947474,0.39841607003472745,0.07849124400672736,13.06709828199746
0,mt-bench,Qwen/Qwen3-4B,mgoin/Qwen3-4B-speculator.dflash2,0.0,8,dflash2_pairwise_k16_tb32,32,34,775,37.297933999070665,18.72003820515895,53.418694397985554,14.508029608998186,254,3.047244094488189,2.0511811023622046,3.047244094488189,0,0.9960629921259843,1.9248437596795775,False,0.506359136023093,3.553397348001454,0.4439635130256647,0.06015184001807938,9.902007564003725
0,mt-bench,Qwen/Qwen3-4B,mgoin/Qwen3-4B-speculator.dflash2,0.0,8,dflash2_pairwise_k16_tb64,64,34,735,37.14729099738179,18.15015088299469,55.09596071385411,13.340360899001098,227,3.2334801762114536,2.237885462555066,3.2334801762114536,0,0.9955947136563876,1.9852809462825898,False,0.4545433050079737,3.1747593889958807,0.6467271749825159,0.05391990000134683,8.970810239028651
1,mt-bench,Qwen/Qwen3-4B,mgoin/Qwen3-4B-speculator.dflash2,0.0,8,baseline,,792,383,52.336852000735234,36.671092749347075,27.269435542462936,14.045028522999928,382,1,,,,,1.0,True,0.09487267900112784,0.0,0.0,0.0,13.886300198009849
1,mt-bench,Qwen/Qwen3-4B,mgoin/Qwen3-4B-speculator.dflash2,0.0,8,dflash2,,792,361,52.29355100163957,22.263059988917803,44.917455214951765,8.036964655999327,150,2.4,1.4066666666666667,2.4,0.006666666666666667,0.9933333333333333,1.6471721662521395,False,0.09706913799891481,1.8749385749833891,0.0,0.0,6.042667911959143
1,mt-bench,Qwen/Qwen3-4B,mgoin/Qwen3-4B-speculator.dflash2,0.0,8,dflash2_unary_k16_tb8,8,792,360,52.356962998601375,20.81465022499995,48.04308451933174,7.493274080999982,133,2.699248120300752,1.7067669172932332,2.699248120300752,0,0.9924812030075187,1.7617924083731347,False,0.26454064099743846,1.846448240972677,0.09904387897768174,0.03154673498283955,5.230469758036634
1,mt-bench,Qwen/Qwen3-4B,mgoin/Qwen3-4B-speculator.dflash2,0.0,8,dflash2_unary_k16_tb16,16,792,422,52.288891001808224,19.08880503554329,52.38672604901163,8.055475724999269,143,2.944055944055944,1.951048951048951,2.944055944055944,0,0.993006993006993,1.9210784897779416,False,0.2840855150061543,1.9850964780016511,0.1437896879760956,0.033905054955539526,5.585559372000716
1,mt-bench,Qwen/Qwen3-4B,mgoin/Qwen3-4B-speculator.dflash2,0.0,8,dflash2_unary_k16_tb32,32,792,416,52.31866200119839,18.11493085816752,55.203081249914234,7.535811236997687,133,3.1203007518796992,2.1278195488721803,3.1203007518796992,0,0.9924812030075187,2.024357312565347,False,0.26548134801123524,1.8500997399933112,0.20516584901270107,0.03164466501402785,5.161403664977115
1,mt-bench,Qwen/Qwen3-4B,mgoin/Qwen3-4B-speculator.dflash2,0.0,8,dflash2_unary_k16_tb64,64,792,361,52.25642100049299,17.244974520775603,57.987908233512684,6.225435801999993,107,3.364485981308411,2.3738317757009346,3.364485981308411,0,0.9906542056074766,2.1264799611717704,False,0.21416416100328206,1.4859358880057698,0.2772217199635634,0.025547937002556864,4.204058419014473
1,mt-bench,Qwen/Qwen3-4B,mgoin/Qwen3-4B-speculator.dflash2,0.0,8,dflash2_pairwise_k16_tb8,8,792,402,52.246990002458915,20.784385848263135,48.11304059213113,8.35532311100178,148,2.7094594594594597,1.7162162162162162,2.7094594594594597,0,0.9932432432432432,1.7643577740071412,False,0.2936789400118869,2.0543815760211146,0.13566044298931956,0.03482292702028644,5.813271507984609
1,mt-bench,Qwen/Qwen3-4B,mgoin/Qwen3-4B-speculator.dflash2,0.0,8,dflash2_pairwise_k16_tb16,16,792,350,52.37146400031634,18.21445556285783,54.90144882722485,6.37505944700024,113,3.088495575221239,2.0973451327433628,3.088495575221239,0,0.9911504424778761,2.0132961220166945,False,0.2243588509845722,1.5661535170038405,0.13511869899593876,0.02654954497120343,4.404644672005816
1,mt-bench,Qwen/Qwen3-4B,mgoin/Qwen3-4B-speculator.dflash2,0.0,8,dflash2_pairwise_k16_tb32,32,792,405,52.374082999449456,16.828574350613593,59.422740106534256,6.815572611998505,120,3.3666666666666667,2.375,3.3666666666666667,0,0.9916666666666667,2.179096813867064,False,0.2389605080061301,1.6639996759986388,0.20925807800449547,0.028678930997557472,4.654549751005106
1,mt-bench,Qwen/Qwen3-4B,mgoin/Qwen3-4B-speculator.dflash2,0.0,8,dflash2_pairwise_k16_tb64,64,792,392,52.377943000465166,16.255670056125382,61.51699662624395,6.37222266200115,109,3.5871559633027523,2.596330275229358,3.5871559633027523,0,0.9908256880733946,2.255895488942263,False,0.2185803419961303,1.5139406769922061,0.3095461970187898,0.02597078002509079,4.285167347978131
2,mt-bench,Qwen/Qwen3-4B,mgoin/Qwen3-4B-speculator.dflash2,0.0,8,baseline,,58,84,38.67845700006001,35.55978421428292,28.121655462643123,2.9870218739997654,83,1,,,,,1.0,True,0.020579815016390057,0.0,0.0,0.0,2.9524281390076794
2,mt-bench,Qwen/Qwen3-4B,mgoin/Qwen3-4B-speculator.dflash2,0.0,8,dflash2,,58,84,37.02051900108927,14.623519464294077,68.38299100580252,1.2283756350007025,23,3.608695652173913,2.652173913043478,3.608695652173913,0.08695652173913043,0.9565217391304348,2.4316844040935877,True,0.014411892992939102,0.277978477999568,0.0,0.0,0.9326028379982745
2,mt-bench,Qwen/Qwen3-4B,mgoin/Qwen3-4B-speculator.dflash2,0.0,8,dflash2_unary_k16_tb8,8,58,84,37.295523998182034,13.3372071666686,74.97821601655322,1.1203254020001623,20,4.15,3.15,4.15,0.05,1,2.6662091823205243,True,0.0395490780028922,0.2660357130043849,0.015217958985886071,0.004655852015275741,0.791761858989048
2,mt-bench,Qwen/Qwen3-4B,mgoin/Qwen3-4B-speculator.dflash2,0.0,8,dflash2_unary_k16_tb16,16,58,84,37.12509099932504,13.316048583311343,75.09735292294397,1.1185480809981527,20,4.15,3.2,4.15,0.05,0.95,2.6704456650037365,True,0.03954417099157581,0.26604725799916196,0.02041728399490239,0.004643244992621476,0.784666224004468
2,mt-bench,Qwen/Qwen3-4B,mgoin/Qwen3-4B-speculator.dflash2,0.0,8,dflash2_unary_k16_tb32,32,58,84,37.14648100140039,12.025383690472934,83.15742979512964,1.0101322299997264,18,4.611111111111111,3.6666666666666665,4.611111111111111,0.05555555555555555,0.9444444444444444,2.9570602593291917,True,0.03559696600495954,0.23834840999552398,0.02723036200768547,0.004271115001756698,0.7017348290064547
2,mt-bench,Qwen/Qwen3-4B,mgoin/Qwen3-4B-speculator.dflash2,0.0,8,dflash2_unary_k16_tb64,64,58,84,37.029576997156255,11.655009761896162,85.80001393643701,0.9790208199992776,17,4.882352941176471,3.9411764705882355,4.882352941176471,0.058823529411764705,0.9411764705882353,3.0510299811621673,True,0.03398627500064322,0.22409078300188412,0.042962126004567835,0.003992176993051544,0.6711078830085171
2,mt-bench,Qwen/Qwen3-4B,mgoin/Qwen3-4B-speculator.dflash2,0.0,8,dflash2_pairwise_k16_tb8,8,58,84,37.05776800052263,14.028145559547868,71.28525974834768,1.178364227002021,21,3.9523809523809526,3,3.9523809523809526,0.047619047619047616,0.9523809523809523,2.5348884543103516,True,0.04153384400342475,0.2797721199931402,0.01917996400516131,0.004941821996908402,0.8296725199943467
2,mt-bench,Qwen/Qwen3-4B,mgoin/Qwen3-4B-speculator.dflash2,0.0,8,dflash2_pairwise_k16_tb16,16,58,84,37.06534899902181,11.994581071424667,83.37098178296144,1.007544809999672,18,4.611111111111111,3.6666666666666665,4.611111111111111,0.16666666666666666,0.9444444444444444,2.964654121935021,True,0.03563483201651252,0.23837212099897442,0.021333980013878318,0.004201957999612205,0.705114845000935
2,mt-bench,Qwen/Qwen3-4B,mgoin/Qwen3-4B-speculator.dflash2,0.0,8,dflash2_pairwise_k16_tb32,32,58,84,37.26072399877012,11.358112630963054,88.04279658875068,0.9540814610008965,17,4.882352941176471,3.9411764705882355,4.882352941176471,0.17647058823529413,0.9411764705882353,3.1307828483179785,True,0.03364727600273909,0.22410425898851827,0.02926584001033916,0.003984613995271502,0.6603364349939511
2,mt-bench,Qwen/Qwen3-4B,mgoin/Qwen3-4B-speculator.dflash2,0.0,8,dflash2_pairwise_k16_tb64,64,58,84,37.09081899796729,11.698747892859544,85.47923326139549,0.9826948230002017,17,4.882352941176471,3.9411764705882355,4.882352941176471,0.11764705882352941,0.9411764705882353,3.0396230895775793,True,0.033900366001034854,0.22427081800924498,0.04651365899553639,0.004016763999970863,0.6710962009965442
3,mt-bench,Qwen/Qwen3-4B,mgoin/Qwen3-4B-speculator.dflash2,0.0,8,baseline,,162,399,39.290669999900274,36.168993566423616,27.647990762129464,14.431428433003022,398,1,,,,,1.0,True,0.09733451199281262,0.0,0.0,0.0,14.268391480964056
3,mt-bench,Qwen/Qwen3-4B,mgoin/Qwen3-4B-speculator.dflash2,0.0,8,dflash2,,162,423,36.99733699977514,16.94955152482182,58.99861117478814,7.16966029499963,133,3.172932330827068,2.172932330827068,3.172932330827068,0.07518796992481203,1,2.1339203880088404,False,0.08431152399498387,1.6706469930250023,0.0,0.0,5.395003888988867
3,mt-bench,Qwen/Qwen3-4B,mgoin/Qwen3-4B-speculator.dflash2,0.0,8,dflash2_unary_k16_tb8,8,162,356,37.205360997177195,17.041041050566143,58.68186086945536,6.066610614001547,107,3.317757009345794,2.3271028037383177,3.317757009345794,0.08411214953271028,0.9906542056074766,2.122463848253097,False,0.2121308899950236,1.4889728190428286,0.08149462800065521,0.025381142997503048,4.241553628995462
3,mt-bench,Qwen/Qwen3-4B,mgoin/Qwen3-4B-speculator.dflash2,0.0,8,dflash2_unary_k16_tb16,16,162,338,37.35439500087523,15.486017165685068,64.57438276743395,5.234273802001553,92,3.6630434782608696,2.6630434782608696,3.6630434782608696,0.07608695652173914,1,2.335590434871094,False,0.18388099696312565,1.2835863230102404,0.09626549200402224,0.022072601004765602,3.6332965990113735
3,mt-bench,Qwen/Qwen3-4B,mgoin/Qwen3-4B-speculator.dflash2,0.0,8,dflash2_unary_k16_tb32,32,162,379,37.213192001217976,14.746476881267316,67.81280763205996,5.588914738000312,98,3.857142857142857,2.86734693877551,3.857142857142857,0.08163265306122448,0.9897959183673469,2.4527210029650988,False,0.19498696200389531,1.3648690199952398,0.15092593896770268,0.023523143983766204,3.838164661978226
3,mt-bench,Qwen/Qwen3-4B,mgoin/Qwen3-4B-speculator.dflash2,0.0,8,dflash2_unary_k16_tb64,64,162,351,37.157819999265485,13.756459435891905,72.69312315863087,4.8285172619980585,81,4.320987654320987,3.3209876543209877,4.320987654320987,0.12345679012345678,1,2.6292371038477595,False,0.16559376499935752,1.145607791015209,0.20902812002168503,0.019218657009332674,3.274763844030531
3,mt-bench,Qwen/Qwen3-4B,mgoin/Qwen3-4B-speculator.dflash2,0.0,8,dflash2_pairwise_k16_tb8,8,162,383,37.12725000150385,16.575412295039335,60.33032435031969,6.348382909000065,112,3.4107142857142856,2.419642857142857,3.4107142857142856,0.0625,0.9910714285714286,2.182087113286963,False,0.22229067598163965,1.5575802080020367,0.10260861304777791,0.0261797060011304,4.422038876986335
3,mt-bench,Qwen/Qwen3-4B,mgoin/Qwen3-4B-speculator.dflash2,0.0,8,dflash2_pairwise_k16_tb16,16,162,356,37.09221900135162,13.376474106745478,74.75811577998127,4.76202478200139,84,4.226190476190476,3.238095238095238,4.226190476190476,0.09523809523809523,0.9880952380952381,2.7039258086840943,False,0.16687334200469195,1.1659276079917618,0.09948260197779746,0.019609113995102234,3.2965589610066672
3,mt-bench,Qwen/Qwen3-4B,mgoin/Qwen3-4B-speculator.dflash2,0.0,8,dflash2_pairwise_k16_tb32,32,162,423,37.03793800013955,12.548434252956461,79.69121723408607,5.3079876890005835,93,4.537634408602151,3.5483870967741935,4.537634408602151,0.12903225806451613,0.989247311827957,2.8823511234401256,False,0.18510068899195176,1.2923103580069437,0.15970335802194313,0.022076521996496012,3.6334130609830027
3,mt-bench,Qwen/Qwen3-4B,mgoin/Qwen3-4B-speculator.dflash2,0.0,8,dflash2_pairwise_k16_tb64,64,162,338,37.09043799972278,11.98429652366504,83.44252814717403,4.050692224998784,69,4.884057971014493,3.898550724637681,4.884057971014493,0.14492753623188406,0.9855072463768116,3.018032263721259,False,0.13839193001695094,0.9569607689918485,0.1907300539969583,0.016470558002765756,2.736117723990901
4,mt-bench,Qwen/Qwen3-4B,mgoin/Qwen3-4B-speculator.dflash2,0.0,8,baseline,,69,217,39.27082999871345,35.64752024884562,28.052442162014987,7.735511893999501,216,1,,,,,1.0,True,0.05244879899692023,0.0,0.0,0.0,7.647575712988328
4,mt-bench,Qwen/Qwen3-4B,mgoin/Qwen3-4B-speculator.dflash2,0.0,8,dflash2,,69,223,37.22660199855454,20.970773681606854,47.68541281226476,4.676482530998328,88,2.522727272727273,1.5340909090909092,2.522727272727273,0.022727272727272728,0.9886363636363636,1.6998667187997707,False,0.0563749819957593,1.0874524130049394,0.0,0.0,3.5195793350139866
4,mt-bench,Qwen/Qwen3-4B,mgoin/Qwen3-4B-speculator.dflash2,0.0,8,dflash2_unary_k16_tb8,8,69,224,37.08100899893907,21.181949919634594,47.210006812123126,4.744756781998149,85,2.623529411764706,1.6352941176470588,2.623529411764706,0,0.9882352941176471,1.682919673783299,False,0.16706707998309867,1.1630884539881663,0.0627397550160822,0.019725874004507205,3.318701265990967
4,mt-bench,Qwen/Qwen3-4B,mgoin/Qwen3-4B-speculator.dflash2,0.0,8,dflash2_unary_k16_tb16,16,69,217,37.15480199753074,19.801845299541384,50.50034402718823,4.29700043000048,77,2.8051948051948052,1.8181818181818181,2.8051948051948052,0,0.987012987012987,1.8002120362828626,False,0.15140928600158077,1.0547022459832078,0.07680764799079043,0.018036649998975918,2.983719886011386
4,mt-bench,Qwen/Qwen3-4B,mgoin/Qwen3-4B-speculator.dflash2,0.0,8,dflash2_unary_k16_tb32,32,69,217,37.145621001400286,18.87206523501489,52.98837130684659,4.095238155998231,73,2.958904109589041,1.9726027397260273,2.958904109589041,0,0.9863013698630136,1.8889040391141643,False,0.1438595370054827,0.9992521320018568,0.11139362001267727,0.017227272008312866,2.81156474000818
4,mt-bench,Qwen/Qwen3-4B,mgoin/Qwen3-4B-speculator.dflash2,0.0,8,dflash2_unary_k16_tb64,64,69,217,37.26193400143529,18.363722539169544,54.455190001211086,3.9849277909997913,69,3.130434782608696,2.1449275362318843,3.130434782608696,0,0.9855072463768116,1.941192488222908,False,0.13681177002581535,0.9453757690134807,0.1774720829926082,0.01614598297601333,2.697246414987603
4,mt-bench,Qwen/Qwen3-4B,mgoin/Qwen3-4B-speculator.dflash2,0.0,8,dflash2_pairwise_k16_tb8,8,69,219,37.02647699901718,20.69892163927184,48.311695528269006,4.533063839000533,81,2.691358024691358,1.7037037037037037,2.691358024691358,0.012345679012345678,0.9876543209876543,1.7221921446000341,False,0.15902942801403697,1.1089199550006015,0.07342912999956752,0.01889845400728518,3.1598811710136943
4,mt-bench,Qwen/Qwen3-4B,mgoin/Qwen3-4B-speculator.dflash2,0.0,8,dflash2_pairwise_k16_tb16,16,69,217,37.07672900054604,19.349843119816963,51.68000555910757,4.198915957000281,75,2.88,1.8933333333333333,2.88,0.02666666666666667,0.9866666666666667,1.8422640446287415,False,0.14776879498822382,1.026852790000703,0.08859927098092157,0.01735245596501045,2.906267867969291
4,mt-bench,Qwen/Qwen3-4B,mgoin/Qwen3-4B-speculator.dflash2,0.0,8,dflash2_pairwise_k16_tb32,32,69,220,37.22795200155815,18.436215481812145,54.24106704472665,4.055967405998672,72,3.0416666666666665,2.0555555555555554,3.0416666666666665,0.027777777777777776,0.9861111111111112,1.9335595357958866,False,0.14181655001084437,0.9865344409990939,0.12414663299205131,0.01682727600200451,2.774768731007498
4,mt-bench,Qwen/Qwen3-4B,mgoin/Qwen3-4B-speculator.dflash2,0.0,8,dflash2_pairwise_k16_tb64,64,69,224,37.855856000533095,18.123754924106702,55.17620405856866,4.059721102999902,70,3.1857142857142855,2.2,3.1857142857142855,0.02857142857142857,0.9857142857142858,1.9668948514322646,False,0.13885975597440847,0.9593172670029162,0.1965795329924731,0.016388582975196186,2.7365897780073283
5,mt-bench,Qwen/Qwen3-4B,mgoin/Qwen3-4B-speculator.dflash2,0.0,8,baseline,,316,44,36.69651999734924,35.11380431816426,28.47882818218882,1.5450073899992276,43,1,,,,,1.0,True,0.010440857007779414,0.0,0.0,0.0,1.5272272030051681
5,mt-bench,Qwen/Qwen3-4B,mgoin/Qwen3-4B-speculator.dflash2,0.0,8,dflash2,,316,44,36.46339500119211,25.188636454500244,39.70044197534712,1.1083000039980107,21,2.0476190476190474,1.0476190476190477,2.0476190476190474,0,1,1.3940335508669734,True,0.013564139990194235,0.2503212400006305,0.0,0.0,0.8413044119915867
5,mt-bench,Qwen/Qwen3-4B,mgoin/Qwen3-4B-speculator.dflash2,0.0,8,dflash2_unary_k16_tb8,8,316,44,36.54966699832585,18.750338886423958,53.33236940714936,0.8250149110026541,15,2.8666666666666667,1.9333333333333333,2.8666666666666667,0,0.9333333333333333,1.872702383186693,True,0.02971235900258762,0.19363244399937685,0.01129259700246621,0.0034825200091290753,0.5845983640101622
5,mt-bench,Qwen/Qwen3-4B,mgoin/Qwen3-4B-speculator.dflash2,0.0,8,dflash2_unary_k16_tb16,16,316,44,36.519576999126,18.75517129544526,53.31862792652033,0.8252275369995914,15,2.8666666666666667,1.9333333333333333,2.8666666666666667,0,0.9333333333333333,1.8722198675248432,True,0.029520358009904157,0.19398525300130132,0.015258936011377955,0.0035151459924236406,0.5806018409966782
5,mt-bench,Qwen/Qwen3-4B,mgoin/Qwen3-4B-speculator.dflash2,0.0,8,dflash2_unary_k16_tb32,32,316,44,36.50488600032986,18.92396293185977,52.84305425881132,0.8326543690018299,15,2.8666666666666667,1.9333333333333333,2.8666666666666667,0,0.9333333333333333,1.8555206668180375,True,0.02957208400039235,0.19430318300874205,0.02310552299604751,0.003482636999251554,0.5797300189915404
5,mt-bench,Qwen/Qwen3-4B,mgoin/Qwen3-4B-speculator.dflash2,0.0,8,dflash2_unary_k16_tb64,64,316,44,36.752211999555584,16.858539613663613,59.317118974499664,0.7417757430011989,13,3.3076923076923075,2.3846153846153846,3.3076923076923075,0,0.9230769230769231,2.0828497083878497,True,0.02590644899828476,0.16670005100240814,0.033919476001756266,0.0030769830009376165,0.5099939340034325
5,mt-bench,Qwen/Qwen3-4B,mgoin/Qwen3-4B-speculator.dflash2,0.0,8,dflash2_pairwise_k16_tb8,8,316,44,36.65955999895232,23.91491286363651,41.814912966734504,1.0522561660000065,19,2.263157894736842,1.263157894736842,2.263157894736842,0,1,1.4682806714949848,True,0.037325895005778875,0.24888231699878816,0.017262399993342115,0.004521894992649322,0.7412530339934165
5,mt-bench,Qwen/Qwen3-4B,mgoin/Qwen3-4B-speculator.dflash2,0.0,8,dflash2_pairwise_k16_tb16,16,316,44,36.551175002387026,20.096289181806657,49.76043044331332,0.8842367239994928,16,2.6875,1.6875,2.6875,0,1,1.7472780173741276,True,0.03169439300472732,0.2078679500045837,0.018801523998263292,0.003679534002003493,0.6196077439963119
5,mt-bench,Qwen/Qwen3-4B,mgoin/Qwen3-4B-speculator.dflash2,0.0,8,dflash2_pairwise_k16_tb32,32,316,44,36.56830700128921,18.97220129541727,52.70869649910101,0.8347768569983599,15,2.8666666666666667,1.9333333333333333,2.8666666666666667,0,0.9333333333333333,1.8508028547349427,True,0.029639642998517957,0.19414513899755548,0.0260441039899888,0.003468669998255791,0.579035123992071
5,mt-bench,Qwen/Qwen3-4B,mgoin/Qwen3-4B-speculator.dflash2,0.0,8,dflash2_pairwise_k16_tb64,64,316,44,36.51353600071161,15.566770409102238,64.23940057696731,0.6849378980004985,12,3.5833333333333335,2.5833333333333335,3.5833333333333335,0,1,2.255689741375799,True,0.0238353120003012,0.1524417989930953,0.03419439298886573,0.002806304004479898,0.469632050000655
6,mt-bench,Qwen/Qwen3-4B,mgoin/Qwen3-4B-speculator.dflash2,0.0,8,baseline,,51,209,37.02485800022259,35.8876396602895,27.86474701222892,7.500516689000506,208,1,,,,,1.0,True,0.05116891199213569,0.0,0.0,0.0,7.414733942041494
6,mt-bench,Qwen/Qwen3-4B,mgoin/Qwen3-4B-speculator.dflash2,0.0,8,dflash2,,51,210,37.07634899910772,22.575811714272106,44.295195789917685,4.740920459997142,88,2.375,1.3863636363636365,2.375,0,0.9886363636363636,1.5896500251905383,False,0.05733779699221486,1.1022606849874137,0.0,0.0,3.5681675449923205
6,mt-bench,Qwen/Qwen3-4B,mgoin/Qwen3-4B-speculator.dflash2,0.0,8,dflash2_unary_k16_tb8,8,51,221,37.52417099894956,20.95706930768711,47.716595546744564,4.631512316998851,82,2.682926829268293,1.6829268292682926,2.682926829268293,0,1,1.7124359867973438,False,0.16194221000841935,1.1349625650182134,0.06074665597770945,0.019197698980860878,3.241667662972759
6,mt-bench,Qwen/Qwen3-4B,mgoin/Qwen3-4B-speculator.dflash2,0.0,8,dflash2_unary_k16_tb16,16,51,202,37.368086999777006,20.128056445533765,49.68189565177273,4.065867401997821,72,2.7916666666666665,1.8055555555555556,2.7916666666666665,0,0.9861111111111112,1.7829659687909236,False,0.14252471900181263,0.9964961630030302,0.0720790050108917,0.016920401012612274,2.8262821329917642
6,mt-bench,Qwen/Qwen3-4B,mgoin/Qwen3-4B-speculator.dflash2,0.0,8,dflash2_unary_k16_tb32,32,51,204,37.52256000007037,18.37072508822209,54.43443278355539,3.747627917997306,66,3.0757575757575757,2.090909090909091,3.0757575757575757,0,0.9848484848484849,1.9535233088484854,False,0.13090664202172775,0.9125768369740399,0.1008962799787696,0.01567077399158734,2.576495898003486
6,mt-bench,Qwen/Qwen3-4B,mgoin/Qwen3-4B-speculator.dflash2,0.0,8,dflash2_unary_k16_tb64,64,51,204,37.32059600224602,18.327326431365993,54.56333217749464,3.7387745919986624,64,3.171875,2.1875,3.171875,0,0.984375,1.9581492038506068,False,0.12790944797598058,0.8861782680069155,0.16595339101331774,0.015153276013734285,2.532453208008519
6,mt-bench,Qwen/Qwen3-4B,mgoin/Qwen3-4B-speculator.dflash2,0.0,8,dflash2_pairwise_k16_tb8,8,51,215,37.39223700176808,20.29039215348623,49.28440970660013,4.3624343129995395,77,2.779220779220779,1.7922077922077921,2.779220779220779,0,0.987012987012987,1.7687011364205398,False,0.15242017599666724,1.0661133019893896,0.07071050300510251,0.01805286500166403,3.0429722459921322
6,mt-bench,Qwen/Qwen3-4B,mgoin/Qwen3-4B-speculator.dflash2,0.0,8,dflash2_pairwise_k16_tb16,16,51,191,37.49606999917887,19.866789617800155,50.33525895417066,3.7945568169998296,67,2.8358208955223883,1.8507462686567164,2.8358208955223883,0,0.9850746268656716,1.8064136355546374,False,0.13288549498975044,0.9262840460069128,0.07997896099186619,0.01564922400211799,2.6289488119982707
6,mt-bench,Qwen/Qwen3-4B,mgoin/Qwen3-4B-speculator.dflash2,0.0,8,dflash2_pairwise_k16_tb32,32,51,204,37.482998999621486,17.31305156861744,57.75989264727041,3.531862519997958,62,3.274193548387097,2.2903225806451615,3.274193548387097,0,0.9838709677419355,2.0728662141422456,False,0.12321913498817594,0.857288281993533,0.1079097819965682,0.014648231997853145,2.4185589519984205
6,mt-bench,Qwen/Qwen3-4B,mgoin/Qwen3-4B-speculator.dflash2,0.0,8,dflash2_pairwise_k16_tb64,64,51,184,37.53211100047338,17.212901516299812,58.09595779381221,3.167173878999165,54,3.388888888888889,2.4074074074074074,3.388888888888889,0,0.9814814814814815,2.08492679902372,False,0.10797149600330158,0.7460145490076684,0.15299187900745892,0.012849225000536535,2.1380526699940674
7,mt-bench,Qwen/Qwen3-4B,mgoin/Qwen3-4B-speculator.dflash2,0.0,8,baseline,,262,268,36.96462699736003,36.195048238817016,27.62808861040721,9.70027292800296,267,1,,,,,1.0,True,0.06554641497859848,0.0,0.0,0.0,9.590289264015155
7,mt-bench,Qwen/Qwen3-4B,mgoin/Qwen3-4B-speculator.dflash2,0.0,8,dflash2,,262,267,36.794422998355,13.708148940069247,72.94930952179664,3.6600757669984887,68,3.911764705882353,2.926470588235294,3.911764705882353,0.25,0.9852941176470589,2.6404037771298228,False,0.04015862501546508,0.848792599997978,0.0,0.0,2.7610785809920344
7,mt-bench,Qwen/Qwen3-4B,mgoin/Qwen3-4B-speculator.dflash2,0.0,8,dflash2_unary_k16_tb8,8,262,268,36.97861799810198,13.47191972015582,74.22847083210155,3.6104744850017596,64,4.171875,3.1875,4.171875,0.21875,0.984375,2.6867030824615377,True,0.1268764439773804,0.8827268809800444,0.04710356798750581,0.015060524005093612,2.5286282790184487
7,mt-bench,Qwen/Qwen3-4B,mgoin/Qwen3-4B-speculator.dflash2,0.0,8,dflash2_unary_k16_tb16,16,262,279,36.823553000431275,13.550503663086554,73.79799488369856,3.780590522001148,67,4.149253731343284,3.1641791044776117,4.149253731343284,0.26865671641791045,0.9850746268656716,2.6711219847434404,False,0.1331266369925288,0.9254819829984626,0.06609196799763595,0.015742241015686886,2.6293050090134784
7,mt-bench,Qwen/Qwen3-4B,mgoin/Qwen3-4B-speculator.dflash2,0.0,8,dflash2_unary_k16_tb32,32,262,267,36.82708399719559,12.547857258424175,79.69488171605047,3.3502778879992547,59,4.508474576271187,3.5254237288135593,4.508474576271187,0.3220338983050847,0.9830508474576272,2.884560088099263,False,0.11754184701567283,0.8146735799928138,0.08760899700428126,0.014035101015906548,2.306635243992787
7,mt-bench,Qwen/Qwen3-4B,mgoin/Qwen3-4B-speculator.dflash2,0.0,8,dflash2_unary_k16_tb64,64,262,268,36.83733500292874,12.173112869399418,82.14825663152968,3.262394248999044,56,4.767857142857143,3.7857142857142856,4.767857142857143,0.3392857142857143,0.9821428571428571,2.973360111512936,True,0.11212847299975692,0.7722995699950843,0.13849501700678957,0.013271690007968573,2.2165226170363894
7,mt-bench,Qwen/Qwen3-4B,mgoin/Qwen3-4B-speculator.dflash2,0.0,8,dflash2_pairwise_k16_tb8,8,262,268,36.976276998757385,13.091141966415579,76.38753002338765,3.508426046999375,62,4.306451612903226,3.3225806451612905,4.306451612903226,0.22580645161290322,0.9838709677419355,2.7648503340405988,True,0.12324063998676138,0.8549887949993717,0.05640507498537772,0.014585026990971528,2.449396734991751
7,mt-bench,Qwen/Qwen3-4B,mgoin/Qwen3-4B-speculator.dflash2,0.0,8,dflash2_pairwise_k16_tb16,16,262,279,36.851995002507465,12.991172050181289,76.97534880896642,3.6245370020005794,64,4.34375,3.359375,4.34375,0.21875,0.984375,2.786126463340305,False,0.12733926399596385,0.8843733909998264,0.07519795799453277,0.015075209994392935,2.5121976859809365
7,mt-bench,Qwen/Qwen3-4B,mgoin/Qwen3-4B-speculator.dflash2,0.0,8,dflash2_pairwise_k16_tb32,32,262,268,36.838205000094604,11.910070977612476,83.96255588062522,3.1918990220001433,56,4.767857142857143,3.7857142857142856,4.767857142857143,0.3392857142857143,0.9821428571428571,3.039028760353599,True,0.11329500599458697,0.7726128720059933,0.09498664899001596,0.013235714999609627,2.1885008570061473
7,mt-bench,Qwen/Qwen3-4B,mgoin/Qwen3-4B-speculator.dflash2,0.0,8,dflash2_pairwise_k16_tb64,64,262,268,36.88740600046003,11.572418332095245,86.41236181607556,3.1014081130015256,53,5.037735849056604,4.056603773584905,5.037735849056604,0.3584905660377358,0.9811320754716981,3.127699604362965,True,0.10632326398263103,0.7309607189890812,0.14337454899941804,0.01268215600430267,2.098882940987096
8,mt-bench,Qwen/Qwen3-4B,mgoin/Qwen3-4B-speculator.dflash2,0.0,8,baseline,,34,123,37.16072199677001,35.84815317071473,27.895439835849768,4.4093228399979125,122,1,,,,,1.0,True,0.029905361971032107,0.0,0.0,0.0,4.359053387004678
8,mt-bench,Qwen/Qwen3-4B,mgoin/Qwen3-4B-speculator.dflash2,0.0,8,dflash2,,34,153,37.01229899888858,25.732219758151736,38.86178531812084,3.9370296229972155,73,2.0821917808219177,1.095890410958904,2.0821917808219177,0,0.9863013698630136,1.3931232325714287,False,0.04742742703820113,0.9121252539625857,0.0,0.0,2.966572790981445
8,mt-bench,Qwen/Qwen3-4B,mgoin/Qwen3-4B-speculator.dflash2,0.0,8,dflash2_unary_k16_tb8,8,34,153,37.06796899496112,23.611571856200303,42.352114721130015,3.6125704939986463,64,2.375,1.390625,2.375,0,0.984375,1.518245095626751,False,0.12637990201619687,0.8827352200096357,0.04729338597826427,0.014873358959448524,2.5311231190280523
8,mt-bench,Qwen/Qwen3-4B,mgoin/Qwen3-4B-speculator.dflash2,0.0,8,dflash2_unary_k16_tb16,16,34,134,37.16641200298909,21.483762082072587,46.54678245736408,2.878824118997727,51,2.607843137254902,1.607843137254902,2.607843137254902,0,1,1.6686161871355252,False,0.10122022401628783,0.7025493779947283,0.05137417197693139,0.012097685983462725,2.0033790680317907
8,mt-bench,Qwen/Qwen3-4B,mgoin/Qwen3-4B-speculator.dflash2,0.0,8,dflash2_unary_k16_tb32,32,34,140,37.102221001987346,19.44388708569542,51.43004562784595,2.7221441919973586,48,2.8958333333333335,1.8958333333333333,2.8958333333333335,0,1,1.8436721532438691,False,0.09509168399381451,0.6601874060215778,0.07371974001580384,0.011437100991315674,1.8737021809793077
8,mt-bench,Qwen/Qwen3-4B,mgoin/Qwen3-4B-speculator.dflash2,0.0,8,dflash2_unary_k16_tb64,64,34,140,37.039429997093976,19.1598020071459,52.19260614629717,2.6823722810004256,46,3.0217391304347827,2.0217391304347827,3.0217391304347827,0,1,1.8710085395112486,False,0.0917612989724148,0.6323392549966229,0.11970964902138803,0.01088174401957076,1.8197411179935443
8,mt-bench,Qwen/Qwen3-4B,mgoin/Qwen3-4B-speculator.dflash2,0.0,8,dflash2_pairwise_k16_tb8,8,34,161,37.17321400472429,23.944821869562197,41.76268278158145,3.855116320999514,68,2.3529411764705883,1.3676470588235294,2.3529411764705883,0,0.9852941176470589,1.4971150491741025,False,0.1347074069781229,0.9407629879569868,0.06263554197357735,0.0160158800354111,2.6902211149936193
8,mt-bench,Qwen/Qwen3-4B,mgoin/Qwen3-4B-speculator.dflash2,0.0,8,dflash2_pairwise_k16_tb16,16,34,148,37.06618000433082,23.381853412157962,42.768209276345296,3.4605143049993785,61,2.4098360655737703,1.4262295081967213,2.4098360655737703,0,0.9836065573770492,1.5331613169756089,False,0.12095846000738675,0.8436868049975601,0.07348024101520423,0.014323217983474024,2.3982641519978642
8,mt-bench,Qwen/Qwen3-4B,mgoin/Qwen3-4B-speculator.dflash2,0.0,8,dflash2_pairwise_k16_tb32,32,34,176,37.089921002916526,18.452597994300135,54.19291095535124,3.2476572469968232,57,3.0701754385964914,2.087719298245614,3.0701754385964914,0,0.9824561403508771,1.9427157726943358,False,0.1132089130114764,0.787002029006544,0.09957641198707279,0.013483783019182738,2.225015252995945
8,mt-bench,Qwen/Qwen3-4B,mgoin/Qwen3-4B-speculator.dflash2,0.0,8,dflash2_pairwise_k16_tb64,64,34,140,37.13146100199083,17.99032887143507,55.58542076391909,2.51864604200091,43,3.2325581395348837,2.2325581395348837,3.2325581395348837,0,1,1.9926346776035988,False,0.08586623598239385,0.5902898519925657,0.12263971000356833,0.010275105989421718,1.7019887600181391
9,mt-bench,Qwen/Qwen3-4B,mgoin/Qwen3-4B-speculator.dflash2,0.0,8,baseline,,206,179,36.90634700615192,36.09507334078454,27.704611944092665,6.461018128000433,178,1,,,,,1.0,True,0.04375813699880382,0.0,0.0,0.0,6.387677048958722
9,mt-bench,Qwen/Qwen3-4B,mgoin/Qwen3-4B-speculator.dflash2,0.0,8,dflash2,,206,201,36.70774200145388,15.517144925382384,64.4448450284328,3.1189461300018593,58,3.4482758620689653,2.4655172413793105,3.4482758620689653,0.15517241379310345,0.9827586206896551,2.3261414077367752,False,0.03559296900493791,0.7219825709908037,0.0,0.0,2.3528253989934456
9,mt-bench,Qwen/Qwen3-4B,mgoin/Qwen3-4B-speculator.dflash2,0.0,8,dflash2_unary_k16_tb8,8,206,201,37.12332199938828,14.876213830847071,67.22140535022537,2.990118980000261,53,3.7735849056603774,2.792452830188679,3.7735849056603774,0.18867924528301888,0.9811320754716981,2.426361556186991,False,0.10493956200662069,0.7289275860384805,0.03902225900674239,0.01245632999780355,2.0964596170233563
9,mt-bench,Qwen/Qwen3-4B,mgoin/Qwen3-4B-speculator.dflash2,0.0,8,dflash2_unary_k16_tb16,16,206,181,36.922546998539474,12.122314983410618,82.49249432707362,2.194139011997322,39,4.615384615384615,3.641025641025641,4.615384615384615,0.3333333333333333,0.9743589743589743,2.9775726327999745,False,0.0776041719946079,0.5329968259684392,0.038063526029873174,0.009221777014317922,1.530049486013013
9,mt-bench,Qwen/Qwen3-4B,mgoin/Qwen3-4B-speculator.dflash2,0.0,8,dflash2_unary_k16_tb32,32,206,201,36.83243499835953,13.270758422862203,75.35364356246963,2.667422442995303,47,4.25531914893617,3.276595744680851,4.25531914893617,0.2978723404255319,0.9787234042553191,2.719895290882678,False,0.09356068602210144,0.6464173009953811,0.06941480299428804,0.011057440991862677,1.8392926130400156
9,mt-bench,Qwen/Qwen3-4B,mgoin/Qwen3-4B-speculator.dflash2,0.0,8,dflash2_unary_k16_tb64,64,206,181,36.99952900205972,11.575364607749043,86.39036729180499,2.095140994002577,36,5,4.027777777777778,5,0.4166666666666667,0.9722222222222222,3.118266643335015,False,0.07222693900257582,0.49224726297688903,0.08777368901792215,0.008611402998212725,1.4280584009975428
9,mt-bench,Qwen/Qwen3-4B,mgoin/Qwen3-4B-speculator.dflash2,0.0,8,dflash2_pairwise_k16_tb8,8,206,201,36.86454499984393,14.644907179085273,68.283123120652,2.94362634299614,52,3.8461538461538463,2.8653846153846154,3.8461538461538463,0.19230769230769232,0.9807692307692307,2.4646843369777542,False,0.10505317497154465,0.7147295740069239,0.04732533701462671,0.012199356002383865,2.056008876992564
9,mt-bench,Qwen/Qwen3-4B,mgoin/Qwen3-4B-speculator.dflash2,0.0,8,dflash2_pairwise_k16_tb16,16,206,201,36.75651300000027,13.782138791064435,72.55767883054143,2.7702098970039515,49,4.081632653061225,3.1020408163265305,4.081632653061225,0.20408163265306123,0.9795918367346939,2.618974738825483,False,0.09735336797893979,0.6736058800015599,0.05739890797121916,0.011462106995168142,1.9225462400136166
9,mt-bench,Qwen/Qwen3-4B,mgoin/Qwen3-4B-speculator.dflash2,0.0,8,dflash2_pairwise_k16_tb32,32,206,201,36.77687400340801,12.743753651731858,78.46981567036973,2.5614944839981035,45,4.444444444444445,3.466666666666667,4.444444444444445,0.24444444444444444,0.9777777777777777,2.8323737516598393,False,0.08946537996962434,0.6182379850142752,0.07610781800030963,0.010558535992458928,1.7597533789812587
9,mt-bench,Qwen/Qwen3-4B,mgoin/Qwen3-4B-speculator.dflash2,0.0,8,dflash2_pairwise_k16_tb64,64,206,201,36.78707299695816,12.796889567150867,78.14398918991708,2.572174802997324,44,4.545454545454546,3.5681818181818183,4.545454545454546,0.2727272727272727,0.9772727272727273,2.820613020951531,False,0.08809657399979187,0.6035481040089508,0.11911017001693835,0.010408960020868108,1.7434667350025848
10,mt-bench,Qwen/Qwen3-4B,mgoin/Qwen3-4B-speculator.dflash2,0.0,8,baseline,,42,192,38.42625200195471,35.68248998961584,28.024950060688468,6.8510380780062405,191,1,,,,,1.0,True,0.04692592403443996,0.0,0.0,0.0,6.7728942180474405
10,mt-bench,Qwen/Qwen3-4B,mgoin/Qwen3-4B-speculator.dflash2,0.0,8,dflash2,,42,210,36.81038399372483,25.923730085681502,38.574695720672224,5.443983317993116,102,2.049019607843137,1.0588235294117647,2.049019607843137,0,0.9901960784313726,1.3764411939053636,False,0.06665651703224285,1.2645700290086097,0.0,0.0,4.0976198869684595
10,mt-bench,Qwen/Qwen3-4B,mgoin/Qwen3-4B-speculator.dflash2,0.0,8,dflash2_unary_k16_tb8,8,42,216,36.73407399764983,24.819366310179316,40.291117327595266,5.360983122998732,96,2.2395833333333335,1.25,2.2395833333333335,0,0.9895833333333334,1.4376873907123553,False,0.1881225780234672,1.315189648026717,0.07094287900690688,0.022267079031735193,3.74928253897815
10,mt-bench,Qwen/Qwen3-4B,mgoin/Qwen3-4B-speculator.dflash2,0.0,8,dflash2_unary_k16_tb16,16,42,216,36.903205000271555,22.234479157406085,44.975193388638914,4.802647497999715,86,2.5,1.5,2.5,0,1,1.6048268878711447,False,0.17064640998432878,1.1795474310420104,0.08591111897112569,0.01998560200445354,3.3328805720157106
10,mt-bench,Qwen/Qwen3-4B,mgoin/Qwen3-4B-speculator.dflash2,0.0,8,dflash2_unary_k16_tb32,32,42,180,36.71494199807057,20.56362225553635,48.62956475145178,3.7014520059965434,66,2.712121212121212,1.7272727272727273,2.712121212121212,0,0.9848484848484849,1.7352239574430535,False,0.12993623101647245,0.9016866339588887,0.10094507096073357,0.015511327983404044,2.5425014410575386
10,mt-bench,Qwen/Qwen3-4B,mgoin/Qwen3-4B-speculator.dflash2,0.0,8,dflash2_unary_k16_tb64,64,42,218,36.7835049983114,20.947972527510753,47.7373167587799,4.566658010997344,79,2.7468354430379747,1.7468354430379747,2.7468354430379747,0,1,1.7033863273762841,False,0.1565822299962747,1.0836901860238868,0.2046980850500404,0.01865893101785332,3.089356146978389
10,mt-bench,Qwen/Qwen3-4B,mgoin/Qwen3-4B-speculator.dflash2,0.0,8,dflash2_pairwise_k16_tb8,8,42,190,36.76031299983151,22.940396615778905,43.59122541552652,4.358675356997992,78,2.423076923076923,1.435897435897436,2.423076923076923,0,0.9871794871794872,1.5554434645246127,False,0.1528871859991341,1.0645814429881284,0.07072621496627107,0.018170061033742968,3.0399738919586525
10,mt-bench,Qwen/Qwen3-4B,mgoin/Qwen3-4B-speculator.dflash2,0.0,8,dflash2_pairwise_k16_tb16,16,42,190,36.741153002367355,22.73974637366911,43.97586426724282,4.320551810997131,77,2.4545454545454546,1.4675324675324675,2.4545454545454546,0,0.987012987012987,1.5691683365005968,False,0.15179433499724837,1.0549503399961395,0.09128890495048836,0.017851848002464976,2.992198962980183
10,mt-bench,Qwen/Qwen3-4B,mgoin/Qwen3-4B-speculator.dflash2,0.0,8,dflash2_pairwise_k16_tb32,32,42,218,36.70125200005714,19.399825463301358,51.54685550608172,4.229161950999696,75,2.8933333333333335,1.8933333333333333,2.8933333333333335,0,1,1.8393201555919352,False,0.1475405900127953,1.0278757619962562,0.1309437469826662,0.017528138021589257,2.8929574819630943
10,mt-bench,Qwen/Qwen3-4B,mgoin/Qwen3-4B-speculator.dflash2,0.0,8,dflash2_pairwise_k16_tb64,64,42,218,36.74493300059112,18.36540582111194,54.45019890877939,4.003658469002403,69,3.1449275362318843,2.1594202898550723,3.1449275362318843,0,0.9855072463768116,1.9429186774951117,False,0.13661553099518642,0.9449183799297316,0.19602383700112114,0.016282226002658717,2.697928577006678
11,mt-bench,Qwen/Qwen3-4B,mgoin/Qwen3-4B-speculator.dflash2,0.0,8,baseline,,291,238,36.73756199714262,35.71671572271265,27.998095003009727,8.50057834200561,237,1,,,,,1.0,True,0.05806333604414249,0.0,0.0,0.0,8.403533116004837
11,mt-bench,Qwen/Qwen3-4B,mgoin/Qwen3-4B-speculator.dflash2,0.0,8,dflash2,,291,258,36.503447001450695,22.27996840697732,44.88336705571065,5.748231849000149,108,2.3796296296296298,1.3796296296296295,2.3796296296296298,0.009259259259259259,1,1.6030864618069836,False,0.06975575603428297,1.3382606859886437,0.0,0.0,4.324121140009083
11,mt-bench,Qwen/Qwen3-4B,mgoin/Qwen3-4B-speculator.dflash2,0.0,8,dflash2_unary_k16_tb8,8,291,258,36.513668004772626,20.3191097325755,49.214754640396706,5.24233031100448,94,2.734042553191489,1.7340425531914894,2.734042553191489,0.02127659574468085,1,1.7577894008541022,False,0.18470384497049963,1.2857098060121643,0.06870920800429303,0.021969421024550684,3.6663678340337356
11,mt-bench,Qwen/Qwen3-4B,mgoin/Qwen3-4B-speculator.dflash2,0.0,8,dflash2_unary_k16_tb16,16,291,223,36.61562900379067,20.013178991029328,49.967074218855394,4.46293891499954,80,2.775,1.7875,2.775,0,0.9875,1.7846597853705424,False,0.1574306739930762,1.0941785600007279,0.07979235103266547,0.018801272977725603,3.09990832603944
11,mt-bench,Qwen/Qwen3-4B,mgoin/Qwen3-4B-speculator.dflash2,0.0,8,dflash2_unary_k16_tb32,32,291,223,36.598079997929744,14.08453425562172,70.99986281767596,3.1408511390036438,56,3.9642857142857144,2.982142857142857,3.9642857142857144,0.17857142857142858,0.9821428571428571,2.535881916610528,False,0.11034161699353717,0.7619882109938771,0.08360722699580947,0.013113600005453918,2.1625477589914226
11,mt-bench,Qwen/Qwen3-4B,mgoin/Qwen3-4B-speculator.dflash2,0.0,8,dflash2_unary_k16_tb64,64,291,238,36.50296600244474,14.541900995776386,68.7668001790443,3.46097243699478,60,3.95,2.95,3.95,0.05,1,2.4561242531555103,True,0.11903485401853686,0.8194990050178603,0.15158160802093334,0.014080959030252416,2.3464465419892804
11,mt-bench,Qwen/Qwen3-4B,mgoin/Qwen3-4B-speculator.dflash2,0.0,8,dflash2_pairwise_k16_tb8,8,291,258,36.52459700242616,19.95040524419638,50.12429510878744,5.147204553002666,92,2.7934782608695654,1.8043478260869565,2.7934782608695654,0.010869565217391304,0.9891304347826086,1.7902751992019175,False,0.18107558095653076,1.260400474006019,0.08369957797549432,0.021462246993905865,3.5860112329683034
11,mt-bench,Qwen/Qwen3-4B,mgoin/Qwen3-4B-speculator.dflash2,0.0,8,dflash2_pairwise_k16_tb16,16,291,238,36.5171459998237,16.698308680668774,59.88630460267367,3.974197465999168,71,3.3380281690140845,2.3380281690140845,3.3380281690140845,0.014084507042253521,1,2.1389421171774736,False,0.13984271901426837,0.9713723410095554,0.08407084403006593,0.016554143963730894,2.751013412933389
11,mt-bench,Qwen/Qwen3-4B,mgoin/Qwen3-4B-speculator.dflash2,0.0,8,dflash2_pairwise_k16_tb32,32,291,238,36.50471599394223,14.676577567230243,68.1357758932023,3.493025461000798,62,3.8225806451612905,2.838709677419355,3.8225806451612905,0.03225806451612903,0.9838709677419355,2.433586138123964,True,0.12257043797580991,0.846382461983012,0.10644873303681379,0.014444995009398554,2.3930575940103154
11,mt-bench,Qwen/Qwen3-4B,mgoin/Qwen3-4B-speculator.dflash2,0.0,8,dflash2_pairwise_k16_tb64,64,291,238,36.51153700047871,14.615357697497712,68.42117864629543,3.4784551320044557,60,3.95,2.966666666666667,3.95,0.06666666666666667,0.9833333333333333,2.4437797871226707,True,0.119220497974311,0.8193159279908286,0.16830202202982036,0.014107400995271746,2.34711948295444
12,mt-bench,Qwen/Qwen3-4B,mgoin/Qwen3-4B-speculator.dflash2,0.0,8,baseline,,44,769,37.31065499596298,35.864255903775046,27.882915030581763,27.57961279000301,768,1,,,,,1.0,True,0.18712687694642227,0.0,0.0,0.0,27.26682677599456
12,mt-bench,Qwen/Qwen3-4B,mgoin/Qwen3-4B-speculator.dflash2,0.0,8,dflash2,,44,647,36.94988799543353,21.923348850078867,45.61346931248611,14.184406706001027,266,2.4285714285714284,1.4323308270676691,2.4285714285714284,0.018796992481203006,0.9962406015037594,1.6358931360819917,False,0.17092131504614372,3.3173226770741167,0.0,0.0,10.656986221954867
12,mt-bench,Qwen/Qwen3-4B,mgoin/Qwen3-4B-speculator.dflash2,0.0,8,dflash2_unary_k16_tb8,8,44,600,37.07453999959398,20.48274945166971,48.821570676317684,12.289649671001825,220,2.7227272727272727,1.7227272727272727,2.7227272727272727,0.00909090909090909,1,1.750949304359697,False,0.43260100402403623,3.033220229910512,0.16161168109829305,0.05129690303874668,8.575784127955558
12,mt-bench,Qwen/Qwen3-4B,mgoin/Qwen3-4B-speculator.dflash2,0.0,8,dflash2_unary_k16_tb16,16,44,751,36.89772700454341,19.573219691079,51.09021488456372,14.699487988000328,263,2.8517110266159698,1.855513307984791,2.8517110266159698,0.0076045627376425855,0.9961977186311787,1.83231254079885,False,0.517727552978613,3.630179748048249,0.26260158501099795,0.061618080020707566,10.184852443926502
12,mt-bench,Qwen/Qwen3-4B,mgoin/Qwen3-4B-speculator.dflash2,0.0,8,dflash2_unary_k16_tb32,32,44,679,36.965927996789105,17.582192577319482,56.87572784807118,11.938308759999927,212,3.19811320754717,2.202830188679245,3.19811320754717,0.014150943396226415,0.9952830188679245,2.0398056582566895,False,0.41870031399594154,2.9308375709224492,0.3252703899561311,0.04973368296487024,8.178755082000862
12,mt-bench,Qwen/Qwen3-4B,mgoin/Qwen3-4B-speculator.dflash2,0.0,8,dflash2_unary_k16_tb64,64,44,581,37.040419003460556,18.141847717719596,55.12117704655161,10.540413523995085,182,3.1868131868131866,2.1923076923076925,3.1868131868131866,0.016483516483516484,0.9945054945054945,1.976879999314818,False,0.36152331897756085,2.5143128129348042,0.47205849303281866,0.04272333994595101,7.118129704023886
12,mt-bench,Qwen/Qwen3-4B,mgoin/Qwen3-4B-speculator.dflash2,0.0,8,dflash2_pairwise_k16_tb8,8,44,682,36.981118995754514,19.9795931554233,50.05106921952302,13.62608253199869,243,2.802469135802469,1.8065843621399178,2.802469135802469,0.00823045267489712,0.9958847736625515,1.795044354746532,False,0.4776567880398943,3.3502813809827785,0.2209514879868948,0.05665338498511119,9.48167304697563
12,mt-bench,Qwen/Qwen3-4B,mgoin/Qwen3-4B-speculator.dflash2,0.0,8,dflash2_pairwise_k16_tb16,16,44,736,36.901626001053955,18.45046478261674,54.199176648501464,13.579542080005922,242,3.0371900826446283,2.041322314049587,3.0371900826446283,0.008264462809917356,0.9958677685950413,1.9438131410957653,False,0.478825278027216,3.34204906199011,0.2880435039915028,0.0566179689776618,9.374848439940251
12,mt-bench,Qwen/Qwen3-4B,mgoin/Qwen3-4B-speculator.dflash2,0.0,8,dflash2_pairwise_k16_tb32,32,44,607,36.92313600186026,16.574305914331088,60.33435156613968,10.06060368999897,178,3.404494382022472,2.4101123595505616,3.404494382022472,0.016853932584269662,0.9943820224719101,2.1638466243563643,False,0.3525451680543483,2.458741258022201,0.3101204760023393,0.041931111954909284,6.867677296038892
12,mt-bench,Qwen/Qwen3-4B,mgoin/Qwen3-4B-speculator.dflash2,0.0,8,dflash2_pairwise_k16_tb64,64,44,768,36.88590600359021,16.811535005208118,59.482968074611016,12.911258883999835,222,3.454954954954955,2.4594594594594597,3.454954954954955,0.013513513513513514,0.9954954954954955,2.1333123889439305,False,0.441067382984329,3.069223535982019,0.6329715649262653,0.05219585404120153,8.677244647093175
13,mt-bench,Qwen/Qwen3-4B,mgoin/Qwen3-4B-speculator.dflash2,0.0,8,baseline,,835,379,53.967141997418366,35.70725879155294,28.005510191573826,13.533051081998565,378,1,,,,,1.0,True,0.09203523514588596,0.0,0.0,0.0,13.37937536706886
13,mt-bench,Qwen/Qwen3-4B,mgoin/Qwen3-4B-speculator.dflash2,0.0,8,dflash2,,835,379,53.886620997218415,13.876528366755892,72.0641340232985,5.259204251000483,99,3.8181818181818183,2.8282828282828283,3.8181818181818183,0.030303030303030304,0.98989898989899,2.5732126831590745,True,0.06328269303776324,1.2231823499823804,0.0,0.0,3.9582202110104845
13,mt-bench,Qwen/Qwen3-4B,mgoin/Qwen3-4B-speculator.dflash2,0.0,8,dflash2_unary_k16_tb8,8,835,379,53.85601899615722,13.676497313970488,73.11813668683311,5.183392481994815,93,4.064516129032258,3.075268817204301,4.064516129032258,0.021505376344086023,0.989247311827957,2.610848229032891,True,0.1835182910290314,1.2737419940458494,0.06891277900285786,0.021591694028757047,3.6208835779689252
13,mt-bench,Qwen/Qwen3-4B,mgoin/Qwen3-4B-speculator.dflash2,0.0,8,dflash2_unary_k16_tb16,16,835,397,53.90739900030894,13.892533942075154,71.98110900210823,5.515335975003836,99,4,3,4,0.030303030303030304,1,2.5702480872412594,False,0.19735413497983245,1.3564476430037757,0.09815033103950555,0.02375650198518997,3.82364620899898
13,mt-bench,Qwen/Qwen3-4B,mgoin/Qwen3-4B-speculator.dflash2,0.0,8,dflash2_unary_k16_tb32,32,835,379,53.882070002146065,12.424046382582766,80.4890749121717,4.708713578998868,84,4.5,3.511904761904762,4.5,0.047619047619047616,0.9880952380952381,2.874044227781606,True,0.1663675979943946,1.1505878520256374,0.1247938179585617,0.019613389020378236,3.2335752790095285
13,mt-bench,Qwen/Qwen3-4B,mgoin/Qwen3-4B-speculator.dflash2,0.0,8,dflash2_unary_k16_tb64,64,835,404,53.847950002818834,12.825552301977284,77.96935184193451,5.181523129998823,90,4.477777777777778,3.488888888888889,4.477777777777778,0.07777777777777778,0.9888888888888889,2.7840718240296005,False,0.1793191720280447,1.2365970720202313,0.2226271550534875,0.021125274011865258,3.506181815013406
13,mt-bench,Qwen/Qwen3-4B,mgoin/Qwen3-4B-speculator.dflash2,0.0,8,dflash2_pairwise_k16_tb8,8,835,379,53.879150000284426,13.592351459101577,73.57078743946029,5.151501202999498,92,4.108695652173913,3.119565217391304,4.108695652173913,0.021739130434782608,0.9891304347826086,2.627011146599141,True,0.18170514599478338,1.2626028360100463,0.08371687100589043,0.02159550088981632,3.587300460014376
13,mt-bench,Qwen/Qwen3-4B,mgoin/Qwen3-4B-speculator.dflash2,0.0,8,dflash2_pairwise_k16_tb16,16,835,379,53.850780001084786,12.535651791563575,79.77247746088436,4.751012029002595,85,4.447058823529412,3.458823529411765,4.447058823529412,0.023529411764705882,0.9882352941176471,2.848456497139122,True,0.16779387796850642,1.1638504869988537,0.10067471399815986,0.019650442969577853,3.2852582469859044
13,mt-bench,Qwen/Qwen3-4B,mgoin/Qwen3-4B-speculator.dflash2,0.0,8,dflash2_pairwise_k16_tb32,32,835,408,53.86700000235578,12.836614002445263,77.90216328149376,5.237338512997667,93,4.376344086021505,3.3870967741935485,4.376344086021505,0.07526881720430108,0.989247311827957,2.7816727047141105,False,0.18483881994325202,1.275977726036217,0.15817136497207684,0.021906203022808768,3.5810548549852683
13,mt-bench,Qwen/Qwen3-4B,mgoin/Qwen3-4B-speculator.dflash2,0.0,8,dflash2_pairwise_k16_tb64,64,835,416,53.818066997337155,10.973038483161172,91.13246085253085,4.564784008995048,79,5.253164556962025,4.265822784810126,5.253164556962025,0.13924050632911392,0.9873417721518988,3.2540903639723866,False,0.1580595209961757,1.0825418529566377,0.21326165096252225,0.018550445995060727,3.078489213978173
14,mt-bench,Qwen/Qwen3-4B,mgoin/Qwen3-4B-speculator.dflash2,0.0,8,baseline,,42,112,37.28199600300286,35.370894196408436,28.271832610370932,3.961540149997745,111,1,,,,,1.0,True,0.026978601948940195,0.0,0.0,0.0,3.9163177390073542
14,mt-bench,Qwen/Qwen3-4B,mgoin/Qwen3-4B-speculator.dflash2,0.0,8,dflash2,,42,150,36.57979899435304,29.97000913999121,33.36668985748242,4.4955013709986815,84,1.7738095238095237,0.7738095238095238,1.7738095238095237,0,1,1.180209656633385,False,0.05458052299218252,1.0437473859710735,0.0,0.0,3.3847856050051632
14,mt-bench,Qwen/Qwen3-4B,mgoin/Qwen3-4B-speculator.dflash2,0.0,8,dflash2_unary_k16_tb8,8,42,126,36.68664099677699,23.4385522619252,42.66475116829003,2.953257585002575,53,2.358490566037736,1.3773584905660377,2.358490566037736,0,0.9811320754716981,1.5090903994896798,False,0.10364544896583539,0.7196265700040385,0.038942941995628644,0.01250997802708298,2.0701182710472494
14,mt-bench,Qwen/Qwen3-4B,mgoin/Qwen3-4B-speculator.dflash2,0.0,8,dflash2_unary_k16_tb16,16,42,128,36.689640997792594,22.693666734369344,44.0651575483617,2.904789341999276,52,2.4423076923076925,1.4615384615384615,2.4423076923076925,0,0.9807692307692307,1.55862402539117,False,0.10200382199400337,0.7092811049733427,0.05239762898418121,0.012244946992723271,2.020453639990592
14,mt-bench,Qwen/Qwen3-4B,mgoin/Qwen3-4B-speculator.dflash2,0.0,8,dflash2_unary_k16_tb32,32,42,127,36.69304200593615,22.99119464567941,43.494912526780055,2.9198817200012854,52,2.423076923076923,1.4423076923076923,2.423076923076923,0,0.9807692307692307,1.5384539490667772,False,0.10233152800356038,0.7081904070219025,0.08003338197158882,0.012280161965463776,2.0086086409792188
14,mt-bench,Qwen/Qwen3-4B,mgoin/Qwen3-4B-speculator.dflash2,0.0,8,dflash2_unary_k16_tb64,64,42,115,36.96448799746577,20.070492304385763,49.82438820304782,2.3081066150043625,40,2.85,1.85,2.85,0,1,1.762333163530785,False,0.07915805299853673,0.5417675929929828,0.10421969400340458,0.009462032998271752,1.5666205800589523
14,mt-bench,Qwen/Qwen3-4B,mgoin/Qwen3-4B-speculator.dflash2,0.0,8,dflash2_pairwise_k16_tb8,8,42,127,36.78751400002511,23.33935021254826,42.84609429539114,2.9640974769936292,53,2.3773584905660377,1.3962264150943395,2.3773584905660377,0,0.9811320754716981,1.515504668051619,False,0.10383654999168357,0.7201402710124967,0.04831036100949859,0.012186530009785201,2.0712873069714988
14,mt-bench,Qwen/Qwen3-4B,mgoin/Qwen3-4B-speculator.dflash2,0.0,8,dflash2_pairwise_k16_tb16,16,42,108,36.83585499675246,19.656402851844042,50.87400820675519,2.1228915079991566,38,2.8157894736842106,1.8157894736842106,2.8157894736842106,0,1,1.7994591616283524,False,0.07469499300350435,0.5138238229992567,0.04515944001468597,0.008843204952427186,1.4742278980193078
14,mt-bench,Qwen/Qwen3-4B,mgoin/Qwen3-4B-speculator.dflash2,0.0,8,dflash2_pairwise_k16_tb32,32,42,122,36.682951998955105,18.44587349180193,54.21266715530925,2.2503965659998357,40,3.025,2.05,3.025,0,0.975,1.9175505140555502,False,0.07869294497504598,0.5427239020136767,0.06980985697009601,0.00924630202644039,1.543272878996504
14,mt-bench,Qwen/Qwen3-4B,mgoin/Qwen3-4B-speculator.dflash2,0.0,8,dflash2_pairwise_k16_tb64,64,42,114,36.89249599847244,19.815381543849707,50.465846331905716,2.258953495998867,39,2.8974358974358974,1.9230769230769231,2.8974358974358974,0,0.9743589743589743,1.785022111138044,False,0.07727535301091848,0.528054382019036,0.11113962001400068,0.009255278993805405,1.5264728899783222
15,mt-bench,Qwen/Qwen3-4B,mgoin/Qwen3-4B-speculator.dflash2,0.0,8,baseline,,184,9,36.71467299864162,32.02651211176999,31.22413069865614,0.2882386090059299,8,1,,,,,1.0,True,0.0019212140105082653,0.0,0.0,0.0,0.2847616270009894
15,mt-bench,Qwen/Qwen3-4B,mgoin/Qwen3-4B-speculator.dflash2,0.0,8,dflash2,,184,9,36.66582999721868,28.287853111073165,35.35086229674157,0.2545906779996585,5,1.6,0.6,1.6,0,1,1.1321648195081069,True,0.0032535150021431036,0.05016995299956761,0.0,0.0,0.2004876610080828
15,mt-bench,Qwen/Qwen3-4B,mgoin/Qwen3-4B-speculator.dflash2,0.0,8,dflash2_unary_k16_tb8,8,184,9,36.94223800266627,29.583014222023646,33.80318153163482,0.2662471279982128,5,1.6,0.6,1.6,0,1,1.082598002739262,True,0.009750729004736058,0.05545016699761618,0.0037195459954091348,0.0012020580034004524,0.195380503013439
15,mt-bench,Qwen/Qwen3-4B,mgoin/Qwen3-4B-speculator.dflash2,0.0,8,dflash2_unary_k16_tb16,16,184,9,36.750502993527334,29.59407888879974,33.79054316093153,0.26634670999919763,5,1.6,0.6,1.6,0,1,1.08219323980686,True,0.009816017001867294,0.05542260500806151,0.005065989003924187,0.0011226580027141608,0.1941767769967555
15,mt-bench,Qwen/Qwen3-4B,mgoin/Qwen3-4B-speculator.dflash2,0.0,8,dflash2_unary_k16_tb32,32,184,9,37.30624600575538,29.83070322241272,33.52250842174815,0.2684763290017145,5,1.6,0.6,1.6,0,1,1.0736090219860286,True,0.009848638997937087,0.05542703501123469,0.007712328995694406,0.0011316459931549616,0.1935911519904039
15,mt-bench,Qwen/Qwen3-4B,mgoin/Qwen3-4B-speculator.dflash2,0.0,8,dflash2_unary_k16_tb64,64,184,9,36.64677000051597,24.18611011105693,41.34604512293358,0.21767499099951237,4,2,1,2,0,1,1.3241696149034208,True,0.00792829399870243,0.04167321799468482,0.010331199002393987,0.000968403990555089,0.1561426349944668
15,mt-bench,Qwen/Qwen3-4B,mgoin/Qwen3-4B-speculator.dflash2,0.0,8,dflash2_pairwise_k16_tb8,8,184,9,36.63052000047173,29.708810555651628,33.66004835928263,0.26737929500086466,5,1.6,0.6,1.6,0,1,1.0780139464613288,True,0.00975191700126743,0.05546840700117173,0.0045457270098268054,0.0011558670084923506,0.19572346199129242
15,mt-bench,Qwen/Qwen3-4B,mgoin/Qwen3-4B-speculator.dflash2,0.0,8,dflash2_pairwise_k16_tb16,16,184,9,36.63203999894904,23.437477110645787,42.66670833550508,0.21093729399581207,4,2,1,2,0,1,1.366465851276411,True,0.007873413000197615,0.04171257699636044,0.004729168998892419,0.0009192219949909486,0.15510435900068842
15,mt-bench,Qwen/Qwen3-4B,mgoin/Qwen3-4B-speculator.dflash2,0.0,8,dflash2_pairwise_k16_tb32,32,184,9,36.80947399698198,23.624951444314018,42.32812932365527,0.21262456299882615,4,2,1,2,0,1,1.3556223464526118,True,0.00789341200288618,0.04160215500451159,0.006905520000145771,0.0009315920033259317,0.15468659099860815
15,mt-bench,Qwen/Qwen3-4B,mgoin/Qwen3-4B-speculator.dflash2,0.0,8,dflash2_pairwise_k16_tb64,64,184,9,36.60338800546015,24.46247100063677,40.878944730234714,0.22016223900573095,4,2,1,2,0,1,1.309210018519238,True,0.007926254002086353,0.04177377000451088,0.011482656998850871,0.0009049719883478247,0.1574348219874082
16,mt-bench,Qwen/Qwen3-4B,mgoin/Qwen3-4B-speculator.dflash2,0.0,8,baseline,,53,258,38.738949995604344,35.83670722867444,27.904349404061833,9.245870464998006,257,1,,,,,1.0,True,0.0631401569407899,0.0,0.0,0.0,9.140631111054972
16,mt-bench,Qwen/Qwen3-4B,mgoin/Qwen3-4B-speculator.dflash2,0.0,8,dflash2,,53,264,37.072061000799295,19.054899109836366,52.47994199474864,5.030493364996801,94,2.797872340425532,1.8085106382978724,2.797872340425532,0.0425531914893617,0.9893617021276596,1.880708316643624,False,0.060216353012947366,1.16947683699982,0.0,0.0,3.786775136948563
16,mt-bench,Qwen/Qwen3-4B,mgoin/Qwen3-4B-speculator.dflash2,0.0,8,dflash2_unary_k16_tb8,8,53,273,37.12437200010754,17.471174036619388,57.237138036860664,4.769630511997093,85,3.2,2.211764705882353,3.2,0.03529411764705882,0.9882352941176471,2.0511905584342016,False,0.167853345941694,1.1692926390096545,0.0631207200276549,0.019843645008222666,3.3361148689946276
16,mt-bench,Qwen/Qwen3-4B,mgoin/Qwen3-4B-speculator.dflash2,0.0,8,dflash2_unary_k16_tb16,16,53,245,37.15197199926479,16.94788867756202,59.0043998414941,4.152232726002694,74,3.2972972972972974,2.310810810810811,3.2972972972972974,0.05405405405405406,0.9864864864864865,2.1145234023232686,False,0.1470721970035811,1.0172845360066276,0.07376148601179011,0.017283447006775532,2.884904366976116
16,mt-bench,Qwen/Qwen3-4B,mgoin/Qwen3-4B-speculator.dflash2,0.0,8,dflash2_unary_k16_tb32,32,53,244,37.08988099970156,16.17902597950649,61.80841796450981,3.9476823389995843,70,3.4714285714285715,2.4857142857142858,3.4714285714285715,0.08571428571428572,0.9857142857142858,2.21501017886168,False,0.13861530197027605,0.9627155280250008,0.10642505199211882,0.016467440989799798,2.711957296982291
16,mt-bench,Qwen/Qwen3-4B,mgoin/Qwen3-4B-speculator.dflash2,0.0,8,dflash2_unary_k16_tb64,64,53,242,37.09296099987114,15.592768867771921,64.13229160773751,3.7734500660008052,65,3.707692307692308,2.723076923076923,3.707692307692308,0.09230769230769231,0.9846153846153847,2.2982901582504645,False,0.12957041101617506,0.895360671034723,0.16722604402457364,0.01530349999666214,2.5547701729956316
16,mt-bench,Qwen/Qwen3-4B,mgoin/Qwen3-4B-speculator.dflash2,0.0,8,dflash2_pairwise_k16_tb8,8,53,264,37.24999399855733,16.830142784094665,59.4172023867231,4.443157695000991,79,3.329113924050633,2.3417721518987342,3.329113924050633,0.05063291139240506,0.9873417721518988,2.129316886279892,False,0.15587284503271803,1.0861650449951412,0.07235807600955013,0.0182735209891689,3.0980678919659113
16,mt-bench,Qwen/Qwen3-4B,mgoin/Qwen3-4B-speculator.dflash2,0.0,8,dflash2_pairwise_k16_tb16,16,53,264,37.23557399644051,15.988590651514558,62.54459957077409,4.220987931999844,75,3.506666666666667,2.52,3.506666666666667,0.04,0.9866666666666667,2.241392503552508,False,0.148454372996639,1.032819870953972,0.08947198799432954,0.01756382401799783,2.9206166039584787
16,mt-bench,Qwen/Qwen3-4B,mgoin/Qwen3-4B-speculator.dflash2,0.0,8,dflash2_pairwise_k16_tb32,32,53,245,37.074400002893526,15.253700097970551,65.55786422817152,3.737156524002785,66,3.696969696969697,2.712121212121212,3.696969696969697,0.07575757575757576,0.9848484848484849,2.349377986882172,False,0.13126441699569114,0.9065735540061723,0.11458201402274426,0.015476071035664063,2.5583828810194973
16,mt-bench,Qwen/Qwen3-4B,mgoin/Qwen3-4B-speculator.dflash2,0.0,8,dflash2_pairwise_k16_tb64,64,53,254,37.80606600048486,14.68488223621907,68.09724340407588,3.7299600879996433,64,3.953125,2.96875,3.953125,0.0625,0.984375,2.440380974951649,False,0.12780427902180236,0.8798684620123822,0.1797460249872529,0.015081691017257981,2.5163966399777564
17,mt-bench,Qwen/Qwen3-4B,mgoin/Qwen3-4B-speculator.dflash2,0.0,8,baseline,,365,56,36.61952899710741,35.45209010709576,28.207081641142768,1.9853170459973626,55,1,,,,,1.0,True,0.013521100001526065,0.0,0.0,0.0,1.962527374002093
17,mt-bench,Qwen/Qwen3-4B,mgoin/Qwen3-4B-speculator.dflash2,0.0,8,dflash2,,365,56,36.63714999856893,22.77237446430393,43.91285597237637,1.27525297000102,24,2.2916666666666665,1.3333333333333333,2.2916666666666665,0,0.9583333333333334,1.5568025267926053,True,0.01567742099723546,0.28895497503253864,0.0,0.0,0.9670878699980676
17,mt-bench,Qwen/Qwen3-4B,mgoin/Qwen3-4B-speculator.dflash2,0.0,8,dflash2_unary_k16_tb8,8,365,56,36.68194200145081,19.848847875047277,50.38075793089921,1.1115354810026474,20,2.75,1.8,2.75,0,0.95,1.786103169830018,True,0.03940237501228694,0.2646842420072062,0.01642036200792063,0.004706494000856765,0.7832301829839707
17,mt-bench,Qwen/Qwen3-4B,mgoin/Qwen3-4B-speculator.dflash2,0.0,8,dflash2_unary_k16_tb16,16,365,56,36.71829200175125,16.817577910712448,59.46159460709386,0.941784362999897,17,3.235294117647059,2.2941176470588234,3.235294117647059,0.11764705882352941,0.9411764705882353,2.108037809922291,True,0.033518640004331246,0.2227317279757699,0.01679710999451345,0.003941089016734622,0.6620979829967837
17,mt-bench,Qwen/Qwen3-4B,mgoin/Qwen3-4B-speculator.dflash2,0.0,8,dflash2_unary_k16_tb32,32,365,56,36.602309002773836,16.947358589277428,59.00624541175984,0.949052080999536,17,3.235294117647059,2.2941176470588234,3.235294117647059,0.11764705882352941,0.9411764705882353,2.0918947292191157,True,0.03420698300760705,0.22313603000657167,0.025383863976458088,0.004023415989649948,0.6595600609871326
17,mt-bench,Qwen/Qwen3-4B,mgoin/Qwen3-4B-speculator.dflash2,0.0,8,dflash2_unary_k16_tb64,64,365,56,36.6728110020631,17.40341578572822,57.45998442558938,0.9745912840007803,17,3.235294117647059,2.2941176470588234,3.235294117647059,0.058823529411764705,0.9411764705882353,2.037076545408314,True,0.03380229200411122,0.22326780901494203,0.04326583500369452,0.004046305999509059,0.6672905739978887
17,mt-bench,Qwen/Qwen3-4B,mgoin/Qwen3-4B-speculator.dflash2,0.0,8,dflash2_pairwise_k16_tb8,8,365,56,36.77050399710424,19.904949160653423,50.23876182395499,1.1146771529965918,20,2.75,1.8,2.75,0,0.95,1.7810691110517747,True,0.039698581997072324,0.2644902270039893,0.01830174500355497,0.004622684020432644,0.7843936150020454
17,mt-bench,Qwen/Qwen3-4B,mgoin/Qwen3-4B-speculator.dflash2,0.0,8,dflash2_pairwise_k16_tb16,16,365,56,36.67728199798148,18.011178625004373,55.52107504012704,1.008626003000245,18,3.0555555555555554,2.111111111111111,3.0555555555555554,0.05555555555555555,0.9444444444444444,1.9683381551654093,True,0.03563719902012963,0.23792533600499155,0.021115661002113484,0.004196332018182147,0.7069002439966425
17,mt-bench,Qwen/Qwen3-4B,mgoin/Qwen3-4B-speculator.dflash2,0.0,8,dflash2_pairwise_k16_tb32,32,365,56,36.945706997357775,17.148220946442702,58.31508721069075,0.9603003730007913,17,3.235294117647059,2.2941176470588234,3.235294117647059,0.058823529411764705,0.9411764705882353,2.067391726396556,True,0.03386712101200828,0.22527792802429758,0.029224726000393275,0.00398201998177683,0.6651625810045516
17,mt-bench,Qwen/Qwen3-4B,mgoin/Qwen3-4B-speculator.dflash2,0.0,8,dflash2_pairwise_k16_tb64,64,365,56,36.94325700053014,17.63470991084302,56.70634816539465,0.9875437550072091,17,3.235294117647059,2.2941176470588234,3.235294117647059,0.11764705882352941,0.9411764705882353,2.0103585648039157,True,0.03397902897268068,0.22457566599769052,0.047741707996465266,0.00406882800598396,0.6742745939918677
18,mt-bench,Qwen/Qwen3-4B,mgoin/Qwen3-4B-speculator.dflash2,0.0,8,baseline,,108,87,38.65362799842842,35.79504883906004,27.93682457303387,3.1141692489982233,86,1,,,,,1.0,True,0.021133549038495403,0.0,0.0,0.0,3.07864050000353
18,mt-bench,Qwen/Qwen3-4B,mgoin/Qwen3-4B-speculator.dflash2,0.0,8,dflash2,,108,87,37.22180399927311,12.28616588505456,81.39235700996392,1.0688964319997467,20,4.3,3.35,4.3,0.15,0.95,2.9134433942978695,True,0.012358923988358583,0.24147795702447183,0.0,0.0,0.8121430420069373
18,mt-bench,Qwen/Qwen3-4B,mgoin/Qwen3-4B-speculator.dflash2,0.0,8,dflash2_unary_k16_tb8,8,108,87,37.34763600368751,12.23976722988367,81.70090012483875,1.0648597489998792,19,4.526315789473684,3.5789473684210527,4.526315789473684,0.05263157894736842,0.9473684210526315,2.9244877101637696,True,0.0378084299954935,0.25270481401094,0.014430709998123348,0.004488573998969514,0.7524209110051743
18,mt-bench,Qwen/Qwen3-4B,mgoin/Qwen3-4B-speculator.dflash2,0.0,8,dflash2_unary_k16_tb16,16,108,87,37.30304499913473,11.59382350573881,86.25282241919686,1.0086626449992764,18,4.777777777777778,3.8333333333333335,4.777777777777778,0.1111111111111111,0.9444444444444444,3.0874239910019243,True,0.03581720699730795,0.23931203198299045,0.017744592994858976,0.004165785991062876,0.7086793900016346
18,mt-bench,Qwen/Qwen3-4B,mgoin/Qwen3-4B-speculator.dflash2,0.0,8,dflash2_unary_k16_tb32,32,108,87,37.11225099686999,10.969196252883465,91.16438223421618,0.9543200740008614,17,5.0588235294117645,4.117647058823529,5.0588235294117645,0.11764705882352941,0.9411764705882353,3.2632335144565054,True,0.033824576006736606,0.2248907589892042,0.024868813990906347,0.004018695988634136,0.663940607009863
18,mt-bench,Qwen/Qwen3-4B,mgoin/Qwen3-4B-speculator.dflash2,0.0,8,dflash2_unary_k16_tb64,64,108,87,37.257224998029415,11.271791436710133,88.71704250516787,0.9806458549937815,17,5.0588235294117645,4.117647058823529,5.0588235294117645,0.11764705882352941,0.9411764705882353,3.1756308693294493,True,0.034032978997856844,0.22596107597928494,0.04164395300176693,0.004008309988421388,0.6720952429895988
18,mt-bench,Qwen/Qwen3-4B,mgoin/Qwen3-4B-speculator.dflash2,0.0,8,dflash2_pairwise_k16_tb8,8,108,87,37.35297800449189,12.944333459770485,77.25388125297346,1.126157011000032,20,4.3,3.35,4.3,0.05,0.95,2.7653064524571294,True,0.039890743981231935,0.2678867050053668,0.018714663994614966,0.004771185020217672,0.791789091003011
18,mt-bench,Qwen/Qwen3-4B,mgoin/Qwen3-4B-speculator.dflash2,0.0,8,dflash2_pairwise_k16_tb16,16,108,87,37.22165500221308,10.954125091950704,91.28981014967765,0.9530088829997113,17,5.0588235294117645,4.117647058823529,5.0588235294117645,0.11764705882352941,0.9411764705882353,3.26772321281623,True,0.03373197299515596,0.22500997100723907,0.020039686001837254,0.003944200994737912,0.6675410140160238
18,mt-bench,Qwen/Qwen3-4B,mgoin/Qwen3-4B-speculator.dflash2,0.0,8,dflash2_pairwise_k16_tb32,32,108,87,37.17774300457677,11.026708034520176,90.68889798019529,0.9593235990032554,17,5.0588235294117645,4.117647058823529,5.0588235294117645,0.17647058823529413,0.9411764705882353,3.2462135323616237,True,0.03405444800591795,0.22524831299233483,0.02874841500306502,0.0039737530023558065,0.6645176650126814
18,mt-bench,Qwen/Qwen3-4B,mgoin/Qwen3-4B-speculator.dflash2,0.0,8,dflash2_pairwise_k16_tb64,64,108,87,37.30448599526426,9.96519019542899,100.3493140009207,0.866971547002322,15,5.733333333333333,4.8,5.733333333333333,0.3333333333333333,0.9333333333333333,3.592008595629128,True,0.030040045006899163,0.19712183300725883,0.04018616199755343,0.0035834540030919015,0.593444553000154
19,mt-bench,Qwen/Qwen3-4B,mgoin/Qwen3-4B-speculator.dflash2,0.0,8,baseline,,218,87,36.9345470026019,35.942336057490756,27.82234294399987,3.1269832370016957,86,1,,,,,1.0,True,0.021260366986098234,0.0,0.0,0.0,3.0912880600080825
19,mt-bench,Qwen/Qwen3-4B,mgoin/Qwen3-4B-speculator.dflash2,0.0,8,dflash2,,218,87,36.809044002438895,6.6735046206847715,149.84630367984815,0.5805949019995751,11,7.818181818181818,6.909090909090909,7.818181818181818,0.9090909090909091,0.9090909090909091,5.385826203833915,True,0.004721537981822621,0.12667672899988247,0.0,0.0,0.44763030099420575
19,mt-bench,Qwen/Qwen3-4B,mgoin/Qwen3-4B-speculator.dflash2,0.0,8,dflash2_unary_k16_tb8,8,218,87,36.88637500454206,7.010342321765406,142.6463864532326,0.6098997819935903,11,7.818181818181818,6.909090909090909,7.818181818181818,0.9090909090909091,0.9090909090909091,5.127044359288782,True,0.021903518012550194,0.14024388398684096,0.008214181987568736,0.0025631630051066168,0.43523715201445157
19,mt-bench,Qwen/Qwen3-4B,mgoin/Qwen3-4B-speculator.dflash2,0.0,8,dflash2_unary_k16_tb16,16,218,87,36.96136799408123,7.022498574759543,142.39945930273697,0.6109573760040803,11,7.818181818181818,6.909090909090909,7.818181818181818,0.9090909090909091,0.9090909090909091,5.11816922066395,True,0.02188593099708669,0.1406367820018204,0.010674663979443721,0.002585426002042368,0.4334309469923028
19,mt-bench,Qwen/Qwen3-4B,mgoin/Qwen3-4B-speculator.dflash2,0.0,8,dflash2_unary_k16_tb32,32,218,87,37.081059999763966,7.051607643654864,141.81163367757904,0.6134898649979732,11,7.818181818181818,6.909090909090909,7.818181818181818,0.9090909090909091,0.9090909090909091,5.0970413945013195,True,0.02195486699201865,0.14066254298813874,0.015377045994682703,0.002628753980388865,0.4310807930014562
19,mt-bench,Qwen/Qwen3-4B,mgoin/Qwen3-4B-speculator.dflash2,0.0,8,dflash2_unary_k16_tb64,64,218,87,36.8676959988079,7.22798885051335,138.35107118752367,0.6288350299946615,11,7.818181818181818,6.909090909090909,7.818181818181818,0.9090909090909091,0.9090909090909091,4.9726606945358025,True,0.02219283300655661,0.14103352000529412,0.025129662004474085,0.0025826500059338287,0.43602920900593745
19,mt-bench,Qwen/Qwen3-4B,mgoin/Qwen3-4B-speculator.dflash2,0.0,8,dflash2_pairwise_k16_tb8,8,218,87,36.942906997865066,7.024147919524359,142.36602239260858,0.6111008689986193,11,7.818181818181818,6.909090909090909,7.818181818181818,0.9090909090909091,0.9090909090909091,5.116967420003392,True,0.021958121993520763,0.14014638400112744,0.009925760001351591,0.002569358010077849,0.4347989269881509
19,mt-bench,Qwen/Qwen3-4B,mgoin/Qwen3-4B-speculator.dflash2,0.0,8,dflash2_pairwise_k16_tb16,16,218,87,36.888686001475435,7.019841160953725,142.45336569184403,0.610726181002974,11,7.818181818181818,6.909090909090909,7.818181818181818,0.9090909090909091,0.9090909090909091,5.1201067422168824,True,0.02183643601165386,0.14046300999325467,0.012374625992379151,0.002568681986304,0.43173274799482897
19,mt-bench,Qwen/Qwen3-4B,mgoin/Qwen3-4B-speculator.dflash2,0.0,8,dflash2_pairwise_k16_tb32,32,218,87,36.97979800199391,7.074480586208206,141.35313367733505,0.6154798110001138,11,7.818181818181818,6.909090909090909,7.818181818181818,0.9090909090909091,0.9090909090909091,5.08056183341019,True,0.021982398007821757,0.14066117399488576,0.01743906801129924,0.002566942996054422,0.4310600550088566
19,mt-bench,Qwen/Qwen3-4B,mgoin/Qwen3-4B-speculator.dflash2,0.0,8,dflash2_pairwise_k16_tb64,64,218,87,36.96789700188674,7.250978229881864,137.91242619911887,0.6308351059997221,11,7.818181818181818,6.909090909090909,7.818181818181818,0.9090909090909091,0.9090909090909091,4.956894768952623,True,0.02208845499990275,0.14088748298672726,0.027418195000791457,0.0026078230075654574,0.4359492060102639
20,mt-bench,Qwen/Qwen3-4B,mgoin/Qwen3-4B-speculator.dflash2,0.0,8,baseline,,44,311,38.58947499975329,36.10632910609913,27.695975325031828,11.22906835199683,310,1,,,,,1.0,True,0.07591092407528777,0.0,0.0,0.0,11.101819653922576
20,mt-bench,Qwen/Qwen3-4B,mgoin/Qwen3-4B-speculator.dflash2,0.0,8,dflash2,,44,329,37.256635005178396,22.796188860165316,43.866981719362194,7.499946134994389,139,2.3597122302158273,1.3597122302158273,2.3597122302158273,0,1,1.5838756788505255,False,0.09060273701470578,1.7467315420290106,0.0,0.0,5.64197664004314
20,mt-bench,Qwen/Qwen3-4B,mgoin/Qwen3-4B-speculator.dflash2,0.0,8,dflash2_unary_k16_tb8,8,44,388,37.375356994743925,20.676518010302445,48.36404270301857,8.022488987997349,142,2.7253521126760565,1.732394366197183,2.7253521126760565,0,0.9929577464788732,1.7462480427366207,False,0.2805063950145268,1.9704317809810163,0.105255043010402,0.03319673103396781,5.610523638992163
20,mt-bench,Qwen/Qwen3-4B,mgoin/Qwen3-4B-speculator.dflash2,0.0,8,dflash2_unary_k16_tb16,16,44,266,37.04305900464533,21.1781211052623,47.21854195797954,5.6333802139997715,100,2.65,1.66,2.65,0.01,0.99,1.7048882158449596,False,0.19787148798059206,1.3979724250311847,0.10042911397613352,0.023413458962750155,3.897685973068292
20,mt-bench,Qwen/Qwen3-4B,mgoin/Qwen3-4B-speculator.dflash2,0.0,8,dflash2_unary_k16_tb32,32,44,303,37.03238900197903,19.721424897706978,50.70627529130872,5.975591744005214,105,2.876190476190476,1.8761904761904762,2.876190476190476,0.009523809523809525,1,1.830817463412455,False,0.20914447094401112,1.4614069680028479,0.1625306289861328,0.02476490397384623,4.100382998971327
20,mt-bench,Qwen/Qwen3-4B,mgoin/Qwen3-4B-speculator.dflash2,0.0,8,dflash2_unary_k16_tb64,64,44,303,37.019429000793025,18.887824963697764,52.944158574213354,5.723010964000423,97,3.11340206185567,2.1237113402061856,3.11340206185567,0.010309278350515464,0.9896907216494846,1.9116192137260473,False,0.1958491650002543,1.3619319760400685,0.2542803500255104,0.023239918038598262,3.8709221170502133
20,mt-bench,Qwen/Qwen3-4B,mgoin/Qwen3-4B-speculator.dflash2,0.0,8,dflash2_pairwise_k16_tb8,8,44,329,37.19578399613965,19.773924021281395,50.57165178361992,6.505621003001579,115,2.8521739130434782,1.8521739130434782,2.8521739130434782,0,1,1.8259567027384258,False,0.22738888202002272,1.5967388870558352,0.10568585098371841,0.02688576101354556,4.530643310994492
20,mt-bench,Qwen/Qwen3-4B,mgoin/Qwen3-4B-speculator.dflash2,0.0,8,dflash2_pairwise_k16_tb16,16,44,356,37.138712003070395,19.33638175841623,51.715983501657256,6.883751905996178,119,2.9831932773109244,1.9915966386554622,2.9831932773109244,0,0.9915966386554622,1.8672743203564297,False,0.24065528903884115,1.6856073590097367,0.1444704050591099,0.02835051403963007,4.765220261964714
20,mt-bench,Qwen/Qwen3-4B,mgoin/Qwen3-4B-speculator.dflash2,0.0,8,dflash2_pairwise_k16_tb32,32,44,366,40.0476200011326,19.07214701912907,52.43248172306009,6.98040580900124,122,2.9918032786885247,2,2.9918032786885247,0.00819672131147541,0.9918032786885246,1.8931444409423352,False,0.24342204004642554,1.7016129570038174,0.21477499602769967,0.02886923598271096,4.7715248779568356
20,mt-bench,Qwen/Qwen3-4B,mgoin/Qwen3-4B-speculator.dflash2,0.0,8,dflash2_pairwise_k16_tb64,64,44,310,37.16030199575471,16.34730321611935,61.17216930398309,5.067663996996998,85,3.635294117647059,2.6470588235294117,3.635294117647059,0.011764705882352941,0.9882352941176471,2.2087024770236283,False,0.17333856004552217,1.1989399620215409,0.24474439300684026,0.020372272010718007,3.415306736053026
21,mt-bench,Qwen/Qwen3-4B,mgoin/Qwen3-4B-speculator.dflash2,0.0,8,baseline,,374,271,36.6112680057995,36.013279210338354,27.767535251633774,9.759598666001693,270,1,,,,,1.0,True,0.06656667500647018,0.0,0.0,0.0,9.64848264408647
21,mt-bench,Qwen/Qwen3-4B,mgoin/Qwen3-4B-speculator.dflash2,0.0,8,dflash2,,374,271,36.71053200378083,23.943200180828107,41.765511395620535,6.488607249004417,120,2.25,1.25,2.25,0,1,1.5041130232530506,True,0.07842692400299711,1.512447125998733,0.0,0.0,4.879743435994897
21,mt-bench,Qwen/Qwen3-4B,mgoin/Qwen3-4B-speculator.dflash2,0.0,8,dflash2_unary_k16_tb8,8,374,278,36.64097999717342,22.58457983095972,44.27799885960976,6.278513193006802,112,2.4732142857142856,1.4821428571428572,2.4732142857142856,0,0.9910714285714286,1.5945959358061694,False,0.22254190298554022,1.5428746630059322,0.08261509498697706,0.026358310948126018,4.386316596996039
21,mt-bench,Qwen/Qwen3-4B,mgoin/Qwen3-4B-speculator.dflash2,0.0,8,dflash2_unary_k16_tb16,16,374,278,36.73096300190082,22.401315111519512,44.6402362995986,6.227565601002425,109,2.541284403669725,1.5504587155963303,2.541284403669725,0,0.9908256880733946,1.6076412938729256,False,0.22023685798922088,1.5320631450013025,0.11069546803628327,0.02573569503147155,4.320896654971875
21,mt-bench,Qwen/Qwen3-4B,mgoin/Qwen3-4B-speculator.dflash2,0.0,8,dflash2_unary_k16_tb32,32,374,261,36.73065300245071,18.23429704596506,54.84170831917444,4.759151528996881,84,3.0952380952380953,2.0952380952380953,3.0952380952380953,0,1,1.9750297540703647,False,0.16722262399707688,1.1614083450185717,0.13029319801717065,0.01986627597216284,3.266632439001114
21,mt-bench,Qwen/Qwen3-4B,mgoin/Qwen3-4B-speculator.dflash2,0.0,8,dflash2_unary_k16_tb64,64,374,273,36.74232199409744,18.695707465201103,53.48821390478702,5.103928137999901,87,3.1264367816091956,2.1264367816091956,3.1264367816091956,0,1,1.926285981815397,False,0.1754778809772688,1.2129143159618252,0.2282844599612872,0.02089453501685057,3.451136482995935
21,mt-bench,Qwen/Qwen3-4B,mgoin/Qwen3-4B-speculator.dflash2,0.0,8,dflash2_pairwise_k16_tb8,8,374,334,36.7309120047139,19.121584973051764,52.29692002045383,6.386609380999289,113,2.9469026548672566,1.9557522123893805,2.9469026548672566,0,0.9911504424778761,1.8833835825373377,False,0.22445046794746304,1.5640887809568085,0.10518983303336427,0.026448227967193816,4.448458820967062
21,mt-bench,Qwen/Qwen3-4B,mgoin/Qwen3-4B-speculator.dflash2,0.0,8,dflash2_pairwise_k16_tb16,16,374,271,36.89894599665422,18.401702073791682,54.342799160096895,4.9868612619975465,86,3.13953488372093,2.13953488372093,3.13953488372093,0,1,1.95706239922391,True,0.17573167201771867,1.2221873300368316,0.10607544600497931,0.020404320988745894,3.448254918017483
21,mt-bench,Qwen/Qwen3-4B,mgoin/Qwen3-4B-speculator.dflash2,0.0,8,dflash2_pairwise_k16_tb32,32,374,302,38.441661999968346,16.280080668872223,61.424757059835464,4.916584361999411,86,3.5,2.511627906976744,3.5,0.011627906976744186,0.9883720930232558,2.2121069264230564,False,0.17219512494193623,1.1942295020417077,0.15205055104161147,0.02035017297748709,3.3634560499558575
21,mt-bench,Qwen/Qwen3-4B,mgoin/Qwen3-4B-speculator.dflash2,0.0,8,dflash2_pairwise_k16_tb64,64,374,227,36.757741996552795,16.62517981496686,60.14972536415802,3.773915817997477,64,3.53125,2.546875,3.53125,0.015625,0.984375,2.1661888539645937,False,0.12991157900978578,0.8880483429966262,0.18446240898629185,0.015298178033845033,2.545009088025836
22,mt-bench,Qwen/Qwen3-4B,mgoin/Qwen3-4B-speculator.dflash2,0.0,8,baseline,,62,194,38.657047000015154,35.8715444484371,27.877249652225927,6.959079622996797,193,1,,,,,1.0,True,0.047324604020104744,0.0,0.0,0.0,6.880012372042984
22,mt-bench,Qwen/Qwen3-4B,mgoin/Qwen3-4B-speculator.dflash2,0.0,8,dflash2,,62,295,37.16685299878009,26.369904040682552,37.92201892192082,7.779121692001353,144,2.0416666666666665,1.0486111111111112,2.0416666666666665,0,0.9930555555555556,1.3603213873321551,False,0.09387666299880948,1.8131061530148145,0.0,0.0,5.85046292097104
22,mt-bench,Qwen/Qwen3-4B,mgoin/Qwen3-4B-speculator.dflash2,0.0,8,dflash2_unary_k16_tb8,8,62,163,37.344536001910456,22.907917061347465,43.65303040525235,3.733990480999637,66,2.4545454545454546,1.4545454545454546,2.4545454545454546,0,1,1.565901620490986,False,0.13129144396225456,0.912421443965286,0.048815202004334424,0.015660425982787274,2.615272134062252
22,mt-bench,Qwen/Qwen3-4B,mgoin/Qwen3-4B-speculator.dflash2,0.0,8,dflash2_unary_k16_tb16,16,62,171,37.10884100291878,20.501680976610118,48.776488188499094,3.50578744700033,62,2.7419354838709675,1.7419354838709677,2.7419354838709675,0,1,1.7496879640924126,False,0.12264025898912223,0.8566603980434593,0.06218732303386787,0.014532574983604718,2.4398289050077437
22,mt-bench,Qwen/Qwen3-4B,mgoin/Qwen3-4B-speculator.dflash2,0.0,8,dflash2_unary_k16_tb32,32,62,295,37.25187399686547,21.47055056609087,46.57542418028777,6.333812416996807,111,2.6486486486486487,1.6576576576576576,2.6486486486486487,0,0.990990990990991,1.6707323986880047,False,0.2204111720129731,1.5478900790403713,0.17109392697602743,0.02635140297934413,4.349704999993264
22,mt-bench,Qwen/Qwen3-4B,mgoin/Qwen3-4B-speculator.dflash2,0.0,8,dflash2_unary_k16_tb64,64,62,295,37.427719005791005,20.86938068135523,47.91709036643349,6.156467300999793,105,2.8,1.8095238095238095,2.8,0,0.9904761904761905,1.7188600369192961,False,0.20938719500554726,1.463004937999358,0.2725304110063007,0.024923781013058033,4.168261245955364
22,mt-bench,Qwen/Qwen3-4B,mgoin/Qwen3-4B-speculator.dflash2,0.0,8,dflash2_pairwise_k16_tb8,8,62,238,37.40337699855445,22.925711327751888,43.61914820019069,5.456319296004949,96,2.46875,1.4791666666666667,2.46875,0,0.9895833333333334,1.5646862134661055,False,0.19002284901944222,1.3336915519903414,0.08895748400391312,0.022560787976544816,3.805899152997881
22,mt-bench,Qwen/Qwen3-4B,mgoin/Qwen3-4B-speculator.dflash2,0.0,8,dflash2_pairwise_k16_tb16,16,62,196,37.2274529945571,19.678150678559252,50.81778345612381,3.8569175329976133,68,2.8676470588235294,1.8676470588235294,2.8676470588235294,0,1,1.8229123780173968,False,0.1344520449929405,0.9383357330007129,0.08201512500090757,0.015810445001989137,2.675321474969678
22,mt-bench,Qwen/Qwen3-4B,mgoin/Qwen3-4B-speculator.dflash2,0.0,8,dflash2_pairwise_k16_tb32,32,62,169,36.9042169986642,19.04586216568473,52.504842852518266,3.218750706000719,57,2.9473684210526314,1.9649122807017543,2.9473684210526314,0,0.9824561403508771,1.8834298041423139,False,0.11228673400182743,0.7790806000193697,0.09988798601261806,0.013373588008107617,2.204723490998731
22,mt-bench,Qwen/Qwen3-4B,mgoin/Qwen3-4B-speculator.dflash2,0.0,8,dflash2_pairwise_k16_tb64,64,62,194,36.79919400019571,19.20025938145664,52.082629725606054,3.7248503200025875,64,3.015625,2.03125,3.015625,0,0.984375,1.868284367193569,True,0.12699113996495726,0.876916715016705,0.1830326740455348,0.015097768977284431,2.511724058967957
23,mt-bench,Qwen/Qwen3-4B,mgoin/Qwen3-4B-speculator.dflash2,0.0,8,baseline,,281,276,36.56334800325567,35.807351833352804,27.92722580139391,9.882829106005374,275,1,,,,,1.0,True,0.06749444593879161,0.0,0.0,0.0,9.769966546104115
23,mt-bench,Qwen/Qwen3-4B,mgoin/Qwen3-4B-speculator.dflash2,0.0,8,dflash2,,281,181,36.582248998456635,29.49185287844401,33.90766948830514,5.338025370998366,100,1.8,0.8,1.8,0,1,1.214143851216784,False,0.06479076600226108,1.2414093450788641,0.0,0.0,4.0171217679962865
23,mt-bench,Qwen/Qwen3-4B,mgoin/Qwen3-4B-speculator.dflash2,0.0,8,dflash2_unary_k16_tb8,8,281,179,36.498866000329144,24.993374011150557,40.01060439274263,4.47381394799595,80,2.225,1.2375,2.225,0,0.9875,1.4326737885560266,False,0.15728164498432307,1.0957788000014261,0.05873717697977554,0.018678595988603774,3.130560402983974
23,mt-bench,Qwen/Qwen3-4B,mgoin/Qwen3-4B-speculator.dflash2,0.0,8,dflash2_unary_k16_tb16,16,281,181,36.537847998260986,22.84694449170184,43.76952902228158,4.135296952998033,74,2.4324324324324325,1.445945945945946,2.4324324324324325,0,0.9864864864864865,1.567270925280983,False,0.145830024011957,1.013374831978581,0.07398551896767458,0.017144032019132283,2.8730738339727395
23,mt-bench,Qwen/Qwen3-4B,mgoin/Qwen3-4B-speculator.dflash2,0.0,8,dflash2_unary_k16_tb32,32,281,179,36.538828004268,22.015643072595516,45.42224802167024,3.9408001099945977,70,2.5428571428571427,1.5571428571428572,2.5428571428571427,0,0.9857142857142858,1.6264504159737598,False,0.13820683796802768,0.9580352359989774,0.10752284400950884,0.01634426202508621,2.7092448490075185
23,mt-bench,Qwen/Qwen3-4B,mgoin/Qwen3-4B-speculator.dflash2,0.0,8,dflash2_unary_k16_tb64,64,281,179,36.61137000017334,21.034208737424635,47.54160294229528,3.7651233639990096,65,2.7384615384615385,1.7538461538461538,2.7384615384615385,0,0.9846153846153847,1.7023389032763279,False,0.12908734197117155,0.8896530769998208,0.16874563497549389,0.01531371899181977,2.5510605340023176
23,mt-bench,Qwen/Qwen3-4B,mgoin/Qwen3-4B-speculator.dflash2,0.0,8,dflash2_pairwise_k16_tb8,8,281,179,36.56406899972353,24.14750264805199,41.412149926016106,4.322402974001307,77,2.311688311688312,1.3116883116883118,2.311688311688312,0,1,1.482859422576414,False,0.15149182796449168,1.0546080710264505,0.07048354493599618,0.01796733299124753,3.015582414016535
23,mt-bench,Qwen/Qwen3-4B,mgoin/Qwen3-4B-speculator.dflash2,0.0,8,dflash2_pairwise_k16_tb16,16,281,181,36.547748000884894,22.970197022135512,43.53467229890705,4.157605661006528,74,2.4324324324324325,1.445945945945946,2.4324324324324325,0,0.9864864864864865,1.5588613279566828,False,0.1457927679803106,1.0154775580012938,0.088306338962866,0.017240663953998592,2.8788415060553234
23,mt-bench,Qwen/Qwen3-4B,mgoin/Qwen3-4B-speculator.dflash2,0.0,8,dflash2_pairwise_k16_tb32,32,281,157,36.57919900433626,22.316606866262905,44.809679446015984,3.503707278003276,62,2.5161290322580645,1.5161290322580645,2.5161290322580645,0,1,1.604515957463252,False,0.12239565995696466,0.8476517349772621,0.10846486398077104,0.014551580934494268,2.400337220984511
23,mt-bench,Qwen/Qwen3-4B,mgoin/Qwen3-4B-speculator.dflash2,0.0,8,dflash2_pairwise_k16_tb64,64,281,175,36.48211600375362,19.27533879427106,51.87976256465157,3.373184288997436,58,3,2.0172413793103448,3,0,0.9827586206896551,1.8576769111832847,False,0.1152157789983903,0.7917621040469385,0.16638933000649558,0.013610778012662195,2.2761586160195293
24,mt-bench,Qwen/Qwen3-4B,mgoin/Qwen3-4B-speculator.dflash2,0.0,8,baseline,,84,1341,38.85399999853689,36.25608128635066,27.581579821106327,48.619405004996224,1340,1,,,,,1.0,True,0.32839673286798643,0.0,0.0,0.0,48.06816585114575
24,mt-bench,Qwen/Qwen3-4B,mgoin/Qwen3-4B-speculator.dflash2,0.0,8,dflash2,,84,1440,37.492439994821325,18.59066512361096,53.79043693977125,26.770557777999784,498,2.889558232931727,1.891566265060241,2.889558232931727,0.04819277108433735,0.9979919678714859,1.9502304541166653,False,0.32000138499279274,6.270762034924701,0.0,0.0,20.105807930900482
24,mt-bench,Qwen/Qwen3-4B,mgoin/Qwen3-4B-speculator.dflash2,0.0,8,dflash2_unary_k16_tb8,8,84,1745,37.29578499769559,19.265148398278107,51.907204622902285,33.6176839549953,601,2.901830282861897,1.9034941763727122,2.901830282861897,0.008319467554076539,0.9983361064891847,1.8819518301551819,False,1.181938086010632,8.308579376986017,0.44447673009563005,0.14008339200518094,23.447149951818574
24,mt-bench,Qwen/Qwen3-4B,mgoin/Qwen3-4B-speculator.dflash2,0.0,8,dflash2_unary_k16_tb16,16,84,1215,37.316565998480655,16.134660758027557,61.978371593742075,19.60361282100348,350,3.4685714285714284,2.4714285714285715,3.4685714285714284,0.037142857142857144,0.9971428571428571,2.247092878498359,False,0.6914372200262733,4.8461302721407264,0.3488991689446266,0.0819370370300021,13.578945792120066
24,mt-bench,Qwen/Qwen3-4B,mgoin/Qwen3-4B-speculator.dflash2,0.0,8,dflash2_unary_k16_tb32,32,84,1239,37.26683399872854,15.495698326068108,64.53403899311331,19.199170225998387,341,3.63049853372434,2.63049853372434,3.63049853372434,0.07331378299120235,1,2.339751363470839,False,0.6753883560159011,4.720047843038628,0.5168651169733494,0.0806078371606418,13.149639034963911
24,mt-bench,Qwen/Qwen3-4B,mgoin/Qwen3-4B-speculator.dflash2,0.0,8,dflash2_unary_k16_tb64,64,84,1464,37.334896995162126,15.779682378418384,63.37263171834712,23.101455002004514,399,3.6666666666666665,2.669172932330827,3.6666666666666665,0.03759398496240601,0.9974937343358395,2.297643286910357,False,0.7936784610137693,5.531313590952777,1.020639876878704,0.09437909003463574,15.591786300865351
24,mt-bench,Qwen/Qwen3-4B,mgoin/Qwen3-4B-speculator.dflash2,0.0,8,dflash2_pairwise_k16_tb8,8,84,1135,37.37351699965075,17.296060402643004,57.816634350281895,19.63102855699981,349,3.2492836676217767,2.2521489971346704,3.2492836676217767,0.017191977077363897,0.997134670487106,2.0962045947070336,False,0.6852464350886294,4.827185558948258,0.31907296495046467,0.08183154410653515,13.662165386944253
24,mt-bench,Qwen/Qwen3-4B,mgoin/Qwen3-4B-speculator.dflash2,0.0,8,dflash2_pairwise_k16_tb16,16,84,1361,37.236194002616685,15.347829450399226,65.15579308668876,20.888395881993347,372,3.6559139784946235,2.6586021505376345,3.6559139784946235,0.07795698924731183,0.9973118279569892,2.3622937304276315,False,0.7315376150145312,5.138941042037914,0.44110162702418165,0.08664126584335463,14.430261575100303
24,mt-bench,Qwen/Qwen3-4B,mgoin/Qwen3-4B-speculator.dflash2,0.0,8,dflash2_pairwise_k16_tb32,32,84,1307,37.864818004891276,14.449628325935741,69.20593232180877,18.885664221998013,334,3.910179640718563,2.913173652694611,3.910179640718563,0.09281437125748503,0.9970059880239521,2.509135907757181,False,0.661083117047383,4.6238674800115405,0.5740706550568575,0.0782618739613099,12.892866366026283
24,mt-bench,Qwen/Qwen3-4B,mgoin/Qwen3-4B-speculator.dflash2,0.0,8,dflash2_pairwise_k16_tb64,64,84,1241,37.222113998723216,14.611352986296518,68.43993167079499,18.13268905599398,312,3.9743589743589745,2.9775641025641026,3.9743589743589745,0.07051282051282051,0.9967948717948718,2.481363725888628,False,0.6183655449713115,4.315992637035379,0.8757846660519135,0.07353789003536804,12.195030395036156
25,mt-bench,Qwen/Qwen3-4B,mgoin/Qwen3-4B-speculator.dflash2,0.0,8,baseline,,1351,1246,84.79084999999031,35.80357552648442,27.93017136683138,44.61125510599959,1245,1,,,,,1.0,True,0.3031850980769377,0.0,0.0,0.0,44.10454760204448
25,mt-bench,Qwen/Qwen3-4B,mgoin/Qwen3-4B-speculator.dflash2,0.0,8,dflash2,,1351,1430,81.48044400149956,18.30512848251741,54.629499102126765,26.1763337299999,492,2.904471544715447,1.9065040650406504,2.904471544715447,0.03861788617886179,0.9979674796747967,1.9559313970770085,False,0.3135346660128562,6.140059804005432,0.0,0.0,19.65006052195531
25,mt-bench,Qwen/Qwen3-4B,mgoin/Qwen3-4B-speculator.dflash2,0.0,8,dflash2_unary_k16_tb8,8,1351,1325,81.50533399748383,17.89574805660314,55.87919526119066,23.71186617499916,431,3.0719257540603246,2.074245939675174,3.0719257540603246,0.013921113689095127,0.9976798143851509,2.00067498789321,False,0.8483726680424297,5.957846026052721,0.31885496700851945,0.100298731966177,16.417722904880065
25,mt-bench,Qwen/Qwen3-4B,mgoin/Qwen3-4B-speculator.dflash2,0.0,8,dflash2_unary_k16_tb16,16,1351,1401,81.50478499737801,16.67787366952441,59.95968190041557,23.365701011003694,425,3.2941176470588234,2.296470588235294,3.2941176470588234,0.021176470588235293,0.9976470588235294,2.14677099946551,False,0.8369095890157041,5.872255808026239,0.42883048295334447,0.09988014897680841,16.058912897984555
25,mt-bench,Qwen/Qwen3-4B,mgoin/Qwen3-4B-speculator.dflash2,0.0,8,dflash2_unary_k16_tb32,32,1351,1408,81.5184449966182,14.868450071736044,67.25650590177754,20.93477770100435,378,3.7222222222222223,2.7222222222222223,3.7222222222222223,0.05026455026455026,1,2.4080233887017375,False,0.7460895149997668,5.227296521035896,0.5752277371211676,0.08950020805787062,14.233927184002823
25,mt-bench,Qwen/Qwen3-4B,mgoin/Qwen3-4B-speculator.dflash2,0.0,8,dflash2_unary_k16_tb64,64,1351,1232,81.47183300025063,14.376740603899172,69.55679507278487,17.71214442400378,311,3.9581993569131835,2.9614147909967845,3.9581993569131835,0.05787781350482315,0.9967845659163987,2.4903819657686523,False,0.6176644380539074,4.304837503012095,0.7944333169798483,0.07350073603447527,11.867742753951461
25,mt-bench,Qwen/Qwen3-4B,mgoin/Qwen3-4B-speculator.dflash2,0.0,8,dflash2_pairwise_k16_tb8,8,1351,1433,81.45763300126418,17.31709673552423,57.74640029287377,24.815399622006225,449,3.1893095768374167,2.1893095768374167,3.1893095768374167,0.022271714922048998,1,2.0675276042685082,False,0.8817949619333376,6.209954297119111,0.41095310797390994,0.1051697630318813,17.13636142595351
25,mt-bench,Qwen/Qwen3-4B,mgoin/Qwen3-4B-speculator.dflash2,0.0,8,dflash2_pairwise_k16_tb16,16,1351,1354,81.55577500292566,14.816939980796949,67.490318601278,20.06213673399907,363,3.727272727272727,2.7300275482093666,3.727272727272727,0.03856749311294766,0.9972451790633609,2.4163947193473536,False,0.7144251880963566,5.016643956078042,0.43096368501574034,0.08461947708565276,13.756814272070187
25,mt-bench,Qwen/Qwen3-4B,mgoin/Qwen3-4B-speculator.dflash2,0.0,8,dflash2_pairwise_k16_tb32,32,1351,1379,81.50863599439617,13.232022342276535,75.57423756797803,18.24695880999934,328,4.201219512195122,3.2042682926829267,4.201219512195122,0.11890243902439024,0.9969512195121951,2.705827922621578,False,0.6489728430024115,4.533516189047077,0.5631956369979889,0.07705438601988135,12.36958612401213
25,mt-bench,Qwen/Qwen3-4B,mgoin/Qwen3-4B-speculator.dflash2,0.0,8,dflash2_pairwise_k16_tb64,64,1351,1306,81.4872739938437,14.67860176876004,68.12637986598052,19.17025391000061,332,3.930722891566265,2.930722891566265,3.930722891566265,0.05421686746987952,1,2.4391679868776013,False,0.6654983289554366,4.633156737021636,0.9386442600007285,0.07887711903458694,12.79615427092358
26,mt-bench,Qwen/Qwen3-4B,mgoin/Qwen3-4B-speculator.dflash2,0.0,8,baseline,,103,856,38.27354399982141,36.34300476751887,27.51561150204449,31.109612080996154,855,1,,,,,1.0,True,0.21101915209146682,0.0,0.0,0.0,30.758352060096513
26,mt-bench,Qwen/Qwen3-4B,mgoin/Qwen3-4B-speculator.dflash2,0.0,8,dflash2,,103,863,36.95714499917813,20.75735112514892,48.17570382515875,17.91359402100352,331,2.604229607250755,1.6042296072507554,2.604229607250755,0.03323262839879154,1,1.7508498337963214,False,0.21480169696587836,4.189859823032748,0.0,0.0,13.458973873966897
26,mt-bench,Qwen/Qwen3-4B,mgoin/Qwen3-4B-speculator.dflash2,0.0,8,dflash2_unary_k16_tb8,8,103,867,36.97357499913778,18.491159930800123,54.07989567676241,16.031835660003708,286,3.027972027972028,2.027972027972028,3.027972027972028,0.02097902097902098,1,1.9654259064074997,False,0.5720077100704657,4.017564311980095,0.2140131260457565,0.06837238500156673,11.11408354499872
26,mt-bench,Qwen/Qwen3-4B,mgoin/Qwen3-4B-speculator.dflash2,0.0,8,dflash2_unary_k16_tb16,16,103,1083,37.03655599383637,17.08009007294365,58.547700611022364,18.497737548997975,332,3.2590361445783134,2.2620481927710845,3.2590361445783134,0.030120481927710843,0.9969879518072289,2.1277993624336533,False,0.6631441278805141,4.642241373025172,0.33535172401025193,0.07819689601456048,12.72487158900185
26,mt-bench,Qwen/Qwen3-4B,mgoin/Qwen3-4B-speculator.dflash2,0.0,8,dflash2_unary_k16_tb32,32,103,998,37.11418899911223,15.980764520039035,62.57522903526004,15.948802990998956,283,3.522968197879859,2.5265017667844525,3.522968197879859,0.028268551236749116,0.9964664310954063,2.274171847157041,False,0.5661002369088237,3.976540164963808,0.43751379601599183,0.06753763894812437,10.853811374981888
26,mt-bench,Qwen/Qwen3-4B,mgoin/Qwen3-4B-speculator.dflash2,0.0,8,dflash2_unary_k16_tb64,64,103,1136,37.10699800285511,15.29691161267436,65.37267294997267,17.377291591998073,300,3.783333333333333,2.7866666666666666,3.783333333333333,0.05,0.9966666666666667,2.3758393646863087,False,0.6045512439814047,4.2070138560739,0.7780405689118197,0.0715631500352174,11.663742148899473
26,mt-bench,Qwen/Qwen3-4B,mgoin/Qwen3-4B-speculator.dflash2,0.0,8,dflash2_pairwise_k16_tb8,8,103,851,37.06654700363288,17.86264551350975,55.98274898551208,15.201111331996799,270,3.1481481481481484,2.151851851851852,3.1481481481481484,0.03333333333333333,0.9962962962962963,2.034581313279278,False,0.539115667968872,3.793780099003925,0.2494676709829946,0.063897830012138,10.511465599993244
26,mt-bench,Qwen/Qwen3-4B,mgoin/Qwen3-4B-speculator.dflash2,0.0,8,dflash2_pairwise_k16_tb16,16,103,927,37.034695997135714,16.11886211973935,62.039118677948615,14.94218518499838,266,3.481203007518797,2.4849624060150375,3.481203007518797,0.041353383458646614,0.9962406015037594,2.2546879858853557,False,0.5323717260034755,3.7335771050857147,0.3198063069867203,0.0625934450144996,10.250583337940043
26,mt-bench,Qwen/Qwen3-4B,mgoin/Qwen3-4B-speculator.dflash2,0.0,8,dflash2_pairwise_k16_tb32,32,103,1004,37.135749000299256,15.273540367527302,65.47270481741583,15.334634528997412,271,3.7011070110701105,2.7047970479704797,3.7011070110701105,0.04797047970479705,0.996309963099631,2.3794748233216994,False,0.5428140479925787,3.7973020619974704,0.4740349359708489,0.06473947899939958,10.410227967004175
26,mt-bench,Qwen/Qwen3-4B,mgoin/Qwen3-4B-speculator.dflash2,0.0,8,dflash2_pairwise_k16_tb64,64,103,850,37.0497960029752,14.039513103532098,71.22754134175902,11.933586138002283,206,4.121359223300971,3.1262135922330097,4.121359223300971,0.05825242718446602,0.9951456310679612,2.5886228745621955,False,0.4114759169751778,2.869410412036814,0.5801659709613887,0.04896204695251072,7.987628467963077
27,mt-bench,Qwen/Qwen3-4B,mgoin/Qwen3-4B-speculator.dflash2,0.0,8,baseline,,986,730,58.43524199735839,36.237345784938455,27.595840101943562,26.45326242300507,729,1,,,,,1.0,True,0.1774878959695343,0.0,0.0,0.0,26.156356145969767
27,mt-bench,Qwen/Qwen3-4B,mgoin/Qwen3-4B-speculator.dflash2,0.0,8,dflash2,,986,853,58.47555099899182,19.928005962481926,50.180635327121074,16.998589085997082,317,2.687697160883281,1.6876971608832807,2.687697160883281,0.00946372239747634,1,1.8184130340567846,False,0.20521091199771035,3.9950790759539814,0.0,0.0,12.751484453947342
27,mt-bench,Qwen/Qwen3-4B,mgoin/Qwen3-4B-speculator.dflash2,0.0,8,dflash2_unary_k16_tb8,8,986,799,58.35279999882914,19.038553252818822,52.5249994955337,15.211804049002238,270,2.9555555555555557,1.9592592592592593,2.9555555555555557,0,0.9962962962962963,1.9033665690733723,False,0.5366094660130329,3.7419968400645303,0.20148373493429972,0.06325365195516497,10.625405490965932
27,mt-bench,Qwen/Qwen3-4B,mgoin/Qwen3-4B-speculator.dflash2,0.0,8,dflash2_unary_k16_tb16,16,986,730,58.35063000267837,18.353416630141087,54.48576797181947,13.397994140002993,238,3.063025210084034,2.0672268907563027,3.063025210084034,0.004201680672268907,0.9957983193277311,1.9744196143527468,False,0.4708993730673683,3.3090147760449327,0.23935268190689385,0.05585023792082211,9.284467027013307
27,mt-bench,Qwen/Qwen3-4B,mgoin/Qwen3-4B-speculator.dflash2,0.0,8,dflash2_unary_k16_tb32,32,986,890,58.48638199677225,16.741716441566915,59.73103196976657,14.900127632994554,262,3.3931297709923665,2.3931297709923665,3.3931297709923665,0.026717557251908396,1,2.1644940595796442,False,0.5208869940543082,3.6465304610392195,0.4185788740287535,0.062139284920704085,10.208422505944327
27,mt-bench,Qwen/Qwen3-4B,mgoin/Qwen3-4B-speculator.dflash2,0.0,8,dflash2_unary_k16_tb64,64,986,730,58.41558999964036,15.447131686302521,64.73693759513507,11.27640613100084,193,3.77720207253886,2.7823834196891193,3.77720207253886,0.03626943005181347,0.9948186528497409,2.3458947926928917,True,0.38531461903767195,2.684256523978547,0.5010625130307744,0.04579761107015656,7.626364476018352
27,mt-bench,Qwen/Qwen3-4B,mgoin/Qwen3-4B-speculator.dflash2,0.0,8,dflash2_pairwise_k16_tb8,8,986,857,58.45247099932749,18.59599435472396,53.77502170223928,15.936767161998434,281,3.0462633451957295,2.0498220640569396,3.0462633451957295,0.010676156583629894,0.99644128113879,1.9486640560166142,False,0.5573754459328484,3.9145450420037378,0.2619967339778668,0.06611587199586211,11.091805710013432
27,mt-bench,Qwen/Qwen3-4B,mgoin/Qwen3-4B-speculator.dflash2,0.0,8,dflash2_pairwise_k16_tb16,16,986,841,58.41352199786343,16.86998937930725,59.27686008069461,14.187661067997398,252,3.3333333333333335,2.3373015873015874,3.3333333333333335,0.003968253968253968,0.996031746031746,2.148036075789545,False,0.4971527940942906,3.4805594259742065,0.30139128197333775,0.05886108003323898,9.809077793986944
27,mt-bench,Qwen/Qwen3-4B,mgoin/Qwen3-4B-speculator.dflash2,0.0,8,dflash2_pairwise_k16_tb32,32,986,838,58.396150001499336,14.728975967777203,67.89338255339099,12.342881860997295,218,3.8394495412844036,2.8394495412844036,3.8394495412844036,0.027522935779816515,1,2.460275980096337,False,0.43173457899683854,3.012655266029469,0.37995921701804036,0.051120120981067885,8.430918389058206
27,mt-bench,Qwen/Qwen3-4B,mgoin/Qwen3-4B-speculator.dflash2,0.0,8,dflash2_pairwise_k16_tb64,64,986,813,58.36854000517633,14.410561785975865,69.39354723652652,11.715786731998378,200,4.06,3.065,4.06,0.055,0.995,2.5146379664534715,False,0.40080254393978976,2.781884311021713,0.5671570820559282,0.04747331298858626,7.883532820073015
28,mt-bench,Qwen/Qwen3-4B,mgoin/Qwen3-4B-speculator.dflash2,0.0,8,baseline,,105,226,38.05038100108504,35.922004685833,27.8380900160169,8.118373058998259,225,1,,,,,1.0,True,0.05545758995140204,0.0,0.0,0.0,8.025969041969802
28,mt-bench,Qwen/Qwen3-4B,mgoin/Qwen3-4B-speculator.dflash2,0.0,8,dflash2,,105,95,37.09533700020984,27.09755909469861,36.9036929306168,2.574268113996368,48,1.9583333333333333,0.9583333333333334,1.9583333333333333,0,1,1.325654630378159,False,0.031245736026903614,0.5931044469762128,0.0,0.0,1.942938360007247
28,mt-bench,Qwen/Qwen3-4B,mgoin/Qwen3-4B-speculator.dflash2,0.0,8,dflash2_unary_k16_tb8,8,105,95,37.06910799519392,23.030070631571824,43.421490797735736,2.1878567099993234,39,2.41025641025641,1.4102564102564104,2.41025641025641,0,1,1.5597869959021176,False,0.07682609996118117,0.5307869680182193,0.029042744004982524,0.009177070001896936,1.5358277660270687
28,mt-bench,Qwen/Qwen3-4B,mgoin/Qwen3-4B-speculator.dflash2,0.0,8,dflash2_unary_k16_tb16,16,105,226,37.20072999567492,18.201024265495228,54.94196290347022,4.1134314840019215,73,3.0821917808219177,2.095890410958904,3.0821917808219177,0.0136986301369863,0.9863013698630136,1.9736254488673202,True,0.14423703797365306,1.0063493010311504,0.07334158298908733,0.01717055399058154,2.860539804059954
28,mt-bench,Qwen/Qwen3-4B,mgoin/Qwen3-4B-speculator.dflash2,0.0,8,dflash2_unary_k16_tb32,32,105,223,37.12296900630463,17.36574127801356,57.58464231331613,3.872560304997023,68,3.264705882352941,2.2794117647058822,3.264705882352941,0.014705882352941176,0.9852941176470589,2.0685557910109593,False,0.1352486019677599,0.9374733310032752,0.10522081201634137,0.01603326905751601,2.6673193269889452
28,mt-bench,Qwen/Qwen3-4B,mgoin/Qwen3-4B-speculator.dflash2,0.0,8,dflash2_unary_k16_tb64,64,105,95,37.094988001626916,20.752751547383685,48.18638134402331,1.97151139700145,34,2.764705882352941,1.7941176470588236,2.764705882352941,0,0.9705882352941176,1.7309514164333413,False,0.06740464598988183,0.46174890301335836,0.08939606798958266,0.00865015598537866,1.3384796649916098
28,mt-bench,Qwen/Qwen3-4B,mgoin/Qwen3-4B-speculator.dflash2,0.0,8,dflash2_pairwise_k16_tb8,8,105,100,37.0836970032542,23.85041278001154,41.92799551201378,2.385041278001154,42,2.357142857142857,1.380952380952381,2.357142857142857,0,0.9761904761904762,1.506137651250144,False,0.08301798697357299,0.5837006859801477,0.03861300899734488,0.0097067570022773,1.663407098974858
28,mt-bench,Qwen/Qwen3-4B,mgoin/Qwen3-4B-speculator.dflash2,0.0,8,dflash2_pairwise_k16_tb16,16,105,223,36.98887600330636,18.49148339912193,54.0789496664981,4.12360079800419,73,3.041095890410959,2.0547945205479454,3.041095890410959,0.0136986301369863,0.9863013698630136,1.9426242833248717,False,0.14408928300690604,1.0051331120048417,0.0871949290012708,0.016971725010080263,2.8583808339972165
28,mt-bench,Qwen/Qwen3-4B,mgoin/Qwen3-4B-speculator.dflash2,0.0,8,dflash2_pairwise_k16_tb32,32,105,226,37.13516800053185,17.442887084055343,57.32995892142801,3.9420924809965077,69,3.260869565217391,2.2753623188405796,3.260869565217391,0.043478260869565216,0.9855072463768116,2.0594070530141506,True,0.13623883398395265,0.9500261020293692,0.12017077403288567,0.016420447987911757,2.707711885974277
28,mt-bench,Qwen/Qwen3-4B,mgoin/Qwen3-4B-speculator.dflash2,0.0,8,dflash2_pairwise_k16_tb64,64,105,100,37.030645995400846,18.83099102000415,53.103949703852585,1.8830991020004149,32,3.09375,2.125,3.09375,0.03125,0.96875,1.9076003300980326,False,0.06394901200837921,0.4345634420096758,0.09054900402406929,0.007527221008786,1.2809937289857771
29,mt-bench,Qwen/Qwen3-4B,mgoin/Qwen3-4B-speculator.dflash2,0.0,8,baseline,,222,91,37.4585060053505,35.76629229672228,27.95928612627378,3.254732599001727,90,1,,,,,1.0,True,0.021978027994919103,0.0,0.0,0.0,3.2177324250151287
29,mt-bench,Qwen/Qwen3-4B,mgoin/Qwen3-4B-speculator.dflash2,0.0,8,dflash2,,222,91,36.71603900147602,20.198105285689362,49.509594383019376,1.838027580997732,34,2.6470588235294117,1.6764705882352942,2.6470588235294117,0,0.9705882352941176,1.7707746241952305,True,0.0222846140168258,0.41553505602496443,0.0,0.0,1.3951906470028916
29,mt-bench,Qwen/Qwen3-4B,mgoin/Qwen3-4B-speculator.dflash2,0.0,8,dflash2_unary_k16_tb8,8,222,91,36.671927999123,17.253004318643054,57.96091982191365,1.570023392996518,28,3.2142857142857144,2.25,3.2142857142857144,0,0.9642857142857143,2.0730472001374474,True,0.05517553499521455,0.3760534940083744,0.021300421001797076,0.0065236389709752984,1.1065689720126102
29,mt-bench,Qwen/Qwen3-4B,mgoin/Qwen3-4B-speculator.dflash2,0.0,8,dflash2_unary_k16_tb16,16,222,91,36.79180100152735,15.967607571408255,62.62678961315464,1.4530522889981512,26,3.4615384615384617,2.5,3.4615384615384617,0.038461538461538464,0.9615384615384616,2.23992806290942,True,0.051307339024788234,0.34927615500055254,0.025865042996883858,0.0060801819927291945,1.0163963319937466
29,mt-bench,Qwen/Qwen3-4B,mgoin/Qwen3-4B-speculator.dflash2,0.0,8,dflash2_unary_k16_tb32,32,222,91,36.973083995690104,15.49773328572353,64.52556522709017,1.4102937290008413,25,3.6,2.64,3.6,0.04,0.96,2.307840226523326,True,0.04981730500003323,0.33578938498249045,0.0377779849950457,0.005824745996505953,0.9769948579996708
29,mt-bench,Qwen/Qwen3-4B,mgoin/Qwen3-4B-speculator.dflash2,0.0,8,dflash2_unary_k16_tb64,64,222,91,36.944955005310476,14.121718505451168,70.81291130495109,1.2850763839960564,22,4.090909090909091,3.1363636363636362,4.090909090909091,0,0.9545454545454546,2.53271528411475,True,0.04402331900928402,0.2931172460084781,0.0561535969900433,0.00522882302175276,0.8827951470011612
29,mt-bench,Qwen/Qwen3-4B,mgoin/Qwen3-4B-speculator.dflash2,0.0,8,dflash2_pairwise_k16_tb8,8,222,91,36.63880700332811,17.962539395599517,55.67141582692818,1.6345910849995562,29,3.103448275862069,2.1379310344827585,3.103448275862069,0,0.9655172413793104,1.991160131038284,True,0.05744405998848379,0.39166104101605015,0.026830858012544923,0.006830306017945986,1.1472390070121037
29,mt-bench,Qwen/Qwen3-4B,mgoin/Qwen3-4B-speculator.dflash2,0.0,8,dflash2_pairwise_k16_tb16,16,222,91,36.68267899774946,15.455741109870178,64.70087670926311,1.4064724409981864,25,3.6,2.64,3.6,0.04,0.96,2.314110468237695,True,0.04983760501636425,0.3355511510235374,0.02990973500709515,0.005819444988446776,0.9813277210196247
29,mt-bench,Qwen/Qwen3-4B,mgoin/Qwen3-4B-speculator.dflash2,0.0,8,dflash2_pairwise_k16_tb32,32,222,91,37.590959000226576,14.338558681349522,69.74201676914166,1.3048088400028064,23,3.9130434782608696,2.9565217391304346,3.9130434782608696,0.08695652173913043,0.9565217391304348,2.494413357128027,True,0.04558831099711824,0.3084783720114501,0.040392242022790015,0.005413184997451026,0.9012032940008794
29,mt-bench,Qwen/Qwen3-4B,mgoin/Qwen3-4B-speculator.dflash2,0.0,8,dflash2_pairwise_k16_tb64,64,222,91,36.69601799629163,13.525899450562045,73.93223671779157,1.230856850001146,21,4.285714285714286,3.3333333333333335,4.285714285714286,0.09523809523809523,0.9523809523809523,2.6442819885989963,True,0.04191584900399903,0.279325160990993,0.05915851202735212,0.004902014981780667,0.8420252050054842
30,mt-bench,Qwen/Qwen3-4B,mgoin/Qwen3-4B-speculator.dflash2,0.0,8,baseline,,72,413,38.98204200231703,36.09718011864323,27.702994990556803,14.908135388999654,412,1,,,,,1.0,True,0.10119486193434568,0.0,0.0,0.0,14.739181262142665
30,mt-bench,Qwen/Qwen3-4B,mgoin/Qwen3-4B-speculator.dflash2,0.0,8,dflash2,,72,385,37.31158199661877,24.59767710390295,40.65424534909959,9.470105685002636,176,2.1818181818181817,1.1818181818181819,2.1818181818181817,0.005681818181818182,1,1.4675036169539615,False,0.11411404098907951,2.219682864000788,0.0,0.0,7.1102393359615235
30,mt-bench,Qwen/Qwen3-4B,mgoin/Qwen3-4B-speculator.dflash2,0.0,8,dflash2_unary_k16_tb8,8,72,432,37.56556900043506,21.545795442122014,46.4127677572303,9.30778363099671,164,2.6280487804878048,1.6341463414634145,2.6280487804878048,0,0.9939024390243902,1.675370037537499,False,0.3251431009703083,2.283890802951646,0.12222879198088776,0.038631051014817785,6.511809844014351
30,mt-bench,Qwen/Qwen3-4B,mgoin/Qwen3-4B-speculator.dflash2,0.0,8,dflash2_unary_k16_tb16,16,72,424,37.87538599863183,18.91830524999812,52.858857428579626,8.021361425999203,141,3,2,3,0.014184397163120567,1,1.9080556974651213,False,0.2799124890661915,1.9765740999937407,0.1425823430327,0.03331980499206111,5.566222768975422
30,mt-bench,Qwen/Qwen3-4B,mgoin/Qwen3-4B-speculator.dflash2,0.0,8,dflash2_unary_k16_tb32,32,72,376,37.871626002015546,17.986418263291775,55.5975061494531,6.7628932669977075,118,3.1779661016949152,2.1864406779661016,3.1779661016949152,0,0.9915254237288136,2.006913193624183,False,0.23685296899202513,1.6519184020362445,0.18140576101723127,0.028086105987313204,4.64344535197597
30,mt-bench,Qwen/Qwen3-4B,mgoin/Qwen3-4B-speculator.dflash2,0.0,8,dflash2_unary_k16_tb64,64,72,432,37.810863002960104,18.00683365972536,55.53447201751138,7.778952141001355,132,3.265151515151515,2.272727272727273,3.265151515151515,0.030303030303030304,0.9924242424242424,2.0046378392098605,False,0.2650217229675036,1.8481719729679753,0.34198824797203997,0.03164807801658753,5.269059814068896
30,mt-bench,Qwen/Qwen3-4B,mgoin/Qwen3-4B-speculator.dflash2,0.0,8,dflash2_pairwise_k16_tb8,8,72,386,37.65972099790815,20.287605194317464,49.2911800294743,7.831015605006542,137,2.81021897810219,1.8102189781021898,2.81021897810219,0,1,1.7792726037844036,False,0.2720947529815021,1.9173188780332566,0.12640320206264732,0.03222446597646922,5.46106554299331
30,mt-bench,Qwen/Qwen3-4B,mgoin/Qwen3-4B-speculator.dflash2,0.0,8,dflash2_pairwise_k16_tb16,16,72,435,37.85397600586293,18.66346493332604,53.580618795729094,8.118607245996827,142,3.056338028169014,2.063380281690141,3.056338028169014,0.014084507042253521,0.9929577464788732,1.934109247537794,False,0.281791789966519,1.9894315659985295,0.17055360200902214,0.033483328952570446,5.62019720000535
30,mt-bench,Qwen/Qwen3-4B,mgoin/Qwen3-4B-speculator.dflash2,0.0,8,dflash2_pairwise_k16_tb32,32,72,384,37.943566996546,16.940205328126012,59.03116170260869,6.505038846000389,113,3.3893805309734515,2.398230088495575,3.3893805309734515,0.035398230088495575,0.9911504424778761,2.13085847659182,False,0.22509026202897076,1.5804555359354708,0.19776366000587586,0.026740115958091337,4.456228779999947
30,mt-bench,Qwen/Qwen3-4B,mgoin/Qwen3-4B-speculator.dflash2,0.0,8,dflash2_pairwise_k16_tb64,64,72,385,37.820315003045835,16.16012930388898,61.880692981791135,6.2216497819972565,105,3.657142857142857,2.6666666666666665,3.657142857142857,0.0380952380952381,0.9904761904761905,2.2337185204301764,False,0.21129390800342662,1.4723188450661837,0.2983748720216681,0.02505436297360575,4.196285918958893
31,mt-bench,Qwen/Qwen3-4B,mgoin/Qwen3-4B-speculator.dflash2,0.0,8,baseline,,486,827,37.40500500134658,36.46645399153699,27.422463402448635,30.15775745100109,826,1,,,,,1.0,True,0.20306952585087856,0.0,0.0,0.0,29.818436251101957
31,mt-bench,Qwen/Qwen3-4B,mgoin/Qwen3-4B-speculator.dflash2,0.0,8,dflash2,,486,727,37.28284299722873,19.52073748005185,51.227572781094736,14.191576147997694,262,2.7709923664122136,1.7748091603053435,2.7709923664122136,0.04198473282442748,0.9961832061068703,1.8680879259199037,False,0.16860604706016602,3.3074809549943893,0.0,0.0,10.676487536889908
31,mt-bench,Qwen/Qwen3-4B,mgoin/Qwen3-4B-speculator.dflash2,0.0,8,dflash2_unary_k16_tb8,8,486,784,37.48307800560724,18.135492392855447,55.14049347752776,14.218226035998669,249,3.144578313253012,2.1485943775100402,3.144578313253012,0.040160642570281124,0.9959839357429718,2.0107782684689113,False,0.5010357860010117,3.5135312089623767,0.18657507994794287,0.05908259688294493,9.918091419982375
31,mt-bench,Qwen/Qwen3-4B,mgoin/Qwen3-4B-speculator.dflash2,0.0,8,dflash2_unary_k16_tb16,16,486,843,37.26880199974403,17.15522212218053,58.29128838309056,14.461852248998184,254,3.3149606299212597,2.3188976377952755,3.3149606299212597,0.031496062992125984,0.9960629921259843,2.1256765859293862,False,0.5089188779893448,3.57337384299899,0.2566468489676481,0.05992115406115772,10.021553730017331
31,mt-bench,Qwen/Qwen3-4B,mgoin/Qwen3-4B-speculator.dflash2,0.0,8,dflash2_unary_k16_tb32,32,486,753,37.198050995357335,15.31769335192627,65.28398088568899,11.534223094000481,203,3.7044334975369457,2.70935960591133,3.7044334975369457,0.034482758620689655,0.9950738916256158,2.380675285352358,False,0.40515810798387975,2.826824617026432,0.3125318479287671,0.04801233893522294,7.908081612025853
31,mt-bench,Qwen/Qwen3-4B,mgoin/Qwen3-4B-speculator.dflash2,0.0,8,dflash2_unary_k16_tb64,64,486,895,37.15904900309397,14.925973989946153,66.99730286771106,13.358746721001808,227,3.9383259911894273,2.9383259911894273,3.9383259911894273,0.039647577092511016,1,2.443154062582454,False,0.4585395020258147,3.192649105003511,0.5923738659039373,0.05456186999799684,9.02067506792082
31,mt-bench,Qwen/Qwen3-4B,mgoin/Qwen3-4B-speculator.dflash2,0.0,8,dflash2_pairwise_k16_tb8,8,486,747,37.18860099615995,17.273303530116394,57.89280540670622,12.903157736996945,226,3.3008849557522124,2.3008849557522124,3.3008849557522124,0.008849557522123894,1,2.1111453248046566,False,0.4518632959589013,3.1690952730132267,0.21067217602103483,0.05359252304333495,8.981596931014792
31,mt-bench,Qwen/Qwen3-4B,mgoin/Qwen3-4B-speculator.dflash2,0.0,8,dflash2_pairwise_k16_tb16,16,486,776,37.289542000507936,16.312177287376866,61.30389477644086,12.658249575004447,223,3.475336322869955,2.4798206278026904,3.475336322869955,0.03139013452914798,0.9955156950672646,2.2355356583671053,False,0.44450051208696095,3.1113498479971895,0.26789151904085884,0.05254987400985556,8.745756295982574
31,mt-bench,Qwen/Qwen3-4B,mgoin/Qwen3-4B-speculator.dflash2,0.0,8,dflash2_pairwise_k16_tb32,32,486,786,37.16836900275666,14.889663819333764,67.16068355428759,11.703275761996338,202,3.886138613861386,2.886138613861386,3.886138613861386,0.039603960396039604,1,2.449111976872603,False,0.40826052404008806,2.850685811965377,0.35736796299897833,0.04829632998735178,8.004752264962008
31,mt-bench,Qwen/Qwen3-4B,mgoin/Qwen3-4B-speculator.dflash2,0.0,8,dflash2_pairwise_k16_tb64,64,486,789,37.27428200363647,14.130642102666169,70.76819246673298,11.149076619003608,189,4.169312169312169,3.1693121693121693,4.169312169312169,0.08994708994708994,1,2.5806650346523528,False,0.38216037800884806,2.6462246340088313,0.5372376550294575,0.04505242895538686,7.50538978894474
32,mt-bench,Qwen/Qwen3-4B,mgoin/Qwen3-4B-speculator.dflash2,0.0,8,baseline,,85,1037,39.369931000692304,36.40833328930004,27.466239447272027,37.75544162100414,1036,1,,,,,1.0,True,0.2554562480072491,0.0,0.0,0.0,37.329489493131405
32,mt-bench,Qwen/Qwen3-4B,mgoin/Qwen3-4B-speculator.dflash2,0.0,8,dflash2,,85,900,38.01159800059395,18.297853585560613,54.651218806840276,16.46806822700455,304,2.9572368421052633,1.9605263157894737,2.9572368421052633,0.06578947368421052,0.9967105263157895,1.989759788985903,False,0.19399260003410745,3.8429516339238035,0.0,0.0,12.385678226040909
32,mt-bench,Qwen/Qwen3-4B,mgoin/Qwen3-4B-speculator.dflash2,0.0,8,dflash2_unary_k16_tb8,8,85,881,37.933537998469546,16.664866950061903,60.00647967947235,14.681747783004537,258,3.4108527131782944,2.4147286821705425,3.4108527131782944,0.03875968992248062,0.9961240310077519,2.1847359116878393,False,0.513944129961601,3.621166206030466,0.19133687098656083,0.061314685925026424,10.25260521297605
32,mt-bench,Qwen/Qwen3-4B,mgoin/Qwen3-4B-speculator.dflash2,0.0,8,dflash2_unary_k16_tb16,16,85,1088,38.029030001780484,14.218083109373017,70.3329691005089,15.469274422997842,272,3.9963235294117645,2.9963235294117645,3.9963235294117645,0.12867647058823528,1,2.560706180237369,False,0.541911879023246,3.8175956039412995,0.2714720789954299,0.06511880704783835,10.728897119988687
32,mt-bench,Qwen/Qwen3-4B,mgoin/Qwen3-4B-speculator.dflash2,0.0,8,dflash2_unary_k16_tb32,32,85,1095,38.06114000326488,13.109701169858322,76.27938936542573,14.355122780994861,251,4.3585657370517925,3.362549800796813,4.3585657370517925,0.1394422310756972,0.9960159362549801,2.7772054311207084,False,0.5014358960252139,3.523782742115145,0.3789125170587795,0.059779889954370447,9.849488192070567
32,mt-bench,Qwen/Qwen3-4B,mgoin/Qwen3-4B-speculator.dflash2,0.0,8,dflash2_unary_k16_tb64,64,85,1077,37.95926699967822,13.5298758941543,73.9105079620175,14.571676338004181,248,4.338709677419355,3.342741935483871,4.338709677419355,0.13709677419354838,0.9959677419354839,2.690958407462597,False,0.4981503990056808,3.482748570066178,0.6212203310424229,0.05924697104637744,9.867063310128287
32,mt-bench,Qwen/Qwen3-4B,mgoin/Qwen3-4B-speculator.dflash2,0.0,8,dflash2_pairwise_k16_tb8,8,85,1100,38.04952100472292,14.580941415452715,68.58267731191975,16.039035556997987,281,3.911032028469751,2.911032028469751,3.911032028469751,0.11387900355871886,1,2.4969809734448902,False,0.558735470091051,3.9364914500692976,0.25859302398748696,0.06634198593383189,11.173721611936344
32,mt-bench,Qwen/Qwen3-4B,mgoin/Qwen3-4B-speculator.dflash2,0.0,8,dflash2_pairwise_k16_tb16,16,85,974,38.09416099829832,13.421712975363505,74.5061380641629,13.072748438004055,229,4.248908296943231,3.2489082969432315,4.248908296943231,0.13537117903930132,1,2.7126443067386465,False,0.45604117002221756,3.208412412008329,0.27319500696467003,0.05386038398137316,9.043779579922557
32,mt-bench,Qwen/Qwen3-4B,mgoin/Qwen3-4B-speculator.dflash2,0.0,8,dflash2_pairwise_k16_tb32,32,85,1113,37.93913800473092,12.300093019768852,81.30019816864706,13.69000353100273,238,4.6722689075630255,3.676470588235294,4.6722689075630255,0.21008403361344538,0.9957983193277311,2.9600047114102424,False,0.47493063394358614,3.3398598710118677,0.40852683703269577,0.05648993000068003,9.370655237973551
32,mt-bench,Qwen/Qwen3-4B,mgoin/Qwen3-4B-speculator.dflash2,0.0,8,dflash2_pairwise_k16_tb64,64,85,1150,38.1420120029361,12.414465369561778,80.55119332418737,14.276635174996045,242,4.74793388429752,3.7479338842975207,4.74793388429752,0.19008264462809918,1,2.9327346933978538,False,0.48633027694449993,3.3969666400298593,0.6698194359996705,0.057936640980187804,9.623414154964848
33,mt-bench,Qwen/Qwen3-4B,mgoin/Qwen3-4B-speculator.dflash2,0.0,8,baseline,,1259,971,70.4323280006065,36.68397125643803,27.259862161856326,35.620136090001324,970,1,,,,,1.0,True,0.2394171440464561,0.0,0.0,0.0,35.220215223038394
33,mt-bench,Qwen/Qwen3-4B,mgoin/Qwen3-4B-speculator.dflash2,0.0,8,dflash2,,1259,970,70.42565700248815,16.221424996911082,61.646865191585945,15.73478224700375,289,3.3529411764705883,2.356401384083045,3.3529411764705883,0.10034602076124567,0.9965397923875432,2.2614518307376485,False,0.18270053603191627,3.686419600038789,0.0,0.0,11.822175569039246
33,mt-bench,Qwen/Qwen3-4B,mgoin/Qwen3-4B-speculator.dflash2,0.0,8,dflash2_unary_k16_tb8,8,1259,860,70.4479070045636,15.490219343024195,64.55686506791372,13.321588635000808,235,3.65531914893617,2.6595744680851063,3.65531914893617,0.0425531914893617,0.9957446808510638,2.368202182557095,False,0.46931571095774416,3.292168083047727,0.17484417703963118,0.055581664011697285,9.292189746054646
33,mt-bench,Qwen/Qwen3-4B,mgoin/Qwen3-4B-speculator.dflash2,0.0,8,dflash2_unary_k16_tb16,16,1259,860,70.45720700261882,13.961026565109847,71.62797057482226,12.00648284599447,212,4.05188679245283,3.056603773584906,4.05188679245283,0.07547169811320754,0.9952830188679245,2.6275984137237685,False,0.42368242699012626,2.968685669125989,0.21141844700468937,0.05021660701459041,8.318217534055293
33,mt-bench,Qwen/Qwen3-4B,mgoin/Qwen3-4B-speculator.dflash2,0.0,8,dflash2_unary_k16_tb32,32,1259,879,70.43519699800527,14.12829256199709,70.77996124527068,12.418769161995442,218,4.027522935779817,3.032110091743119,4.027522935779817,0.10091743119266056,0.9954128440366973,2.596490063853307,False,0.4355797750176862,3.0514135379780782,0.33117083503020694,0.05179263994068606,8.512528804014437
33,mt-bench,Qwen/Qwen3-4B,mgoin/Qwen3-4B-speculator.dflash2,0.0,8,dflash2_unary_k16_tb64,64,1259,864,70.46068799536442,13.53117664120873,73.90340297195844,11.690936618004343,200,4.315,3.32,4.315,0.12,0.995,2.71107031037628,False,0.4016273669913062,2.799824817935587,0.5083585219908855,0.04783719599072356,7.898404522020428
33,mt-bench,Qwen/Qwen3-4B,mgoin/Qwen3-4B-speculator.dflash2,0.0,8,dflash2_pairwise_k16_tb8,8,1259,917,70.43023699952755,15.12754045583251,66.1045992849713,13.87195459799841,244,3.7540983606557377,2.7581967213114753,3.7540983606557377,0.09016393442622951,0.9959016393442623,2.4249792200882405,False,0.4861345859535504,3.4183131809259066,0.22452786302164895,0.057752342989260796,9.646065789027489
33,mt-bench,Qwen/Qwen3-4B,mgoin/Qwen3-4B-speculator.dflash2,0.0,8,dflash2_pairwise_k16_tb16,16,1259,873,70.39983499998925,13.336476168380493,74.98232571891097,11.64274369499617,205,4.253658536585366,3.2585365853658534,4.253658536585366,0.13170731707317074,0.9951219512195122,2.750649481413404,False,0.4086327289842302,2.8667831609855057,0.24453602208814118,0.04849230300897034,8.040602855100587
33,mt-bench,Qwen/Qwen3-4B,mgoin/Qwen3-4B-speculator.dflash2,0.0,8,dflash2_pairwise_k16_tb32,32,1259,848,70.4784479967202,12.944620505893326,77.25216815315117,10.97703818899754,192,4.411458333333333,3.4166666666666665,4.411458333333333,0.109375,0.9947916666666666,2.8339163160277145,False,0.38353795807779534,2.68364263503463,0.3314193329642876,0.04561732400179608,7.500862804015924
33,mt-bench,Qwen/Qwen3-4B,mgoin/Qwen3-4B-speculator.dflash2,0.0,8,dflash2_pairwise_k16_tb64,64,1259,848,70.47467700613197,12.398935035374926,80.65208803392697,10.514296909997938,179,4.731843575418995,3.7374301675977653,4.731843575418995,0.18435754189944134,0.994413407821229,2.9586388792082863,False,0.3593574659753358,2.5060069299361203,0.49559366105677327,0.042838564986595884,7.079153216065606
34,mt-bench,Qwen/Qwen3-4B,mgoin/Qwen3-4B-speculator.dflash2,0.0,8,baseline,,52,141,38.66829300386598,36.091477007091996,27.70737256897243,5.088898257999972,140,1,,,,,1.0,True,0.03463380599714583,0.0,0.0,0.0,5.030958600989834
34,mt-bench,Qwen/Qwen3-4B,mgoin/Qwen3-4B-speculator.dflash2,0.0,8,dflash2,,52,134,37.43116500118049,25.03531075376147,39.94358247978821,3.3547316410040366,62,2.1451612903225805,1.1451612903225807,2.1451612903225805,0,1,1.441622888650159,False,0.040487180958734825,0.7768359299734584,0.0,0.0,2.5281671669654315
34,mt-bench,Qwen/Qwen3-4B,mgoin/Qwen3-4B-speculator.dflash2,0.0,8,dflash2_unary_k16_tb8,8,52,137,37.6557400013553,23.989792525554567,41.684395516750435,3.286601576000976,58,2.3448275862068964,1.3448275862068966,2.3448275862068964,0,1,1.5044514023473272,False,0.11503501100378344,0.8031600070098648,0.044151724003313575,0.0136423259973526,2.301369283013628
34,mt-bench,Qwen/Qwen3-4B,mgoin/Qwen3-4B-speculator.dflash2,0.0,8,dflash2_unary_k16_tb16,16,52,148,37.73854199971538,20.688628554076736,48.335731746846406,3.061917026003357,54,2.7222222222222223,1.7222222222222223,2.7222222222222223,0,1,1.7445079509622738,False,0.10710133798420429,0.7476049600372789,0.05467425102688139,0.012689772003795952,2.1311228580016177
34,mt-bench,Qwen/Qwen3-4B,mgoin/Qwen3-4B-speculator.dflash2,0.0,8,dflash2_unary_k16_tb32,32,52,137,37.60950900323223,20.432632846724204,48.94131889421787,2.799270700001216,49,2.7755102040816326,1.7755102040816326,2.7755102040816326,0,1,1.7663644855674214,False,0.09716744996694615,0.6792883700036327,0.07583793300000252,0.011726547010766808,1.927176345976477
34,mt-bench,Qwen/Qwen3-4B,mgoin/Qwen3-4B-speculator.dflash2,0.0,8,dflash2_unary_k16_tb64,64,52,136,37.55304800142767,19.3932623750002,51.564300047272965,2.6374836830000277,45,3,2,3,0,1,1.8610317495429451,False,0.08985844002017984,0.621227720999741,0.11782402503013145,0.010757421041489579,1.790021263041126
34,mt-bench,Qwen/Qwen3-4B,mgoin/Qwen3-4B-speculator.dflash2,0.0,8,dflash2_pairwise_k16_tb8,8,52,136,37.438655002915766,22.162965176475527,45.12031634925058,3.014163264000672,53,2.547169811320755,1.5471698113207548,2.547169811320755,0,1,1.6284588600716943,False,0.10508948702772614,0.7327970679762075,0.048910725010500755,0.012391040021611843,2.1065132080038893
34,mt-bench,Qwen/Qwen3-4B,mgoin/Qwen3-4B-speculator.dflash2,0.0,8,dflash2_pairwise_k16_tb16,16,52,136,37.69566099799704,20.491125897077676,48.80161319698954,2.786793122002564,49,2.7551020408163267,1.7755102040816326,2.7551020408163267,0,0.9795918367346939,1.7613223006081453,False,0.09732991702912841,0.6778717819906888,0.05891647301177727,0.011587259017687757,1.9331662760087056
34,mt-bench,Qwen/Qwen3-4B,mgoin/Qwen3-4B-speculator.dflash2,0.0,8,dflash2_pairwise_k16_tb32,32,52,137,37.92735699971672,19.629364591270317,50.94408407110262,2.6892229490040336,47,2.893617021276596,1.8936170212765957,2.893617021276596,0,1,1.838647238899562,False,0.09351160400547087,0.6502348920112127,0.08262506200844655,0.011051578971091658,1.8440785739949206
34,mt-bench,Qwen/Qwen3-4B,mgoin/Qwen3-4B-speculator.dflash2,0.0,8,dflash2_pairwise_k16_tb64,64,52,141,37.79503399709938,16.701873950360934,59.873520957712024,2.3549642270008917,40,3.5,2.525,3.5,0,0.975,2.1609238049789044,True,0.080242008989444,0.5512328290205915,0.11392359497403959,0.011428750993218273,1.5911526249910821
35,mt-bench,Qwen/Qwen3-4B,mgoin/Qwen3-4B-speculator.dflash2,0.0,8,baseline,,219,212,37.195068995060865,36.35733944340142,27.50476287069164,7.707755962001102,211,1,,,,,1.0,True,0.05261598608922213,0.0,0.0,0.0,7.619919081014814
35,mt-bench,Qwen/Qwen3-4B,mgoin/Qwen3-4B-speculator.dflash2,0.0,8,dflash2,,219,258,43.48109300190117,26.617688755809365,37.5690019210157,6.867363698998815,126,2.0396825396825395,1.0396825396825398,2.0396825396825395,0,1,1.365908955392168,False,0.08283948695316212,1.6013364740210818,0.0,0.0,5.164269798951864
35,mt-bench,Qwen/Qwen3-4B,mgoin/Qwen3-4B-speculator.dflash2,0.0,8,dflash2_unary_k16_tb8,8,219,334,36.725687998114154,24.025331278444682,41.62273512112573,8.024460647000524,141,2.3617021276595747,1.3687943262411348,2.3617021276595747,0,0.9929078014184397,1.5132919093615542,False,0.2829369169630809,1.9754739650234114,0.10507609300111653,0.03359516800992424,5.60499959106528
35,mt-bench,Qwen/Qwen3-4B,mgoin/Qwen3-4B-speculator.dflash2,0.0,8,dflash2_unary_k16_tb16,16,219,371,36.634465999668464,20.707317021551617,48.29210848316211,7.6824146149956505,136,2.7205882352941178,1.7205882352941178,2.7205882352941178,0,1,1.75577258055989,False,0.26993606497126166,1.8928801770234713,0.13713468104833737,0.0318680639975355,5.3285054550360655
35,mt-bench,Qwen/Qwen3-4B,mgoin/Qwen3-4B-speculator.dflash2,0.0,8,dflash2_unary_k16_tb32,32,219,371,36.896371995680965,19.617011514829656,50.97616419524662,7.277911272001802,127,2.9133858267716537,1.9133858267716535,2.9133858267716537,0,1,1.853357705169147,False,0.25430817299638875,1.7817392069191555,0.19641307004349073,0.03024422295857221,4.994119775990839
35,mt-bench,Qwen/Qwen3-4B,mgoin/Qwen3-4B-speculator.dflash2,0.0,8,dflash2_unary_k16_tb64,64,219,328,36.73128000082215,19.336654527428546,51.71525397950952,6.3424226849965635,109,3,2,3,0.01834862385321101,1,1.880229043334744,False,0.2171532299835235,1.5057503679709043,0.28305032899515936,0.02569725699868286,4.291940117051126
35,mt-bench,Qwen/Qwen3-4B,mgoin/Qwen3-4B-speculator.dflash2,0.0,8,dflash2_pairwise_k16_tb8,8,219,308,37.41863500181353,21.91202997726743,45.63703139496646,6.748905232998369,118,2.6016949152542375,1.6101694915254237,2.6016949152542375,0.00847457627118644,0.9915254237288136,1.6592410416159633,False,0.23572497598070186,1.651825905959413,0.10914392000995576,0.027789253028458916,4.705501196047408
35,mt-bench,Qwen/Qwen3-4B,mgoin/Qwen3-4B-speculator.dflash2,0.0,8,dflash2_pairwise_k16_tb16,16,219,262,45.17864299850771,21.315444309156895,46.914339926304535,5.584646408999106,97,2.6907216494845363,1.7010309278350515,2.6907216494845363,0,0.9896907216494846,1.7056805814637739,False,0.19602615298936144,1.366002643990214,0.11726787897350732,0.023097002995200455,3.866414298005111
35,mt-bench,Qwen/Qwen3-4B,mgoin/Qwen3-4B-speculator.dflash2,0.0,8,dflash2_pairwise_k16_tb32,32,219,271,36.715779002406634,19.05918515128289,52.468140272654274,5.165039175997663,90,3,2,3,0,1,1.9076019858568918,False,0.1801540980086429,1.257122243034246,0.15800915104773594,0.021721659002650995,3.532803329973831
35,mt-bench,Qwen/Qwen3-4B,mgoin/Qwen3-4B-speculator.dflash2,0.0,8,dflash2_pairwise_k16_tb64,64,219,328,36.7439990004641,18.801292978645417,53.18783134414233,6.166824096995698,103,3.174757281553398,2.174757281553398,3.174757281553398,0.02912621359223301,1,1.9337680384373686,False,0.2103694950346835,1.4588723479246255,0.2975744570358074,0.024758010018558707,4.157107370978338
36,mt-bench,Qwen/Qwen3-4B,mgoin/Qwen3-4B-speculator.dflash2,0.0,8,baseline,,52,51,38.05630799615756,35.06742021572256,28.516497473961532,1.7884384310018506,50,1,,,,,1.0,True,0.012281044990231749,0.0,0.0,0.0,1.767654196039075
36,mt-bench,Qwen/Qwen3-4B,mgoin/Qwen3-4B-speculator.dflash2,0.0,8,dflash2,,52,72,37.0403759952751,29.104996902788116,34.358361326752274,2.0955597770007444,39,1.8205128205128205,0.8461538461538461,1.8205128205128205,0,0.9743589743589743,1.2048590945688529,False,0.025549173027684446,0.47819335700478405,0.0,0.0,1.5860577600105898
36,mt-bench,Qwen/Qwen3-4B,mgoin/Qwen3-4B-speculator.dflash2,0.0,8,dflash2_unary_k16_tb8,8,52,51,39.72221900039585,26.224902823599347,38.131695157326455,1.3374700440035667,24,2.0833333333333335,1.0833333333333333,2.0833333333333335,0,1,1.3371801776197996,True,0.047202527974150144,0.31990762100031134,0.01817173999006627,0.005597113995463587,0.9428975360060576
36,mt-bench,Qwen/Qwen3-4B,mgoin/Qwen3-4B-speculator.dflash2,0.0,8,dflash2_unary_k16_tb16,16,52,51,37.155168000026606,22.895355333257967,43.67698100528679,1.1676631219961564,21,2.380952380952381,1.380952380952381,2.380952380952381,0,1,1.5316390466665244,True,0.041336646005220246,0.27856612501636846,0.02101421599945752,0.004922843982058112,0.8185048780142097
36,mt-bench,Qwen/Qwen3-4B,mgoin/Qwen3-4B-speculator.dflash2,0.0,8,dflash2_unary_k16_tb32,32,52,51,37.317390997486655,20.815204137333613,48.041806047264544,1.0615754110040143,19,2.6315789473684212,1.6842105263157894,2.6315789473684212,0,0.9473684210526315,1.684702200581667,True,0.03748419598559849,0.25127384099323535,0.029295949003426358,0.004449049985851161,0.7359944520139834
36,mt-bench,Qwen/Qwen3-4B,mgoin/Qwen3-4B-speculator.dflash2,0.0,8,dflash2_unary_k16_tb64,64,52,51,37.26655000355095,20.392293568589846,49.03813279445405,1.040006971998082,18,2.7777777777777777,1.8333333333333333,2.7777777777777777,0,0.9444444444444444,1.7196408092975253,True,0.03599323700473178,0.23794532599276863,0.04674642900499748,0.004297923995181918,0.7119559849961661
36,mt-bench,Qwen/Qwen3-4B,mgoin/Qwen3-4B-speculator.dflash2,0.0,8,dflash2_pairwise_k16_tb8,8,52,79,37.204870001005474,27.925268582236377,35.80986148996658,2.2060962179966737,37,2.108108108108108,1.135135135135135,2.108108108108108,0,0.972972972972973,1.2557594607354787,False,0.07715231699694414,0.5313573989842553,0.03514760899270186,0.009069826010090765,1.5471897710012854
36,mt-bench,Qwen/Qwen3-4B,mgoin/Qwen3-4B-speculator.dflash2,0.0,8,dflash2_pairwise_k16_tb16,16,52,90,37.43942399887601,23.712654399989535,42.17157569674871,2.134138895999058,38,2.3421052631578947,1.368421052631579,2.3421052631578947,0,0.9736842105263158,1.47884836611704,False,0.07508716301526874,0.5158085210059653,0.04539944601128809,0.008926375034207013,1.482867332022579
36,mt-bench,Qwen/Qwen3-4B,mgoin/Qwen3-4B-speculator.dflash2,0.0,8,dflash2_pairwise_k16_tb32,32,52,77,37.215990996628534,21.96467216888234,45.52765424000792,1.6912797570039402,30,2.533333333333333,1.5666666666666667,2.533333333333333,0,0.9666666666666667,1.5965373826704807,False,0.059233228006633,0.4044090040406445,0.05255659199610818,0.007031813984212931,1.1631854879888124
36,mt-bench,Qwen/Qwen3-4B,mgoin/Qwen3-4B-speculator.dflash2,0.0,8,dflash2_pairwise_k16_tb64,64,52,72,37.26104100496741,20.12134269443777,49.69847267083395,1.4487366739995196,25,2.84,1.88,2.84,0,0.96,1.7427972252277377,False,0.049602165032410994,0.3344600290074595,0.07122974800586235,0.005932705978921149,0.9832324189992505
37,mt-bench,Qwen/Qwen3-4B,mgoin/Qwen3-4B-speculator.dflash2,0.0,8,baseline,,141,99,37.15052799816476,35.939725323223314,27.824364015209266,3.5580328069991083,98,1,,,,,1.0,True,0.023980232035683002,0.0,0.0,0.0,3.517734993052727
37,mt-bench,Qwen/Qwen3-4B,mgoin/Qwen3-4B-speculator.dflash2,0.0,8,dflash2,,141,85,43.29261100065196,30.400740694141646,32.89393538338046,2.58406295900204,48,1.75,0.7708333333333334,1.75,0,0.9791666666666666,1.18219900247855,False,0.03135580101661617,0.5960750329832081,0.0,0.0,1.9495250460095122
37,mt-bench,Qwen/Qwen3-4B,mgoin/Qwen3-4B-speculator.dflash2,0.0,8,dflash2_unary_k16_tb8,8,141,96,37.16197799803922,22.712284624958556,44.029036114715595,2.1803793239960214,39,2.4358974358974357,1.435897435897436,2.4358974358974357,0,1,1.5823914642091579,False,0.07705912701203488,0.5305495070278994,0.028868063978734426,0.009092740969208535,1.528682783995464
37,mt-bench,Qwen/Qwen3-4B,mgoin/Qwen3-4B-speculator.dflash2,0.0,8,dflash2_unary_k16_tb16,16,141,86,37.2493899994879,19.16509070936225,52.17820333673113,1.6481978010051535,28,3.0357142857142856,2.0714285714285716,3.0357142857142856,0.03571428571428571,0.9642857142857143,1.875270295781411,False,0.05816067201521946,0.3988684840078349,0.02895466699555982,0.006739234006090555,1.1508047870156588
37,mt-bench,Qwen/Qwen3-4B,mgoin/Qwen3-4B-speculator.dflash2,0.0,8,dflash2_unary_k16_tb32,32,141,105,37.13641799549805,18.211410000055494,54.91063020364446,1.9121980500058269,34,3.0588235294117645,2.0588235294117645,3.0588235294117645,0.029411764705882353,1,1.9734729668440718,False,0.06702089797909139,0.4604872269992484,0.051847379974788055,0.007946487989102025,1.3192870599814341
37,mt-bench,Qwen/Qwen3-4B,mgoin/Qwen3-4B-speculator.dflash2,0.0,8,dflash2_unary_k16_tb64,64,141,84,37.15695800201502,21.344825202461273,46.84976290575057,1.7929653170067468,31,2.6774193548387095,1.7096774193548387,2.6774193548387095,0,0.967741935483871,1.6837676102908121,False,0.06166950201441068,0.41910649896453833,0.0800668699957896,0.007322051998926327,1.2194617100030882
37,mt-bench,Qwen/Qwen3-4B,mgoin/Qwen3-4B-speculator.dflash2,0.0,8,dflash2_pairwise_k16_tb8,8,141,107,37.31589200469898,23.03376494397934,43.41452656272696,2.464612849005789,43,2.4651162790697674,1.4883720930232558,2.4651162790697674,0,0.9767441860465116,1.5603061597021894,False,0.08626517001539469,0.594998659020348,0.040078405021631625,0.010357863000535872,1.7259492009907262
37,mt-bench,Qwen/Qwen3-4B,mgoin/Qwen3-4B-speculator.dflash2,0.0,8,dflash2_pairwise_k16_tb16,16,141,86,37.29744099837262,20.242532232534657,49.40093405867264,1.7408577719979803,31,2.7419354838709675,1.7741935483870968,2.7419354838709675,0.03225806451612903,0.967741935483871,1.7754560007793623,False,0.06118062296445714,0.41907049196743174,0.03708626297884621,0.007328872998186853,1.2112471360014752
37,mt-bench,Qwen/Qwen3-4B,mgoin/Qwen3-4B-speculator.dflash2,0.0,8,dflash2_pairwise_k16_tb32,32,141,82,37.144107998756226,21.186680365822323,47.199466019847456,1.7373077899974305,30,2.7,1.7333333333333334,2.7,0,0.9666666666666667,1.69633584415613,False,0.06067207500746008,0.41609000901371473,0.052984556001320016,0.007192161014245357,1.1952377409979817
37,mt-bench,Qwen/Qwen3-4B,mgoin/Qwen3-4B-speculator.dflash2,0.0,8,dflash2_pairwise_k16_tb64,64,141,84,37.15009799634572,21.420100381008176,46.685122021493214,1.799288432004687,31,2.6774193548387095,1.7096774193548387,2.6774193548387095,0,0.967741935483871,1.67785046213363,False,0.06162367700744653,0.41894534599850886,0.08797199199761963,0.007330080989049748,1.2180527729942696
38,mt-bench,Qwen/Qwen3-4B,mgoin/Qwen3-4B-speculator.dflash2,0.0,8,baseline,,63,414,38.03671900095651,36.75137735264737,27.20986455567401,15.215070223996008,413,1,,,,,1.0,True,0.10252250899065984,0.0,0.0,0.0,15.043592464004178
38,mt-bench,Qwen/Qwen3-4B,mgoin/Qwen3-4B-speculator.dflash2,0.0,8,dflash2,,63,376,37.01583499787375,27.157060276585206,36.82283685403899,10.211054663996038,187,2.0053475935828877,1.0106951871657754,2.0053475935828877,0,0.9946524064171123,1.3532899724177572,False,0.1230412799923215,2.3841935500167892,0.0,0.0,7.675648883014219
38,mt-bench,Qwen/Qwen3-4B,mgoin/Qwen3-4B-speculator.dflash2,0.0,8,dflash2_unary_k16_tb8,8,63,352,37.07874700194225,23.4352356789755,42.67078913557213,8.249202958999376,147,2.3877551020408165,1.3877551020408163,2.3877551020408165,0,1,1.5682102734566565,False,0.2943131629290292,2.0649671510909684,0.10951038199709728,0.034930989873828366,5.721835600976192
38,mt-bench,Qwen/Qwen3-4B,mgoin/Qwen3-4B-speculator.dflash2,0.0,8,dflash2_unary_k16_tb16,16,63,414,37.1286380031961,21.95656398308586,45.544466828705325,9.090017488997546,163,2.5337423312883436,1.5337423312883436,2.5337423312883436,0,1,1.67382188674688,False,0.3229266989947064,2.27508567100449,0.1636514059791807,0.03853597700071987,6.263589563961432
38,mt-bench,Qwen/Qwen3-4B,mgoin/Qwen3-4B-speculator.dflash2,0.0,8,dflash2_unary_k16_tb32,32,63,349,36.99018400220666,19.442885699140724,51.43269448136471,6.785567109000113,120,2.9,1.9,2.9,0,1,1.8902223631480581,False,0.2403853190044174,1.6886261680483585,0.18645630597893614,0.028668268962064758,4.621450797028956
38,mt-bench,Qwen/Qwen3-4B,mgoin/Qwen3-4B-speculator.dflash2,0.0,8,dflash2_unary_k16_tb64,64,63,412,37.134316997253336,19.09616435437183,52.36653714551124,7.867619714001194,136,3.0220588235294117,2.0220588235294117,3.0220588235294117,0,1,1.9245423672861086,False,0.27297576195996953,1.8981422040160396,0.3544634139689151,0.03223694497864926,5.286109537970333
38,mt-bench,Qwen/Qwen3-4B,mgoin/Qwen3-4B-speculator.dflash2,0.0,8,dflash2_pairwise_k16_tb8,8,63,419,37.00122299778741,22.63308098805187,44.1831141119455,9.483260933993733,169,2.473372781065089,1.4792899408284024,2.473372781065089,0,0.9940828402366864,1.623790299343188,False,0.3361582399375038,2.3647591690241825,0.15577983698312892,0.03991653195407707,6.559644909983035
38,mt-bench,Qwen/Qwen3-4B,mgoin/Qwen3-4B-speculator.dflash2,0.0,8,dflash2_pairwise_k16_tb16,16,63,386,37.16021799482405,20.439007455943614,48.92605485640656,7.889456877994236,140,2.75,1.7571428571428571,2.75,0,0.9928571428571429,1.7980999044041226,False,0.27962950301298406,1.967742923014157,0.16874859901872696,0.03321500102174468,5.417254906038579
38,mt-bench,Qwen/Qwen3-4B,mgoin/Qwen3-4B-speculator.dflash2,0.0,8,dflash2_pairwise_k16_tb32,32,63,391,37.11403800116386,18.75602472377012,53.31620184594167,7.333605666994117,128,3.046875,2.046875,3.046875,0,1,1.9594438530501161,False,0.25845189196115825,1.8139752339338884,0.22687110405240674,0.03081806997215608,4.981782789021963
38,mt-bench,Qwen/Qwen3-4B,mgoin/Qwen3-4B-speculator.dflash2,0.0,8,dflash2_pairwise_k16_tb64,64,63,382,36.961573001462966,17.671687989523885,56.58768990222208,6.750584811998124,117,3.2564102564102564,2.264957264957265,3.2564102564102564,0,0.9914529914529915,2.0796755451111566,False,0.23354421298427042,1.6217919540431467,0.3356224629751523,0.02769275996251963,4.511509090021718
39,mt-bench,Qwen/Qwen3-4B,mgoin/Qwen3-4B-speculator.dflash2,0.0,8,baseline,,474,544,37.08420699695125,36.57239645772011,27.343026349286685,19.895383672999742,543,1,,,,,1.0,True,0.13436789291154128,0.0,0.0,0.0,19.670945133017085
39,mt-bench,Qwen/Qwen3-4B,mgoin/Qwen3-4B-speculator.dflash2,0.0,8,dflash2,,474,514,37.00836499774596,23.415104075876727,42.70747619824778,12.035363495000638,223,2.3004484304932737,1.3004484304932735,2.3004484304932737,0.008968609865470852,1,1.5619147512309632,False,0.14520482796797296,2.807899410043319,0.0,0.0,9.048930491939245
39,mt-bench,Qwen/Qwen3-4B,mgoin/Qwen3-4B-speculator.dflash2,0.0,8,dflash2_unary_k16_tb8,8,474,580,37.090997997438535,20.989066118962565,47.64385391575618,12.173658348998288,213,2.7183098591549295,1.7183098591549295,2.7183098591549295,0.004694835680751174,1,1.7424499141807357,False,0.4300987970273127,3.009742253991135,0.15953785702731693,0.05042874797072727,8.489340082975104
39,mt-bench,Qwen/Qwen3-4B,mgoin/Qwen3-4B-speculator.dflash2,0.0,8,dflash2_unary_k16_tb16,16,474,548,37.236290001601446,19.322229445261144,51.75386219447125,10.588581736003107,187,2.9251336898395723,1.9304812834224598,2.9251336898395723,0.0053475935828877,0.9946524064171123,1.8927627663944153,False,0.3723487959650811,2.6146703500053263,0.1887179449913674,0.04425940601504408,7.338244143022166
39,mt-bench,Qwen/Qwen3-4B,mgoin/Qwen3-4B-speculator.dflash2,0.0,8,dflash2_unary_k16_tb32,32,474,514,43.765210000856314,18.296840752912427,54.654244057998014,9.404576146996988,163,3.147239263803681,2.1533742331288344,3.147239263803681,0.006134969325153374,0.9938650306748467,1.998836681786097,False,0.3298637079715263,2.303597005957272,0.25373662800120655,0.038945270964177325,6.4510045700735645
39,mt-bench,Qwen/Qwen3-4B,mgoin/Qwen3-4B-speculator.dflash2,0.0,8,dflash2_unary_k16_tb64,64,474,568,37.09012799663469,17.40320308627034,57.460686693297035,9.885019353001553,169,3.3550295857988166,2.36094674556213,3.3550295857988166,0.01775147928994083,0.9940828402366864,2.1014750144801013,False,0.33943575404555304,2.358878380022361,0.43973745600669645,0.04024899599608034,6.677387509022083
39,mt-bench,Qwen/Qwen3-4B,mgoin/Qwen3-4B-speculator.dflash2,0.0,8,dflash2_pairwise_k16_tb8,8,474,503,37.139726999157574,21.111518172959187,47.36750771817329,10.619093640998472,184,2.7282608695652173,1.733695652173913,2.7282608695652173,0,0.9945652173913043,1.7323432714831508,False,0.37276806908630533,2.6123531949779135,0.17198176796955522,0.04392424698744435,7.388204610033426
39,mt-bench,Qwen/Qwen3-4B,mgoin/Qwen3-4B-speculator.dflash2,0.0,8,dflash2_pairwise_k16_tb16,16,474,485,37.051436003821436,19.103682222677104,52.34592935245468,9.265285877998394,162,2.9876543209876543,1.9938271604938271,2.9876543209876543,0,0.9938271604938271,1.9144160812257807,False,0.3251394040635205,2.2799678680166835,0.19613066204328788,0.03837619991827523,6.399307811938343
39,mt-bench,Qwen/Qwen3-4B,mgoin/Qwen3-4B-speculator.dflash2,0.0,8,dflash2_pairwise_k16_tb32,32,474,503,37.06948600301985,17.428523097416985,57.377208293008266,8.766547118000744,154,3.25974025974026,2.2662337662337664,3.25974025974026,0.006493506493506494,0.9935064935064936,2.0984220093290844,False,0.3061472890112782,2.140915019037493,0.2696094279308454,0.03661914201802574,5.987578048996511
39,mt-bench,Qwen/Qwen3-4B,mgoin/Qwen3-4B-speculator.dflash2,0.0,8,dflash2_pairwise_k16_tb64,64,474,660,37.063905998365954,15.532927898488142,64.37936276632897,10.251732413002173,175,3.7657142857142856,2.7657142857142856,3.7657142857142856,0.017142857142857144,1,2.354507578785568,False,0.35011824003595393,2.4376291309454245,0.4977820240310393,0.04162618098780513,6.893907927056716
40,mt-bench,Qwen/Qwen3-4B,mgoin/Qwen3-4B-speculator.dflash2,0.0,8,baseline,,50,106,45.43015800300054,36.24358284904925,27.591091205438936,3.8418197819992197,105,1,,,,,1.0,True,0.025870577032037545,0.0,0.0,0.0,3.7984147110255435
40,mt-bench,Qwen/Qwen3-4B,mgoin/Qwen3-4B-speculator.dflash2,0.0,8,dflash2,,50,106,37.10885700274957,17.225193830216874,58.054499116623845,1.8258705460029887,33,3.1818181818181817,2.212121212121212,3.1818181818181817,0.030303030303030304,0.9696969696969697,2.1041030484934122,True,0.021918366015597712,0.4184612289900542,0.0,0.0,1.3804330560233211
40,mt-bench,Qwen/Qwen3-4B,mgoin/Qwen3-4B-speculator.dflash2,0.0,8,dflash2_unary_k16_tb8,8,50,106,42.394878997583874,16.39411548109459,60.99749639760575,1.7377762409960267,31,3.3870967741935485,2.4193548387096775,3.3870967741935485,0.06451612903225806,0.967741935483871,2.2107678142712066,True,0.06122288700862555,0.419144294988655,0.023784940007317346,0.007230237984913401,1.2214941080092103
40,mt-bench,Qwen/Qwen3-4B,mgoin/Qwen3-4B-speculator.dflash2,0.0,8,dflash2_unary_k16_tb16,16,50,106,37.326042001950555,15.83340110376429,63.15762440719426,1.6783405169990147,30,3.5,2.533333333333333,3.5,0.03333333333333333,0.9666666666666667,2.28905859275128,True,0.05927682199398987,0.4047049950095243,0.030141706978611182,0.007030470958852675,1.1724138220306486
40,mt-bench,Qwen/Qwen3-4B,mgoin/Qwen3-4B-speculator.dflash2,0.0,8,dflash2_unary_k16_tb32,32,50,106,37.29359099816065,13.779689047160506,72.57057808616253,1.4606470389990136,26,4.038461538461538,3.076923076923077,4.038461538461538,0.038461538461538464,0.9615384615384616,2.630217759269229,True,0.05139764598425245,0.34955378499580547,0.0395673479870311,0.006105939988628961,1.0098003620078089
40,mt-bench,Qwen/Qwen3-4B,mgoin/Qwen3-4B-speculator.dflash2,0.0,8,dflash2_unary_k16_tb64,64,50,106,37.18873899924802,13.610922320779382,73.47040681242669,1.4427577660026145,25,4.2,3.24,4.2,0.08,0.96,2.662830776259539,True,0.04977170499478234,0.3355818930067471,0.06366393901407719,0.005868926011316944,0.9835665579885244
40,mt-bench,Qwen/Qwen3-4B,mgoin/Qwen3-4B-speculator.dflash2,0.0,8,dflash2_pairwise_k16_tb8,8,50,106,37.27774100116221,15.351330933934253,65.14093170837006,1.6272410789970309,29,3.6206896551724137,2.6206896551724137,3.6206896551724137,0.034482758620689655,1,2.3609407552365695,True,0.05720725198625587,0.3909146240184782,0.02678487699449761,0.0067777549993479624,1.1410282319848193
40,mt-bench,Qwen/Qwen3-4B,mgoin/Qwen3-4B-speculator.dflash2,0.0,8,dflash2_pairwise_k16_tb16,16,50,106,37.190598995948676,14.274709556597166,70.0539647433907,1.5131192129992996,27,3.888888888888889,2.925925925925926,3.888888888888889,0.037037037037037035,0.9629629629629629,2.5390066750814553,True,0.05335762396862265,0.3635696199780796,0.032182694994844496,0.006303761991148349,1.0533908710058313
40,mt-bench,Qwen/Qwen3-4B,mgoin/Qwen3-4B-speculator.dflash2,0.0,8,dflash2_pairwise_k16_tb32,32,50,106,37.27621099824319,13.421302650934898,74.50841591224696,1.4226580809990992,24,4.375,3.375,4.375,0.08333333333333333,1,2.7004519450669418,True,0.04981167200458003,0.33840258498094045,0.042924391986161936,0.005959913010883611,0.981506055999489
40,mt-bench,Qwen/Qwen3-4B,mgoin/Qwen3-4B-speculator.dflash2,0.0,8,dflash2_pairwise_k16_tb64,64,50,106,37.13015699759126,11.879411282966172,84.17925570384914,1.2592175959944143,21,5,4.0476190476190474,5,0.14285714285714285,0.9523809523809523,3.0509578282737575,True,0.04351926599338185,0.2899359180300962,0.06026978300360497,0.0051512290010578,0.8566322869810392
41,mt-bench,Qwen/Qwen3-4B,mgoin/Qwen3-4B-speculator.dflash2,0.0,8,baseline,,189,175,37.19125899806386,37.29952632574298,26.809991935737557,6.5274171070050215,174,1,,,,,1.0,True,0.04364045699185226,0.0,0.0,0.0,6.454123077914119
41,mt-bench,Qwen/Qwen3-4B,mgoin/Qwen3-4B-speculator.dflash2,0.0,8,dflash2,,189,175,37.047766003524885,14.36563789146021,69.61055315159096,2.5139866310055368,47,3.702127659574468,2.723404255319149,3.702127659574468,0.0851063829787234,0.9787234042553191,2.596440659827298,True,0.029593105980893597,0.5808052959910128,0.0,0.0,1.896694030976505
41,mt-bench,Qwen/Qwen3-4B,mgoin/Qwen3-4B-speculator.dflash2,0.0,8,dflash2_unary_k16_tb8,8,189,173,37.27003100357251,15.253747953749679,65.5576585526431,2.6388983959986945,47,3.6595744680851063,2.6808510638297873,3.6595744680851063,0.06382978723404255,0.9787234042553191,2.445269611038381,False,0.0934399830075563,0.6439689169856138,0.03466500901413383,0.010980520986777265,1.8484378979919711
41,mt-bench,Qwen/Qwen3-4B,mgoin/Qwen3-4B-speculator.dflash2,0.0,8,dflash2_unary_k16_tb16,16,189,232,37.15377800108399,14.068884245685256,71.0788419704773,3.2639811449989793,58,3.9827586206896552,2.9827586206896552,3.9827586206896552,0.08620689655172414,1,2.651207137281143,False,0.11483740900439443,0.7985264270027983,0.057797413028310984,0.013557291014876682,2.270048830025189
41,mt-bench,Qwen/Qwen3-4B,mgoin/Qwen3-4B-speculator.dflash2,0.0,8,dflash2_unary_k16_tb32,32,189,231,37.02739499567542,13.477797601729817,74.19609861715496,3.1133712459995877,55,4.181818181818182,3.1818181818181817,4.181818181818182,0.12727272727272726,1,2.7674793336379935,False,0.10897365499840816,0.7556973739847308,0.08287366003060015,0.013016944976698142,2.143711403987254
41,mt-bench,Qwen/Qwen3-4B,mgoin/Qwen3-4B-speculator.dflash2,0.0,8,dflash2_unary_k16_tb64,64,189,175,37.193739000940695,12.603464491424218,79.34326317025216,2.205606285999238,37,4.702702702702703,3.72972972972973,4.702702702702703,0.13513513513513514,0.972972972972973,2.959466133389174,True,0.0759368410508614,0.5195214689883869,0.09357224801351549,0.008965198001533281,1.5010934510137304
41,mt-bench,Qwen/Qwen3-4B,mgoin/Qwen3-4B-speculator.dflash2,0.0,8,dflash2_pairwise_k16_tb8,8,189,175,37.06199600128457,14.142563588559694,70.70853835926376,2.4749486279979465,44,3.9545454545454546,2.977272727272727,3.9545454545454546,0.06818181818181818,0.9772727272727273,2.637394987986166,True,0.0871306349945371,0.6003959700101404,0.0402141339800437,0.010349618998588994,1.729876534009236
41,mt-bench,Qwen/Qwen3-4B,mgoin/Qwen3-4B-speculator.dflash2,0.0,8,dflash2_pairwise_k16_tb16,16,189,175,37.075296000693925,13.333211754299036,75.00068388830391,2.333312057002331,40,4.35,3.375,4.35,0.125,0.975,2.797489983140519,True,0.08198277403425891,0.5666989959790953,0.048379603009379935,0.009634442008973565,1.6200363710086094
41,mt-bench,Qwen/Qwen3-4B,mgoin/Qwen3-4B-speculator.dflash2,0.0,8,dflash2_pairwise_k16_tb32,32,189,231,36.96785400097724,13.288110277059365,75.2552454148731,3.0695534740007133,54,4.2592592592592595,3.2777777777777777,4.2592592592592595,0.14814814814814814,0.9814814814814815,2.806985007502308,False,0.10723926098580705,0.7423427939938847,0.09236181797314202,0.01274994502455229,2.106008433023817
41,mt-bench,Qwen/Qwen3-4B,mgoin/Qwen3-4B-speculator.dflash2,0.0,8,dflash2_pairwise_k16_tb64,64,189,169,37.242402002448216,11.850938715993705,84.38150124347763,2.002808643002936,34,4.9411764705882355,3.9705882352941178,4.9411764705882355,0.23529411764705882,0.9705882352941176,3.1473900270368076,False,0.06928596099169226,0.4664898649934912,0.09296178898512153,0.008091161012998782,1.3600586479951744
42,mt-bench,Qwen/Qwen3-4B,mgoin/Qwen3-4B-speculator.dflash2,0.0,8,baseline,,48,129,38.69138399750227,36.72546180618959,27.229065362806768,4.737584572998458,128,1,,,,,1.0,True,0.03211582203221042,0.0,0.0,0.0,4.6837252469558734
42,mt-bench,Qwen/Qwen3-4B,mgoin/Qwen3-4B-speculator.dflash2,0.0,8,dflash2,,48,128,37.120107997907326,18.813976148408074,53.151975537324894,2.4081889469962334,45,2.8222222222222224,1.8222222222222222,2.8222222222222224,0.06666666666666667,1,1.9520308475195491,False,0.028620441997190937,0.5557150180247845,0.0,0.0,1.8173021439724835
42,mt-bench,Qwen/Qwen3-4B,mgoin/Qwen3-4B-speculator.dflash2,0.0,8,dflash2_unary_k16_tb8,8,48,129,37.2554509958718,18.412644465119115,54.3105039525636,2.375231136000366,42,3.0476190476190474,2.0714285714285716,3.0476190476190474,0.023809523809523808,0.9761904761904762,1.9945783385847835,True,0.08354731599683873,0.5761091969980043,0.0315229630068643,0.009908853993692901,1.6675460589976865
42,mt-bench,Qwen/Qwen3-4B,mgoin/Qwen3-4B-speculator.dflash2,0.0,8,dflash2_unary_k16_tb16,16,48,145,43.45650399773149,16.458072786215403,60.76045555209589,2.3864205540012335,42,3.4285714285714284,2.4523809523809526,3.4285714285714284,0,0.9761904761904762,2.231455789705178,False,0.08330957400175976,0.5796010639896849,0.042471622029552236,0.009922759010805748,1.664290862994676
42,mt-bench,Qwen/Qwen3-4B,mgoin/Qwen3-4B-speculator.dflash2,0.0,8,dflash2_unary_k16_tb32,32,48,145,37.240860001475085,15.16679206206704,65.93352080701716,2.199184848999721,39,3.6923076923076925,2.717948717948718,3.6923076923076925,0.05128205128205128,0.9743589743589743,2.421439000145716,False,0.07700488402042538,0.532107807972352,0.05951625497255009,0.009169286029646173,1.514993258046161
42,mt-bench,Qwen/Qwen3-4B,mgoin/Qwen3-4B-speculator.dflash2,0.0,8,dflash2_unary_k16_tb64,64,48,129,37.25376899819821,16.00637982167166,62.47508875467649,2.0648229969956446,34,3.764705882352941,2.7941176470588234,3.764705882352941,0.058823529411764705,0.9705882352941176,2.2944264858981764,True,0.07110341199586401,0.48501056098757545,0.08907900896883802,0.008428473993262742,1.4050977060178411
42,mt-bench,Qwen/Qwen3-4B,mgoin/Qwen3-4B-speculator.dflash2,0.0,8,dflash2_pairwise_k16_tb8,8,48,129,37.32887199294055,16.995072875985453,58.84058322650854,2.1923644010021235,39,3.282051282051282,2.3076923076923075,3.282051282051282,0.02564102564102564,0.9743589743589743,2.1609475919390597,True,0.07691598798555788,0.5309772330074338,0.03581382097036112,0.009108993988775183,1.5333518980114604
42,mt-bench,Qwen/Qwen3-4B,mgoin/Qwen3-4B-speculator.dflash2,0.0,8,dflash2_pairwise_k16_tb16,16,48,129,37.463964996277355,16.003907899225183,62.48473849617782,2.0645041190000484,36,3.5555555555555554,2.5833333333333335,3.5555555555555554,0.027777777777777776,0.9722222222222222,2.294780877111123,True,0.07244142501440365,0.4981737079942832,0.043558611992921215,0.0084848649930791,1.4359479079939774
42,mt-bench,Qwen/Qwen3-4B,mgoin/Qwen3-4B-speculator.dflash2,0.0,8,dflash2_pairwise_k16_tb32,32,48,129,43.919594994804356,13.59940970543494,73.53260337471521,1.7543238520011073,31,4.129032258064516,3.161290322580645,4.129032258064516,0.06451612903225806,0.967741935483871,2.7005188167477914,True,0.061186042010376696,0.42048929697921267,0.053747508995002136,0.007351771004323382,1.2064164770272328
42,mt-bench,Qwen/Qwen3-4B,mgoin/Qwen3-4B-speculator.dflash2,0.0,8,dflash2_pairwise_k16_tb64,64,48,129,37.393411999801174,13.523436643389891,73.94570081332019,1.744523326997296,30,4.266666666666667,3.3,4.266666666666667,0.13333333333333333,0.9666666666666667,2.7156900109515134,True,0.05978553101158468,0.40651545199216343,0.08332530601910548,0.0070784639901830815,1.1826385189851862
43,mt-bench,Qwen/Qwen3-4B,mgoin/Qwen3-4B-speculator.dflash2,0.0,8,baseline,,204,352,37.04670500155771,36.60412071590971,27.319328546672544,12.884650492000219,351,1,,,,,1.0,True,0.08722601499175653,0.0,0.0,0.0,12.738638010909199
43,mt-bench,Qwen/Qwen3-4B,mgoin/Qwen3-4B-speculator.dflash2,0.0,8,dflash2,,204,358,37.06468600285007,15.464466907817762,64.66436935465713,5.536279152998759,103,3.466019417475728,2.4757281553398056,3.466019417475728,0.11650485436893204,0.9902912621359223,2.3669823818760416,False,0.06385846406192286,1.2889771069894778,0.0,0.0,4.167989758963813
43,mt-bench,Qwen/Qwen3-4B,mgoin/Qwen3-4B-speculator.dflash2,0.0,8,dflash2_unary_k16_tb8,8,204,352,37.10602700448362,14.579544755695844,68.58924724719724,5.131999754004937,91,3.857142857142857,2.868131868131868,3.857142857142857,0.10989010989010989,0.989010989010989,2.5106490860497854,True,0.18022123996342998,1.261620554003457,0.06707346801704261,0.021222394017968327,3.58752451500186
43,mt-bench,Qwen/Qwen3-4B,mgoin/Qwen3-4B-speculator.dflash2,0.0,8,dflash2_unary_k16_tb16,16,204,348,36.978413998440374,13.492176571831472,74.11702586873697,4.695277446997352,82,4.2317073170731705,3.2439024390243905,4.2317073170731705,0.13414634146341464,0.9878048780487805,2.7129885620034506,False,0.1642638760167756,1.1519025460074772,0.08198525698389858,0.01958211098826723,3.264372348021425
43,mt-bench,Qwen/Qwen3-4B,mgoin/Qwen3-4B-speculator.dflash2,0.0,8,dflash2_unary_k16_tb32,32,204,348,37.176589998125564,12.407978681050276,80.59330417187297,4.317976581005496,76,4.565789473684211,3.5789473684210527,4.565789473684211,0.14473684210526316,0.9868421052631579,2.9500470348012677,False,0.15153313498740317,1.053549942036625,0.11398075697798049,0.017965981052839197,2.968313699006103
43,mt-bench,Qwen/Qwen3-4B,mgoin/Qwen3-4B-speculator.dflash2,0.0,8,dflash2_unary_k16_tb64,64,204,529,44.631128999753855,12.556547338378133,79.63972683347245,6.642413542002032,111,4.756756756756757,3.7567567567567566,4.756756756756757,0.16216216216216217,1,2.915142174794499,False,0.22738169204239966,1.5827637499605771,0.28693974306224845,0.026921947028313298,4.498828075993515
43,mt-bench,Qwen/Qwen3-4B,mgoin/Qwen3-4B-speculator.dflash2,0.0,8,dflash2_pairwise_k16_tb8,8,204,353,36.961623998649884,13.589660790370461,73.58535400004929,4.797150259000773,85,4.141176470588236,3.152941176470588,4.141176470588236,0.1411764705882353,0.9882352941176471,2.6935271807407535,False,0.16828262999479193,1.1746597339806613,0.07770522196369711,0.01993196900730254,3.3430439369840315
43,mt-bench,Qwen/Qwen3-4B,mgoin/Qwen3-4B-speculator.dflash2,0.0,8,dflash2_pairwise_k16_tb16,16,204,347,36.93863299849909,11.89052670606045,84.10056381188839,4.126012767002976,73,4.739726027397261,3.7534246575342465,4.739726027397261,0.1917808219178082,0.9863013698630136,3.0784271900464306,False,0.14543767904979177,1.0090258410054957,0.08590900499257259,0.01710580698272679,2.8568513940190314
43,mt-bench,Qwen/Qwen3-4B,mgoin/Qwen3-4B-speculator.dflash2,0.0,8,dflash2_pairwise_k16_tb32,32,204,334,36.987825005780905,11.580570883229676,86.35152878759571,3.8679106749987113,68,4.897058823529412,3.911764705882353,4.897058823529412,0.20588235294117646,0.9852941176470589,3.160821783744506,False,0.13500431197462603,0.9397118640044937,0.11593137698218925,0.01588947000709595,2.6501433400189853
43,mt-bench,Qwen/Qwen3-4B,mgoin/Qwen3-4B-speculator.dflash2,0.0,8,dflash2_pairwise_k16_tb64,64,204,510,36.99571399920387,10.869669156875485,91.9991202646183,5.543531270006497,95,5.3578947368421055,4.368421052631579,5.3578947368421055,0.23157894736842105,0.9894736842105263,3.367546903923584,False,0.18970348799484782,1.3161567049755831,0.25892791598744225,0.022496053992654197,3.7399210120129283
44,mt-bench,Qwen/Qwen3-4B,mgoin/Qwen3-4B-speculator.dflash2,0.0,8,baseline,,34,778,38.14314000192098,36.59337155398702,27.327353494188902,28.469643069001904,777,1,,,,,1.0,True,0.19253704205038957,0.0,0.0,0.0,28.147407868869777
44,mt-bench,Qwen/Qwen3-4B,mgoin/Qwen3-4B-speculator.dflash2,0.0,8,dflash2,,34,799,36.95054300624179,19.39881087234331,51.54955149470991,15.499649887002306,284,2.8098591549295775,1.8133802816901408,2.8098591549295775,0.014084507042253521,0.9964788732394366,1.8863718912873069,False,0.18590778994985158,3.626770202012267,0.0,0.0,11.644287080096547
44,mt-bench,Qwen/Qwen3-4B,mgoin/Qwen3-4B-speculator.dflash2,0.0,8,dflash2_unary_k16_tb8,8,34,769,37.05789599916898,18.420178477245678,54.28829048726609,14.165117249001925,249,3.0843373493975905,2.0843373493975905,3.0843373493975905,0.008032128514056224,1,1.9865915848313072,False,0.4974646740447497,3.4981303160529933,0.18507400800444884,0.058788236005057115,9.886115334011265
44,mt-bench,Qwen/Qwen3-4B,mgoin/Qwen3-4B-speculator.dflash2,0.0,8,dflash2_unary_k16_tb16,16,34,768,37.2902220042306,16.66449922916513,60.00780378985914,12.79833540799882,224,3.424107142857143,2.4285714285714284,3.424107142857143,0.03125,0.9955357142857143,2.195887860221066,False,0.44772773403383326,3.159855842932302,0.22624609600461554,0.053055482036143076,8.87497395403625
44,mt-bench,Qwen/Qwen3-4B,mgoin/Qwen3-4B-speculator.dflash2,0.0,8,dflash2_unary_k16_tb32,32,34,764,37.07475600094767,15.790998225131727,63.3272188206872,12.064322644000638,210,3.6333333333333333,2.638095238095238,3.6333333333333333,0.0380952380952381,0.9952380952380953,2.3173564477860467,False,0.42128167895862134,2.964365668973187,0.32289949297410203,0.049881196922797244,8.270815504918573
44,mt-bench,Qwen/Qwen3-4B,mgoin/Qwen3-4B-speculator.dflash2,0.0,8,dflash2_unary_k16_tb64,64,34,720,37.19265900144819,15.944533483333442,62.71741980066607,11.480064108000079,193,3.7253886010362693,2.7305699481865284,3.7253886010362693,0.05181347150259067,0.9948186528497409,2.2950418456731563,False,0.39296249793551397,2.7475648659601575,0.5006722069665557,0.046509483028785326,7.7584428649861366
44,mt-bench,Qwen/Qwen3-4B,mgoin/Qwen3-4B-speculator.dflash2,0.0,8,dflash2_pairwise_k16_tb8,8,34,764,37.27836000325624,17.870805715964995,55.957186032560564,13.653295566997256,239,3.192468619246862,2.196652719665272,3.192468619246862,0.02092050209205021,0.99581589958159,2.047662099605062,False,0.4767681889497908,3.3625251639605267,0.22116882301634178,0.05660771296970779,9.497731755996938
44,mt-bench,Qwen/Qwen3-4B,mgoin/Qwen3-4B-speculator.dflash2,0.0,8,dflash2_pairwise_k16_tb16,16,34,724,43.891654000617564,15.74267145717878,63.52162037555527,11.397694134997437,199,3.6331658291457285,2.6381909547738696,3.6331658291457285,0.04020100502512563,0.9949748743718593,2.3244702561140067,False,0.39847371506039053,2.807485238983645,0.23925856096320786,0.04686575402593007,7.873157690963126
44,mt-bench,Qwen/Qwen3-4B,mgoin/Qwen3-4B-speculator.dflash2,0.0,8,dflash2_pairwise_k16_tb32,32,34,794,37.100196997926105,14.373016459701311,69.57481770119541,11.412175069002842,198,4.005050505050505,3.005050505050505,4.005050505050505,0.06565656565656566,1,2.5459771549407573,False,0.3977235920028761,2.791782429012528,0.3451395219890401,0.04730341494723689,7.796992124021926
44,mt-bench,Qwen/Qwen3-4B,mgoin/Qwen3-4B-speculator.dflash2,0.0,8,dflash2_pairwise_k16_tb64,64,34,709,36.993964000430424,14.508297057830639,68.9260769898742,10.286382614001923,173,4.092485549132948,3.098265895953757,4.092485549132948,0.07514450867052024,0.9942196531791907,2.522237545049182,False,0.35065871003462235,2.4476363599824253,0.49015359995973995,0.0415440240103635,6.92578066700662
45,mt-bench,Qwen/Qwen3-4B,mgoin/Qwen3-4B-speculator.dflash2,0.0,8,baseline,,762,699,49.48896400310332,36.66023488126478,27.277512084655253,25.62550418200408,698,1,,,,,1.0,True,0.17141105997143313,0.0,0.0,0.0,25.33794456312171
45,mt-bench,Qwen/Qwen3-4B,mgoin/Qwen3-4B-speculator.dflash2,0.0,8,dflash2,,762,739,49.41581100138137,18.263460635998005,54.75413558966807,13.496697410002524,249,2.963855421686747,1.9678714859437751,2.963855421686747,0.060240963855421686,0.9959839357429718,2.0072994714378503,False,0.1592405260525993,3.1512679740772,0.0,0.0,10.149049509876932
45,mt-bench,Qwen/Qwen3-4B,mgoin/Qwen3-4B-speculator.dflash2,0.0,8,dflash2_unary_k16_tb8,8,762,731,49.41511200013338,17.859362805750006,55.993039106526226,13.055194211003254,230,3.1739130434782608,2.1782608695652175,3.1739130434782608,0.04782608695652174,0.9956521739130435,2.0527179653610954,False,0.46144861994253006,3.232539601100143,0.17162695301522035,0.05447823197027901,9.09839441603981
45,mt-bench,Qwen/Qwen3-4B,mgoin/Qwen3-4B-speculator.dflash2,0.0,8,dflash2_unary_k16_tb16,16,762,823,49.483201997645665,16.227405492107003,61.62414567667019,13.355154720004064,234,3.5128205128205128,2.517094017094017,3.5128205128205128,0.07692307692307693,0.9957264957264957,2.2591556548640064,False,0.4704702199960593,3.304100325985928,0.23595630794443423,0.05562861003272701,9.250849854965054
45,mt-bench,Qwen/Qwen3-4B,mgoin/Qwen3-4B-speculator.dflash2,0.0,8,dflash2_unary_k16_tb32,32,762,734,49.716627996531315,14.632416810631883,68.34141023603169,10.740193939003802,188,3.898936170212766,2.904255319148936,3.898936170212766,0.0797872340425532,0.9946808510638298,2.5054121513697947,False,0.37752321604057215,2.639015107015439,0.2888195989144151,0.04467760704574175,7.358887526002945
45,mt-bench,Qwen/Qwen3-4B,mgoin/Qwen3-4B-speculator.dflash2,0.0,8,dflash2_unary_k16_tb64,64,762,710,49.50783399544889,14.925219671834345,67.00068890021889,10.596905967002385,179,3.9608938547486034,2.9664804469273744,3.9608938547486034,0.08379888268156424,0.994413407821229,2.4562609922885743,False,0.36425463805062464,2.5381888130141306,0.4637288959202124,0.042976598037057556,7.156309878992033
45,mt-bench,Qwen/Qwen3-4B,mgoin/Qwen3-4B-speculator.dflash2,0.0,8,dflash2_pairwise_k16_tb8,8,762,792,49.50366300181486,16.264206054295233,61.48471045322922,12.881251195001823,225,3.5155555555555558,2.52,3.5155555555555558,0.04888888888888889,0.9955555555555555,2.254043926821939,False,0.4520933039893862,3.1794973620562814,0.2091038589787786,0.053272483026375994,8.950931108993245
45,mt-bench,Qwen/Qwen3-4B,mgoin/Qwen3-4B-speculator.dflash2,0.0,8,dflash2_pairwise_k16_tb16,16,762,732,49.42636100167874,15.381850333331068,65.01168444170148,11.259514443998341,197,3.7106598984771573,2.715736040609137,3.7106598984771573,0.09137055837563451,0.9949238578680203,2.383343621659443,False,0.39535177100333385,2.7752217349552666,0.2367576449905755,0.046764882987190504,7.773166979968664
45,mt-bench,Qwen/Qwen3-4B,mgoin/Qwen3-4B-speculator.dflash2,0.0,8,dflash2_pairwise_k16_tb32,32,762,811,49.52586400031578,14.08717223058138,70.986567327482,11.4246966790015,199,4.0703517587939695,3.0753768844221105,4.0703517587939695,0.10050251256281408,0.9949748743718593,2.6023842316402064,False,0.3993568529986078,2.7956077830749564,0.34633964204840595,0.047329665008874144,7.802814038965153
45,mt-bench,Qwen/Qwen3-4B,mgoin/Qwen3-4B-speculator.dflash2,0.0,8,dflash2_pairwise_k16_tb64,64,762,722,49.42894200212322,13.092879675906536,76.37739173912948,9.453059126004518,160,4.50625,3.5125,4.50625,0.15,0.99375,2.8000131207748584,False,0.32393573602166725,2.2562460039989674,0.449909808972734,0.0384185520306346,6.356598937018134
46,mt-bench,Qwen/Qwen3-4B,mgoin/Qwen3-4B-speculator.dflash2,0.0,8,baseline,,31,247,39.11354300362291,36.542826530370185,27.36515193122555,9.026078153001436,246,1,,,,,1.0,True,0.0611871850778698,0.0,0.0,0.0,8.923612014019454
46,mt-bench,Qwen/Qwen3-4B,mgoin/Qwen3-4B-speculator.dflash2,0.0,8,dflash2,,31,241,37.81056400475791,16.19940190455858,61.730674125604345,3.9040558589986176,72,3.3333333333333335,2.3472222222222223,3.3333333333333335,0.041666666666666664,0.9861111111111112,2.2558133161747707,False,0.046322298992890865,0.904670282965526,0.0,0.0,2.9424529479729244
46,mt-bench,Qwen/Qwen3-4B,mgoin/Qwen3-4B-speculator.dflash2,0.0,8,dflash2_unary_k16_tb8,8,31,241,38.46568900189595,14.848794775925137,67.34553309480272,3.578559540997958,64,3.75,2.765625,3.75,0.03125,0.984375,2.4609961334786803,False,0.1269299830091768,0.8895119470107602,0.0480311409701244,0.015027973007818218,2.4889092599478317
46,mt-bench,Qwen/Qwen3-4B,mgoin/Qwen3-4B-speculator.dflash2,0.0,8,dflash2_unary_k16_tb16,16,31,247,37.80935399845475,13.83925169636354,72.25824213188956,3.4182951690017944,61,4.032786885245901,3.0491803278688523,4.032786885245901,0.06557377049180328,0.9836065573770492,2.6405204076151265,True,0.12152547901496291,0.8481252739657066,0.06268868900224334,0.014510467990476172,2.361617264992674
46,mt-bench,Qwen/Qwen3-4B,mgoin/Qwen3-4B-speculator.dflash2,0.0,8,dflash2_unary_k16_tb32,32,31,259,38.21508299733978,13.254916640918864,75.4437034264651,3.433023409997986,61,4.229508196721311,3.2295081967213113,4.229508196721311,0.06557377049180328,1,2.7569261671220096,False,0.1211553290777374,0.8491054859914584,0.09350298699428095,0.014495899995381478,2.3447233760161907
46,mt-bench,Qwen/Qwen3-4B,mgoin/Qwen3-4B-speculator.dflash2,0.0,8,dflash2_unary_k16_tb64,64,31,241,37.79652299999725,12.975433244839932,77.06871756268175,3.127079412006424,54,4.444444444444445,3.462962962962963,4.444444444444445,0.037037037037037035,0.9814814814814815,2.8163087768111734,False,0.10837210998579394,0.7506199000199558,0.1380538900193642,0.01284358598786639,2.1078220559938927
46,mt-bench,Qwen/Qwen3-4B,mgoin/Qwen3-4B-speculator.dflash2,0.0,8,dflash2_pairwise_k16_tb8,8,31,247,37.944915995467454,14.311838603248821,69.87222450740869,3.535024135002459,63,3.9047619047619047,2.9206349206349205,3.9047619047619047,0.031746031746031744,0.9841269841269841,2.553328579465316,True,0.12496980000287294,0.8751075239852071,0.058342161028122064,0.014852358028292656,2.451761915013776
46,mt-bench,Qwen/Qwen3-4B,mgoin/Qwen3-4B-speculator.dflash2,0.0,8,dflash2_pairwise_k16_tb16,16,31,247,37.859103998926,13.182207817816918,75.85982665577549,3.256005331000779,58,4.241379310344827,3.2586206896551726,4.241379310344827,0.06896551724137931,0.9827586206896551,2.7721324861059564,True,0.11567105199355865,0.8049399289957364,0.0689453999948455,0.013762293019681238,2.243331074991147
46,mt-bench,Qwen/Qwen3-4B,mgoin/Qwen3-4B-speculator.dflash2,0.0,8,dflash2_pairwise_k16_tb32,32,31,247,38.39600699575385,12.122913186206494,82.4884237509681,2.994359556993004,53,4.6415094339622645,3.660377358490566,4.6415094339622645,0.07547169811320754,0.9811320754716981,3.0143601598952947,True,0.10558396601845743,0.735648662004678,0.09118338898406364,0.012557995032693725,2.0405567380439606
46,mt-bench,Qwen/Qwen3-4B,mgoin/Qwen3-4B-speculator.dflash2,0.0,8,dflash2_pairwise_k16_tb64,64,31,241,37.719290994573385,11.801591609941344,84.73433355867245,2.8441835779958637,49,4.8979591836734695,3.9183673469387754,4.8979591836734695,0.16326530612244897,0.9795918367346939,3.096432052401092,False,0.09834219599724747,0.6806131620542146,0.13502151795546524,0.011646140992525034,1.9100734509993345
47,mt-bench,Qwen/Qwen3-4B,mgoin/Qwen3-4B-speculator.dflash2,0.0,8,baseline,,305,205,37.17111900186865,36.63446978536695,27.296696413480884,7.510066306000226,204,1,,,,,1.0,True,0.051061518002825323,0.0,0.0,0.0,7.424730425023881
47,mt-bench,Qwen/Qwen3-4B,mgoin/Qwen3-4B-speculator.dflash2,0.0,8,dflash2,,305,205,37.258271004247945,12.197158960966258,81.98630543393197,2.5004175869980827,46,4.434782608695652,3.4565217391304346,4.434782608695652,0.17391304347826086,0.9782608695652174,3.0035248292332475,True,0.028299156998400576,0.5742525279783877,0.0,0.0,1.8911099080069107
47,mt-bench,Qwen/Qwen3-4B,mgoin/Qwen3-4B-speculator.dflash2,0.0,8,dflash2_unary_k16_tb8,8,305,205,37.24199000134831,11.92661622438364,83.84607848414939,2.444956325998646,43,4.744186046511628,3.744186046511628,4.744186046511628,0.16279069767441862,1,3.0716566288490768,True,0.0856339110105182,0.5935356880145264,0.03187499599152943,0.010048686010122765,1.7170522249944042
47,mt-bench,Qwen/Qwen3-4B,mgoin/Qwen3-4B-speculator.dflash2,0.0,8,dflash2_unary_k16_tb16,16,305,211,37.287791004928295,11.318391345981212,88.35177804265155,2.3881805740020354,42,5,4.023809523809524,5,0.21428571428571427,0.9761904761904762,3.2367205431869652,False,0.08354947499901755,0.5807280649532913,0.041727861993422266,0.009969426995667163,1.6654213709916803
47,mt-bench,Qwen/Qwen3-4B,mgoin/Qwen3-4B-speculator.dflash2,0.0,8,dflash2_unary_k16_tb32,32,305,205,36.96961400419241,10.506344292662106,95.18058538196058,2.153800579995732,38,5.368421052631579,4.394736842105263,5.368421052631579,0.23684210526315788,0.9736842105263158,3.486890279328975,True,0.07541003599908436,0.5197690389832132,0.05673594800464343,0.009013522023451515,1.4865414459636668
47,mt-bench,Qwen/Qwen3-4B,mgoin/Qwen3-4B-speculator.dflash2,0.0,8,dflash2_unary_k16_tb64,64,305,211,36.978964002628345,10.205975701421128,97.98181273944786,2.153460872999858,37,5.675675675675675,4.702702702702703,5.675675675675675,0.2702702702702703,0.972972972972973,3.5895117583187854,False,0.07415974199102493,0.5050369439923088,0.0916973989806138,0.008790730949840508,1.4674096749731689
47,mt-bench,Qwen/Qwen3-4B,mgoin/Qwen3-4B-speculator.dflash2,0.0,8,dflash2_pairwise_k16_tb8,8,305,211,37.09504700236721,11.52162044550462,86.79334688465363,2.431061914001475,43,4.883720930232558,3.9069767441860463,4.883720930232558,0.11627906976744186,0.9767441860465116,3.1796282440167163,False,0.08553325698449044,0.5889812019959209,0.03933174700796371,0.01009429197438294,1.7003363280091435
47,mt-bench,Qwen/Qwen3-4B,mgoin/Qwen3-4B-speculator.dflash2,0.0,8,dflash2_pairwise_k16_tb16,16,305,205,37.033175001852214,10.209997404876404,97.94321784277726,2.0930494679996627,37,5.513513513513513,4.54054054054054,5.513513513513513,0.32432432432432434,0.972972972972973,3.588097854742837,True,0.07323227702727308,0.5062888230095268,0.0435959739916143,0.008595386025262997,1.455333566009358
47,mt-bench,Qwen/Qwen3-4B,mgoin/Qwen3-4B-speculator.dflash2,0.0,8,dflash2_pairwise_k16_tb32,32,305,205,36.98719300155062,9.693821531680708,103.1584908729613,1.9872334139945451,35,5.828571428571428,4.857142857142857,5.828571428571428,0.34285714285714286,0.9714285714285714,3.779156616989553,True,0.06947725302597973,0.47669151098671136,0.058734032994834706,0.008153651018801611,1.368402840991621
47,mt-bench,Qwen/Qwen3-4B,mgoin/Qwen3-4B-speculator.dflash2,0.0,8,dflash2_pairwise_k16_tb64,64,305,205,36.9019819991081,9.430446760961786,106.03951491880463,1.933241585997166,33,6.181818181818182,5.212121212121212,6.181818181818182,0.45454545454545453,0.9696969696969697,3.8847014053479167,True,0.06608432800567243,0.45126680599787505,0.08914486700086854,0.007913117980933748,1.3130763540248154
48,mt-bench,Qwen/Qwen3-4B,mgoin/Qwen3-4B-speculator.dflash2,0.0,8,baseline,,212,1004,38.43968699948164,36.379344009955055,27.48812622147211,36.52486138599488,1003,1,,,,,1.0,True,0.2470708329565241,0.0,0.0,0.0,36.11138282301545
48,mt-bench,Qwen/Qwen3-4B,mgoin/Qwen3-4B-speculator.dflash2,0.0,8,dflash2,,212,1122,36.79986999486573,13.566799993758181,73.70934932777666,15.22194959299668,283,3.96113074204947,2.964664310954064,3.96113074204947,0.1625441696113074,0.9964664310954063,2.681497775945137,False,0.1737236259286874,3.5517621129984036,0.0,0.0,11.454957064059272
48,mt-bench,Qwen/Qwen3-4B,mgoin/Qwen3-4B-speculator.dflash2,0.0,8,dflash2_unary_k16_tb8,8,212,1049,37.36851299618138,13.109539748329622,76.2803286154586,13.751907195997774,243,4.31275720164609,3.316872427983539,4.31275720164609,0.17695473251028807,0.9958847736625515,2.775028315894187,False,0.4820102519224747,3.3862930279719876,0.17862571910518454,0.056910577972303145,9.609552328984137
48,mt-bench,Qwen/Qwen3-4B,mgoin/Qwen3-4B-speculator.dflash2,0.0,8,dflash2_unary_k16_tb16,16,212,943,37.02092500316212,12.223061373274788,81.81256474637836,11.526346874998126,204,4.617647058823529,3.6176470588235294,4.617647058823529,0.1568627450980392,1,2.97628743724522,False,0.4041734769998584,2.8404101300111506,0.2013106560698361,0.047842561987636145,7.999688932992285
48,mt-bench,Qwen/Qwen3-4B,mgoin/Qwen3-4B-speculator.dflash2,0.0,8,dflash2_unary_k16_tb32,32,212,729,36.82796900102403,11.218473334711371,89.13868849746908,8.17826706100459,144,5.055555555555555,4.0625,5.055555555555555,0.25,0.9930555555555556,3.2428070134456513,False,0.2855044940515654,2.0013238090614323,0.21244477300933795,0.033974032987316605,5.621486292067857
48,mt-bench,Qwen/Qwen3-4B,mgoin/Qwen3-4B-speculator.dflash2,0.0,8,dflash2_unary_k16_tb64,64,212,896,36.90314200503053,11.934766406251843,83.78882048970523,10.693550700001651,183,4.890710382513661,3.8961748633879782,4.890710382513661,0.22404371584699453,0.994535519125683,3.0481823247833577,False,0.36591066197433975,2.5550944590358995,0.4553626990018529,0.04336954400059767,7.242077229064307
48,mt-bench,Qwen/Qwen3-4B,mgoin/Qwen3-4B-speculator.dflash2,0.0,8,dflash2_pairwise_k16_tb8,8,212,810,37.004193996835966,11.637675312351663,85.92781403160893,9.426517003004847,166,4.873493975903615,3.8795180722891565,4.873493975903615,0.18072289156626506,0.9939759036144579,3.1259975066793446,False,0.3288885439542355,2.3159394040631014,0.15237335592973977,0.038966656058619265,6.563785652993829
48,mt-bench,Qwen/Qwen3-4B,mgoin/Qwen3-4B-speculator.dflash2,0.0,8,dflash2_pairwise_k16_tb16,16,212,849,36.94387299765367,11.638157881033765,85.92425109042897,9.880796040997666,174,4.873563218390805,3.8793103448275863,4.873563218390805,0.20689655172413793,0.9942528735632183,3.1258678892164715,False,0.3448191509596654,2.4267255370359635,0.2055838730011601,0.04064349003601819,6.834792727968306
48,mt-bench,Qwen/Qwen3-4B,mgoin/Qwen3-4B-speculator.dflash2,0.0,8,dflash2_pairwise_k16_tb32,32,212,680,37.05230500054313,10.74946837647183,93.02785635322908,7.309638496000844,128,5.3046875,4.3125,5.3046875,0.25,0.9921875,3.384292388782804,False,0.25445146099082194,1.7850193239501095,0.2161137700531981,0.03044238200527616,5.002347045970964
48,mt-bench,Qwen/Qwen3-4B,mgoin/Qwen3-4B-speculator.dflash2,0.0,8,dflash2_pairwise_k16_tb64,64,212,756,37.05297499982407,10.3923722261955,96.22442097285095,7.856633403003798,134,5.634328358208955,4.641791044776119,5.634328358208955,0.34328358208955223,0.9925373134328358,3.500581312730079,False,0.2687041900717304,1.8696919699868886,0.36213097796280636,0.03167267698881915,5.301290208990395
49,mt-bench,Qwen/Qwen3-4B,mgoin/Qwen3-4B-speculator.dflash2,0.0,8,baseline,,987,110,58.51547999918694,36.02189879093203,27.760890834875564,3.9624088670025226,109,1,,,,,1.0,True,0.027001080983609427,0.0,0.0,0.0,3.9170753739672364
49,mt-bench,Qwen/Qwen3-4B,mgoin/Qwen3-4B-speculator.dflash2,0.0,8,dflash2,,987,106,58.50722900504479,12.064482245271924,82.88793332941415,1.278835117998824,24,4.375,3.4166666666666665,4.375,0.125,0.9583333333333334,2.985780745381678,False,0.014760787998966407,0.28902796298643807,0.0,0.0,0.9715434259996982
49,mt-bench,Qwen/Qwen3-4B,mgoin/Qwen3-4B-speculator.dflash2,0.0,8,dflash2_unary_k16_tb8,8,987,106,58.48089900246123,12.125525537758564,82.47065225222829,1.2853057070024079,23,4.565217391304348,3.608695652173913,4.565217391304348,0.13043478260869565,0.9565217391304348,2.9707494886519177,False,0.045564542000647634,0.30786444000841584,0.018094683029630687,0.005387130018789321,0.9047858799967798
49,mt-bench,Qwen/Qwen3-4B,mgoin/Qwen3-4B-speculator.dflash2,0.0,8,dflash2_unary_k16_tb16,16,987,111,58.41093699564226,11.086874108104483,90.19674889868209,1.2306430259995977,22,5,4.045454545454546,5,0.09090909090909091,0.9545454545454546,3.2490581600994357,False,0.043569762994593475,0.2934082549836603,0.02214034798089415,0.005196538986638188,0.8627453939989209
49,mt-bench,Qwen/Qwen3-4B,mgoin/Qwen3-4B-speculator.dflash2,0.0,8,dflash2_unary_k16_tb32,32,987,110,58.414566999999806,10.213384036350444,97.91074108649015,1.123472243998549,20,5.45,4.5,5.45,0.15,0.95,3.526930805962698,True,0.039608685998246074,0.2661108800020884,0.029431951988954097,0.004744754027342424,0.7801962240191642
49,mt-bench,Qwen/Qwen3-4B,mgoin/Qwen3-4B-speculator.dflash2,0.0,8,dflash2_unary_k16_tb64,64,987,106,58.40322799485875,10.871866330249622,91.98052750314119,1.15241783100646,20,5.25,4.3,5.25,0.25,0.95,3.3133132524546913,False,0.03996871599520091,0.2657170849997783,0.04894186000456102,0.004764919976878446,0.7896031309865066
49,mt-bench,Qwen/Qwen3-4B,mgoin/Qwen3-4B-speculator.dflash2,0.0,8,dflash2_pairwise_k16_tb8,8,987,106,58.428707998245955,11.651385735878545,85.8267010181169,1.2350468880031258,22,4.7727272727272725,3.772727272727273,4.7727272727272725,0.13636363636363635,1,3.0916407376341897,False,0.043581459001870826,0.2935617249968345,0.020242857026460115,0.005114827974466607,0.869111822990817
49,mt-bench,Qwen/Qwen3-4B,mgoin/Qwen3-4B-speculator.dflash2,0.0,8,dflash2_pairwise_k16_tb16,16,987,106,58.39748700236669,11.11314483960258,89.98352981384892,1.1779933529978734,21,5,4.0476190476190474,5,0.19047619047619047,0.9523809523809523,3.24137760380528,False,0.04170173200691352,0.27959276100591524,0.025031858014699537,0.004916018013318535,0.8234339999908116
49,mt-bench,Qwen/Qwen3-4B,mgoin/Qwen3-4B-speculator.dflash2,0.0,8,dflash2_pairwise_k16_tb32,32,987,110,58.45342899556272,10.237778145396575,97.67744385530085,1.1261555959936231,20,5.45,4.5,5.45,0.2,0.95,3.5185269967125925,True,0.03985557099804282,0.2655146130346111,0.033874232991365716,0.004718262003734708,0.7789479340208345
49,mt-bench,Qwen/Qwen3-4B,mgoin/Qwen3-4B-speculator.dflash2,0.0,8,dflash2_pairwise_k16_tb64,64,987,111,58.45759999647271,10.440108747741204,95.7844428791374,1.1588520709992736,20,5.5,4.55,5.5,0.25,0.95,3.450337507138097,False,0.04004917701240629,0.266231429988693,0.05458936202194309,0.004732634020911064,0.7898262180315214
50,mt-bench,Qwen/Qwen3-4B,mgoin/Qwen3-4B-speculator.dflash2,0.0,8,baseline,,84,311,38.922088002436794,36.330567845670245,27.52503082935371,11.298806600003445,310,1,,,,,1.0,True,0.07685494793986436,0.0,0.0,0.0,11.170283168001333
50,mt-bench,Qwen/Qwen3-4B,mgoin/Qwen3-4B-speculator.dflash2,0.0,8,dflash2,,84,344,37.529915003688075,13.421454636637613,74.50757217255874,4.616980395003338,86,3.988372093023256,3,3.988372093023256,0.18604651162790697,0.9883720930232558,2.7069024058313174,False,0.05173341894260375,1.0707183810227434,0.0,0.0,3.4818345259700436
50,mt-bench,Qwen/Qwen3-4B,mgoin/Qwen3-4B-speculator.dflash2,0.0,8,dflash2_unary_k16_tb8,8,84,311,37.534706003498286,11.404344569121516,87.68588093239546,3.5467511609967914,63,4.920634920634921,3.9206349206349205,4.920634920634921,0.2222222222222222,1,3.185677846321756,True,0.12439802300650626,0.866446217019984,0.04607105298055103,0.014754438016097993,2.4850776600287645
50,mt-bench,Qwen/Qwen3-4B,mgoin/Qwen3-4B-speculator.dflash2,0.0,8,dflash2_unary_k16_tb16,16,84,310,37.63204700226197,10.173878254840195,98.290934386231,3.1539022590004606,56,5.517857142857143,4.517857142857143,5.517857142857143,0.2857142857142857,1,3.5709654603332877,False,0.1106032290335861,0.7711151060211705,0.05456884104933124,0.013087379993521608,2.1954788559814915
50,mt-bench,Qwen/Qwen3-4B,mgoin/Qwen3-4B-speculator.dflash2,0.0,8,dflash2_unary_k16_tb32,32,84,361,37.5626570021268,10.510480332406305,95.14313032076781,3.794283399998676,67,5.373134328358209,4.388059701492537,5.373134328358209,0.26865671641791045,0.9850746268656716,3.4566039511681006,False,0.13246060498204315,0.923590387996228,0.09880671901919413,0.015605767024680972,2.612698688011733
50,mt-bench,Qwen/Qwen3-4B,mgoin/Qwen3-4B-speculator.dflash2,0.0,8,dflash2_unary_k16_tb64,64,84,311,37.65430799830938,9.68762294212813,103.22449645014001,3.012850735001848,52,5.961538461538462,4.980769230769231,5.961538461538462,0.36538461538461536,0.9807692307692307,3.7502045716169587,True,0.10355022500880295,0.7127363079562201,0.12494501398032298,0.01221070702013094,2.0504338850078057
50,mt-bench,Qwen/Qwen3-4B,mgoin/Qwen3-4B-speculator.dflash2,0.0,8,dflash2_pairwise_k16_tb8,8,84,317,37.74076000263449,11.750065728686735,85.10590690217072,3.724770835993695,66,4.787878787878788,3.803030303030303,4.787878787878788,0.15151515151515152,0.9848484848484849,3.0919459247766086,False,0.1301878040394513,0.9075818169803824,0.05976347298565088,0.01520112797152251,2.6016053129933425
50,mt-bench,Qwen/Qwen3-4B,mgoin/Qwen3-4B-speculator.dflash2,0.0,8,dflash2_pairwise_k16_tb16,16,84,311,37.551986999460496,9.703334231533962,103.05735906222762,3.0177369460070618,53,5.849056603773585,4.867924528301887,5.849056603773585,0.37735849056603776,0.9811320754716981,3.7441323754058597,True,0.10566566402849276,0.73281286303245,0.06148857298103394,0.012507679020927753,2.0968077250072383
50,mt-bench,Qwen/Qwen3-4B,mgoin/Qwen3-4B-speculator.dflash2,0.0,8,dflash2_pairwise_k16_tb32,32,84,349,37.4293239947292,10.26798437821831,97.39009752696167,3.5835265479981904,63,5.523809523809524,4.5396825396825395,5.523809523809524,0.30158730158730157,0.9841269841269841,3.5382375456997224,False,0.12459617001150036,0.8680781290095183,0.10579160902125295,0.014959785017708782,2.459755773030338
50,mt-bench,Qwen/Qwen3-4B,mgoin/Qwen3-4B-speculator.dflash2,0.0,8,dflash2_pairwise_k16_tb64,64,84,311,37.58943799766712,8.993777710629232,111.18798264472971,2.797064868005691,48,6.458333333333333,5.479166666666667,6.458333333333333,0.4791666666666667,0.9791666666666666,4.039522547097558,True,0.0954522949832608,0.6580770089567523,0.1274606710067019,0.011233744990022387,1.8965846260034596
51,mt-bench,Qwen/Qwen3-4B,mgoin/Qwen3-4B-speculator.dflash2,0.0,8,baseline,,425,431,37.084586001583375,36.284115519714945,27.560269436818732,15.63845378899714,430,1,,,,,1.0,True,0.10575075993256178,0.0,0.0,0.0,15.461558754977887
51,mt-bench,Qwen/Qwen3-4B,mgoin/Qwen3-4B-speculator.dflash2,0.0,8,dflash2,,425,820,37.0915059975232,12.479253445124458,80.13299869237706,10.232987825002056,191,4.287958115183246,3.2931937172774868,4.287958115183246,0.2513089005235602,0.9947643979057592,2.9075549814953754,False,0.11195183808740694,2.3876188960202853,0.0,0.0,7.705189058018732
51,mt-bench,Qwen/Qwen3-4B,mgoin/Qwen3-4B-speculator.dflash2,0.0,8,dflash2_unary_k16_tb8,8,425,388,37.154536999878474,12.042616463902247,83.03843296824247,4.672535187994072,83,4.662650602409639,3.674698795180723,4.662650602409639,0.21686746987951808,0.9879518072289156,3.0129760943958157,False,0.16349844999058405,1.144234453968238,0.0606912829898647,0.019395112991333008,3.271579304986517
51,mt-bench,Qwen/Qwen3-4B,mgoin/Qwen3-4B-speculator.dflash2,0.0,8,dflash2_unary_k16_tb16,16,425,511,37.090994999744,11.463948831690859,87.22997761780017,5.858077852994029,104,4.903846153846154,3.9134615384615383,4.903846153846154,0.2403846153846154,0.9903846153846154,3.16506258466641,False,0.2048938530642772,1.4390307280264096,0.10226657701423392,0.024270946989418007,4.070883743974264
51,mt-bench,Qwen/Qwen3-4B,mgoin/Qwen3-4B-speculator.dflash2,0.0,8,dflash2_unary_k16_tb32,32,425,811,37.170827003137674,10.554969997535537,94.74209782059906,8.56008066800132,151,5.364238410596027,4.364238410596027,5.364238410596027,0.33774834437086093,1,3.43763322190275,False,0.29850583101506345,2.0949687419706606,0.22371914302493678,0.03559335497993743,5.882338943971263
51,mt-bench,Qwen/Qwen3-4B,mgoin/Qwen3-4B-speculator.dflash2,0.0,8,dflash2_unary_k16_tb64,64,425,393,37.132786004804075,10.345953804071703,96.65614393198285,4.0659598450001795,70,5.6,4.614285714285714,5.6,0.38571428571428573,0.9857142857142858,3.50708269211826,False,0.13933343598910142,0.9662110429999302,0.16977181201946223,0.01651651197607862,2.762107702998037
51,mt-bench,Qwen/Qwen3-4B,mgoin/Qwen3-4B-speculator.dflash2,0.0,8,dflash2_pairwise_k16_tb8,8,425,572,37.29209999437444,11.85215083041458,84.37287158326019,6.779430274997139,120,4.758333333333334,3.7666666666666666,4.758333333333334,0.20833333333333334,0.9916666666666667,3.061395019257087,False,0.23679371698381146,1.6609700569824781,0.10883596401254181,0.027978081969195046,4.725831986012054
51,mt-bench,Qwen/Qwen3-4B,mgoin/Qwen3-4B-speculator.dflash2,0.0,8,dflash2_pairwise_k16_tb16,16,425,783,37.10228599811671,10.186926785438773,98.16503260133402,7.97636367299856,141,5.546099290780142,4.553191489361702,5.546099290780142,0.3617021276595745,0.9929078014184397,3.561831382903387,False,0.2787185499764746,1.9557308159783133,0.1635442009282997,0.03282788404612802,5.522808044064732
51,mt-bench,Qwen/Qwen3-4B,mgoin/Qwen3-4B-speculator.dflash2,0.0,8,dflash2_pairwise_k16_tb32,32,425,500,37.155686994083226,10.005348326012609,99.94654532917457,5.002674163006304,88,5.670454545454546,4.681818181818182,5.670454545454546,0.38636363636363635,0.9886363636363636,3.6264719965201957,False,0.1743130170070799,1.216759042996273,0.14654238499497296,0.021014992060372606,3.4293141219895915
51,mt-bench,Qwen/Qwen3-4B,mgoin/Qwen3-4B-speculator.dflash2,0.0,8,dflash2_pairwise_k16_tb64,64,425,511,37.16667799744755,9.812684226999266,101.90891471352293,5.014281639996625,86,5.930232558139535,4.941860465116279,5.930232558139535,0.4069767441860465,0.9883720930232558,3.697674833954244,False,0.17113746303948574,1.1868855519787758,0.22968285799288424,0.020310154992330354,3.3914124199873186
52,mt-bench,Qwen/Qwen3-4B,mgoin/Qwen3-4B-speculator.dflash2,0.0,8,baseline,,35,62,38.46307600178989,35.908560032347,27.84851297571343,2.226330722005514,61,1,,,,,1.0,True,0.015158166002947837,0.0,0.0,0.0,2.200763231012388
52,mt-bench,Qwen/Qwen3-4B,mgoin/Qwen3-4B-speculator.dflash2,0.0,8,dflash2,,35,62,37.24741000041831,11.258316790307646,88.82322452152937,0.6980156409990741,13,4.6923076923076925,3.769230769230769,4.6923076923076925,0.3076923076923077,0.9230769230769231,3.1895140899979735,True,0.0075419470013002865,0.15333257200109074,0.0,0.0,0.5352449859929038
52,mt-bench,Qwen/Qwen3-4B,mgoin/Qwen3-4B-speculator.dflash2,0.0,8,dflash2_unary_k16_tb8,8,35,62,37.5128650048282,10.813447177380084,92.47744808813901,0.6704337249975652,12,5.083333333333333,4.166666666666667,5.083333333333333,0.25,0.9166666666666666,3.320731996311193,True,0.02373240698943846,0.1549358450138243,0.009071738008060493,0.002863223991880659,0.47792555599153275
52,mt-bench,Qwen/Qwen3-4B,mgoin/Qwen3-4B-speculator.dflash2,0.0,8,dflash2_unary_k16_tb16,16,35,62,37.240868994558696,10.810850983797271,92.4996562711619,0.6702727609954309,12,5.083333333333333,4.166666666666667,5.083333333333333,0.25,0.9166666666666666,3.3215294601844794,True,0.023817258974304423,0.15532128101040144,0.011923024976567831,0.0028805879992432892,0.4744654320384143
52,mt-bench,Qwen/Qwen3-4B,mgoin/Qwen3-4B-speculator.dflash2,0.0,8,dflash2_unary_k16_tb32,32,35,62,37.234538001939654,9.921652725860175,100.7896595083964,0.6151424690033309,11,5.545454545454546,4.636363636363637,5.545454545454546,0.36363636363636365,0.9090909090909091,3.619211539097065,True,0.02189829500275664,0.14132392498868285,0.015948689004289918,0.0025991529983002692,0.4316170719976071
52,mt-bench,Qwen/Qwen3-4B,mgoin/Qwen3-4B-speculator.dflash2,0.0,8,dflash2_unary_k16_tb64,64,35,62,37.376492997282185,10.206566080723274,97.97614516881043,0.6328070970048429,11,5.545454545454546,4.636363636363637,5.545454545454546,0.36363636363636365,0.9090909090909091,3.518182290532174,True,0.021881747008592356,0.14123194600688294,0.025941224994312506,0.0025673900090623647,0.43928894300916
52,mt-bench,Qwen/Qwen3-4B,mgoin/Qwen3-4B-speculator.dflash2,0.0,8,dflash2_pairwise_k16_tb8,8,35,62,37.374131999968085,10.883455709605892,91.8825809266983,0.6747742539955652,12,5.083333333333333,4.166666666666667,5.083333333333333,0.3333333333333333,0.9166666666666666,3.299371173133327,True,0.023751659005938563,0.15530919300363166,0.011001133017998654,0.002821756002958864,0.47998784099763725
52,mt-bench,Qwen/Qwen3-4B,mgoin/Qwen3-4B-speculator.dflash2,0.0,8,dflash2_pairwise_k16_tb16,16,35,62,37.39557300286833,9.947157177521149,100.53123542270214,0.6167237450063112,11,5.545454545454546,4.636363636363637,5.545454545454546,0.2727272727272727,0.9090909090909091,3.609931902302109,True,0.021789091006212402,0.1416701850030222,0.012687471011304297,0.0025773990055313334,0.4362178879819112
52,mt-bench,Qwen/Qwen3-4B,mgoin/Qwen3-4B-speculator.dflash2,0.0,8,dflash2_pairwise_k16_tb32,32,35,62,37.38317199895391,9.960327661246993,100.39830355086974,0.6175403149973135,11,5.545454545454546,4.636363636363637,5.545454545454546,0.36363636363636365,0.9090909090909091,3.605158510202203,True,0.021890533003897872,0.1412140579923289,0.018086001007759478,0.0025862599941319786,0.4319541240038234
52,mt-bench,Qwen/Qwen3-4B,mgoin/Qwen3-4B-speculator.dflash2,0.0,8,dflash2_pairwise_k16_tb64,64,35,62,37.33785200165585,9.29108349995541,107.63007350055558,0.5760471769972355,10,6.1,5.2,6.1,0.4,0.9,3.86484095558062,True,0.019992334993730765,0.12714729399158387,0.0259063859921298,0.0023913850091048516,0.39890529798867647
53,mt-bench,Qwen/Qwen3-4B,mgoin/Qwen3-4B-speculator.dflash2,0.0,8,baseline,,170,383,37.31144999619573,36.69865255352133,27.248956853159655,14.055583927998667,382,1,,,,,1.0,True,0.09471779999148566,0.0,0.0,0.0,13.896957140947052
53,mt-bench,Qwen/Qwen3-4B,mgoin/Qwen3-4B-speculator.dflash2,0.0,8,dflash2,,170,383,37.56771700136596,10.926376783294943,91.52164709612379,4.184802308001963,77,4.961038961038961,3.9740259740259742,4.961038961038961,0.37662337662337664,0.987012987012987,3.358721127906641,True,0.04347631902055582,0.9700145560127567,0.0,0.0,3.1599433369992767
53,mt-bench,Qwen/Qwen3-4B,mgoin/Qwen3-4B-speculator.dflash2,0.0,8,dflash2_unary_k16_tb8,8,170,383,37.59085699857678,10.874431221921444,91.95883256718105,4.164907157995913,73,5.232876712328767,4.2465753424657535,5.232876712328767,0.4246575342465753,0.9863013698630136,3.3747652456104187,True,0.145334920984169,1.0180377719880198,0.05343816200183937,0.017271629985771142,2.9190276469671517
53,mt-bench,Qwen/Qwen3-4B,mgoin/Qwen3-4B-speculator.dflash2,0.0,8,dflash2_unary_k16_tb16,16,170,430,37.36330199899385,10.086091460462466,99.1464338708414,4.33701932799886,76,5.644736842105263,4.644736842105263,5.644736842105263,0.4342105263157895,1,3.638540528546687,False,0.15103365198592655,1.062018125965551,0.07623540798522299,0.017880499981401954,3.0175604730538907
53,mt-bench,Qwen/Qwen3-4B,mgoin/Qwen3-4B-speculator.dflash2,0.0,8,dflash2_unary_k16_tb32,32,170,383,37.593387001834344,9.433815122723207,106.00165330686866,3.613151192002988,63,6.063492063492063,5.079365079365079,6.063492063492063,0.5396825396825397,0.9841269841269841,3.8901178448075977,True,0.12580758897092892,0.8782985330617521,0.0918577270131209,0.014875410008244216,2.4919526869853144
53,mt-bench,Qwen/Qwen3-4B,mgoin/Qwen3-4B-speculator.dflash2,0.0,8,dflash2_unary_k16_tb64,64,170,383,37.523735998547636,9.6714392454271,103.39722709552511,3.70416123099858,63,6.063492063492063,5.079365079365079,6.063492063492063,0.5079365079365079,0.9841269841269841,3.794538912176217,False,0.12612961301783798,0.8783624740026426,0.15166435702849412,0.014957298022636678,2.522145647992147
53,mt-bench,Qwen/Qwen3-4B,mgoin/Qwen3-4B-speculator.dflash2,0.0,8,dflash2_pairwise_k16_tb8,8,170,383,37.5835980012198,10.310198939945664,96.99133894745877,3.9488061939991894,69,5.536231884057971,4.550724637681159,5.536231884057971,0.36231884057971014,0.9855072463768116,3.55945144873361,True,0.13696642903232714,0.9624152309843339,0.06330317001993535,0.016132928954903036,2.7589604090317152
53,mt-bench,Qwen/Qwen3-4B,mgoin/Qwen3-4B-speculator.dflash2,0.0,8,dflash2_pairwise_k16_tb16,16,170,383,37.45448299741838,9.106579349872014,109.81071614052914,3.487819891000981,61,6.262295081967213,5.262295081967213,6.262295081967213,0.5409836065573771,1,4.0299053182946345,False,0.12148364901804598,0.8499277040027664,0.07115052703738911,0.014293116008047946,2.4210424949997105
53,mt-bench,Qwen/Qwen3-4B,mgoin/Qwen3-4B-speculator.dflash2,0.0,8,dflash2_pairwise_k16_tb32,32,170,383,37.58068699971773,9.014288652749817,110.93498760936052,3.4524725540031795,60,6.366666666666666,5.383333333333334,6.366666666666666,0.55,0.9833333333333333,4.071164566305114,True,0.11945274699974107,0.8364669009970385,0.09980372800055193,0.015351743990322575,2.371441004019289
53,mt-bench,Qwen/Qwen3-4B,mgoin/Qwen3-4B-speculator.dflash2,0.0,8,dflash2_pairwise_k16_tb64,64,170,458,37.526006999542005,9.536660259831534,104.85851154958362,4.367790399002843,74,6.175675675675675,5.175675675675675,6.175675675675675,0.4594594594594595,1,3.8481660826375723,False,0.14845700601290446,1.0330158320211922,0.19642521894274978,0.017661098012467846,2.959327046039107
54,mt-bench,Qwen/Qwen3-4B,mgoin/Qwen3-4B-speculator.dflash2,0.0,8,baseline,,30,250,39.14849300053902,36.486207872017985,27.40761669471604,9.121551968004496,249,1,,,,,1.0,True,0.06250171188003151,0.0,0.0,0.0,9.017510052995931
54,mt-bench,Qwen/Qwen3-4B,mgoin/Qwen3-4B-speculator.dflash2,0.0,8,dflash2,,30,250,37.57692699582549,18.25983474001987,54.76500824009714,4.564958685004967,84,2.9642857142857144,1.9761904761904763,2.9642857142857144,0.047619047619047616,0.9880952380952381,1.998167474760962,True,0.05388231202960014,1.059699670993723,0.0,0.0,3.438977407007769
54,mt-bench,Qwen/Qwen3-4B,mgoin/Qwen3-4B-speculator.dflash2,0.0,8,dflash2_unary_k16_tb8,8,30,250,37.62114799610572,16.854961295990506,59.32971203190376,4.2137403239976265,74,3.364864864864865,2.3783783783783785,3.364864864864865,0.02702702702702703,0.9864864864864865,2.164716206183007,True,0.1469717699874309,1.0311155219751527,0.05501930901664309,0.017459877046348993,2.9513029369918513
54,mt-bench,Qwen/Qwen3-4B,mgoin/Qwen3-4B-speculator.dflash2,0.0,8,dflash2_unary_k16_tb16,16,30,211,37.60450700065121,15.126348151644676,66.10980984800821,3.1916594599970267,56,3.75,2.767857142857143,3.75,0.05357142857142857,0.9821428571428571,2.4120962644940094,False,0.11098362500342773,0.7786819690154516,0.056191751958976965,0.013081216042337473,2.223695028020302
54,mt-bench,Qwen/Qwen3-4B,mgoin/Qwen3-4B-speculator.dflash2,0.0,8,dflash2_unary_k16_tb32,32,30,212,37.7556219973485,14.029984985821976,71.27591376687514,2.974356816994259,52,4.0576923076923075,3.076923076923077,4.0576923076923075,0.038461538461538464,0.9807692307692307,2.6005878059662346,False,0.10315012500359444,0.7209196759577026,0.07963686295988737,0.01427813799091382,2.047810172996833
54,mt-bench,Qwen/Qwen3-4B,mgoin/Qwen3-4B-speculator.dflash2,0.0,8,dflash2_unary_k16_tb64,64,30,233,37.74492099910276,14.133002472082863,70.75637338741824,3.292989575995307,56,4.142857142857143,3.1607142857142856,4.142857142857143,0.10714285714285714,0.9821428571428571,2.581631747683463,False,0.11160312996071298,0.7776962319840095,0.14292754897178384,0.013350442968658172,2.2376440270236344
54,mt-bench,Qwen/Qwen3-4B,mgoin/Qwen3-4B-speculator.dflash2,0.0,8,dflash2_pairwise_k16_tb8,8,30,250,37.7007799979765,16.439996603992768,60.82726317334706,4.109999150998192,72,3.4583333333333335,2.4722222222222223,3.4583333333333335,0.027777777777777776,0.9861111111111112,2.219356168428685,True,0.14212027204484912,1.0033048000041163,0.06605205399682745,0.016777225006080698,2.8701799279951956
54,mt-bench,Qwen/Qwen3-4B,mgoin/Qwen3-4B-speculator.dflash2,0.0,8,dflash2_pairwise_k16_tb16,16,30,230,37.65828900213819,15.146032756519675,66.02388995689618,3.4835875339995255,61,3.7540983606557377,2.7704918032786887,3.7540983606557377,0.04918032786885246,0.9836065573770492,2.4089613734865547,False,0.12062447300559143,0.8475724340023589,0.0732044090036652,0.014326979020552244,2.4179357080283808
54,mt-bench,Qwen/Qwen3-4B,mgoin/Qwen3-4B-speculator.dflash2,0.0,8,dflash2_pairwise_k16_tb32,32,30,250,37.702199995692354,13.090333824016852,76.39224586964305,3.272583456004213,57,4.368421052631579,3.3859649122807016,4.368421052631579,0.12280701754385964,0.9824561403508771,2.7872633626101035,True,0.11302567303209798,0.7923974569494021,0.09830190698994556,0.013506995979696512,2.2458796450082446
54,mt-bench,Qwen/Qwen3-4B,mgoin/Qwen3-4B-speculator.dflash2,0.0,8,dflash2_pairwise_k16_tb64,64,30,248,37.755109995487146,13.077787338701338,76.46553458173169,3.2432912599979318,55,4.490909090909091,3.5090909090909093,4.490909090909091,0.10909090909090909,0.9818181818181818,2.789937389794042,False,0.10972868400858715,0.7641436599878944,0.15298411898402264,0.013047471991740167,2.1938673019831185
55,mt-bench,Qwen/Qwen3-4B,mgoin/Qwen3-4B-speculator.dflash2,0.0,8,baseline,,300,165,37.186658002610784,36.5520774121361,27.35822614744129,6.031092773002456,164,1,,,,,1.0,True,0.04075346203171648,0.0,0.0,0.0,5.962799713022832
55,mt-bench,Qwen/Qwen3-4B,mgoin/Qwen3-4B-speculator.dflash2,0.0,8,dflash2,,300,165,37.382131995400414,16.107136800013848,62.08428055314836,2.6576775720022847,49,3.3469387755102042,2.36734693877551,3.3469387755102042,0.04081632653061224,0.9795918367346939,2.2693094288554545,True,0.031522796001809184,0.6121182899660198,0.0,0.0,2.006742975987436
55,mt-bench,Qwen/Qwen3-4B,mgoin/Qwen3-4B-speculator.dflash2,0.0,8,dflash2_unary_k16_tb8,8,300,165,37.350261001847684,15.7522295333117,63.48307697556532,2.5991178729964304,46,3.5652173913043477,2.5869565217391304,3.5652173913043477,0.021739130434782608,0.9782608695652174,2.320438343971458,True,0.09133617699262686,0.6312398930167546,0.03401201299857348,0.010799697956827004,1.8245103269728133
55,mt-bench,Qwen/Qwen3-4B,mgoin/Qwen3-4B-speculator.dflash2,0.0,8,dflash2_unary_k16_tb16,16,300,165,36.950191999494564,13.6398743151486,73.3144585422894,2.250579261999519,40,4.1,3.125,4.1,0.1,0.975,2.6797957640666046,True,0.07968162700854009,0.5459889799967641,0.03955891197983874,0.009443242000997998,1.5695853279612493
55,mt-bench,Qwen/Qwen3-4B,mgoin/Qwen3-4B-speculator.dflash2,0.0,8,dflash2_unary_k16_tb32,32,300,165,36.907321999024134,13.359679187873773,74.85209681589312,2.2043470659991726,39,4.205128205128205,3.230769230769231,4.205128205128205,0.1282051282051282,0.9743589743589743,2.7359996372752313,True,0.07715019301394932,0.5314903179751127,0.05849997698533116,0.009217012986482587,1.5216721149918158
55,mt-bench,Qwen/Qwen3-4B,mgoin/Qwen3-4B-speculator.dflash2,0.0,8,dflash2_unary_k16_tb64,64,300,165,37.02107400022214,13.112860830292584,76.26100916817914,2.1636220369982766,37,4.4324324324324325,3.4594594594594597,4.4324324324324325,0.16216216216216217,0.972972972972973,2.7874983106429045,True,0.07389084201713558,0.5115975799999433,0.09406666401628172,0.0088427330047125,1.4688764920138055
55,mt-bench,Qwen/Qwen3-4B,mgoin/Qwen3-4B-speculator.dflash2,0.0,8,dflash2_pairwise_k16_tb8,8,300,165,36.91126200283179,14.323310387871144,69.81626264601452,2.3633462139987387,42,3.9047619047619047,2.9285714285714284,3.9047619047619047,0.047619047619047616,0.9761904761904762,2.5519294368631487,True,0.0828111109949532,0.5729878680285765,0.0383813170119538,0.00984655697538983,1.6526932969863992
55,mt-bench,Qwen/Qwen3-4B,mgoin/Qwen3-4B-speculator.dflash2,0.0,8,dflash2_pairwise_k16_tb16,16,300,159,36.9768140008091,13.813846238986546,72.3911344240766,2.1964015519988607,39,4.051282051282051,3.076923076923077,4.051282051282051,0.07692307692307693,0.9743589743589743,2.6460463494211983,False,0.077145016999566,0.5308450829907088,0.046099783983663656,0.009049056003277656,1.5269825159848551
55,mt-bench,Qwen/Qwen3-4B,mgoin/Qwen3-4B-speculator.dflash2,0.0,8,dflash2_pairwise_k16_tb32,32,300,165,37.09978600090835,12.746541769681217,78.45265155593724,2.1031793919974007,37,4.4324324324324325,3.4594594594594597,4.4324324324324325,0.10810810810810811,0.972972972972973,2.867607392859957,True,0.07328251098806504,0.5041992660189862,0.06339814899547491,0.008679415979713667,1.447542091991636
55,mt-bench,Qwen/Qwen3-4B,mgoin/Qwen3-4B-speculator.dflash2,0.0,8,dflash2_pairwise_k16_tb64,64,300,165,36.98540299956221,12.022626466624029,83.1765008067161,1.9837333669929649,34,4.823529411764706,3.8529411764705883,4.823529411764706,0.14705882352941177,0.9705882352941176,3.0402738963576876,True,0.06760073197074234,0.46165592702891445,0.09307560801244108,0.007972404026077129,1.3475948820196209
56,mt-bench,Qwen/Qwen3-4B,mgoin/Qwen3-4B-speculator.dflash2,0.0,8,baseline,,64,2048,38.67872199771227,36.21884815868981,27.60993380072676,74.17620102899673,2048,1,,,,,1.0,True,0.4980681278029806,0.0,0.0,0.0,73.34356804307754
56,mt-bench,Qwen/Qwen3-4B,mgoin/Qwen3-4B-speculator.dflash2,0.0,8,dflash2,,64,776,36.80061900377041,14.202575264170799,70.40976593327589,11.02119840499654,205,3.7804878048780486,2.7853658536585364,3.7804878048780486,0.14634146341463414,0.9951219512195122,2.55016062122621,False,0.1255840680532856,2.5746868360220105,0.0,0.0,8.290437468021992
56,mt-bench,Qwen/Qwen3-4B,mgoin/Qwen3-4B-speculator.dflash2,0.0,8,dflash2_unary_k16_tb8,8,64,776,36.935202006134205,13.965332654639573,71.60588470964774,10.837098140000307,192,4.036458333333333,3.0416666666666665,4.036458333333333,0.078125,0.9947916666666666,2.5934826655673797,False,0.38074484503886197,2.6700330849998863,0.14078567896649474,0.04500685593666276,7.569925049931044
56,mt-bench,Qwen/Qwen3-4B,mgoin/Qwen3-4B-speculator.dflash2,0.0,8,dflash2_unary_k16_tb16,16,64,2048,37.0585740020033,9.450883625000017,105.81021200544073,19.355409664000035,343,5.967930029154519,4.967930029154519,5.967930029154519,0.4489795918367347,1,3.832324002263835,False,0.6769560739630833,4.774816757853841,0.334605920004833,0.08061888800148154,13.433569344932039
56,mt-bench,Qwen/Qwen3-4B,mgoin/Qwen3-4B-speculator.dflash2,0.0,8,dflash2_unary_k16_tb32,32,64,613,37.11705600289861,11.995165376835384,83.36692063713959,7.353036376000091,129,4.744186046511628,3.751937984496124,4.744186046511628,0.15503875968992248,0.9922480620155039,3.019453840014102,False,0.255014412017772,1.7955653899553,0.1943856349971611,0.030451785962213762,5.056146112008719
56,mt-bench,Qwen/Qwen3-4B,mgoin/Qwen3-4B-speculator.dflash2,0.0,8,dflash2_unary_k16_tb64,64,64,690,37.054766005894635,11.506806288399156,86.90508686221409,7.939696338995418,136,5.0661764705882355,4.073529411764706,5.0661764705882355,0.19117647058823528,0.9926470588235294,3.1476021452802807,False,0.2711081170273246,1.8895669230187195,0.3381912949771504,0.03215018503397005,5.385164299077587
56,mt-bench,Qwen/Qwen3-4B,mgoin/Qwen3-4B-speculator.dflash2,0.0,8,dflash2_pairwise_k16_tb8,8,64,674,37.043825002911035,12.957650841240449,77.1744826475251,8.733456666996062,154,4.37012987012987,3.3766233766233764,4.37012987012987,0.11688311688311688,0.9935064935064936,2.795170868736153,False,0.3035601249866886,2.1389714260367327,0.1404661959677469,0.03598096504720161,6.089950276036689
56,mt-bench,Qwen/Qwen3-4B,mgoin/Qwen3-4B-speculator.dflash2,0.0,8,dflash2_pairwise_k16_tb16,16,64,861,37.03145399776986,11.181619810677349,89.4324808866331,9.627374656993197,170,5.0588235294117645,4.064705882352941,5.0588235294117645,0.21176470588235294,0.9941176470588236,3.239141445687893,False,0.33548686400899896,2.3632505979549023,0.19901071798813064,0.03947833503480069,6.662606256970321
56,mt-bench,Qwen/Qwen3-4B,mgoin/Qwen3-4B-speculator.dflash2,0.0,8,dflash2_pairwise_k16_tb32,32,64,2048,37.029103994427714,8.737746462891494,114.44598492837021,17.89490475600178,314,6.519108280254777,5.522292993630574,6.519108280254777,0.5605095541401274,0.9968152866242038,4.145101750492343,False,0.6221959119866369,4.377102667953295,0.5183411450125277,0.07398922202264657,12.251001117030683
56,mt-bench,Qwen/Qwen3-4B,mgoin/Qwen3-4B-speculator.dflash2,0.0,8,dflash2_pairwise_k16_tb64,64,64,2048,36.9922339959885,8.996792276853682,111.15072675099213,18.42543058299634,315,6.498412698412698,5.501587301587302,6.498412698412698,0.5523809523809524,0.9968253968253968,4.025751294922205,False,0.6296583419898525,4.40584410905285,0.8371380769822281,0.07457827805774286,12.423354201950133
57,mt-bench,Qwen/Qwen3-4B,mgoin/Qwen3-4B-speculator.dflash2,0.0,8,baseline,,2137,999,120.94717000582023,36.21365084484945,27.61389632556826,36.1774371940046,998,1,,,,,1.0,True,0.24445067095803097,0.0,0.0,0.0,35.77039785092347
57,mt-bench,Qwen/Qwen3-4B,mgoin/Qwen3-4B-speculator.dflash2,0.0,8,dflash2,,2137,2048,121.04827199800638,7.8946669482391485,126.66778808484672,16.168277909993776,302,6.7781456953642385,5.781456953642384,6.7781456953642385,0.7052980132450332,0.9966887417218543,4.58710305099402,False,0.1444848530809395,3.7922312249575043,0.0,0.0,12.186831423983676
57,mt-bench,Qwen/Qwen3-4B,mgoin/Qwen3-4B-speculator.dflash2,0.0,8,dflash2_unary_k16_tb8,8,2137,2048,120.90545899991412,8.446157852539216,118.3970294492382,17.297731282000314,307,6.6677524429967425,5.671009771986971,6.6677524429967425,0.6319218241042345,0.996742671009772,4.28758868554207,False,0.611512110917829,4.283249620995775,0.22394924006221117,0.07189065303100506,12.058467622031458
57,mt-bench,Qwen/Qwen3-4B,mgoin/Qwen3-4B-speculator.dflash2,0.0,8,dflash2_unary_k16_tb16,16,2137,804,120.8663979996345,9.591917579603237,104.25444043915192,7.711901734001002,137,5.861313868613139,4.868613138686132,5.861313868613139,0.40875912408759124,0.9927007299270073,3.7754339050886006,False,0.27251838699157815,1.8982425759677426,0.13370661201042822,0.03214606000256026,5.353350840974599
57,mt-bench,Qwen/Qwen3-4B,mgoin/Qwen3-4B-speculator.dflash2,0.0,8,dflash2_unary_k16_tb32,32,2137,2048,120.97278999863192,8.017403207521312,124.72866514457908,16.419641769003647,291,7.034364261168385,6.037800687285223,7.034364261168385,0.7285223367697594,0.9965635738831615,4.51688032988993,False,0.5766456089913845,4.041784939967329,0.4160765580381849,0.06878222691739211,11.268349147954723
57,mt-bench,Qwen/Qwen3-4B,mgoin/Qwen3-4B-speculator.dflash2,0.0,8,dflash2_unary_k16_tb64,64,2137,2048,121.02226100250846,8.016321756834088,124.74549180208221,16.417426957996213,284,7.207746478873239,6.211267605633803,7.207746478873239,0.778169014084507,0.9964788732394366,4.517489684589634,False,0.567984152068675,3.9482814950388274,0.6669978659774642,0.06741576492640888,11.11772333997942
57,mt-bench,Qwen/Qwen3-4B,mgoin/Qwen3-4B-speculator.dflash2,0.0,8,dflash2_pairwise_k16_tb8,8,2137,2048,121.03136200312292,8.320576987305373,120.18397300159481,17.040541670001403,302,6.7781456953642385,5.7781456953642385,6.7781456953642385,0.6357615894039735,1,4.352300435426567,False,0.596552823059028,4.2008417871184065,0.2722913549587247,0.07052811103494605,11.852192424004897
57,mt-bench,Qwen/Qwen3-4B,mgoin/Qwen3-4B-speculator.dflash2,0.0,8,dflash2_pairwise_k16_tb16,16,2137,2048,120.95111000235192,7.728681103028379,129.38818236505625,15.82833889900212,281,7.284697508896797,6.288256227758007,7.284697508896797,0.7615658362989324,0.99644128113879,4.685618459617854,False,0.5561035750142764,3.9014138430793537,0.3210907180473441,0.06551112305896822,10.938719404010044
57,mt-bench,Qwen/Qwen3-4B,mgoin/Qwen3-4B-speculator.dflash2,0.0,8,dflash2_pairwise_k16_tb32,32,2137,1324,120.98179099848494,8.255162271150908,121.13632260078919,10.929834847003804,193,6.8549222797927465,5.860103626943006,6.8549222797927465,0.6217616580310881,0.9948186528497409,4.386788491294024,False,0.38270932403975166,2.6766176470264327,0.3174306760192849,0.04561207200458739,7.475487142932252
57,mt-bench,Qwen/Qwen3-4B,mgoin/Qwen3-4B-speculator.dflash2,0.0,8,dflash2_pairwise_k16_tb64,64,2137,2048,120.93103899678681,7.728711401366439,129.38767513342518,15.828400949998468,272,7.525735294117647,6.529411764705882,7.525735294117647,0.8492647058823529,0.9963235294117647,4.685600090908668,False,0.5430144169804407,3.7907119570299983,0.6981970809792983,0.06436705598025583,10.684705733074225
58,mt-bench,Qwen/Qwen3-4B,mgoin/Qwen3-4B-speculator.dflash2,0.0,8,baseline,,147,243,38.26726300030714,36.23898688887861,27.59459040801415,8.8060738139975,242,1,,,,,1.0,True,0.05938168901775498,0.0,0.0,0.0,8.70662889387313
58,mt-bench,Qwen/Qwen3-4B,mgoin/Qwen3-4B-speculator.dflash2,0.0,8,dflash2,,147,253,37.198158002865966,18.02290741896847,55.4849435084783,4.559795576999022,85,2.9647058823529413,1.9764705882352942,2.9647058823529413,0.03529411764705882,0.9882352941176471,2.0107181403339154,False,0.0545453130180249,1.0592415599894593,0.0,0.0,3.433419607958058
58,mt-bench,Qwen/Qwen3-4B,mgoin/Qwen3-4B-speculator.dflash2,0.0,8,dflash2_unary_k16_tb8,8,147,274,37.207966997812036,17.44555988320129,57.32117551371463,4.780083407997154,85,3.211764705882353,2.223529411764706,3.211764705882353,0.03529411764705882,0.9882352941176471,2.077261327896614,False,0.1676395000249613,1.1728156030076207,0.06340719299623743,0.01985037299891701,3.342942054994637
58,mt-bench,Qwen/Qwen3-4B,mgoin/Qwen3-4B-speculator.dflash2,0.0,8,dflash2_unary_k16_tb16,16,147,250,37.37510200153338,15.555128355976194,64.28747980184976,3.8887820889940485,69,3.608695652173913,2.6231884057971016,3.608695652173913,0.057971014492753624,0.9855072463768116,2.329713137658281,False,0.13613380201422842,0.9519218960122089,0.06903624098049477,0.016166537017852534,2.7044062259665225
58,mt-bench,Qwen/Qwen3-4B,mgoin/Qwen3-4B-speculator.dflash2,0.0,8,dflash2_unary_k16_tb32,32,147,273,37.39368200331228,14.922365120889477,67.01350569422289,4.073805678002827,72,3.7777777777777777,2.7916666666666665,3.7777777777777777,0.06944444444444445,0.9861111111111112,2.428501554230735,False,0.14234010501968442,0.9926340390229598,0.1096640519972425,0.01689843002532143,2.8004555140214507
58,mt-bench,Qwen/Qwen3-4B,mgoin/Qwen3-4B-speculator.dflash2,0.0,8,dflash2_unary_k16_tb64,64,147,251,37.30412900040392,13.66884253786476,73.15908404313305,3.430879477004055,59,4.237288135593221,3.2542372881355934,4.237288135593221,0.06779661016949153,0.9830508474576272,2.6512110874414665,False,0.11765797202679096,0.8117872240109136,0.15070618303434458,0.013873121031792834,2.326787028046965
58,mt-bench,Qwen/Qwen3-4B,mgoin/Qwen3-4B-speculator.dflash2,0.0,8,dflash2_pairwise_k16_tb8,8,147,253,37.35248299926752,16.698886284566935,59.88423317333427,4.224818229995435,75,3.36,2.3733333333333335,3.36,0.05333333333333334,0.9866666666666667,2.1701439408190097,False,0.14746516998275183,1.0334163530133083,0.06876780399761628,0.017625092987145763,2.9456618490075925
58,mt-bench,Qwen/Qwen3-4B,mgoin/Qwen3-4B-speculator.dflash2,0.0,8,dflash2_pairwise_k16_tb16,16,147,253,37.223430001176894,14.940657822130866,66.93145722932954,3.779986428999109,67,3.7611940298507465,2.7761194029850746,3.7611940298507465,0.05970149253731343,0.9850746268656716,2.4255282009872126,False,0.13237444801052334,0.9222362459913711,0.07969649296137504,0.015645841995137744,2.6192525740116253
58,mt-bench,Qwen/Qwen3-4B,mgoin/Qwen3-4B-speculator.dflash2,0.0,8,dflash2_pairwise_k16_tb32,32,147,234,38.201540999580175,14.314319538461238,69.86011436401805,3.3495507719999296,59,3.9491525423728815,2.9661016949152543,3.9491525423728815,0.05084745762711865,0.9830508474576272,2.5316597684932094,False,0.11675347201526165,0.811878840031568,0.10168469001655467,0.013906768996093888,2.295486080001865
58,mt-bench,Qwen/Qwen3-4B,mgoin/Qwen3-4B-speculator.dflash2,0.0,8,dflash2_pairwise_k16_tb64,64,147,253,37.51610500330571,13.835002359707072,72.28043581057784,3.5002555970058893,60,4.2,3.216666666666667,4.2,0.1,0.9833333333333333,2.619369765661962,False,0.1196023949814844,0.8257288630047697,0.16724272398278117,0.014140228988253511,2.3632481420136173
59,mt-bench,Qwen/Qwen3-4B,mgoin/Qwen3-4B-speculator.dflash2,0.0,8,baseline,,459,657,36.976603005314246,36.22587068949768,27.60458150395574,23.800397042999975,656,1,,,,,1.0,True,0.16007051400083583,0.0,0.0,0.0,23.532684856036212
59,mt-bench,Qwen/Qwen3-4B,mgoin/Qwen3-4B-speculator.dflash2,0.0,8,dflash2,,459,722,36.963963000744116,18.619326677276085,53.707634939369086,13.443153860993332,251,2.8725099601593627,1.8764940239043826,2.8725099601593627,0.0398406374501992,0.9960159362549801,1.9456058383523323,False,0.16076767092454247,3.129781828960404,0.0,0.0,10.115369911931339
59,mt-bench,Qwen/Qwen3-4B,mgoin/Qwen3-4B-speculator.dflash2,0.0,8,dflash2_unary_k16_tb8,8,459,660,37.12136700050905,17.051695196972684,58.64519559190441,11.254118830001971,200,3.295,2.3,3.295,0.03,0.995,2.1244732720726285,False,0.39510655496269464,2.7741832369720214,0.14752696998039028,0.04672804701840505,7.858828721015016
59,mt-bench,Qwen/Qwen3-4B,mgoin/Qwen3-4B-speculator.dflash2,0.0,8,dflash2_unary_k16_tb16,16,459,560,37.15835599723505,17.405151274994882,57.45425501912474,9.746884713997133,173,3.23121387283237,2.2369942196531793,3.23121387283237,0.023121387283236993,0.9942196531791907,2.081330412884236,False,0.34170230699237436,2.399262727929454,0.17403135103086242,0.04043346302205464,6.763477940039593
59,mt-bench,Qwen/Qwen3-4B,mgoin/Qwen3-4B-speculator.dflash2,0.0,8,dflash2_unary_k16_tb32,32,459,731,37.17655799846398,14.489828398086594,69.01392980830964,10.592064559001301,187,3.9037433155080214,2.909090909090909,3.9037433155080214,0.11229946524064172,0.9946524064171123,2.5000896970098947,False,0.37005489302100614,2.592191715055378,0.28483855197555386,0.04403732293576468,7.270077611057786
59,mt-bench,Qwen/Qwen3-4B,mgoin/Qwen3-4B-speculator.dflash2,0.0,8,dflash2_unary_k16_tb64,64,459,597,37.00654299609596,15.703738154097573,63.67910558538384,9.37513167799625,161,3.701863354037267,2.7080745341614905,3.701863354037267,0.043478260869565216,0.9937888198757764,2.3068310445589844,False,0.3208717340021394,2.23225217104482,0.41374998600804247,0.03806425601214869,6.342367414988985
59,mt-bench,Qwen/Qwen3-4B,mgoin/Qwen3-4B-speculator.dflash2,0.0,8,dflash2_pairwise_k16_tb8,8,459,686,37.01790399645688,18.290530303207195,54.67310041987425,12.547303788000136,222,3.0855855855855854,2.09009009009009,3.0855855855855854,0.009009009009009009,0.9954954954954955,1.980580666004286,False,0.4378166409151163,3.0814806939742994,0.20372343294729944,0.051821509056026116,8.73731890997442
59,mt-bench,Qwen/Qwen3-4B,mgoin/Qwen3-4B-speculator.dflash2,0.0,8,dflash2_pairwise_k16_tb16,16,459,704,37.06054500071332,16.538365866474372,60.46546606077586,11.643009569997957,206,3.412621359223301,2.412621359223301,3.412621359223301,0.024271844660194174,1,2.190414154697877,False,0.4073666109907208,2.8598767679868615,0.24597168000764214,0.04806250396359246,8.048404956985905
59,mt-bench,Qwen/Qwen3-4B,mgoin/Qwen3-4B-speculator.dflash2,0.0,8,dflash2_pairwise_k16_tb32,32,459,760,37.040556002466474,14.213770515791685,70.35430879434749,10.802465592001681,190,3.9947368421052634,3,3.9947368421052634,0.05263157894736842,0.9947368421052631,2.5486460928330215,False,0.3763775499610347,2.634141475879005,0.32779239098454127,0.04495633595070103,7.3874744070271845
59,mt-bench,Qwen/Qwen3-4B,mgoin/Qwen3-4B-speculator.dflash2,0.0,8,dflash2_pairwise_k16_tb64,64,459,746,37.00103300070623,12.934896080427299,77.31024615753739,9.649432475998765,165,4.515151515151516,3.521212121212121,4.515151515151516,0.15757575757575756,0.9939393939393939,2.8006309802761846,False,0.32917200097290333,2.2930200160262757,0.45844385002419585,0.03899616795388283,6.501185408989841
60,mt-bench,Qwen/Qwen3-4B,mgoin/Qwen3-4B-speculator.dflash2,0.0,8,baseline,,47,386,38.25829199922737,36.09133155180601,27.707484235226563,13.93125397899712,385,1,,,,,1.0,True,0.09418150800775038,0.0,0.0,0.0,13.773826511955122
60,mt-bench,Qwen/Qwen3-4B,mgoin/Qwen3-4B-speculator.dflash2,0.0,8,dflash2,,47,386,37.09550599887734,8.300788152848016,120.47048805322157,3.204104226999334,60,6.416666666666667,5.433333333333334,6.416666666666667,0.5666666666666667,0.9833333333333333,4.347940326536705,True,0.030592122027883306,0.7432546270210878,0.0,0.0,2.421527356993465
60,mt-bench,Qwen/Qwen3-4B,mgoin/Qwen3-4B-speculator.dflash2,0.0,8,dflash2_unary_k16_tb8,8,47,386,37.10920699813869,8.905455362698795,112.29072060577374,3.437505770001735,62,6.209677419354839,5.225806451612903,6.209677419354839,0.5,0.9838709677419355,4.052721627574195,True,0.12276060699514346,0.8518421900153044,0.045278655939910095,0.014563375953002833,2.393183339969255
60,mt-bench,Qwen/Qwen3-4B,mgoin/Qwen3-4B-speculator.dflash2,0.0,8,dflash2_unary_k16_tb16,16,47,386,37.18436700000893,8.327408481879827,120.08537856356726,3.214379674005613,58,6.637931034482759,5.655172413793103,6.637931034482759,0.6206896551724138,0.9827586206896551,4.334041212261844,True,0.11492333898786455,0.7971497409962467,0.0558571749861585,0.013629144996230025,2.223687608995533
60,mt-bench,Qwen/Qwen3-4B,mgoin/Qwen3-4B-speculator.dflash2,0.0,8,dflash2_unary_k16_tb32,32,47,386,37.093945997185074,8.209171297927863,121.81497543514742,3.1687401210001553,57,6.754385964912281,5.771929824561403,6.754385964912281,0.631578947368421,0.9824561403508771,4.396464666405009,True,0.11471093296131585,0.7830756159455632,0.08082382798602339,0.013332355047168676,2.1673723440180765
60,mt-bench,Qwen/Qwen3-4B,mgoin/Qwen3-4B-speculator.dflash2,0.0,8,dflash2_unary_k16_tb64,64,47,386,37.16848699696129,8.425868396387,118.68212900510036,3.2523852010053815,57,6.754385964912281,5.771929824561403,6.754385964912281,0.6491228070175439,0.9824561403508771,4.28339606719729,True,0.11340534199553076,0.7830139389698161,0.13393993402132764,0.013506190036423504,2.1987421159865335
60,mt-bench,Qwen/Qwen3-4B,mgoin/Qwen3-4B-speculator.dflash2,0.0,8,dflash2_pairwise_k16_tb8,8,47,386,37.12326600361848,8.4684277979325,118.0856734994118,3.268813130001945,59,6.52542372881356,5.5423728813559325,6.52542372881356,0.6101694915254238,0.9830508474576272,4.261869193785583,True,0.11608912497467827,0.8106233050202718,0.053203552997729275,0.013722329982556403,2.265730095015897
60,mt-bench,Qwen/Qwen3-4B,mgoin/Qwen3-4B-speculator.dflash2,0.0,8,dflash2_pairwise_k16_tb16,16,47,386,37.18039699742803,7.755200645074018,128.9457289071153,2.993507448998571,54,7.12962962962963,6.148148148148148,7.12962962962963,0.7037037037037037,0.9814814814814815,4.653823054175994,True,0.10662101598427398,0.7404499219919671,0.06162515001051361,0.013310806964000221,2.0628614540182753
60,mt-bench,Qwen/Qwen3-4B,mgoin/Qwen3-4B-speculator.dflash2,0.0,8,dflash2_pairwise_k16_tb32,32,47,386,37.19389800244244,7.643333715034578,130.8329633747355,2.950326814003347,53,7.264150943396227,6.283018867924528,7.264150943396227,0.7169811320754716,0.9811320754716981,4.721935859062872,True,0.10501161801221315,0.7276745470080641,0.08588272801716812,0.012567609002871905,2.0104844009838416
60,mt-bench,Qwen/Qwen3-4B,mgoin/Qwen3-4B-speculator.dflash2,0.0,8,dflash2_pairwise_k16_tb64,64,47,386,37.176748002821114,7.8518009041531025,127.35931695250497,3.0307951490030973,53,7.264150943396227,6.283018867924528,7.264150943396227,0.7358490566037735,0.9811320754716981,4.596567334344404,True,0.10557940598664572,0.7270249440407497,0.13484546803374542,0.012420536026183981,2.0418477300117956
61,mt-bench,Qwen/Qwen3-4B,mgoin/Qwen3-4B-speculator.dflash2,0.0,8,baseline,,454,632,36.890269999275915,36.36115385284662,27.50187752696172,22.980249234999064,631,1,,,,,1.0,True,0.15448727102921112,0.0,0.0,0.0,22.72130601495155
61,mt-bench,Qwen/Qwen3-4B,mgoin/Qwen3-4B-speculator.dflash2,0.0,8,dflash2,,454,629,36.932702001649886,8.752594003176231,114.2518434691601,5.505381627997849,103,6.097087378640777,5.106796116504855,6.097087378640777,0.5048543689320388,0.9902912621359223,4.154328858353479,False,0.054553485941141844,1.2779999999547726,0.0,0.0,4.157670791966666
61,mt-bench,Qwen/Qwen3-4B,mgoin/Qwen3-4B-speculator.dflash2,0.0,8,dflash2_unary_k16_tb8,8,454,629,37.154017998545896,9.386846138320237,106.53205403225545,5.90432622100343,105,5.980952380952381,4.9904761904761905,5.980952380952381,0.42857142857142855,0.9904761904761905,3.8736284069266094,False,0.2070747949910583,1.4500315970071824,0.07654347103380132,0.024438955922960304,4.129622812972229
61,mt-bench,Qwen/Qwen3-4B,mgoin/Qwen3-4B-speculator.dflash2,0.0,8,dflash2_unary_k16_tb16,16,454,629,37.272378998750355,8.850568694747604,112.98708981191828,5.567007708996243,99,6.343434343434343,5.353535353535354,6.343434343434343,0.494949494949495,0.98989898989899,4.108340956036559,False,0.19564680101029808,1.3671952949880506,0.09547751303762197,0.02324827698612353,3.8695696189897717
61,mt-bench,Qwen/Qwen3-4B,mgoin/Qwen3-4B-speculator.dflash2,0.0,8,dflash2_unary_k16_tb32,32,454,632,37.07609599950956,8.758448780065033,114.17546932238552,5.5353396290011005,98,6.438775510204081,5.448979591836735,6.438775510204081,0.5204081632653061,0.9897959183673469,4.15155180625223,True,0.19426903300336562,1.352341327976319,0.1398158459996921,0.02309409996814793,3.809678466976038
61,mt-bench,Qwen/Qwen3-4B,mgoin/Qwen3-4B-speculator.dflash2,0.0,8,dflash2_unary_k16_tb64,64,454,629,37.092963997565676,8.667950558024831,115.36752468831229,5.45214090099762,94,6.680851063829787,5.691489361702128,6.680851063829787,0.5851063829787234,0.9893617021276596,4.194896314813803,False,0.18787883001641603,1.3014474010269623,0.2203713710041484,0.022318997987895273,3.7038600699816016
61,mt-bench,Qwen/Qwen3-4B,mgoin/Qwen3-4B-speculator.dflash2,0.0,8,dflash2_pairwise_k16_tb8,8,454,629,37.05847600213019,8.972014359299656,111.45769054231191,5.643397031999484,100,6.28,5.29,6.28,0.47,0.99,4.052730233891971,False,0.1974371499964036,1.38189590597176,0.09116325893410249,0.02325303605903173,3.9337229369484703
61,mt-bench,Qwen/Qwen3-4B,mgoin/Qwen3-4B-speculator.dflash2,0.0,8,dflash2_pairwise_k16_tb16,16,454,629,37.26891900441842,8.33638444992074,119.95608000174556,5.243585819000145,93,6.752688172043011,5.763440860215054,6.752688172043011,0.6344086021505376,0.989247311827957,4.361741480527848,False,0.18369236798753263,1.2836876669534831,0.10770557999785524,0.02182252502097981,3.63169833196298
61,mt-bench,Qwen/Qwen3-4B,mgoin/Qwen3-4B-speculator.dflash2,0.0,8,dflash2_pairwise_k16_tb32,32,454,629,37.18693800328765,8.018673259137673,124.70890977637113,5.043745479997597,89,7.056179775280899,6.067415730337078,7.056179775280899,0.6853932584269663,0.9887640449438202,4.534559855199399,False,0.17636594003852224,1.2279990830138559,0.14511461898655398,0.0209792720634141,3.458614898947417
61,mt-bench,Qwen/Qwen3-4B,mgoin/Qwen3-4B-speculator.dflash2,0.0,8,dflash2_pairwise_k16_tb64,64,454,629,36.98021300078835,8.046074782189837,124.28420404611722,5.060981037997408,87,7.218390804597701,6.2298850574712645,7.218390804597701,0.7126436781609196,0.9885057471264368,4.519117064799451,False,0.17343425503349863,1.2028922710669576,0.22422806196846068,0.020442550972802565,3.424914819050173
62,mt-bench,Qwen/Qwen3-4B,mgoin/Qwen3-4B-speculator.dflash2,0.0,8,baseline,,62,74,38.03898700425634,35.64773468915027,28.052273411481586,2.63793236699712,73,1,,,,,1.0,True,0.018035275978036225,0.0,0.0,0.0,2.607650895981351
62,mt-bench,Qwen/Qwen3-4B,mgoin/Qwen3-4B-speculator.dflash2,0.0,8,dflash2,,62,74,37.1174850006355,11.508809108105394,86.88996321050477,0.8516518739997991,16,4.5625,3.5625,4.5625,0.125,1,3.097430355678102,True,0.00992150000820402,0.1898027250135783,0.0,0.0,0.6496112259919755
62,mt-bench,Qwen/Qwen3-4B,mgoin/Qwen3-4B-speculator.dflash2,0.0,8,dflash2_unary_k16_tb8,8,62,74,36.98914300184697,13.555798891871204,73.76916757002455,1.0031291179984692,18,4.055555555555555,3.111111111111111,4.055555555555555,0.16666666666666666,0.9444444444444444,2.6297037137757036,True,0.035478626006806735,0.2373478149966104,0.013709384998946916,0.00421084701520158,0.709600716996647
62,mt-bench,Qwen/Qwen3-4B,mgoin/Qwen3-4B-speculator.dflash2,0.0,8,dflash2_unary_k16_tb16,16,62,74,37.02876400348032,12.031217243241594,83.11710941482161,0.890310075999878,16,4.5625,3.625,4.5625,0.25,0.9375,2.9629366645486352,True,0.03165511102997698,0.20942798798932927,0.01607024800614454,0.0038237580010900274,0.6267866269918159
62,mt-bench,Qwen/Qwen3-4B,mgoin/Qwen3-4B-speculator.dflash2,0.0,8,dflash2_unary_k16_tb32,32,62,74,37.04866399493767,9.790756121612896,102.13715749619381,0.7245159529993543,13,5.615384615384615,4.6923076923076925,5.615384615384615,0.3076923076923077,0.9230769230769231,3.6409582923282726,True,0.02572958498058142,0.16808706298616016,0.019038444021134637,0.003066140001465101,0.5064972339969245
62,mt-bench,Qwen/Qwen3-4B,mgoin/Qwen3-4B-speculator.dflash2,0.0,8,dflash2_unary_k16_tb64,64,62,74,37.20819800219033,10.042477581009734,99.57702090278937,0.7431433409947203,13,5.615384615384615,4.6923076923076925,5.615384615384615,0.3076923076923077,0.9230769230769231,3.5496952222786065,True,0.02587874699383974,0.16801865700108465,0.03114671602816088,0.0030983189935795963,0.5128025169979082
62,mt-bench,Qwen/Qwen3-4B,mgoin/Qwen3-4B-speculator.dflash2,0.0,8,dflash2_pairwise_k16_tb8,8,62,74,37.09869599697413,12.068012418879064,82.86368668593771,0.8930329189970507,16,4.5625,3.625,4.5625,0.125,0.9375,2.953902718345181,True,0.03154099701350788,0.2094329190076678,0.014646151001215912,0.003717236002557911,0.6311627210016013
62,mt-bench,Qwen/Qwen3-4B,mgoin/Qwen3-4B-speculator.dflash2,0.0,8,dflash2_pairwise_k16_tb16,16,62,74,37.17612799664494,10.533679729780635,94.9335868996299,0.779492300003767,14,5.214285714285714,4.285714285714286,5.214285714285714,0.21428571428571427,0.9285714285714286,3.3841673188873984,True,0.02751017000991851,0.18167944500601152,0.01626464399305405,0.0032584499931544997,0.5485480440111132
62,mt-bench,Qwen/Qwen3-4B,mgoin/Qwen3-4B-speculator.dflash2,0.0,8,dflash2_pairwise_k16_tb32,32,62,74,37.12625600019237,10.633382689234535,94.0434506332986,0.7868703190033557,14,5.214285714285714,4.285714285714286,5.214285714285714,0.2857142857142857,0.9285714285714286,3.3524359774280295,True,0.028501965003670193,0.18414680601563305,0.023168981009803247,0.003209958980733063,0.5455923500048812
62,mt-bench,Qwen/Qwen3-4B,mgoin/Qwen3-4B-speculator.dflash2,0.0,8,dflash2_pairwise_k16_tb64,64,62,74,37.1027149958536,9.293772473029094,107.59893282324704,0.6877391630041529,12,6.083333333333333,5.166666666666667,6.083333333333333,0.25,0.9166666666666666,3.8356582101188135,True,0.023937179998029023,0.15395870299107628,0.031395880978379864,0.002800251000735443,0.4736402039852692
63,mt-bench,Qwen/Qwen3-4B,mgoin/Qwen3-4B-speculator.dflash2,0.0,8,baseline,,179,75,36.89270999893779,35.9093701466918,27.847884714071665,2.693202761001885,74,1,,,,,1.0,True,0.018312840948055964,0.0,0.0,0.0,2.6624824559985427
63,mt-bench,Qwen/Qwen3-4B,mgoin/Qwen3-4B-speculator.dflash2,0.0,8,dflash2,,179,86,37.07630500139203,9.86435101156023,101.37514356779074,0.8483341869941797,16,5.3125,4.3125,5.3125,0.3125,1,3.6403175540498203,False,0.009289675013860688,0.1894443500059424,0.0,0.0,0.6472842520088307
63,mt-bench,Qwen/Qwen3-4B,mgoin/Qwen3-4B-speculator.dflash2,0.0,8,dflash2_unary_k16_tb8,8,179,75,37.104507006006315,11.876195546647068,84.20204905453276,0.8907146659985301,16,4.625,3.625,4.625,0.1875,1,3.0236425466091172,True,0.03154769701359328,0.2098131910097436,0.012229578984261025,0.0037518089957302436,0.6308443290108698
63,mt-bench,Qwen/Qwen3-4B,mgoin/Qwen3-4B-speculator.dflash2,0.0,8,dflash2_unary_k16_tb16,16,179,86,37.04283400293207,9.69927848834845,103.10045238945146,0.8341379499979666,15,5.666666666666667,4.733333333333333,5.666666666666667,0.3333333333333333,0.9333333333333333,3.7022723071441876,False,0.029601970018120483,0.19620015600230545,0.0149292450005305,0.00344504901295295,0.5875809610079159
63,mt-bench,Qwen/Qwen3-4B,mgoin/Qwen3-4B-speculator.dflash2,0.0,8,dflash2_unary_k16_tb32,32,179,75,37.12096600065706,9.67871830672569,103.31946527518063,0.7259038730044267,13,5.6923076923076925,4.6923076923076925,5.6923076923076925,0.3076923076923077,1,3.7101369219247315,True,0.025823318006587215,0.1679849540014402,0.018918615016445983,0.0030728490091860294,0.5079999090230558
63,mt-bench,Qwen/Qwen3-4B,mgoin/Qwen3-4B-speculator.dflash2,0.0,8,dflash2_unary_k16_tb64,64,179,75,36.945442006981466,9.925749893300235,100.74805538622208,0.7444312419975176,13,5.6923076923076925,4.6923076923076925,5.6923076923076925,0.38461538461538464,1,3.617799212423255,True,0.025885188006213866,0.16809326799557311,0.03154920599627076,0.003055335000681225,0.5136340880126227
63,mt-bench,Qwen/Qwen3-4B,mgoin/Qwen3-4B-speculator.dflash2,0.0,8,dflash2_pairwise_k16_tb8,8,179,75,37.117927000508644,11.899588346714154,84.0365204966213,0.8924691260035614,16,4.625,3.6875,4.625,0.1875,0.9375,3.017698520353227,True,0.03148302698537009,0.2098103320095106,0.01460266799404053,0.0037116350067663006,0.6303454310182133
63,mt-bench,Qwen/Qwen3-4B,mgoin/Qwen3-4B-speculator.dflash2,0.0,8,dflash2_pairwise_k16_tb16,16,179,75,37.016214002505876,10.402773946601277,96.12820629700535,0.7802080459950957,14,5.285714285714286,4.285714285714286,5.285714285714286,0.2857142857142857,1,3.451903341456714,True,0.027652868011500686,0.18266127399692778,0.016369620003388263,0.0032843830122146755,0.5480614299885929
63,mt-bench,Qwen/Qwen3-4B,mgoin/Qwen3-4B-speculator.dflash2,0.0,8,dflash2_pairwise_k16_tb32,32,179,86,37.091056001372635,9.143588465143017,109.36625197122306,0.7863486080022994,14,6.071428571428571,5.142857142857143,6.071428571428571,0.5,0.9285714285714286,3.927273223591011,False,0.0277633860023343,0.18216010001196992,0.02340147800714476,0.003279860997281503,0.5474387660069624
63,mt-bench,Qwen/Qwen3-4B,mgoin/Qwen3-4B-speculator.dflash2,0.0,8,dflash2_pairwise_k16_tb64,64,179,75,37.331320003431756,9.975261560078556,100.2479979073476,0.7481446170058916,13,5.6923076923076925,4.6923076923076925,5.6923076923076925,0.3076923076923077,1,3.59984246331973,True,0.025932247015589382,0.16804594698623987,0.03473606201441726,0.0030813270059297793,0.514189120993251
64,mt-bench,Qwen/Qwen3-4B,mgoin/Qwen3-4B-speculator.dflash2,0.0,8,baseline,,81,312,39.00026000337675,36.174855410256264,27.643510628006016,11.286554887999955,311,1,,,,,1.0,True,0.07643572003144072,0.0,0.0,0.0,11.158885900040332
64,mt-bench,Qwen/Qwen3-4B,mgoin/Qwen3-4B-speculator.dflash2,0.0,8,dflash2,,81,318,37.690789002226666,9.806257386786319,101.97570393649615,3.1183898489980493,58,5.4655172413793105,4.482758620689655,5.4655172413793105,0.3275862068965517,0.9827586206896551,3.6889563452618486,False,0.03299061700090533,0.7217760239946074,0.0,0.0,2.35507504906127
64,mt-bench,Qwen/Qwen3-4B,mgoin/Qwen3-4B-speculator.dflash2,0.0,8,dflash2_unary_k16_tb8,8,81,312,37.59846699540503,10.099952708328486,99.0103645906573,3.151185244998487,56,5.553571428571429,4.571428571428571,5.553571428571429,0.35714285714285715,0.9821428571428571,3.581685623183785,True,0.1102864349813899,0.7684783159929793,0.04214782502822345,0.013136052039044444,2.2083536450154497
64,mt-bench,Qwen/Qwen3-4B,mgoin/Qwen3-4B-speculator.dflash2,0.0,8,dflash2_unary_k16_tb16,16,81,312,37.62387800088618,9.767546291652998,102.37985775962636,3.0474744429957354,54,5.7592592592592595,4.777777777777778,5.7592592592592595,0.4444444444444444,0.9814814814814815,3.7035765513770866,True,0.10709481997037074,0.7433182099921396,0.05237295699771494,0.012701407962595113,2.1232778140038135
64,mt-bench,Qwen/Qwen3-4B,mgoin/Qwen3-4B-speculator.dflash2,0.0,8,dflash2_unary_k16_tb32,32,81,312,37.68090900121024,9.271253464738457,107.86028057622627,2.892631080998399,51,6.098039215686274,5.117647058823529,6.098039215686274,0.5294117647058824,0.9803921568627451,3.9018300543546576,True,0.10135929303942248,0.7019199820351787,0.07377863498550141,0.012117523001506925,1.9949551110112225
64,mt-bench,Qwen/Qwen3-4B,mgoin/Qwen3-4B-speculator.dflash2,0.0,8,dflash2_unary_k16_tb64,64,81,312,37.73337000166066,9.312498266015796,107.38257033016707,2.9054994589969283,50,6.22,5.24,6.22,0.52,0.98,3.884548955275468,True,0.09974939298990648,0.6876802220140235,0.11822561597364256,0.011752990998502355,1.9795306019877899
64,mt-bench,Qwen/Qwen3-4B,mgoin/Qwen3-4B-speculator.dflash2,0.0,8,dflash2_pairwise_k16_tb8,8,81,318,37.761321997095365,9.423718333325596,106.11522592559318,2.9967424299975396,53,5.981132075471698,5,5.981132075471698,0.37735849056603776,0.9811320754716981,3.83870295468501,False,0.1048991880234098,0.7275232009997126,0.0485259139968548,0.012463680992368609,2.094845810017432
64,mt-bench,Qwen/Qwen3-4B,mgoin/Qwen3-4B-speculator.dflash2,0.0,8,dflash2_pairwise_k16_tb16,16,81,312,37.80821200052742,8.513120086554876,117.46574579387664,2.656093467005121,47,6.617021276595745,5.617021276595745,6.617021276595745,0.5531914893617021,1,4.249306369751405,True,0.09354101501230616,0.6444447549874894,0.05489725999359507,0.010950552983558737,1.8447772820218233
64,mt-bench,Qwen/Qwen3-4B,mgoin/Qwen3-4B-speculator.dflash2,0.0,8,dflash2_pairwise_k16_tb32,32,81,318,37.73667100176681,8.758937927668969,114.16909313183496,2.785342260998732,49,6.469387755102041,5.489795918367347,6.469387755102041,0.6122448979591837,0.9795918367346939,4.130050436364211,False,0.09789548401749926,0.6730734900265816,0.08061404299951391,0.011508153045724612,1.914106174983317
64,mt-bench,Qwen/Qwen3-4B,mgoin/Qwen3-4B-speculator.dflash2,0.0,8,dflash2_pairwise_k16_tb64,64,81,312,37.722859997302294,8.408726580129064,118.9240713764118,2.623522693000268,45,6.911111111111111,5.933333333333334,6.911111111111111,0.6666666666666666,0.9777777777777777,4.302061086840693,True,0.0898155420072726,0.6174091280190623,0.11760714099364122,0.010613732018100563,1.7803289700168534
65,mt-bench,Qwen/Qwen3-4B,mgoin/Qwen3-4B-speculator.dflash2,0.0,8,baseline,,423,354,37.10081499593798,36.272466576268165,27.569120448353125,12.840453167998932,353,1,,,,,1.0,True,0.08717477793106809,0.0,0.0,0.0,12.69474003801588
65,mt-bench,Qwen/Qwen3-4B,mgoin/Qwen3-4B-speculator.dflash2,0.0,8,dflash2,,423,354,37.31351999886101,11.366096327685105,87.98095416138945,4.023598100000527,75,4.706666666666667,3.72,4.706666666666667,0.26666666666666666,0.9866666666666667,3.1912862191671802,True,0.04393512199021643,0.9334811399967293,0.0,0.0,3.0351589510173653
65,mt-bench,Qwen/Qwen3-4B,mgoin/Qwen3-4B-speculator.dflash2,0.0,8,dflash2_unary_k16_tb8,8,423,354,37.157705999561585,10.8974294661221,91.7647600389429,3.8576900310072233,69,5.115942028985507,4.130434782608695,5.115942028985507,0.2463768115942029,0.9855072463768116,3.328534191391825,True,0.13850304901279742,0.957660163010587,0.05132611202134285,0.016259405980235897,2.6829957270019804
65,mt-bench,Qwen/Qwen3-4B,mgoin/Qwen3-4B-speculator.dflash2,0.0,8,dflash2_unary_k16_tb16,16,423,243,37.248378997901455,10.689308753078075,93.55141881480799,2.5975020269979723,47,5.148936170212766,4.148936170212766,5.148936170212766,0.23404255319148937,1,3.393340712122588,False,0.09297334401344415,0.642322150975815,0.0463981599532417,0.011018533979950007,1.7971197570295772
65,mt-bench,Qwen/Qwen3-4B,mgoin/Qwen3-4B-speculator.dflash2,0.0,8,dflash2_unary_k16_tb32,32,423,243,37.37497199472273,10.528313102893609,94.98197766602888,2.558380084003147,46,5.260869565217392,4.260869565217392,5.260869565217392,0.2608695652173913,1,3.445230610238882,False,0.09122308799851453,0.628903907017957,0.06854152201412944,0.010756834031781182,1.7514679790328955
65,mt-bench,Qwen/Qwen3-4B,mgoin/Qwen3-4B-speculator.dflash2,0.0,8,dflash2_unary_k16_tb64,64,423,354,37.104497001564596,9.359915429381108,106.83857215856507,3.3134100620009117,58,6.086206896551724,5.103448275862069,6.086206896551724,0.4482758620689655,0.9827586206896551,3.8752985376777667,True,0.1155655339898658,0.7968641000188654,0.13860933200339787,0.013858720019925386,2.2385946989961667
65,mt-bench,Qwen/Qwen3-4B,mgoin/Qwen3-4B-speculator.dflash2,0.0,8,dflash2_pairwise_k16_tb8,8,423,354,37.19725900009507,10.395946974580315,96.19133326142904,3.6801652290014317,66,5.348484848484849,4.363636363636363,5.348484848484849,0.2727272727272727,0.9848484848484849,3.489096920651857,True,0.1304080760164652,0.909941959027492,0.060195800026122015,0.015450937986315694,2.553751179984829
65,mt-bench,Qwen/Qwen3-4B,mgoin/Qwen3-4B-speculator.dflash2,0.0,8,dflash2_pairwise_k16_tb16,16,423,354,37.32541100180242,9.410826014131201,106.26059800684978,3.3314324090024456,60,5.883333333333334,4.9,5.883333333333334,0.43333333333333335,0.9833333333333333,3.8543339895777264,True,0.11862230303086108,0.8251011599350022,0.06997053306258749,0.014030150028702337,2.2940089979892946
65,mt-bench,Qwen/Qwen3-4B,mgoin/Qwen3-4B-speculator.dflash2,0.0,8,dflash2_pairwise_k16_tb32,32,423,243,37.20136899937643,10.804152000003683,92.5570095644396,2.6254089360008948,47,5.148936170212766,4.148936170212766,5.148936170212766,0.2127659574468085,1,3.3572710358254683,False,0.09340107801835984,0.6435419939953135,0.07902844099589856,0.011043607999454252,1.7906630149809644
65,mt-bench,Qwen/Qwen3-4B,mgoin/Qwen3-4B-speculator.dflash2,0.0,8,dflash2_pairwise_k16_tb64,64,423,354,37.32808199856663,9.079548237289698,110.13763833458152,3.214160076000553,56,6.303571428571429,5.321428571428571,6.303571428571429,0.5,0.9821428571428571,3.99496380528022,True,0.11169666698697256,0.7696797620301368,0.14753622102580266,0.013192126985813957,2.1624489149908186
66,mt-bench,Qwen/Qwen3-4B,mgoin/Qwen3-4B-speculator.dflash2,0.0,8,baseline,,34,483,38.142830999277066,36.36033170185641,27.502499377610025,17.562040211996646,482,1,,,,,1.0,True,0.11953801194613334,0.0,0.0,0.0,17.362538846951793
66,mt-bench,Qwen/Qwen3-4B,mgoin/Qwen3-4B-speculator.dflash2,0.0,8,dflash2,,34,378,37.03888499876484,11.541474687830833,86.64404047555429,4.362677432000055,81,4.654320987654321,3.6666666666666665,4.654320987654321,0.20987654320987653,0.9876543209876543,3.150406051680226,False,0.04834261197538581,1.0121148109683418,0.0,0.0,3.2900628889765358
66,mt-bench,Qwen/Qwen3-4B,mgoin/Qwen3-4B-speculator.dflash2,0.0,8,dflash2_unary_k16_tb8,8,34,483,37.00028399907751,11.815923612843067,84.63155592111913,5.707091105003201,101,4.772277227722772,3.782178217821782,4.772277227722772,0.13861386138613863,0.9900990099009901,3.077231445736101,True,0.19936179302021628,1.3994941199562163,0.07496901197737316,0.023494628971093334,3.9937444900060655
66,mt-bench,Qwen/Qwen3-4B,mgoin/Qwen3-4B-speculator.dflash2,0.0,8,dflash2_unary_k16_tb16,16,34,483,37.066954995680135,10.998330939947131,90.92288688712681,5.312193843994464,94,5.127659574468085,4.138297872340425,5.127659574468085,0.23404255319148937,0.9893617021276596,3.305986326506301,True,0.1863082300478709,1.3023826489879866,0.09378372297942406,0.022076870998716913,3.692492664049496
66,mt-bench,Qwen/Qwen3-4B,mgoin/Qwen3-4B-speculator.dflash2,0.0,8,dflash2_unary_k16_tb32,32,34,378,37.02393399726134,10.203494743388436,98.00563680869935,3.856921013000829,68,5.544117647058823,4.5588235294117645,5.544117647058823,0.23529411764705882,0.9852941176470589,3.5635174630159763,False,0.13440345598792192,0.9392245470153284,0.10107807902386412,0.016022306015656795,2.6550312569888774
66,mt-bench,Qwen/Qwen3-4B,mgoin/Qwen3-4B-speculator.dflash2,0.0,8,dflash2_unary_k16_tb64,64,34,379,37.06553600204643,9.985068435346067,100.14953893156182,3.784340936996159,65,5.815384615384615,4.8307692307692305,5.815384615384615,0.3230769230769231,0.9846153846153847,3.64147045533957,False,0.1300325889897067,0.8967515599942999,0.15807910295552574,0.015393935049360152,2.572889821996796
66,mt-bench,Qwen/Qwen3-4B,mgoin/Qwen3-4B-speculator.dflash2,0.0,8,dflash2_pairwise_k16_tb8,8,34,383,37.00594400288537,11.22966295562766,89.04986765420752,4.300960912005394,76,5.026315789473684,4.0394736842105265,5.026315789473684,0.15789473684210525,0.9868421052631579,3.2378827259133995,False,0.14997692302131327,1.0498791340214666,0.06962989502790151,0.017865406967757735,3.001457398007915
66,mt-bench,Qwen/Qwen3-4B,mgoin/Qwen3-4B-speculator.dflash2,0.0,8,dflash2_pairwise_k16_tb16,16,34,483,37.03905499423854,9.73947705797946,102.67491714873024,4.704167419004079,83,5.807228915662651,4.819277108433735,5.807228915662651,0.3614457831325301,0.9879518072289156,3.7332940449884564,True,0.16398607199516846,1.150031506018422,0.0975090000210912,0.019275095015473198,3.2600009690359
66,mt-bench,Qwen/Qwen3-4B,mgoin/Qwen3-4B-speculator.dflash2,0.0,8,dflash2_pairwise_k16_tb32,32,34,483,37.0411449985113,9.317173606625833,107.32868595352329,4.500194852000277,79,6.10126582278481,5.10126582278481,6.10126582278481,0.43037974683544306,1,3.9025066223944838,True,0.15680300800158875,1.0935880909964908,0.13203267798235174,0.018605235010909382,3.086217722018773
66,mt-bench,Qwen/Qwen3-4B,mgoin/Qwen3-4B-speculator.dflash2,0.0,8,dflash2_pairwise_k16_tb64,64,34,379,37.088217002747115,8.941229182059905,111.84144591735173,3.3887258600007044,58,6.517241379310345,5.5344827586206895,6.517241379310345,0.46551724137931033,0.9827586206896551,4.066592071570144,False,0.11576617399987299,0.799193256025319,0.1544978420206462,0.013818888983223587,2.295398814996588
67,mt-bench,Qwen/Qwen3-4B,mgoin/Qwen3-4B-speculator.dflash2,0.0,8,baseline,,445,886,36.99913300079061,36.33217185666031,27.523815640453734,32.19030426500103,885,1,,,,,1.0,True,0.2175860499337432,0.0,0.0,0.0,31.826339051811374
67,mt-bench,Qwen/Qwen3-4B,mgoin/Qwen3-4B-speculator.dflash2,0.0,8,dflash2,,445,906,36.99910399882356,10.077331476828721,99.23261949846015,9.130062318006821,170,5.323529411764706,4.323529411764706,5.323529411764706,0.4176470588235294,1,3.6053365854046353,False,0.09333240001433296,2.128154435995384,0.0,0.0,6.883607267940533
67,mt-bench,Qwen/Qwen3-4B,mgoin/Qwen3-4B-speculator.dflash2,0.0,8,dflash2_unary_k16_tb8,8,445,906,37.1365179962595,10.208461618101817,97.95795266808695,9.248866226000246,164,5.5182926829268295,4.524390243902439,5.5182926829268295,0.39634146341463417,0.9939024390243902,3.559025171063531,False,0.32377145891223336,2.2747214270057157,0.11983457400492625,0.038297641956887674,6.466239181027049
67,mt-bench,Qwen/Qwen3-4B,mgoin/Qwen3-4B-speculator.dflash2,0.0,8,dflash2_unary_k16_tb16,16,445,905,37.158737002755515,9.150388942542937,109.28497206831246,8.281101993001357,147,6.149659863945578,5.149659863945578,6.149659863945578,0.5102040816326531,1,3.97056038653625,False,0.29063567397679435,2.039280906035856,0.1424838909661048,0.03445510503661353,5.750487206023536
67,mt-bench,Qwen/Qwen3-4B,mgoin/Qwen3-4B-speculator.dflash2,0.0,8,dflash2_unary_k16_tb32,32,445,916,37.14532699814299,9.403808366814662,106.33989560324575,8.61388846400223,152,6.019736842105263,5.019736842105263,6.019736842105263,0.46710526315789475,1,3.8635593622764404,False,0.3009360570140416,2.108505742973648,0.22078841199254384,0.03576974598399829,5.922720293958264
67,mt-bench,Qwen/Qwen3-4B,mgoin/Qwen3-4B-speculator.dflash2,0.0,8,dflash2_unary_k16_tb64,64,445,912,37.077376000524964,8.856802085526732,112.90756983653745,8.07740350200038,139,6.553956834532374,5.553956834532374,6.553956834532374,0.6115107913669064,1,4.102177231218954,False,0.2774098640365992,1.9332223179590073,0.32730196305783466,0.03268991997902049,5.482690555116278
67,mt-bench,Qwen/Qwen3-4B,mgoin/Qwen3-4B-speculator.dflash2,0.0,8,dflash2_pairwise_k16_tb8,8,445,892,37.181537998549175,10.149322550450105,98.52874367025134,9.053195715001493,160,5.56875,4.56875,5.56875,0.4125,1,3.5797632478484034,False,0.31574927495239535,2.2225101660660584,0.1455070100055309,0.03745798503223341,6.306623828029842
67,mt-bench,Qwen/Qwen3-4B,mgoin/Qwen3-4B-speculator.dflash2,0.0,8,dflash2_pairwise_k16_tb16,16,445,863,37.23922000062885,9.227372800692502,108.37320888616871,7.963222726997628,141,6.113475177304965,5.113475177304965,6.113475177304965,0.46808510638297873,1,3.9374340499100278,False,0.27860089795285603,1.9539193109449116,0.1630524680003873,0.03305391807225533,5.511733163031749
67,mt-bench,Qwen/Qwen3-4B,mgoin/Qwen3-4B-speculator.dflash2,0.0,8,dflash2_pairwise_k16_tb32,32,445,913,37.26602000097046,8.60248642606951,116.24546095993107,7.854070107001462,138,6.608695652173913,5.615942028985507,6.608695652173913,0.6159420289855072,0.9927536231884058,4.223450065152912,False,0.2740071179578081,1.9180613789794734,0.22634954694513,0.03251155998441391,5.380202950029343
67,mt-bench,Qwen/Qwen3-4B,mgoin/Qwen3-4B-speculator.dflash2,0.0,8,dflash2_pairwise_k16_tb64,64,445,901,37.04012399975909,8.616431125414316,116.05733109738235,7.763404443998298,133,6.7669172932330826,5.7669172932330826,6.7669172932330826,0.6390977443609023,1,4.216614898655422,False,0.2656913179598632,1.8499044179116026,0.3474827310346882,0.031470224013901316,5.245820766991528
68,mt-bench,Qwen/Qwen3-4B,mgoin/Qwen3-4B-speculator.dflash2,0.0,8,baseline,,88,381,38.810753998404834,36.24919344094112,27.586820700693565,13.810942700998568,380,1,,,,,1.0,True,0.09393562902550912,0.0,0.0,0.0,13.654179190052673
68,mt-bench,Qwen/Qwen3-4B,mgoin/Qwen3-4B-speculator.dflash2,0.0,8,dflash2,,88,382,37.63916900061304,10.41435638480882,96.0212962808414,3.978284138996969,74,5.148648648648648,4.162162162162162,5.148648648648648,0.3108108108108108,0.9864864864864865,3.48069454333414,False,0.0425267639948288,0.9227655729846447,0.0,0.0,3.0021098249635543
68,mt-bench,Qwen/Qwen3-4B,mgoin/Qwen3-4B-speculator.dflash2,0.0,8,dflash2_unary_k16_tb8,8,88,382,37.902124000538606,10.351373157057886,96.60554062029627,3.9542245459961127,70,5.442857142857143,4.457142857142857,5.442857142857143,0.2714285714285714,0.9857142857142858,3.5018729294118147,False,0.13934218596114079,0.966566098984913,0.051435918008792214,0.016460877959616482,2.7694474780146265
68,mt-bench,Qwen/Qwen3-4B,mgoin/Qwen3-4B-speculator.dflash2,0.0,8,dflash2_unary_k16_tb16,16,88,372,37.69366900087334,10.170361249996644,98.3249242990587,3.783374384998752,67,5.537313432835821,4.552238805970149,5.537313432835821,0.3582089552238806,0.9850746268656716,3.564199200982471,False,0.13245997898775386,0.9249261649893015,0.06582169405010063,0.01571843196870759,2.6336958939864417
68,mt-bench,Qwen/Qwen3-4B,mgoin/Qwen3-4B-speculator.dflash2,0.0,8,dflash2_unary_k16_tb32,32,88,390,37.67890900053317,9.897405723071037,101.03657746079676,3.8599882319977046,68,5.720588235294118,4.720588235294118,5.720588235294118,0.4117647058823529,1,3.6624944409870537,False,0.13487572297890438,0.9399173190249712,0.09932905202003894,0.016250118031166494,2.6584055650018854
68,mt-bench,Qwen/Qwen3-4B,mgoin/Qwen3-4B-speculator.dflash2,0.0,8,dflash2_unary_k16_tb64,64,88,372,37.729530995420646,9.632035276887128,103.82021776846928,3.583117123002012,61,6.081967213114754,5.081967213114754,6.081967213114754,0.4098360655737705,1,3.763399156969876,False,0.12311881397181423,0.8462416819747887,0.14804557601019042,0.01448328700644197,2.4406735969751026
68,mt-bench,Qwen/Qwen3-4B,mgoin/Qwen3-4B-speculator.dflash2,0.0,8,dflash2_pairwise_k16_tb8,8,88,370,38.09913900477113,10.3163521486528,96.9334882709087,3.8170502950015366,67,5.507462686567164,4.522388059701493,5.507462686567164,0.2835820895522388,0.9850746268656716,3.5137607672373665,False,0.13573393104888964,0.9312582869897597,0.06121534002159024,0.015596406992699485,2.6625426129903644
68,mt-bench,Qwen/Qwen3-4B,mgoin/Qwen3-4B-speculator.dflash2,0.0,8,dflash2_pairwise_k16_tb16,16,88,384,37.77419099787949,9.398215195327944,106.40318179744614,3.608914635005931,63,6.079365079365079,5.095238095238095,6.079365079365079,0.47619047619047616,0.9841269841269841,3.8570295197072504,False,0.12515994402201613,0.8888041880127275,0.07478300401271554,0.015169477999734227,2.4949637049721787
68,mt-bench,Qwen/Qwen3-4B,mgoin/Qwen3-4B-speculator.dflash2,0.0,8,dflash2_pairwise_k16_tb32,32,88,372,37.67290800169576,8.942274696246681,111.82836962274573,3.3265261870037652,58,6.396551724137931,5.413793103448276,6.396551724137931,0.5689655172413793,0.9827586206896551,4.053688202639973,False,0.11515750003309222,0.8028843910142314,0.09590152498276439,0.013604177009256091,2.2894358139747055
68,mt-bench,Qwen/Qwen3-4B,mgoin/Qwen3-4B-speculator.dflash2,0.0,8,dflash2_pairwise_k16_tb64,64,88,382,37.732261000201106,8.769824026171234,114.02737352719541,3.3500727779974113,57,6.684210526315789,5.701754385964913,6.684210526315789,0.6140350877192983,0.9824561403508771,4.133400320549755,False,0.11461379902175395,0.7913218750109081,0.1500961000128882,0.013446952012600377,2.2708443099691067
69,mt-bench,Qwen/Qwen3-4B,mgoin/Qwen3-4B-speculator.dflash2,0.0,8,baseline,,499,91,37.38207199785393,36.415740021966286,27.460652986779657,3.313832341998932,90,1,,,,,1.0,True,0.022740822969353758,0.0,0.0,0.0,3.2759186130206217
69,mt-bench,Qwen/Qwen3-4B,mgoin/Qwen3-4B-speculator.dflash2,0.0,8,dflash2,,499,91,37.40330300206551,10.506424846196072,95.17985562539452,0.9560846610038425,18,5,4.055555555555555,5,0.2777777777777778,0.9444444444444444,3.4660448777826525,True,0.010616041989123914,0.21488612399843987,0.0,0.0,0.7279986170033226
69,mt-bench,Qwen/Qwen3-4B,mgoin/Qwen3-4B-speculator.dflash2,0.0,8,dflash2_unary_k16_tb8,8,499,91,37.3376509960508,11.039195197764247,90.58631377426215,1.0045667629965465,18,5,4.055555555555555,5,0.16666666666666666,0.9444444444444444,3.2987676519517937,True,0.035703256995475385,0.23835954199603293,0.013297129022248555,0.004215075969113968,0.7101658780011348
69,mt-bench,Qwen/Qwen3-4B,mgoin/Qwen3-4B-speculator.dflash2,0.0,8,dflash2_unary_k16_tb16,16,499,91,37.34434200305259,10.556622120890136,94.7272705746599,0.9606526130010024,17,5.294117647058823,4.352941176470588,5.294117647058823,0.29411764705882354,0.9411764705882353,3.4495636582372717,True,0.03371470900310669,0.22352890299953287,0.01662632598890923,0.0039862509875092655,0.6801151709878468
69,mt-bench,Qwen/Qwen3-4B,mgoin/Qwen3-4B-speculator.dflash2,0.0,8,dflash2_unary_k16_tb32,32,499,91,37.313761000405066,9.865011043934878,101.36836092188781,0.8977160049980739,16,5.625,4.6875,5.625,0.3125,0.9375,3.691403877784313,True,0.03209906099800719,0.21021388099325122,0.02315810400614282,0.003882374985550996,0.6257681219867663
69,mt-bench,Qwen/Qwen3-4B,mgoin/Qwen3-4B-speculator.dflash2,0.0,8,dflash2_unary_k16_tb64,64,499,91,37.35749200131977,9.479054637367781,105.49575229346794,0.8625939720004681,15,6,5.066666666666666,6,0.4,0.9333333333333333,3.841705888940682,True,0.02998017498612171,0.1990792650030926,0.03501516800315585,0.003530059999320656,0.5924535029989784
69,mt-bench,Qwen/Qwen3-4B,mgoin/Qwen3-4B-speculator.dflash2,0.0,8,dflash2_pairwise_k16_tb8,8,499,91,37.307530001271516,9.857768461538049,101.44283707836003,0.8970569299999624,16,5.625,4.6875,5.625,0.375,0.9375,3.6941159821362404,True,0.03219928598264232,0.2100775859944406,0.014423194006667472,0.003758385995752178,0.6340431520075072
69,mt-bench,Qwen/Qwen3-4B,mgoin/Qwen3-4B-speculator.dflash2,0.0,8,dflash2_pairwise_k16_tb16,16,499,91,37.32192099414533,9.82129717582151,101.81954400706282,0.8937380429997573,16,5.625,4.6875,5.625,0.3125,0.9375,3.707834043716355,True,0.03181237600801978,0.20984321100695524,0.018336717002966907,0.0037064460120745935,0.6275234450076823
69,mt-bench,Qwen/Qwen3-4B,mgoin/Qwen3-4B-speculator.dflash2,0.0,8,dflash2_pairwise_k16_tb32,32,499,91,37.338681002438534,8.613478417548603,116.09711565105427,0.7838265359969229,14,6.428571428571429,5.5,6.428571428571429,0.5,0.9285714285714286,4.2277623808489455,True,0.02793730000121286,0.18230726299225353,0.023123499006032944,0.0032133270069607534,0.5450092560058692
69,mt-bench,Qwen/Qwen3-4B,mgoin/Qwen3-4B-speculator.dflash2,0.0,8,dflash2_pairwise_k16_tb64,64,499,91,37.31663199869217,9.016933560465427,110.90244741122203,0.8205409540023538,14,6.428571428571429,5.5,6.428571428571429,0.5,0.9285714285714286,4.038594692726849,True,0.02816621499368921,0.1828875240025809,0.037369351004599594,0.0034050780086545274,0.5663540649984498
70,mt-bench,Qwen/Qwen3-4B,mgoin/Qwen3-4B-speculator.dflash2,0.0,8,baseline,,33,236,38.13791900029173,36.40992028389735,27.46504227976187,8.592741186999774,235,1,,,,,1.0,True,0.05795932601176901,0.0,0.0,0.0,8.495717517049343
70,mt-bench,Qwen/Qwen3-4B,mgoin/Qwen3-4B-speculator.dflash2,0.0,8,dflash2,,33,235,37.09046600124566,11.232905646791048,89.02416092898228,2.639732826995896,49,4.775510204081633,3.795918367346939,4.775510204081633,0.3469387755102041,0.9795918367346939,3.241362602765094,False,0.02781599896843545,0.6091120350247365,0.0,0.0,1.9955891010249616
70,mt-bench,Qwen/Qwen3-4B,mgoin/Qwen3-4B-speculator.dflash2,0.0,8,dflash2_unary_k16_tb8,8,33,234,37.07953600678593,10.447745444439649,95.71443000003467,2.444772433998878,43,5.4186046511627906,4.441860465116279,5.4186046511627906,0.2558139534883721,0.9767441860465116,3.484954766319935,False,0.08554044495394919,0.601669232986751,0.03223566099040909,0.010073250028654002,1.708501431014156
70,mt-bench,Qwen/Qwen3-4B,mgoin/Qwen3-4B-speculator.dflash2,0.0,8,dflash2_unary_k16_tb16,16,33,237,37.821382997208275,9.788428227854833,102.16144785679786,2.3198574900015956,41,5.7560975609756095,4.780487804878049,5.7560975609756095,0.34146341463414637,0.975609756097561,3.719690172553546,False,0.08153885300998809,0.5620154070202261,0.04012962400156539,0.009579702993505634,1.6200527530090767
70,mt-bench,Qwen/Qwen3-4B,mgoin/Qwen3-4B-speculator.dflash2,0.0,8,dflash2_unary_k16_tb32,32,33,234,37.10302599938586,8.990502769233705,111.22848473192047,2.103777648000687,37,6.297297297297297,5.324324324324325,6.297297297297297,0.5135135135135135,0.972972972972973,4.049820262387918,False,0.07348188798641786,0.5113168109674007,0.053817406012967695,0.008775159963988699,1.4503335479676025
70,mt-bench,Qwen/Qwen3-4B,mgoin/Qwen3-4B-speculator.dflash2,0.0,8,dflash2_unary_k16_tb64,64,33,237,37.110785000550095,9.175516346006315,108.98569217145523,2.174597374003497,37,6.378378378378378,5.405405405405405,6.378378378378378,0.5135135135135135,0.972972972972973,3.9681603640480603,False,0.07438087601622101,0.511938457020733,0.08748260399443097,0.008767345017986372,1.485632941010408
70,mt-bench,Qwen/Qwen3-4B,mgoin/Qwen3-4B-speculator.dflash2,0.0,8,dflash2_pairwise_k16_tb8,8,33,237,37.66236000228673,10.147993417725926,98.54164846552403,2.4050744400010444,42,5.619047619047619,4.642857142857143,5.619047619047619,0.35714285714285715,0.9761904761904762,3.5878935652735655,False,0.08331547996931477,0.5812117900277372,0.03822419195785187,0.009945042947947513,1.6856810000026599
70,mt-bench,Qwen/Qwen3-4B,mgoin/Qwen3-4B-speculator.dflash2,0.0,8,dflash2_pairwise_k16_tb16,16,33,234,37.609118000546005,9.281600653850592,107.7400372300156,2.1718945530010387,38,6.131578947368421,5.157894736842105,6.131578947368421,0.47368421052631576,0.9736842105263158,3.9228061669290004,False,0.07578748701052973,0.5251297199938563,0.04407323698978871,0.008973806026915554,1.5118349780022982
70,mt-bench,Qwen/Qwen3-4B,mgoin/Qwen3-4B-speculator.dflash2,0.0,8,dflash2_pairwise_k16_tb32,32,33,234,37.511064001591876,8.84550163677459,113.05181334686165,2.0698473830052535,36,6.472222222222222,5.5,6.472222222222222,0.4722222222222222,0.9722222222222222,4.116207511909275,False,0.07187005598825635,0.49725180499081034,0.058768273986061104,0.008548985984816682,1.4273738970223349
70,mt-bench,Qwen/Qwen3-4B,mgoin/Qwen3-4B-speculator.dflash2,0.0,8,dflash2_pairwise_k16_tb64,64,33,234,37.27826000249479,8.306349572637536,120.3898284384951,1.9436857999971833,33,7.0606060606060606,6.090909090909091,7.0606060606060606,0.696969696969697,0.9696969696969697,4.383384056437684,False,0.06633804598095594,0.454714754007,0.08477482999296626,0.007766157992591616,1.3243857930065133
71,mt-bench,Qwen/Qwen3-4B,mgoin/Qwen3-4B-speculator.dflash2,0.0,8,baseline,,281,215,37.42742400208954,36.77989030233178,27.18877059664862,7.907676415001332,214,1,,,,,1.0,True,0.05368096099846298,0.0,0.0,0.0,7.817732657924353
71,mt-bench,Qwen/Qwen3-4B,mgoin/Qwen3-4B-speculator.dflash2,0.0,8,dflash2,,281,219,37.26542899676133,9.941147680348635,100.59200729678025,2.1771113419963513,40,5.45,4.475,5.45,0.45,0.975,3.6997629936669356,False,0.021925764027400874,0.5010689400078263,0.0,0.0,1.648174027002824
71,mt-bench,Qwen/Qwen3-4B,mgoin/Qwen3-4B-speculator.dflash2,0.0,8,dflash2_unary_k16_tb8,8,281,219,37.34443099529017,9.908833570777574,100.92005207849377,2.1700345520002884,38,5.7368421052631575,4.7631578947368425,5.7368421052631575,0.3684210526315789,0.9736842105263158,3.711828444752611,False,0.07584233899251558,0.5251361449918477,0.027949375005846377,0.008941372005210724,1.5261216479921131
71,mt-bench,Qwen/Qwen3-4B,mgoin/Qwen3-4B-speculator.dflash2,0.0,8,dflash2_unary_k16_tb16,16,281,351,37.33196100074565,8.776202911693149,113.9444939983817,3.080447222004295,54,6.481481481481482,5.5,6.481481481481482,0.5370370370370371,0.9814814814814815,4.190865989815181,False,0.10804492696479429,0.7512725399719784,0.05248492400278337,0.012718391000817064,2.147128950979095
71,mt-bench,Qwen/Qwen3-4B,mgoin/Qwen3-4B-speculator.dflash2,0.0,8,dflash2_unary_k16_tb32,32,281,341,37.3984140023822,8.247347885623807,121.25109961023097,2.8123456289977184,49,6.938775510204081,5.959183673469388,6.938775510204081,0.6122448979591837,0.9795918367346939,4.4596021427013985,False,0.0982647140044719,0.6812400490089203,0.06940637899242574,0.011631551016762387,1.9435903180055902
71,mt-bench,Qwen/Qwen3-4B,mgoin/Qwen3-4B-speculator.dflash2,0.0,8,dflash2_unary_k16_tb64,64,281,215,37.39691300143022,8.754229832570568,114.23049418687273,1.8821594140026718,32,6.6875,5.71875,6.6875,0.5625,0.96875,4.2013850453743276,True,0.06450313801178709,0.440598763008893,0.07441151903185528,0.007701962982537225,1.289419453998562
71,mt-bench,Qwen/Qwen3-4B,mgoin/Qwen3-4B-speculator.dflash2,0.0,8,dflash2_pairwise_k16_tb8,8,281,210,37.3730319988681,9.812946371433403,101.90619230439424,2.0607187380010146,36,5.805555555555555,4.833333333333333,5.805555555555555,0.4166666666666667,0.9722222222222222,3.748098574083947,False,0.07188579899957404,0.4965412060118979,0.03280637699936051,0.0084159690013621,1.445312666008249
71,mt-bench,Qwen/Qwen3-4B,mgoin/Qwen3-4B-speculator.dflash2,0.0,8,dflash2_pairwise_k16_tb16,16,281,606,37.438672996358946,8.328144443895676,120.07476656255346,5.04685553300078,88,6.875,5.886363636363637,6.875,0.625,0.9886363636363636,4.416336742248813,False,0.17638941996119684,1.2341787199984537,0.10159950097295223,0.020835932024056092,3.499591628999042
71,mt-bench,Qwen/Qwen3-4B,mgoin/Qwen3-4B-speculator.dflash2,0.0,8,dflash2_pairwise_k16_tb32,32,281,560,37.46538500126917,8.134014337507065,122.9405258592749,4.555048029003956,79,7.075949367088608,6.0886075949367084,7.075949367088608,0.6708860759493671,0.9873417721518988,4.521739054815114,False,0.15836887902696617,1.1060734660495655,0.1286531620353344,0.018697519015404396,3.130146857984073
71,mt-bench,Qwen/Qwen3-4B,mgoin/Qwen3-4B-speculator.dflash2,0.0,8,dflash2_pairwise_k16_tb64,64,281,215,37.331992003601044,8.524794432572849,117.30488141497536,1.8328308030031624,31,6.903225806451613,5.935483870967742,6.903225806451613,0.6451612903225806,0.967741935483871,4.314460670370831,True,0.06262656699982472,0.42652220099262195,0.0802522850499372,0.007400110000162385,1.2506848519915366
72,mt-bench,Qwen/Qwen3-4B,mgoin/Qwen3-4B-speculator.dflash2,0.0,8,baseline,,32,328,39.247075001185294,36.771973701212204,27.19462403964013,12.061207373997604,327,1,,,,,1.0,True,0.0816616949668969,0.0,0.0,0.0,11.924449158126663
72,mt-bench,Qwen/Qwen3-4B,mgoin/Qwen3-4B-speculator.dflash2,0.0,8,dflash2,,32,323,37.914803993771784,11.325545241482644,88.29596974609662,3.658151112998894,67,4.8059701492537314,3.8208955223880596,4.8059701492537314,0.208955223880597,0.9850746268656716,3.2468170774264933,False,0.040490520957973786,0.8478886489974684,0.0,0.0,2.759810900039156
72,mt-bench,Qwen/Qwen3-4B,mgoin/Qwen3-4B-speculator.dflash2,0.0,8,dflash2_unary_k16_tb8,8,32,338,38.038206002966035,11.188534467449907,89.37721047463691,3.7817246499980683,66,5.106060606060606,4.121212121212121,5.106060606060606,0.19696969696969696,0.9848484848484849,3.286576433061057,False,0.13350633101072162,0.9227920089615509,0.04875178400834557,0.015648637025151402,2.6505462510031066
72,mt-bench,Qwen/Qwen3-4B,mgoin/Qwen3-4B-speculator.dflash2,0.0,8,dflash2_unary_k16_tb16,16,32,314,38.007386996468995,10.209014563695016,97.95264702199262,3.205630573000235,56,5.589285714285714,4.607142857142857,5.589285714285714,0.2857142857142857,0.9821428571428571,3.601912160256835,False,0.1116638919847901,0.7824572899990017,0.05490073396504158,0.013132334999681916,2.234448617993621
72,mt-bench,Qwen/Qwen3-4B,mgoin/Qwen3-4B-speculator.dflash2,0.0,8,dflash2_unary_k16_tb32,32,32,328,38.71549299947219,9.994706161572738,100.0529664238416,3.278263620995858,57,5.7368421052631575,4.754385964912281,5.7368421052631575,0.3157894736842105,0.9824561403508771,3.679145050065771,True,0.11413108901615487,0.7952759489999153,0.0834480590201565,0.013536738028051332,2.2624418370396597
72,mt-bench,Qwen/Qwen3-4B,mgoin/Qwen3-4B-speculator.dflash2,0.0,8,dflash2_unary_k16_tb64,64,32,323,37.99353600334143,10.427579492261712,95.8995326520501,3.3681081760005327,57,5.649122807017544,4.666666666666667,5.649122807017544,0.3333333333333333,0.9824561403508771,3.5264150926397275,False,0.1147911299703992,0.795933477988001,0.13757711398648098,0.01360465297329938,2.296278620044177
72,mt-bench,Qwen/Qwen3-4B,mgoin/Qwen3-4B-speculator.dflash2,0.0,8,dflash2_pairwise_k16_tb8,8,32,325,37.989465999999084,10.946409098463707,91.35415925030125,3.5575829570007045,62,5.225806451612903,4.241935483870968,5.225806451612903,0.24193548387096775,0.9838709677419355,3.359272741448429,False,0.1233855350074009,0.8651554100069916,0.05680609699629713,0.014629300021624658,2.487573006990715
72,mt-bench,Qwen/Qwen3-4B,mgoin/Qwen3-4B-speculator.dflash2,0.0,8,dflash2_pairwise_k16_tb16,16,32,323,37.89211399998749,10.321708770890341,96.88318302684884,3.3339119329975806,58,5.551724137931035,4.568965517241379,5.551724137931035,0.3103448275862069,0.9827586206896551,3.5625858583530143,False,0.1157075920200441,0.8125264170084847,0.06754565701703541,0.01375305101100821,2.3149539130026824
72,mt-bench,Qwen/Qwen3-4B,mgoin/Qwen3-4B-speculator.dflash2,0.0,8,dflash2_pairwise_k16_tb32,32,32,314,38.04416800267063,9.920940617845353,100.79689401640444,3.1151753540034406,54,5.796296296296297,4.814814814814815,5.796296296296297,0.46296296296296297,0.9814814814814815,3.706500735935098,False,0.10802584199700505,0.7532864910099306,0.08951448000880191,0.01278442098555388,2.1425770029891282
72,mt-bench,Qwen/Qwen3-4B,mgoin/Qwen3-4B-speculator.dflash2,0.0,8,dflash2_pairwise_k16_tb64,64,32,325,37.90874400147004,9.296697787694239,107.56507556088035,3.0214267810006277,51,6.352941176470588,5.372549019607843,6.352941176470588,0.5294117647058824,0.9803921568627451,3.9553801296935958,False,0.10240703099407256,0.7104736230467097,0.13362023700028658,0.012076844039256684,2.053998408046027
73,mt-bench,Qwen/Qwen3-4B,mgoin/Qwen3-4B-speculator.dflash2,0.0,8,baseline,,378,259,37.29120000207331,36.72759303476227,27.227485314747163,9.512446596003429,258,1,,,,,1.0,True,0.06463287098449655,0.0,0.0,0.0,9.404693008073082
73,mt-bench,Qwen/Qwen3-4B,mgoin/Qwen3-4B-speculator.dflash2,0.0,8,dflash2,,378,283,37.41136399912648,8.419164148420128,118.77663653673409,2.3826234540028963,44,6.409090909090909,5.431818181818182,6.409090909090909,0.5681818181818182,0.9772727272727273,4.362379968759045,False,0.0226713990123244,0.5505509519716725,0.0,0.0,1.8029091740318108
73,mt-bench,Qwen/Qwen3-4B,mgoin/Qwen3-4B-speculator.dflash2,0.0,8,dflash2_unary_k16_tb8,8,378,283,37.5860870044562,9.081738367479282,110.1110778065234,2.5701319579966366,45,6.266666666666667,5.288888888888889,6.266666666666667,0.5333333333333333,0.9777777777777777,4.044114854297035,False,0.08992109796963632,0.6244433920001029,0.03314238297753036,0.010683305998099968,1.8047900750098052
73,mt-bench,Qwen/Qwen3-4B,mgoin/Qwen3-4B-speculator.dflash2,0.0,8,dflash2_unary_k16_tb16,16,378,283,37.59381800045958,8.049482031795897,124.23159602691764,2.2780034149982384,40,7.05,6.05,7.05,0.7,1,4.562727500935621,False,0.07999662097427063,0.5542170030021225,0.0382829569716705,0.00944189202709822,1.5895884780402412
73,mt-bench,Qwen/Qwen3-4B,mgoin/Qwen3-4B-speculator.dflash2,0.0,8,dflash2_unary_k16_tb32,32,378,283,37.58042599656619,8.095010342768537,123.53288725484131,2.290887927003496,40,7.05,6.075,7.05,0.7,0.975,4.537065609504983,False,0.08019811603298876,0.5542317909857957,0.056428636991768144,0.009509618976153433,1.5839952929818537
73,mt-bench,Qwen/Qwen3-4B,mgoin/Qwen3-4B-speculator.dflash2,0.0,8,dflash2_unary_k16_tb64,64,378,283,37.57797600701451,8.095983116627941,123.51804414539221,2.291163222005707,39,7.230769230769231,6.230769230769231,7.230769230769231,0.7435897435897436,1,4.536520457821766,False,0.07872653500089655,0.5405442069823039,0.09063722901191795,0.009288101013225969,1.5652454110095277
73,mt-bench,Qwen/Qwen3-4B,mgoin/Qwen3-4B-speculator.dflash2,0.0,8,dflash2_pairwise_k16_tb8,8,378,283,37.5672670052154,8.703711374543316,114.89351576211591,2.4631503189957584,43,6.558139534883721,5.5813953488372094,6.558139534883721,0.5581395348837209,0.9767441860465116,4.219762289244038,False,0.08613682902068831,0.5960837429884123,0.03923690900410293,0.010146698019525502,1.7247690240037628
73,mt-bench,Qwen/Qwen3-4B,mgoin/Qwen3-4B-speculator.dflash2,0.0,8,dflash2_pairwise_k16_tb16,16,378,259,37.62865799944848,8.178252050185415,122.27551729435,2.1181672809980228,37,6.972972972972973,6,6.972972972972973,0.7297297297297297,0.972972972972973,4.490885437301922,False,0.0742549990027328,0.5126277250092244,0.0433675740059698,0.008871045967680402,1.4730410309857689
73,mt-bench,Qwen/Qwen3-4B,mgoin/Qwen3-4B-speculator.dflash2,0.0,8,dflash2_pairwise_k16_tb32,32,378,283,37.724810994404834,7.7124152826898085,129.66106768711714,2.1826135250012157,38,7.421052631578948,6.447368421052632,7.421052631578948,0.8157894736842105,0.9736842105263158,4.762138926465203,False,0.07616680196224479,0.5255322810044163,0.06113500601350097,0.008972563016868662,1.5045863060295233
73,mt-bench,Qwen/Qwen3-4B,mgoin/Qwen3-4B-speculator.dflash2,0.0,8,dflash2_pairwise_k16_tb64,64,378,283,37.66909999831114,7.703131893974673,129.81732803798826,2.1799863259948324,37,7.621621621621622,6.648648648648648,7.621621621621622,0.8648648648648649,0.972972972972973,4.767877993039467,False,0.07461620598769514,0.511744966970582,0.09334938102256274,0.008762845012824982,1.4850784170048428
74,mt-bench,Qwen/Qwen3-4B,mgoin/Qwen3-4B-speculator.dflash2,0.0,8,baseline,,42,282,38.30532299616607,36.650855705658664,27.284492564947293,10.335541308995744,281,1,,,,,1.0,True,0.07016216688498389,0.0,0.0,0.0,10.218314759993518
74,mt-bench,Qwen/Qwen3-4B,mgoin/Qwen3-4B-speculator.dflash2,0.0,8,dflash2,,42,282,37.029835002613254,10.359552046083861,96.52927033442744,2.921393676995649,53,5.30188679245283,4.320754716981132,5.30188679245283,0.37735849056603776,0.9811320754716981,3.537880358399618,False,0.030921218960429542,0.6762352639634628,0.0,0.0,2.2061073419754393
74,mt-bench,Qwen/Qwen3-4B,mgoin/Qwen3-4B-speculator.dflash2,0.0,8,dflash2_unary_k16_tb8,8,42,282,37.2872899970389,10.626234758866362,94.10671067337523,2.996598202000314,53,5.30188679245283,4.320754716981132,5.30188679245283,0.24528301886792453,0.9811320754716981,3.449091473824044,False,0.10498146897589322,0.7286837010178715,0.03958842501742765,0.012487640997278504,2.1023870519711636
74,mt-bench,Qwen/Qwen3-4B,mgoin/Qwen3-4B-speculator.dflash2,0.0,8,dflash2_unary_k16_tb16,16,42,282,37.15212699898984,9.640192567388995,103.7323676897095,2.718534304003697,47,5.9787234042553195,4.9787234042553195,5.9787234042553195,0.3829787234042553,1,3.801880040201872,False,0.09562571600690717,0.66175593900698,0.04624124200199731,0.011167483993631322,1.8961306960045476
74,mt-bench,Qwen/Qwen3-4B,mgoin/Qwen3-4B-speculator.dflash2,0.0,8,dflash2_unary_k16_tb32,32,42,298,37.20547900593374,9.725223734902395,102.82539787862643,2.8981166730009136,51,5.823529411764706,4.8431372549019605,5.823529411764706,0.35294117647058826,0.9803921568627451,3.768638820526478,False,0.10174344000552082,0.7024427269861917,0.07368225397658534,0.011907895997865126,1.9999205699714366
74,mt-bench,Qwen/Qwen3-4B,mgoin/Qwen3-4B-speculator.dflash2,0.0,8,dflash2_unary_k16_tb64,64,42,298,37.30336999433348,9.879685167790447,101.21780026555705,2.944146180001553,49,6.061224489795919,5.081632653061225,6.061224489795919,0.3673469387755102,0.9795918367346939,3.709718992377111,False,0.10185293600079603,0.6921701729879715,0.11880286400264595,0.012013979969196953,2.0107557010051096
74,mt-bench,Qwen/Qwen3-4B,mgoin/Qwen3-4B-speculator.dflash2,0.0,8,dflash2_pairwise_k16_tb8,8,42,299,37.216149001324084,10.291429053512939,97.16823531506093,3.0771372870003684,54,5.518518518518518,4.537037037037037,5.518518518518518,0.2777777777777778,0.9814814814814815,3.561298971705785,False,0.10664055796951288,0.7441077740077162,0.049410300991439726,0.012615468018339016,2.1557098739795038
74,mt-bench,Qwen/Qwen3-4B,mgoin/Qwen3-4B-speculator.dflash2,0.0,8,dflash2_pairwise_k16_tb16,16,42,282,37.283511002897285,9.221252521288628,108.44513776098766,2.600393211003393,45,6.2444444444444445,5.266666666666667,6.2444444444444445,0.5111111111111111,0.9777777777777777,3.9746070960582345,False,0.09072869199735578,0.6307682080005179,0.05286298902501585,0.010661762004019693,1.8080168050219072
74,mt-bench,Qwen/Qwen3-4B,mgoin/Qwen3-4B-speculator.dflash2,0.0,8,dflash2_pairwise_k16_tb32,32,42,282,37.28604099887889,7.877558691482637,126.94288156573415,2.2214715509981033,39,7.205128205128205,6.230769230769231,7.205128205128205,0.7435897435897436,0.9743589743589743,4.652565235126239,True,0.07736614297755295,0.5345545849922928,0.06374456000776263,0.009285168984206393,1.5301646269726916
74,mt-bench,Qwen/Qwen3-4B,mgoin/Qwen3-4B-speculator.dflash2,0.0,8,dflash2_pairwise_k16_tb64,64,42,282,37.18583899899386,8.422849528379622,118.72466635319066,2.3752435670030536,39,7.205128205128205,6.230769230769231,7.205128205128205,0.717948717948718,0.9743589743589743,4.35136061521326,True,0.0811688229732681,0.5594073830216075,0.10320768301608041,0.0096302370147896,1.6149759119871305
75,mt-bench,Qwen/Qwen3-4B,mgoin/Qwen3-4B-speculator.dflash2,0.0,8,baseline,,345,271,37.01407400512835,36.55405313652258,27.356747451922395,9.906148399997619,270,1,,,,,1.0,True,0.06721322703378974,0.0,0.0,0.0,9.793715240055462
75,mt-bench,Qwen/Qwen3-4B,mgoin/Qwen3-4B-speculator.dflash2,0.0,8,dflash2,,345,271,36.973463000322226,8.710772571949944,114.80037984462561,2.360619366998435,41,6.585365853658536,5.585365853658536,6.585365853658536,0.6341463414634146,1,4.19641918493342,True,0.021738728995842393,0.5480088269978296,0.0,0.0,1.7844756739941658
75,mt-bench,Qwen/Qwen3-4B,mgoin/Qwen3-4B-speculator.dflash2,0.0,8,dflash2_unary_k16_tb8,8,345,271,37.008063998655416,8.731153295189614,114.53240668113628,2.3661425429963856,42,6.428571428571429,5.4523809523809526,6.428571428571429,0.5476190476190477,0.9761904761904762,4.186623679676069,True,0.08315538595343241,0.573978195010568,0.030738003973965533,0.009813928030780517,1.6618970870113117
75,mt-bench,Qwen/Qwen3-4B,mgoin/Qwen3-4B-speculator.dflash2,0.0,8,dflash2_unary_k16_tb16,16,345,271,37.11303599993698,8.445166439134576,118.41092857164288,2.28864010500547,40,6.75,5.775,6.75,0.65,0.975,4.328399374952814,True,0.08020790799491806,0.5548364029746153,0.03910123800596921,0.009477592022449244,1.5985237159984536
75,mt-bench,Qwen/Qwen3-4B,mgoin/Qwen3-4B-speculator.dflash2,0.0,8,dflash2_unary_k16_tb32,32,345,271,37.06867599976249,8.154565575636788,122.63068960873619,2.2098872709975694,39,6.923076923076923,5.948717948717949,6.923076923076923,0.6666666666666666,0.9743589743589743,4.48264874412615,True,0.07751240199286258,0.5331846760018379,0.05698681701323949,0.009212886012392119,1.5265797279789695
75,mt-bench,Qwen/Qwen3-4B,mgoin/Qwen3-4B-speculator.dflash2,0.0,8,dflash2_unary_k16_tb64,64,345,271,37.14809699886246,8.63050057934434,115.86813427639792,2.338865657002316,39,6.923076923076923,5.948717948717949,6.923076923076923,0.6923076923076923,0.9743589743589743,4.235449937169183,True,0.07985902301879833,0.5546560260117985,0.09721622701908927,0.00965498299774481,1.590656228006992
75,mt-bench,Qwen/Qwen3-4B,mgoin/Qwen3-4B-speculator.dflash2,0.0,8,dflash2_pairwise_k16_tb8,8,345,271,41.59005700057605,8.612294265674127,116.11307848428761,2.3339317459976883,40,6.75,5.775,6.75,0.625,0.975,4.244403640759867,True,0.08159346700267633,0.5662487200024771,0.03755635900597554,0.009736798994708806,1.6323298280258314
75,mt-bench,Qwen/Qwen3-4B,mgoin/Qwen3-4B-speculator.dflash2,0.0,8,dflash2_pairwise_k16_tb16,16,345,271,37.244118997477926,7.701633409579797,129.8425862176372,2.087142653996125,37,7.297297297297297,6.324324324324325,7.297297297297297,0.7837837837837838,0.972972972972973,4.7462727959830255,True,0.07336386496172054,0.504083547006303,0.042689072019129526,0.008598603963037021,1.4524315210073837
75,mt-bench,Qwen/Qwen3-4B,mgoin/Qwen3-4B-speculator.dflash2,0.0,8,dflash2_pairwise_k16_tb32,32,345,271,37.220949001493864,7.653682734337215,130.65605600734335,2.074148021005385,36,7.5,6.527777777777778,7.5,0.8055555555555556,0.9722222222222222,4.776008413900899,True,0.07248087602783926,0.4975410249971901,0.058779843006050214,0.008636980986921117,1.4306231790251331
75,mt-bench,Qwen/Qwen3-4B,mgoin/Qwen3-4B-speculator.dflash2,0.0,8,dflash2_pairwise_k16_tb64,64,345,271,37.071406994073186,7.533151007379187,132.74657563885793,2.0414839229997597,35,7.714285714285714,6.742857142857143,7.714285714285714,0.8857142857142857,0.9714285714285714,4.8524253795942265,True,0.07004712201160146,0.4781531670159893,0.08880315300484654,0.008327696996275336,1.3901193120327662
76,mt-bench,Qwen/Qwen3-4B,mgoin/Qwen3-4B-speculator.dflash2,0.0,8,baseline,,80,166,39.615783003682736,36.72310489154293,27.23081294333293,6.096035411996127,165,1,,,,,1.0,True,0.04147713305428624,0.0,0.0,0.0,6.026772012955917
76,mt-bench,Qwen/Qwen3-4B,mgoin/Qwen3-4B-speculator.dflash2,0.0,8,dflash2,,80,166,37.88726299535483,11.125093524088994,89.88688480098756,1.846765524998773,34,4.852941176470588,3.8823529411764706,4.852941176470588,0.29411764705882354,0.9705882352941176,3.300925498920702,True,0.019781003007665277,0.42241293302504346,0.0,0.0,1.3995326919903164
76,mt-bench,Qwen/Qwen3-4B,mgoin/Qwen3-4B-speculator.dflash2,0.0,8,dflash2_unary_k16_tb8,8,80,166,37.92928499751724,11.66882277109572,85.6984478740265,1.9370245800018893,34,4.852941176470588,3.8823529411764706,4.852941176470588,0.29411764705882354,0.9705882352941176,3.1471130903202993,True,0.06752172398410039,0.46700294397305697,0.025779664996662177,0.008050717995502055,1.3632796409947332
76,mt-bench,Qwen/Qwen3-4B,mgoin/Qwen3-4B-speculator.dflash2,0.0,8,dflash2_unary_k16_tb16,16,80,166,38.05116700095823,11.335457349406466,88.21876075889968,1.8816859200014733,33,5,4.03030303030303,5,0.3333333333333333,0.9696969696969697,3.2396668047510038,True,0.06564531794720097,0.45327651799016166,0.03309086502849823,0.007810561000951566,1.3165382380029769
76,mt-bench,Qwen/Qwen3-4B,mgoin/Qwen3-4B-speculator.dflash2,0.0,8,dflash2_unary_k16_tb32,32,80,166,38.22203100571642,9.978940457826921,100.21103986201823,1.6565041159992688,29,5.689655172413793,4.724137931034483,5.689655172413793,0.41379310344827586,0.9655172413793104,3.680060528143485,True,0.05780440801754594,0.3967385790165281,0.04198059898044448,0.006867644980957266,1.1482989550349885
76,mt-bench,Qwen/Qwen3-4B,mgoin/Qwen3-4B-speculator.dflash2,0.0,8,dflash2_unary_k16_tb64,64,80,169,38.31906399864238,10.084799846142431,99.15913208555281,1.7043311739980709,29,5.793103448275862,4.827586206896552,5.793103448275862,0.4827586206896552,0.9655172413793104,3.641431208532116,False,0.05823383998358622,0.3974987549809157,0.06883566302713007,0.007012236972514074,1.1677812589914538
76,mt-bench,Qwen/Qwen3-4B,mgoin/Qwen3-4B-speculator.dflash2,0.0,8,dflash2_pairwise_k16_tb8,8,80,166,38.069459005782846,11.359521879540008,88.03187410564625,1.8856806320036412,33,5,4.03030303030303,5,0.2727272727272727,0.9696969696969697,3.232803746580749,True,0.06551109102292685,0.4532080279823276,0.030274968972662464,0.007681380993744824,1.3237138870099443
76,mt-bench,Qwen/Qwen3-4B,mgoin/Qwen3-4B-speculator.dflash2,0.0,8,dflash2_pairwise_k16_tb16,16,80,166,38.11120000318624,9.988757668687901,100.11254984538608,1.6581337730021917,29,5.689655172413793,4.724137931034483,5.689655172413793,0.3793103448275862,0.9655172413793104,3.676443668931933,True,0.057866142014972866,0.3977566219982691,0.03390752099949168,0.006878814987430815,1.1570577129969024
76,mt-bench,Qwen/Qwen3-4B,mgoin/Qwen3-4B-speculator.dflash2,0.0,8,dflash2_pairwise_k16_tb32,32,80,166,38.14239899656968,9.758674295179768,102.47293533445863,1.6199399329998414,28,5.892857142857143,4.928571428571429,5.892857142857143,0.4642857142857143,0.9642857142857143,3.76312435283162,True,0.05703075798373902,0.3873563000088325,0.04652557402005186,0.00673339896457037,1.117664439996588
76,mt-bench,Qwen/Qwen3-4B,mgoin/Qwen3-4B-speculator.dflash2,0.0,8,dflash2_pairwise_k16_tb64,64,80,169,38.04531799687538,9.400805562098107,106.37386268595648,1.58873613999458,27,6.222222222222222,5.2592592592592595,6.222222222222222,0.5185185185185185,0.9629629629629629,3.9063785171349643,False,0.05425413001648849,0.3688664469809737,0.07051913901523221,0.006383131010807119,1.084072120997007
77,mt-bench,Qwen/Qwen3-4B,mgoin/Qwen3-4B-speculator.dflash2,0.0,8,baseline,,297,399,37.417563995404635,36.82673762656456,27.15418373846564,14.693868312999257,398,1,,,,,1.0,True,0.09939687893347582,0.0,0.0,0.0,14.528109911982028
77,mt-bench,Qwen/Qwen3-4B,mgoin/Qwen3-4B-speculator.dflash2,0.0,8,dflash2,,297,399,37.381121997896116,9.807348724316489,101.96435633216394,3.9131321410022792,72,5.527777777777778,4.527777777777778,5.527777777777778,0.4444444444444444,1,3.755014597906138,True,0.03996594707132317,0.9057225639917306,0.0,0.0,2.956839336991834
77,mt-bench,Qwen/Qwen3-4B,mgoin/Qwen3-4B-speculator.dflash2,0.0,8,dflash2_unary_k16_tb8,8,297,399,37.35020200110739,11.044247403515783,90.54487494382495,4.406654714002798,77,5.1688311688311686,4.181818181818182,5.1688311688311686,0.36363636363636365,0.987012987012987,3.3344723529863405,True,0.15514816100039752,1.073185957975511,0.056872563996876124,0.018250427950988524,3.090784031970543
77,mt-bench,Qwen/Qwen3-4B,mgoin/Qwen3-4B-speculator.dflash2,0.0,8,dflash2_unary_k16_tb16,16,297,399,37.680118999560364,9.911775035104705,100.8901025758033,3.9547982390067773,70,5.685714285714286,4.7,5.685714285714286,0.45714285714285713,0.9857142857142858,3.7154533366762927,True,0.13879083698702743,0.9673971640513628,0.06818405799276661,0.016397376013628673,2.752720699987549
77,mt-bench,Qwen/Qwen3-4B,mgoin/Qwen3-4B-speculator.dflash2,0.0,8,dflash2_unary_k16_tb32,32,297,399,37.453224998898804,9.231675070176399,108.32270334455045,3.6834383530003834,65,6.123076923076923,5.123076923076923,6.123076923076923,0.5538461538461539,1,3.989171775069946,True,0.12993455996911507,0.8952370809929562,0.09377005197166,0.015324707033869345,2.5384265370157664
77,mt-bench,Qwen/Qwen3-4B,mgoin/Qwen3-4B-speculator.dflash2,0.0,8,dflash2_unary_k16_tb64,64,297,399,37.081975999171846,9.480054501245991,105.48462562831966,3.7825417459971504,65,6.123076923076923,5.138461538461539,6.123076923076923,0.5692307692307692,0.9846153846153847,3.8846546316505153,True,0.12975769201148069,0.8966285020142095,0.15422483298607403,0.015387314015242737,2.575295267990441
77,mt-bench,Qwen/Qwen3-4B,mgoin/Qwen3-4B-speculator.dflash2,0.0,8,dflash2_pairwise_k16_tb8,8,297,407,36.94638299930375,10.442357282556854,95.76381777995877,4.250039414000639,75,5.413333333333333,4.426666666666667,5.413333333333333,0.36,0.9866666666666667,3.5266689915006793,False,0.14888840798812453,1.0365085209996323,0.06828182300523622,0.017608385962375905,2.9667855629886617
77,mt-bench,Qwen/Qwen3-4B,mgoin/Qwen3-4B-speculator.dflash2,0.0,8,dflash2_pairwise_k16_tb16,16,297,399,37.07902600581292,8.793380478682069,113.7219073397672,3.508558810994146,62,6.419354838709677,5.435483870967742,6.419354838709677,0.532258064516129,0.9838709677419355,4.188006843994092,True,0.12288377297954867,0.8547965210382245,0.07146728199586505,0.01452554600109579,2.434835275016667
77,mt-bench,Qwen/Qwen3-4B,mgoin/Qwen3-4B-speculator.dflash2,0.0,8,dflash2_pairwise_k16_tb32,32,297,399,37.03861499525374,8.55198351127728,116.93193733141858,3.4122414209996346,60,6.633333333333334,5.65,6.633333333333334,0.5833333333333334,0.9833333333333333,4.306221776270042,True,0.11891337997076334,0.8266473210096592,0.0980270809668582,0.014142672014713753,2.344560270990769
77,mt-bench,Qwen/Qwen3-4B,mgoin/Qwen3-4B-speculator.dflash2,0.0,8,dflash2_pairwise_k16_tb64,64,297,399,36.934743002348114,8.794583814536812,113.7063471209487,3.5090389420001884,60,6.633333333333334,5.65,6.633333333333334,0.6,0.9833333333333333,4.187433811898252,True,0.11986194800556405,0.827989277029701,0.156569124032103,0.01418440803536214,2.380118945999129
78,mt-bench,Qwen/Qwen3-4B,mgoin/Qwen3-4B-speculator.dflash2,0.0,8,baseline,,40,212,38.09765799815068,36.11116892452113,27.692263357361284,7.6555678119984805,211,1,,,,,1.0,True,0.052123000044957735,0.0,0.0,0.0,7.56841248596902
78,mt-bench,Qwen/Qwen3-4B,mgoin/Qwen3-4B-speculator.dflash2,0.0,8,dflash2,,40,212,36.865639995085075,9.114393547174844,109.71657026044991,1.9322514320010669,36,5.861111111111111,4.888888888888889,5.861111111111111,0.4166666666666667,0.9722222222222222,3.961993602494198,False,0.019724712990864646,0.4428931540096528,0.0,0.0,1.4643045399934635
78,mt-bench,Qwen/Qwen3-4B,mgoin/Qwen3-4B-speculator.dflash2,0.0,8,dflash2_unary_k16_tb8,8,40,212,37.02804500062484,9.839940702837545,101.6266286758852,2.0860674290015595,37,5.702702702702703,4.72972972972973,5.702702702702703,0.35135135135135137,0.972972972972973,3.6698563553444736,False,0.07288377498480259,0.504065740002261,0.028021995996823534,0.008704852021764964,1.4665429550368572
78,mt-bench,Qwen/Qwen3-4B,mgoin/Qwen3-4B-speculator.dflash2,0.0,8,dflash2_unary_k16_tb16,16,40,212,36.95268199953716,9.038472924520699,110.6381584976678,1.9161562599983881,34,6.205882352941177,5.235294117647059,6.205882352941177,0.4411764705882353,0.9705882352941176,3.995273231007225,False,0.06718086700857384,0.4623693979738164,0.03313192202040227,0.007995431020390242,1.34000424300757
78,mt-bench,Qwen/Qwen3-4B,mgoin/Qwen3-4B-speculator.dflash2,0.0,8,dflash2_unary_k16_tb32,32,40,205,36.955742005375214,8.817619624371618,113.40929214456384,1.8076120229961816,32,6.375,5.40625,6.375,0.46875,0.96875,4.095342106242712,False,0.06328327201481443,0.4349376240061247,0.04579588701017201,0.007545438013039529,1.2508174270042218
78,mt-bench,Qwen/Qwen3-4B,mgoin/Qwen3-4B-speculator.dflash2,0.0,8,dflash2_unary_k16_tb64,64,40,212,37.05509599967627,9.032605292476255,110.71002967803256,1.914912322004966,33,6.393939393939394,5.424242424242424,6.393939393939394,0.48484848484848486,0.9696969696969697,3.997868583342181,False,0.0658294190216111,0.4501573579836986,0.07684531398990657,0.007812791998730972,1.3085315870121121
78,mt-bench,Qwen/Qwen3-4B,mgoin/Qwen3-4B-speculator.dflash2,0.0,8,dflash2_pairwise_k16_tb8,8,40,212,37.05162500409642,8.794707330175783,113.70475019320656,1.864477953997266,33,6.393939393939394,5.424242424242424,6.393939393939394,0.42424242424242425,0.9696969696969697,4.106011441747359,False,0.06560051401902456,0.44915027600654867,0.030018958015716635,0.007721949026745278,1.306726084992988
78,mt-bench,Qwen/Qwen3-4B,mgoin/Qwen3-4B-speculator.dflash2,0.0,8,dflash2_pairwise_k16_tb16,16,40,212,36.97977499541594,8.260408594342495,121.05938690307572,1.751206622000609,31,6.806451612903226,5.838709677419355,6.806451612903226,0.6129032258064516,0.967741935483871,4.371595970355928,True,0.061359203020401765,0.4212877469981322,0.03563349000614835,0.007271274000231642,1.22065400203428
78,mt-bench,Qwen/Qwen3-4B,mgoin/Qwen3-4B-speculator.dflash2,0.0,8,dflash2_pairwise_k16_tb32,32,40,212,37.05588499724399,8.295923353765623,120.54113295852565,1.7587357509983121,31,6.806451612903226,5.838709677419355,6.806451612903226,0.6451612903225806,0.967741935483871,4.352881214618481,False,0.06139668797550257,0.42112425699451705,0.050055010004143696,0.007230034003441688,1.2138058269993053
78,mt-bench,Qwen/Qwen3-4B,mgoin/Qwen3-4B-speculator.dflash2,0.0,8,dflash2_pairwise_k16_tb64,64,40,212,36.94966399780242,8.22377106134191,121.5987157887668,1.7434394650044849,30,7.033333333333333,6.066666666666666,7.033333333333333,0.7333333333333333,0.9666666666666667,4.391071766852993,False,0.059787155987578444,0.4068115959962597,0.07564274799369741,0.007114573018043302,1.188977801015426
79,mt-bench,Qwen/Qwen3-4B,mgoin/Qwen3-4B-speculator.dflash2,0.0,8,baseline,,272,766,36.85198099992704,36.375860301565716,27.49075875346259,27.863908990999334,765,1,,,,,1.0,True,0.19088313214160735,0.0,0.0,0.0,27.546288000892673
79,mt-bench,Qwen/Qwen3-4B,mgoin/Qwen3-4B-speculator.dflash2,0.0,8,dflash2,,272,767,36.888462003844324,9.715747045629067,102.92569323836825,7.4519779839974944,139,5.510791366906475,4.510791366906475,5.510791366906475,0.4460431654676259,1,3.7440106386806904,False,0.0750188389865798,1.738841754005989,0.0,0.0,5.617606851992605
79,mt-bench,Qwen/Qwen3-4B,mgoin/Qwen3-4B-speculator.dflash2,0.0,8,dflash2_unary_k16_tb8,8,272,767,36.754458997165784,9.956016894399186,100.44177411576668,7.636264958004176,135,5.674074074074074,4.681481481481481,5.674074074074074,0.37037037037037035,0.9925925925925926,3.6536559436765477,False,0.2670316589938011,1.8776245490153087,0.09857751004892634,0.031574663989886176,5.339913310075644
79,mt-bench,Qwen/Qwen3-4B,mgoin/Qwen3-4B-speculator.dflash2,0.0,8,dflash2_unary_k16_tb16,16,272,772,36.908122994645964,9.649283603627167,103.63463662982191,7.4492469420001735,132,5.840909090909091,4.848484848484849,5.840909090909091,0.42424242424242425,0.9924242424242424,3.7697990644499266,False,0.26093708501866786,1.833775952058204,0.12790909401519457,0.03101057103049243,5.174431764993642
79,mt-bench,Qwen/Qwen3-4B,mgoin/Qwen3-4B-speculator.dflash2,0.0,8,dflash2_unary_k16_tb32,32,272,841,36.95454199623782,8.848830341260344,113.00928613550178,7.441866316999948,131,6.412213740458015,5.419847328244275,6.412213740458015,0.5267175572519084,0.9923664122137404,4.11081000524468,False,0.2613115270069102,1.82174809697608,0.1887183209255454,0.030980293100583367,5.117135211039567
79,mt-bench,Qwen/Qwen3-4B,mgoin/Qwen3-4B-speculator.dflash2,0.0,8,dflash2_unary_k16_tb64,64,272,767,36.782108996703755,8.802212726202917,113.60779739202897,6.7512971609976375,116,6.603448275862069,5.612068965517241,6.603448275862069,0.5603448275862069,0.9913793103448276,4.132581367101027,False,0.23159549199044704,1.611086751028779,0.2739826359829749,0.027368792005290743,4.58729799601133
79,mt-bench,Qwen/Qwen3-4B,mgoin/Qwen3-4B-speculator.dflash2,0.0,8,dflash2_pairwise_k16_tb8,8,272,772,36.906731002090964,9.546781461142649,104.74734381112674,7.3701152880021255,130,5.930769230769231,4.930769230769231,5.930769230769231,0.46923076923076923,1,3.8102747454336203,False,0.25714593198063085,1.805318440994597,0.11789174098521471,0.03040273601800436,5.138570275972597
79,mt-bench,Qwen/Qwen3-4B,mgoin/Qwen3-4B-speculator.dflash2,0.0,8,dflash2_pairwise_k16_tb16,16,272,767,36.95825299655553,8.855364850069295,112.9258948593377,6.79206484000315,120,6.383333333333334,5.391666666666667,6.383333333333334,0.5166666666666667,0.9916666666666667,4.107776575832566,False,0.23756853002123535,1.6636241870000958,0.1395001429846161,0.027974445052677765,4.70395094997366
79,mt-bench,Qwen/Qwen3-4B,mgoin/Qwen3-4B-speculator.dflash2,0.0,8,dflash2_pairwise_k16_tb32,32,272,766,36.89343100268161,8.609742532633856,116.14749177570171,6.595062779997534,116,6.594827586206897,5.603448275862069,6.594827586206897,0.5862068965517241,0.9913793103448276,4.224964935210179,True,0.2302868030164973,1.607865837017016,0.19031289096164983,0.027377174999855924,4.520005144957395
79,mt-bench,Qwen/Qwen3-4B,mgoin/Qwen3-4B-speculator.dflash2,0.0,8,dflash2_pairwise_k16_tb64,64,272,767,36.81546900043031,8.215022384616482,121.72821365314941,6.300922169000842,108,7.092592592592593,6.101851851851852,7.092592592592593,0.7222222222222222,0.9907407407407407,4.427968494606107,False,0.21597024198126746,1.4983091139874887,0.2798094769968884,0.025459665965172462,4.262679139981628
80,mt-bench,Qwen/Qwen3-4B,mgoin/Qwen3-4B-speculator.dflash2,0.0,8,baseline,,39,503,38.075158998253755,36.233184194831296,27.59900964328305,18.225291650000145,502,1,,,,,1.0,True,0.12476694302313263,0.0,0.0,0.0,18.01727690705593
80,mt-bench,Qwen/Qwen3-4B,mgoin/Qwen3-4B-speculator.dflash2,0.0,8,dflash2,,39,574,36.958313001377974,17.101530092333842,58.47429993695554,9.816278272999625,180,3.183333333333333,2.188888888888889,3.183333333333333,0.05,0.9944444444444445,2.1187100802795222,False,0.11661783900490263,2.2860032810203847,0.0,0.0,7.386250934003328
80,mt-bench,Qwen/Qwen3-4B,mgoin/Qwen3-4B-speculator.dflash2,0.0,8,dflash2_unary_k16_tb8,8,39,560,37.02405399963027,15.756596842857109,63.465481155172604,8.82369423199998,157,3.5605095541401273,2.56687898089172,3.5605095541401273,0.03184713375796178,0.9936305732484076,2.2995564687089636,False,0.3131201860305737,2.201946925044467,0.1199876919563394,0.037117320978723,6.1262206439932925
80,mt-bench,Qwen/Qwen3-4B,mgoin/Qwen3-4B-speculator.dflash2,0.0,8,dflash2_unary_k16_tb16,16,39,518,37.05428600369487,13.351529799235452,74.89778437653361,6.916092436003964,122,4.237704918032787,3.2459016393442623,4.237704918032787,0.06557377049180328,0.9918032786885246,2.7137852170997,False,0.24611302200355567,1.7250651159774861,0.1255108139666845,0.03170308107655728,4.767717129041557
80,mt-bench,Qwen/Qwen3-4B,mgoin/Qwen3-4B-speculator.dflash2,0.0,8,dflash2_unary_k16_tb32,32,39,501,45.09956599940779,12.93816323752667,77.29072370176445,6.482019782000862,114,4.385964912280702,3.3947368421052633,4.385964912280702,0.08771929824561403,0.9912280701754386,2.8004890284378443,False,0.22939965198747814,1.6081393209606176,0.1757024310354609,0.027315666018694174,4.422463415976381
80,mt-bench,Qwen/Qwen3-4B,mgoin/Qwen3-4B-speculator.dflash2,0.0,8,dflash2_unary_k16_tb64,64,39,531,36.92284200224094,12.868875086637148,77.70686973552066,6.833372671004326,117,4.52991452991453,3.5384615384615383,4.52991452991453,0.1282051282051282,0.9914529914529915,2.8155673243308814,False,0.23611905102734454,1.647927066012926,0.2989407679779106,0.028003533036098816,4.601917587024218
80,mt-bench,Qwen/Qwen3-4B,mgoin/Qwen3-4B-speculator.dflash2,0.0,8,dflash2_pairwise_k16_tb8,8,39,549,37.03645600035088,14.903677417130659,67.09753385097929,8.182118902004731,145,3.779310344827586,2.786206896551724,3.779310344827586,0.041379310344827586,0.993103448275862,2.431157303041461,False,0.2892989419924561,2.035056008011452,0.13647792397387093,0.034241737994307186,5.663689602042723
80,mt-bench,Qwen/Qwen3-4B,mgoin/Qwen3-4B-speculator.dflash2,0.0,8,dflash2_pairwise_k16_tb16,16,39,518,43.18445399985649,12.780053210429578,78.24693555922893,6.620067563002522,115,4.495652173913044,3.5043478260869567,4.495652173913044,0.12173913043478261,0.991304347826087,2.835135628798637,False,0.23484483797801659,1.644982322017313,0.14128699603315908,0.027710108042811044,4.552130359988951
80,mt-bench,Qwen/Qwen3-4B,mgoin/Qwen3-4B-speculator.dflash2,0.0,8,dflash2_pairwise_k16_tb32,32,39,525,37.01218400237849,12.349429190480372,80.9754025530877,6.483450325002195,114,4.5964912280701755,3.6052631578947367,4.5964912280701755,0.12280701754385964,0.9912280701754386,2.933996675956639,False,0.2284699960364378,1.602412876993185,0.1983558629945037,0.02728861702780705,4.407861234038137
80,mt-bench,Qwen/Qwen3-4B,mgoin/Qwen3-4B-speculator.dflash2,0.0,8,dflash2_pairwise_k16_tb64,64,39,508,37.15158800332574,11.333152848423856,88.23669929935461,5.757241646999319,98,5.173469387755102,4.183673469387755,5.173469387755102,0.21428571428571427,0.9897959183673469,3.197096578457457,False,0.19865803799621062,1.3828243449825095,0.2728032559607527,0.023611281998455524,3.86201459003496
81,mt-bench,Qwen/Qwen3-4B,mgoin/Qwen3-4B-speculator.dflash2,0.0,8,baseline,,562,686,38.440126001660246,36.499655673468475,27.397518731304032,25.038763791999372,685,1,,,,,1.0,True,0.1695350579539081,0.0,0.0,0.0,24.755222121122642
81,mt-bench,Qwen/Qwen3-4B,mgoin/Qwen3-4B-speculator.dflash2,0.0,8,dflash2,,562,649,45.143658004235476,14.294992756547936,69.95456500262597,9.27745029899961,171,3.789473684210526,2.7953216374269005,3.789473684210526,0.16374269005847952,0.9941520467836257,2.553317535383116,False,0.10509529708360787,2.1589571179865743,0.0,0.0,6.987795746019401
81,mt-bench,Qwen/Qwen3-4B,mgoin/Qwen3-4B-speculator.dflash2,0.0,8,dflash2_unary_k16_tb8,8,562,688,38.3282640032121,14.373913079939378,69.57047774246159,9.889252198998292,173,3.9710982658959537,2.976878612716763,3.9710982658959537,0.14450867052023122,0.9942196531791907,2.53929848263855,False,0.3463402549532475,2.4362814269625233,0.12910160492174327,0.040843012982804794,6.908892553008627
81,mt-bench,Qwen/Qwen3-4B,mgoin/Qwen3-4B-speculator.dflash2,0.0,8,dflash2_unary_k16_tb16,16,562,645,38.39242600224679,13.407887787593786,74.58296309171772,8.648087622997991,150,4.293333333333333,3.3,4.293333333333333,0.18,0.9933333333333333,2.7222524719547043,False,0.3031716489495011,2.1259894779868773,0.15054286309168674,0.03576414498093072,6.008046562928939
81,mt-bench,Qwen/Qwen3-4B,mgoin/Qwen3-4B-speculator.dflash2,0.0,8,dflash2_unary_k16_tb32,32,562,649,38.33411500090733,13.024075141756684,76.7808837952635,8.452624767000088,146,4.438356164383562,3.4452054794520546,4.438356164383562,0.1780821917808219,0.9931506849315068,2.802475820831713,False,0.2957431659961003,2.0708121150237275,0.2221521870160359,0.0350120460279868,5.804343384988897
81,mt-bench,Qwen/Qwen3-4B,mgoin/Qwen3-4B-speculator.dflash2,0.0,8,dflash2_unary_k16_tb64,64,562,724,38.33793399826391,12.689552991713306,78.80498238614337,9.187236366000434,155,4.664516129032258,3.670967741935484,4.664516129032258,0.2064516129032258,0.9935483870967742,2.876354722447981,False,0.31574824205745244,2.194716726000479,0.39199361894861795,0.03715733496937901,6.220302410016302
81,mt-bench,Qwen/Qwen3-4B,mgoin/Qwen3-4B-speculator.dflash2,0.0,8,dflash2_pairwise_k16_tb8,8,562,660,38.34586500306614,13.699452280310322,72.99561906115476,9.041638505004812,159,4.144654088050315,3.150943396226415,4.144654088050315,0.1761006289308176,0.9937106918238994,2.6643149614038206,False,0.3158284990568063,2.2222487809849554,0.14553448403603397,0.03866698897763854,6.293765869057097
81,mt-bench,Qwen/Qwen3-4B,mgoin/Qwen3-4B-speculator.dflash2,0.0,8,dflash2_pairwise_k16_tb16,16,562,648,38.37394499714719,12.536321637346617,79.76821502576378,8.123536421000608,141,4.588652482269503,3.595744680851064,4.588652482269503,0.2127659574468085,0.9929078014184397,2.911512382127572,False,0.28418351999425795,1.9969070199949783,0.16762210401066113,0.033566515005077235,5.618087183967873
81,mt-bench,Qwen/Qwen3-4B,mgoin/Qwen3-4B-speculator.dflash2,0.0,8,dflash2_pairwise_k16_tb32,32,562,723,38.32000400143443,11.483400269711963,87.0822209896793,8.302498395001749,144,5.013888888888889,4.020833333333333,5.013888888888889,0.2638888888888889,0.9930555555555556,3.1784710814041834,False,0.28975671796069946,2.0274498330327333,0.2458675390444114,0.034132466971641406,5.68118377202336
81,mt-bench,Qwen/Qwen3-4B,mgoin/Qwen3-4B-speculator.dflash2,0.0,8,dflash2_pairwise_k16_tb64,64,562,760,38.33171300357208,11.986166528951895,83.42950997590077,9.10948656200344,154,4.928571428571429,3.9285714285714284,4.928571428571429,0.24025974025974026,1,3.045148387126581,False,0.3111901350057451,2.166994928018539,0.4251299330499023,0.03735851104283938,6.141720275969419
82,mt-bench,Qwen/Qwen3-4B,mgoin/Qwen3-4B-speculator.dflash2,0.0,8,baseline,,26,367,38.8129850034602,36.37297212261845,27.492941644385237,13.34888076900097,366,1,,,,,1.0,True,0.09123752795858309,0.0,0.0,0.0,13.196638026944129
82,mt-bench,Qwen/Qwen3-4B,mgoin/Qwen3-4B-speculator.dflash2,0.0,8,dflash2,,26,367,37.88356400036719,13.199274997259883,75.76173692930831,4.844133923994377,89,4.112359550561798,3.1235955056179776,4.112359550561798,0.15730337078651685,0.9887640449438202,2.7556795452908838,True,0.055210073973285034,1.1234313059831038,0.0,0.0,3.652118439960759
82,mt-bench,Qwen/Qwen3-4B,mgoin/Qwen3-4B-speculator.dflash2,0.0,8,dflash2_unary_k16_tb8,8,26,374,37.386903997685295,12.706900042767934,78.69740035998353,4.752380615995207,83,4.493975903614458,3.5060240963855422,4.493975903614458,0.10843373493975904,0.9879518072289156,2.862458349416224,False,0.16603366401977837,1.1638856299832696,0.062078785987978335,0.01962256897240877,3.327477956954681
82,mt-bench,Qwen/Qwen3-4B,mgoin/Qwen3-4B-speculator.dflash2,0.0,8,dflash2_unary_k16_tb16,16,26,374,37.40671299601672,12.260092328868142,81.56545425399096,4.585274530996685,81,4.604938271604938,3.617283950617284,4.604938271604938,0.14814814814814814,0.9876543209876543,2.966777993749124,False,0.16035550201195292,1.1239835129745188,0.08032273899152642,0.01892451300227549,3.188656765007181
82,mt-bench,Qwen/Qwen3-4B,mgoin/Qwen3-4B-speculator.dflash2,0.0,8,dflash2_unary_k16_tb32,32,26,374,37.37587099749362,11.545203350253097,86.6160577395181,4.317906052994658,74,5.04054054054054,4.054054054054054,5.04054054054054,0.20270270270270271,0.9864864864864865,3.150483453530602,False,0.15000858102575876,1.0520231150221662,0.11229220097447978,0.017806080002628732,2.9733625629960443
82,mt-bench,Qwen/Qwen3-4B,mgoin/Qwen3-4B-speculator.dflash2,0.0,8,dflash2_unary_k16_tb64,64,26,390,37.51838700554799,11.225366682050755,89.08394962268713,4.377893005999795,74,5.256756756756757,4.27027027027027,5.256756756756757,0.24324324324324326,0.9864864864864865,3.240248016198745,False,0.149356614012504,1.0398343739798293,0.1835435990287806,0.01765393697860418,2.9746161449875217
82,mt-bench,Qwen/Qwen3-4B,mgoin/Qwen3-4B-speculator.dflash2,0.0,8,dflash2_pairwise_k16_tb8,8,26,374,37.32257099909475,12.243275262028966,81.6774905895793,4.578984947998833,79,4.7215189873417724,3.7341772151898733,4.7215189873417724,0.12658227848101267,0.9873417721518988,2.9708530882601987,False,0.1593356590019539,1.1177763980449527,0.07312713201827137,0.018981967026775237,3.1970423650636803
82,mt-bench,Qwen/Qwen3-4B,mgoin/Qwen3-4B-speculator.dflash2,0.0,8,dflash2_pairwise_k16_tb16,16,26,374,37.32173999742372,10.90355843582152,91.71317839822773,4.077930854997248,71,5.253521126760563,4.267605633802817,5.253521126760563,0.28169014084507044,0.9859154929577465,3.3358808811554694,False,0.1419939459883608,0.9946169990216731,0.08387766904343152,0.01673472102265805,2.829159429005813
82,mt-bench,Qwen/Qwen3-4B,mgoin/Qwen3-4B-speculator.dflash2,0.0,8,dflash2_pairwise_k16_tb32,32,26,374,37.43323300295742,10.235865660424047,97.69569405999535,3.828213756998594,67,5.567164179104478,4.582089552238806,5.567164179104478,0.3582089552238806,0.9850746268656716,3.5534827565440716,False,0.13310857302712975,0.9286933450275683,0.11301470798935043,0.01571219197649043,2.626658566936385
82,mt-bench,Qwen/Qwen3-4B,mgoin/Qwen3-4B-speculator.dflash2,0.0,8,dflash2_pairwise_k16_tb64,64,26,374,37.42454299936071,9.98525313635694,100.14768642759155,3.734484672997496,62,6.016129032258065,5.032258064516129,6.016129032258065,0.4032258064516129,0.9838709677419355,3.642669006575521,False,0.12803701796656242,0.8824005390124512,0.16880673796549672,0.014963324028940406,2.529270480023115
83,mt-bench,Qwen/Qwen3-4B,mgoin/Qwen3-4B-speculator.dflash2,0.0,8,baseline,,452,486,37.110855999344494,36.47542730453288,27.415717207395893,17.727057670002978,485,1,,,,,1.0,True,0.1196441969514126,0.0,0.0,0.0,17.52679719200387
83,mt-bench,Qwen/Qwen3-4B,mgoin/Qwen3-4B-speculator.dflash2,0.0,8,dflash2,,452,457,36.92357300315052,11.619261477031888,86.0639896930392,5.310002495003573,97,4.701030927835052,3.7010309278350517,4.701030927835052,0.24742268041237114,1,3.1392207995865182,False,0.058128430020587984,1.2347215770132607,0.0,0.0,4.002577465987997
83,mt-bench,Qwen/Qwen3-4B,mgoin/Qwen3-4B-speculator.dflash2,0.0,8,dflash2_unary_k16_tb8,8,452,543,37.02315500413533,11.10214642541426,90.0726725879664,6.028465508999943,106,5.113207547169812,4.122641509433962,5.113207547169812,0.3018867924528302,0.9905660377358491,3.285439221107359,False,0.21159489300043788,1.4816658699855907,0.07867534200340742,0.025120857942965813,4.21455337102816
83,mt-bench,Qwen/Qwen3-4B,mgoin/Qwen3-4B-speculator.dflash2,0.0,8,dflash2_unary_k16_tb16,16,452,576,37.06235499703325,10.385967274310637,96.28376188643193,5.9823171500029275,105,5.476190476190476,4.485714285714286,5.476190476190476,0.3904761904761905,0.9904761904761905,3.5119913572955013,False,0.210297331061156,1.47103004600649,0.10485433801659383,0.02499557106057182,4.154196486982983
83,mt-bench,Qwen/Qwen3-4B,mgoin/Qwen3-4B-speculator.dflash2,0.0,8,dflash2_unary_k16_tb32,32,452,517,37.25510999356629,9.458963800774148,105.71982524324252,4.890284285000234,83,6.216867469879518,5.228915662650603,6.216867469879518,0.4939759036144578,0.9879518072289156,3.8561758003078124,False,0.1711229820648441,1.1944119070030865,0.12250214599771425,0.020251317939255387,3.3678841770088184
83,mt-bench,Qwen/Qwen3-4B,mgoin/Qwen3-4B-speculator.dflash2,0.0,8,dflash2_unary_k16_tb64,64,452,429,37.01692400500178,10.593625815845222,94.39638678801249,4.5446654749976005,78,5.487179487179487,4.5,5.487179487179487,0.358974358974359,0.9871794871794872,3.4431485440967173,False,0.1564572129791486,1.0815762180500315,0.1895242759565008,0.01855354497092776,3.085130946012214
83,mt-bench,Qwen/Qwen3-4B,mgoin/Qwen3-4B-speculator.dflash2,0.0,8,dflash2_pairwise_k16_tb8,8,452,547,37.10980600590119,10.441651182816154,95.77029365295232,5.7115831970004365,100,5.46,4.46,5.46,0.36,1,3.4932623840720285,False,0.19989983501000097,1.3992849849673803,0.09228512793924892,0.023581122019095346,3.9806051150299027
83,mt-bench,Qwen/Qwen3-4B,mgoin/Qwen3-4B-speculator.dflash2,0.0,8,dflash2_pairwise_k16_tb16,16,452,536,36.98729300231207,9.471898175366162,105.57545926757625,5.076937421996263,88,6.079545454545454,5.090909090909091,6.079545454545454,0.4318181818181818,0.9886363636363636,3.8509099896571493,False,0.17841130198939936,1.2432197080124752,0.10327571201196406,0.021022363995143678,3.516508002059709
83,mt-bench,Qwen/Qwen3-4B,mgoin/Qwen3-4B-speculator.dflash2,0.0,8,dflash2_pairwise_k16_tb32,32,452,547,37.25741899688728,8.912982705662259,112.19588694643352,4.875401539997256,85,6.423529411764706,5.435294117647059,6.423529411764706,0.5529411764705883,0.9882352941176471,4.092392918182225,False,0.17102895003336016,1.1886713239873643,0.14223807000234956,0.020020132011268288,3.3393417119732476
83,mt-bench,Qwen/Qwen3-4B,mgoin/Qwen3-4B-speculator.dflash2,0.0,8,dflash2_pairwise_k16_tb64,64,452,547,36.966692001442425,8.743751468011872,114.36738608804225,4.782832053002494,81,6.7407407407407405,5.753086419753086,6.7407407407407405,0.5925925925925926,0.9876543209876543,4.17159927726383,False,0.16466820802452276,1.1353675359932822,0.2134822780135437,0.019465837969619315,3.2356682819736307
84,mt-bench,Qwen/Qwen3-4B,mgoin/Qwen3-4B-speculator.dflash2,0.0,8,baseline,,39,498,38.3296150030219,36.77367709638038,27.19336435622397,18.31329119399743,497,1,,,,,1.0,True,0.12460453008679906,0.0,0.0,0.0,18.10557182800403
84,mt-bench,Qwen/Qwen3-4B,mgoin/Qwen3-4B-speculator.dflash2,0.0,8,dflash2,,39,498,36.90363200439606,15.0865269518045,66.28430805808424,7.5130904219986405,138,3.601449275362319,2.601449275362319,3.601449275362319,0.14492753623188406,1,2.437517741084994,True,0.08594379997521173,1.749150774012378,0.0,0.0,5.657532144032302
84,mt-bench,Qwen/Qwen3-4B,mgoin/Qwen3-4B-speculator.dflash2,0.0,8,dflash2_unary_k16_tb8,8,39,499,36.92676300124731,14.66134486772516,68.20656692970616,7.3160110889948555,128,3.890625,2.8984375,3.890625,0.109375,0.9921875,2.508206268125671,False,0.26074636098201154,1.824853628029814,0.0962797049432993,0.030666202954307664,5.082678842947644
84,mt-bench,Qwen/Qwen3-4B,mgoin/Qwen3-4B-speculator.dflash2,0.0,8,dflash2_unary_k16_tb16,16,39,498,37.03201299504144,13.3528571265147,74.89033923790775,6.64972284900432,118,4.211864406779661,3.2203389830508473,4.211864406779661,0.16101694915254236,0.9915254237288136,2.7539931527732056,True,0.23653877200558782,1.6569712860000436,0.11803091997717274,0.027930538992222864,4.5909577439015266
84,mt-bench,Qwen/Qwen3-4B,mgoin/Qwen3-4B-speculator.dflash2,0.0,8,dflash2_unary_k16_tb32,32,39,494,44.66899100225419,12.413543793520686,80.55717340941393,6.132290633999219,107,4.607476635514018,3.616822429906542,4.607476635514018,0.22429906542056074,0.9906542056074766,2.962383482754908,False,0.21666792596079176,1.5179448950002552,0.16163172401866177,0.025655339057266247,4.192562419979367
84,mt-bench,Qwen/Qwen3-4B,mgoin/Qwen3-4B-speculator.dflash2,0.0,8,dflash2_unary_k16_tb64,64,39,499,36.86911199474707,12.30160001202142,81.29023858870194,6.138498405998689,105,4.742857142857143,3.7523809523809524,4.742857142857143,0.23809523809523808,0.9904761904761905,2.989340984948645,False,0.21278622599493247,1.4816790189870517,0.26148323793313466,0.02539273500588024,4.138736383014475
84,mt-bench,Qwen/Qwen3-4B,mgoin/Qwen3-4B-speculator.dflash2,0.0,8,dflash2_pairwise_k16_tb8,8,39,498,36.82273100275779,13.553738337336599,73.78038258605683,6.749761691993626,120,4.141666666666667,3.15,4.141666666666667,0.16666666666666666,0.9916666666666667,2.7131759652670597,True,0.23849386794609018,1.6786350830225274,0.11024357303540455,0.028363145065668505,4.674723164003808
84,mt-bench,Qwen/Qwen3-4B,mgoin/Qwen3-4B-speculator.dflash2,0.0,8,dflash2_pairwise_k16_tb16,16,39,498,36.88871199847199,12.676119383531,78.88849652987764,6.312707452998438,111,4.4774774774774775,3.4864864864864864,4.4774774774774775,0.21621621621621623,0.990990990990991,2.9010200980086447,True,0.22382636801921763,1.5689131960389204,0.1325937210349366,0.026233375967422035,4.342987942021864
84,mt-bench,Qwen/Qwen3-4B,mgoin/Qwen3-4B-speculator.dflash2,0.0,8,dflash2_pairwise_k16_tb32,32,39,498,37.03666500223335,12.08350973092272,82.75741256208994,6.017587845999515,106,4.688679245283019,3.69811320754717,4.688679245283019,0.2641509433962264,0.9905660377358491,3.043294366890229,True,0.21179365301213693,1.4864292639977066,0.18143613697611727,0.02544794303685194,4.094833712959371
84,mt-bench,Qwen/Qwen3-4B,mgoin/Qwen3-4B-speculator.dflash2,0.0,8,dflash2_pairwise_k16_tb64,64,39,498,36.8072499986738,11.059388656620461,90.42091123195783,5.5075755509969895,94,5.287234042553192,4.297872340425532,5.287234042553192,0.32978723404255317,0.9893617021276596,3.325109392404491,True,0.18934330500633223,1.3204100039656623,0.25701492904045153,0.02265421197807882,3.7016373530059354
85,mt-bench,Qwen/Qwen3-4B,mgoin/Qwen3-4B-speculator.dflash2,0.0,8,baseline,,559,604,38.41423699486768,36.41012491721838,27.464887919873604,21.9917154499999,603,1,,,,,1.0,True,0.15094467710878234,0.0,0.0,0.0,21.74105565797072
85,mt-bench,Qwen/Qwen3-4B,mgoin/Qwen3-4B-speculator.dflash2,0.0,8,dflash2,,559,319,38.287833995127585,12.425523736663045,80.47950502475612,3.9637420719955117,71,4.47887323943662,3.492957746478873,4.47887323943662,0.2535211267605634,0.9859154929577465,2.9302688312272744,False,0.04281234398513334,0.9169777889619581,0.0,0.0,2.9930431299872
85,mt-bench,Qwen/Qwen3-4B,mgoin/Qwen3-4B-speculator.dflash2,0.0,8,dflash2_unary_k16_tb8,8,559,312,38.35982600139687,12.54252025319147,79.7287929230609,3.9132663189957384,70,4.442857142857143,3.4571428571428573,4.442857142857143,0.22857142857142856,0.9857142857142858,2.902935309827684,False,0.14044185999955516,0.970446768005786,0.051955872993858065,0.016491118993144482,2.722654449979018
85,mt-bench,Qwen/Qwen3-4B,mgoin/Qwen3-4B-speculator.dflash2,0.0,8,dflash2_unary_k16_tb16,16,559,319,38.33038599987049,11.806019871478512,84.70255097705221,3.7661203390016453,68,4.676470588235294,3.6911764705882355,4.676470588235294,0.2647058823529412,0.9852941176470589,3.0840304618815284,False,0.13501859102689195,0.9341907630005153,0.06715502201404888,0.015986906015314162,2.602886803972069
85,mt-bench,Qwen/Qwen3-4B,mgoin/Qwen3-4B-speculator.dflash2,0.0,8,dflash2_unary_k16_tb32,32,559,312,38.304153000353836,11.133502054480442,89.81899811098263,3.4736526409978974,60,5.183333333333334,4.2,5.183333333333334,0.3,0.9833333333333333,3.2703209411602794,False,0.12465052897459827,0.8572292270400794,0.09121094999136403,0.014483967031992506,2.375787114004197
85,mt-bench,Qwen/Qwen3-4B,mgoin/Qwen3-4B-speculator.dflash2,0.0,8,dflash2_unary_k16_tb64,64,559,319,38.32167599466629,10.895187253915072,91.78364508059836,3.4755647339989078,60,5.3,4.316666666666666,5.3,0.3,0.9833333333333333,3.3418539827422222,False,0.12170376003632555,0.8367788200484938,0.1484929850194021,0.014434966004046146,2.3437667079706443
85,mt-bench,Qwen/Qwen3-4B,mgoin/Qwen3-4B-speculator.dflash2,0.0,8,dflash2_pairwise_k16_tb8,8,559,311,38.2906049999292,11.437610565908209,87.4308487981462,3.5570968859974528,64,4.84375,3.859375,4.84375,0.25,0.984375,3.183368126358936,False,0.12708712699532043,0.8801772189908661,0.05863434000639245,0.015024269945570268,2.4659685600054218
85,mt-bench,Qwen/Qwen3-4B,mgoin/Qwen3-4B-speculator.dflash2,0.0,8,dflash2_pairwise_k16_tb16,16,559,319,38.41696799645433,10.643192037633842,93.95677504117614,3.3951782600051956,60,5.3,4.316666666666666,5.3,0.31666666666666665,0.9833333333333333,3.4209779160682094,False,0.12147765398549382,0.8414907940023113,0.07136352800444001,0.014376688021002337,2.3366610589728225
85,mt-bench,Qwen/Qwen3-4B,mgoin/Qwen3-4B-speculator.dflash2,0.0,8,dflash2_pairwise_k16_tb32,32,559,319,38.288494004518725,10.168242667712086,98.345410576733,3.2436694110001554,58,5.482758620689655,4.5,5.482758620689655,0.3448275862068966,0.9827586206896551,3.5807686841339783,False,0.1157544660163694,0.7966312630160246,0.09746962898498168,0.013745048992859665,2.2105096290033543
85,mt-bench,Qwen/Qwen3-4B,mgoin/Qwen3-4B-speculator.dflash2,0.0,8,dflash2_pairwise_k16_tb64,64,559,310,38.33461500471458,9.703313032256236,103.05758421641663,3.008027039999433,51,6.0588235294117645,5.078431372549019,6.0588235294117645,0.39215686274509803,0.9803921568627451,3.7523395149864824,False,0.10470017298939638,0.7204214619996492,0.13989558397588553,0.012400607047311496,2.0216369699919596
86,mt-bench,Qwen/Qwen3-4B,mgoin/Qwen3-4B-speculator.dflash2,0.0,8,baseline,,191,273,38.45332899800269,36.47048695239681,27.419430985532284,9.95644293800433,272,1,,,,,1.0,True,0.06762685313151451,0.0,0.0,0.0,9.84335666703555
86,mt-bench,Qwen/Qwen3-4B,mgoin/Qwen3-4B-speculator.dflash2,0.0,8,dflash2,,191,319,37.07835700333817,13.327375799358194,75.03352610857998,4.251432879995264,78,4.076923076923077,3.08974358974359,4.076923076923077,0.1794871794871795,0.9871794871794872,2.7365092349352915,False,0.04787247499189107,0.987525353069941,0.0,0.0,3.2042555439911666
86,mt-bench,Qwen/Qwen3-4B,mgoin/Qwen3-4B-speculator.dflash2,0.0,8,dflash2_unary_k16_tb8,8,191,319,36.94300299684983,14.41487865517486,69.37276573195471,4.59834629100078,81,3.925925925925926,2.9382716049382718,3.925925925925926,0.1111111111111111,0.9876543209876543,2.530058547478935,False,0.16374559597170446,1.1410866390142473,0.06098079802177381,0.019328011003381107,3.2002053219621303
86,mt-bench,Qwen/Qwen3-4B,mgoin/Qwen3-4B-speculator.dflash2,0.0,8,dflash2_unary_k16_tb16,16,191,523,37.023365002823994,13.371432164431742,74.78630469068366,6.993259021997801,125,4.176,3.184,4.176,0.152,0.992,2.7274929494395512,False,0.24918669699400198,1.7431285229540663,0.12473665700963465,0.029699780068767723,4.826278840024315
86,mt-bench,Qwen/Qwen3-4B,mgoin/Qwen3-4B-speculator.dflash2,0.0,8,dflash2_unary_k16_tb32,32,191,414,37.02625499863643,11.126567060378822,89.87498071718389,4.606398762996832,81,5.098765432098766,4.111111111111111,5.098765432098766,0.2962962962962963,0.9876543209876543,3.2777843115929697,False,0.16439654797432013,1.1407445799923153,0.12141166099172551,0.01943251400371082,3.1467852739879163
86,mt-bench,Qwen/Qwen3-4B,mgoin/Qwen3-4B-speculator.dflash2,0.0,8,dflash2_unary_k16_tb64,64,191,347,37.10358699754579,11.906491017285452,83.98780115386077,4.131552382998052,71,4.873239436619718,3.887323943661972,4.873239436619718,0.19718309859154928,0.9859154929577465,3.063076006142377,False,0.14338622997456696,0.9933082649440621,0.1776945780220558,0.01697343798878137,2.7878286100094556
86,mt-bench,Qwen/Qwen3-4B,mgoin/Qwen3-4B-speculator.dflash2,0.0,8,dflash2_pairwise_k16_tb8,8,191,414,36.90817299502669,11.156795217395072,89.63147395955194,4.618913220001559,80,5.1625,4.175,5.1625,0.275,0.9875,3.2689035015659336,False,0.16432318300940096,1.1453822119729011,0.07471476498176344,0.019263938935182523,3.202296622970607
86,mt-bench,Qwen/Qwen3-4B,mgoin/Qwen3-4B-speculator.dflash2,0.0,8,dflash2_pairwise_k16_tb16,16,191,477,36.968075000913814,10.821798010476655,92.40608621893453,5.161997650997364,92,5.173913043478261,4.173913043478261,5.173913043478261,0.29347826086956524,1,3.370094961769707,False,0.18331824398774188,1.2799003400214133,0.10868519799987553,0.0216722849800135,3.5535901799667045
86,mt-bench,Qwen/Qwen3-4B,mgoin/Qwen3-4B-speculator.dflash2,0.0,8,dflash2_pairwise_k16_tb32,32,191,414,37.04089600068983,9.484896342994016,105.43077792712477,3.926747085999523,70,5.9,4.914285714285715,5.9,0.38571428571428573,0.9857142857142858,3.8451118107722495,False,0.13936150398512837,0.9659131929947762,0.11974269399070181,0.01672060900455108,2.673321949034289
86,mt-bench,Qwen/Qwen3-4B,mgoin/Qwen3-4B-speculator.dflash2,0.0,8,dflash2_pairwise_k16_tb64,64,191,523,36.98906499630539,10.381417489491747,96.32595943783375,5.4294813470041845,93,5.612903225806452,4.612903225806452,5.612903225806452,0.3225806451612903,1,3.5130546468546204,False,0.18852577800134895,1.303412837020005,0.25486587007617345,0.022242950974032283,3.6441012450377457
87,mt-bench,Qwen/Qwen3-4B,mgoin/Qwen3-4B-speculator.dflash2,0.0,8,baseline,,897,679,56.85228799848119,36.48371986891534,27.409485754001047,24.772445790993515,678,1,,,,,1.0,True,0.16765072297857841,0.0,0.0,0.0,24.492389353908948
87,mt-bench,Qwen/Qwen3-4B,mgoin/Qwen3-4B-speculator.dflash2,0.0,8,dflash2,,897,626,56.74540600011824,13.247054630994443,75.48847859812373,8.292656199002522,154,4.058441558441558,3.064935064935065,4.058441558441558,0.23376623376623376,0.9935064935064936,2.7541005065045576,False,0.09203026597970165,1.9337227559517487,0.0,0.0,6.2440531980319065
87,mt-bench,Qwen/Qwen3-4B,mgoin/Qwen3-4B-speculator.dflash2,0.0,8,dflash2_unary_k16_tb8,8,897,657,56.816286996763665,12.64901510806601,79.05753858751588,8.31040292599937,145,4.524137931034483,3.5310344827586206,4.524137931034483,0.22758620689655173,0.993103448275862,2.8843130913528943,False,0.292005962030089,2.042536314984318,0.10799081098957686,0.03453686399006983,5.809928686991043
87,mt-bench,Qwen/Qwen3-4B,mgoin/Qwen3-4B-speculator.dflash2,0.0,8,dflash2_unary_k16_tb16,16,897,679,56.94565999874612,11.491714886598244,87.01921426594132,7.802874408000207,136,4.985294117647059,3.9926470588235294,4.985294117647059,0.3235294117647059,0.9926470588235294,3.1747846364917245,False,0.27506141094636405,1.9201365890476154,0.13548192098824074,0.03256633201090153,5.417633559038222
87,mt-bench,Qwen/Qwen3-4B,mgoin/Qwen3-4B-speculator.dflash2,0.0,8,dflash2_unary_k16_tb32,32,897,700,56.75701500149444,11.955123675714797,83.64614429136887,8.368586573000357,146,4.787671232876712,3.7945205479452055,4.787671232876712,0.273972602739726,0.9931506849315068,3.0517224964411738,False,0.2939186369840172,2.0474510750573245,0.21929919702233747,0.0347881299603614,5.748613261945138
87,mt-bench,Qwen/Qwen3-4B,mgoin/Qwen3-4B-speculator.dflash2,0.0,8,dflash2_unary_k16_tb64,64,897,775,56.752985998173244,11.193212958704304,89.33985297066637,8.674740042995836,147,5.26530612244898,4.272108843537415,5.26530612244898,0.3401360544217687,0.9931972789115646,3.259450168911876,False,0.298872282008233,2.074555004001013,0.36676721103140153,0.03540113197232131,5.873375373019371
87,mt-bench,Qwen/Qwen3-4B,mgoin/Qwen3-4B-speculator.dflash2,0.0,8,dflash2_pairwise_k16_tb8,8,897,817,56.71496600552928,11.758316228883452,85.04619033323601,9.60654435899778,169,4.828402366863905,3.834319526627219,4.828402366863905,0.2958579881656805,0.9940828402366864,3.1028013840362387,False,0.33693836000020383,2.3564750520017697,0.15429502099868841,0.03988122002920136,6.691739939975378
87,mt-bench,Qwen/Qwen3-4B,mgoin/Qwen3-4B-speculator.dflash2,0.0,8,dflash2_pairwise_k16_tb16,16,897,725,56.721654000284616,10.94228843171832,91.38856156462742,7.9331591129957815,138,5.246376811594203,4.246376811594203,5.246376811594203,0.3333333333333333,1,3.3341946793469903,False,0.27909862303204136,1.944271747051971,0.1634725089679705,0.03283225297491299,5.490922996024892
87,mt-bench,Qwen/Qwen3-4B,mgoin/Qwen3-4B-speculator.dflash2,0.0,8,dflash2_pairwise_k16_tb32,32,897,723,56.76912700437242,10.684199973727583,93.59615155641013,7.724676581005043,135,5.348148148148148,4.355555555555555,5.348148148148148,0.3037037037037037,0.9925925925925926,3.4147357741926117,False,0.27056347396137426,1.8837511749661644,0.22903066202707123,0.03228365504764952,5.2863614710076945
87,mt-bench,Qwen/Qwen3-4B,mgoin/Qwen3-4B-speculator.dflash2,0.0,8,dflash2_pairwise_k16_tb64,64,897,700,56.81257800461026,10.396263857141355,96.18840130852244,7.277384699998947,123,5.682926829268292,4.691056910569106,5.682926829268292,0.4065040650406504,0.991869918699187,3.509310687978943,False,0.24978681000357028,1.7293751390461694,0.334671855038323,0.02942789396183798,4.912606814956234
88,mt-bench,Qwen/Qwen3-4B,mgoin/Qwen3-4B-speculator.dflash2,0.0,8,baseline,,34,698,38.24639199592639,36.56469968194984,27.348781986404493,25.52216037800099,697,1,,,,,1.0,True,0.17216154104244197,0.0,0.0,0.0,25.2343468649633
88,mt-bench,Qwen/Qwen3-4B,mgoin/Qwen3-4B-speculator.dflash2,0.0,8,dflash2,,34,670,36.72408800048288,14.781719947756361,67.65112608913854,9.903752364996762,181,3.696132596685083,2.701657458563536,3.696132596685083,0.1270718232044199,0.994475138121547,2.473643108595073,False,0.11406848103797529,2.3139993110162322,0.0,0.0,7.44847453202965
88,mt-bench,Qwen/Qwen3-4B,mgoin/Qwen3-4B-speculator.dflash2,0.0,8,dflash2_unary_k16_tb8,8,34,760,36.90896199987037,15.00683045658087,66.63632289931516,11.40519114700146,199,3.814070351758794,2.819095477386935,3.814070351758794,0.11557788944723618,0.9949748743718593,2.4365371347228963,False,0.4008366059861146,2.808361000948935,0.14883969305810751,0.04712944396305829,7.967920292947383
88,mt-bench,Qwen/Qwen3-4B,mgoin/Qwen3-4B-speculator.dflash2,0.0,8,dflash2_unary_k16_tb16,16,34,670,45.32288399786921,12.831209740300016,77.93497419492873,8.596910526001011,151,4.430463576158941,3.4304635761589406,4.430463576158941,0.15894039735099338,1,2.84966892615808,False,0.30213798692420823,2.1121744029878755,0.15089331698982278,0.03577649097132962,5.971344810997834
88,mt-bench,Qwen/Qwen3-4B,mgoin/Qwen3-4B-speculator.dflash2,0.0,8,dflash2_unary_k16_tb32,32,34,775,36.92444400076056,12.59570028645084,79.39217171400126,9.761667721999402,170,4.552941176470588,3.5588235294117645,4.552941176470588,0.16470588235294117,0.9941176470588236,2.902950915820249,False,0.34178169600636465,2.3940887409553397,0.25853355705476133,0.04042631998163415,6.698441827051283
88,mt-bench,Qwen/Qwen3-4B,mgoin/Qwen3-4B-speculator.dflash2,0.0,8,dflash2_unary_k16_tb64,64,34,628,36.91551300289575,12.057133141711724,82.93845545592377,7.571879612994962,129,4.8604651162790695,3.868217054263566,4.8604651162790695,0.1937984496124031,0.9922480620155039,3.032619715830627,False,0.2599791109896614,1.8059106139771757,0.32301992797874846,0.030634230985015165,5.129614806974132
88,mt-bench,Qwen/Qwen3-4B,mgoin/Qwen3-4B-speculator.dflash2,0.0,8,dflash2_pairwise_k16_tb8,8,34,791,36.91674400033662,14.419220601762328,69.35187605617043,11.405603495994,199,3.969849246231156,2.9748743718592965,3.969849246231156,0.09045226130653267,0.9949748743718593,2.5358305203736795,False,0.39876127502066083,2.8015650460583856,0.18375959299009992,0.04713142000400694,7.94212123703619
88,mt-bench,Qwen/Qwen3-4B,mgoin/Qwen3-4B-speculator.dflash2,0.0,8,dflash2_pairwise_k16_tb16,16,34,767,36.894892997224815,12.471361033901672,80.18371028483885,9.565533913002582,168,4.559523809523809,3.5654761904761907,4.559523809523809,0.19642857142857142,0.9940476190476191,2.9318932859496054,False,0.33474049896904035,2.35878043295088,0.19934418606135296,0.03998610803682823,6.6052537429350195
88,mt-bench,Qwen/Qwen3-4B,mgoin/Qwen3-4B-speculator.dflash2,0.0,8,dflash2_pairwise_k16_tb32,32,34,688,37.39185399899725,10.559973376445647,94.69720844472312,7.2652616829946055,127,5.409448818897638,4.417322834645669,5.409448818897638,0.2677165354330709,0.9921259842519685,3.462574987500305,False,0.2524115530177369,1.7686315949904383,0.21494413199980045,0.02988670000922866,4.978142116982781
88,mt-bench,Qwen/Qwen3-4B,mgoin/Qwen3-4B-speculator.dflash2,0.0,8,dflash2_pairwise_k16_tb64,64,34,638,36.970624001696706,10.364548432603142,96.48273694726146,6.612581900000805,112,5.6875,4.6875,5.6875,0.32142857142857145,1,3.5278623009691814,False,0.22586217900243355,1.5747615470099845,0.3050143420259701,0.028464794035244267,4.458947100996738
89,mt-bench,Qwen/Qwen3-4B,mgoin/Qwen3-4B-speculator.dflash2,0.0,8,baseline,,690,806,48.250041996652726,36.13844154962736,27.671364815960402,29.127583888999652,805,1,,,,,1.0,True,0.19679688120959327,0.0,0.0,0.0,28.799207364027097
89,mt-bench,Qwen/Qwen3-4B,mgoin/Qwen3-4B-speculator.dflash2,0.0,8,dflash2,,690,779,48.127618996659294,13.26960837997156,75.36017426929847,10.337024927997845,190,4.094736842105263,3.1,4.094736842105263,0.17894736842105263,0.9947368421052631,2.7233992530007742,False,0.11700739494699519,2.4153327369931503,0.0,0.0,7.776059662952321
89,mt-bench,Qwen/Qwen3-4B,mgoin/Qwen3-4B-speculator.dflash2,0.0,8,dflash2_unary_k16_tb8,8,690,783,48.08692900405731,13.364873183905672,74.82300701545196,10.464695702998142,184,4.25,3.255434782608696,4.25,0.15217391304347827,0.9945652173913043,2.7039868655952684,False,0.3685805049681221,2.579713294049725,0.1382383959571598,0.04358595694066025,7.304822493017127
89,mt-bench,Qwen/Qwen3-4B,mgoin/Qwen3-4B-speculator.dflash2,0.0,8,dflash2_unary_k16_tb16,16,690,963,48.179851000895724,13.379431776742297,74.74158967934032,12.884392801002832,225,4.275555555555556,3.28,4.275555555555556,0.13777777777777778,0.9955555555555555,2.7010445699530714,False,0.4538958079574513,3.179508531000465,0.22775159595767036,0.053512954036705196,8.932877790080965
89,mt-bench,Qwen/Qwen3-4B,mgoin/Qwen3-4B-speculator.dflash2,0.0,8,dflash2_unary_k16_tb32,32,690,836,48.163659004785586,13.057698544259162,76.58317402645595,10.91623598300066,190,4.394736842105263,3.4,4.394736842105263,0.16842105263157894,0.9947368421052631,2.7675965582400184,False,0.38312925895297667,2.67456867700821,0.2885300689958967,0.04534073903050739,7.4927085880117374
89,mt-bench,Qwen/Qwen3-4B,mgoin/Qwen3-4B-speculator.dflash2,0.0,8,dflash2_unary_k16_tb64,64,690,836,48.13623800146161,12.116174080140562,82.53430442527934,10.129121530997509,172,4.854651162790698,3.854651162790698,4.854651162790698,0.2558139534883721,1,2.982661136312108,False,0.34848076703201514,2.422162262009806,0.43241457598196575,0.0412466269772267,6.8548084939902765
89,mt-bench,Qwen/Qwen3-4B,mgoin/Qwen3-4B-speculator.dflash2,0.0,8,dflash2_pairwise_k16_tb8,8,690,889,48.14031899877591,12.817744322840914,78.01684717786294,11.394974703005573,200,4.44,3.445,4.44,0.175,0.995,2.81940727162341,False,0.3981633819566923,2.8011226499511395,0.1836357119391323,0.04702749896387104,7.93299540602311
89,mt-bench,Qwen/Qwen3-4B,mgoin/Qwen3-4B-speculator.dflash2,0.0,8,dflash2_pairwise_k16_tb16,16,690,821,48.20779999863589,11.74598279293794,85.13548994820866,9.64345187300205,169,4.85207100591716,3.8579881656804735,4.85207100591716,0.24260355029585798,0.9940828402366864,3.076663927292226,False,0.3379745800193632,2.3698659860383486,0.2004507410019869,0.040041619024123065,6.6674924769758945
89,mt-bench,Qwen/Qwen3-4B,mgoin/Qwen3-4B-speculator.dflash2,0.0,8,dflash2_pairwise_k16_tb32,32,690,817,48.16992900305195,10.177294341492498,98.25794228265882,8.31484947699937,145,5.627586206896551,4.63448275862069,5.627586206896551,0.36551724137931035,0.993103448275862,3.550888903968524,False,0.2904906690091593,2.031068402036908,0.24639953094447264,0.034529522992670536,5.68803553996986
89,mt-bench,Qwen/Qwen3-4B,mgoin/Qwen3-4B-speculator.dflash2,0.0,8,dflash2_pairwise_k16_tb64,64,690,815,48.14344800252002,11.129379176686124,89.85227155300852,9.07044402899919,154,5.285714285714286,4.292207792207792,5.285714285714286,0.3051948051948052,0.9935064935064936,3.2471210636196433,False,0.31086015496839536,2.1603524939564522,0.42117290596070234,0.03701162501965882,6.11397441697045
90,mt-bench,Qwen/Qwen3-4B,mgoin/Qwen3-4B-speculator.dflash2,0.0,8,baseline,,40,836,38.612311000179034,36.423839114836284,27.454546920417197,30.450329500003136,835,1,,,,,1.0,True,0.20753848707681755,0.0,0.0,0.0,30.104804100941692
90,mt-bench,Qwen/Qwen3-4B,mgoin/Qwen3-4B-speculator.dflash2,0.0,8,dflash2,,40,921,37.23204999550944,14.238154448426116,70.23382163904957,13.113340247000451,242,3.8016528925619837,2.8057851239669422,3.8016528925619837,0.1322314049586777,0.9958677685950413,2.558185419800849,False,0.15103251596156042,3.064906256040558,0.0,0.0,9.860790253973391
90,mt-bench,Qwen/Qwen3-4B,mgoin/Qwen3-4B-speculator.dflash2,0.0,8,dflash2_unary_k16_tb8,8,40,930,37.170096999034286,13.981580563440046,71.522671951329,13.002869923999242,228,4.074561403508772,3.0789473684210527,4.074561403508772,0.10964912280701754,0.9956140350877193,2.6051302962184213,False,0.45370610299141845,3.204159196917317,0.17087521600478794,0.054481649975059554,9.08278203500231
90,mt-bench,Qwen/Qwen3-4B,mgoin/Qwen3-4B-speculator.dflash2,0.0,8,dflash2_unary_k16_tb16,16,40,832,37.92759500356624,12.463321453118134,80.2354335288219,10.369483448994288,182,4.565934065934066,3.5714285714285716,4.565934065934066,0.16483516483516483,0.9945054945054945,2.92248252216295,False,0.36328051600867184,2.5551450479906634,0.18341883493121713,0.043068939026852604,7.194853054017585
90,mt-bench,Qwen/Qwen3-4B,mgoin/Qwen3-4B-speculator.dflash2,0.0,8,dflash2_unary_k16_tb32,32,40,918,37.33693200047128,11.606033837686121,86.16207862093987,10.65433906299586,186,4.93010752688172,3.935483870967742,4.93010752688172,0.23118279569892472,0.9946236559139785,3.1383536894889885,False,0.372168196059647,2.613823898922419,0.28085323499544756,0.04442234802263556,7.311769699997967
90,mt-bench,Qwen/Qwen3-4B,mgoin/Qwen3-4B-speculator.dflash2,0.0,8,dflash2_unary_k16_tb64,64,40,837,37.197609002760146,11.321857356035324,88.32473052373616,9.476394607001566,161,5.192546583850931,4.198757763975156,5.192546583850931,0.2422360248447205,0.9937888198757764,3.217125774457836,False,0.3241631790078827,2.263350723973417,0.4014378849460627,0.038641861923679244,6.420612350062584
90,mt-bench,Qwen/Qwen3-4B,mgoin/Qwen3-4B-speculator.dflash2,0.0,8,dflash2_pairwise_k16_tb8,8,40,964,37.46196499560028,13.04603430186163,76.65164576926668,12.57637706699461,220,4.377272727272727,3.381818181818182,4.377272727272727,0.11818181818181818,0.9954545454545455,2.791947213387191,False,0.4387725689957733,3.0888102010503644,0.20434277697495418,0.05200760396110127,8.756682038998406
90,mt-bench,Qwen/Qwen3-4B,mgoin/Qwen3-4B-speculator.dflash2,0.0,8,dflash2_pairwise_k16_tb16,16,40,962,37.270469998475164,11.449325811849416,87.34138729505415,11.014251430999138,191,5.031413612565445,4.036649214659686,5.031413612565445,0.24083769633507854,0.9947643979057592,3.1813086389016583,False,0.3847621320237522,2.698150880954927,0.23706196402781643,0.04638239401538158,7.616224417040939
90,mt-bench,Qwen/Qwen3-4B,mgoin/Qwen3-4B-speculator.dflash2,0.0,8,dflash2_pairwise_k16_tb32,32,40,911,37.26539199851686,10.97911195170122,91.08204783767137,10.001970987999812,174,5.2298850574712645,4.235632183908046,5.2298850574712645,0.25287356321839083,0.9942528735632183,3.317557856689164,False,0.3477959339870722,2.4421726270156796,0.29835990293940995,0.0413308060306008,6.843125326951849
90,mt-bench,Qwen/Qwen3-4B,mgoin/Qwen3-4B-speculator.dflash2,0.0,8,dflash2_pairwise_k16_tb64,64,40,927,37.269322005158756,10.817998530743909,92.43854093324914,10.028284637999604,169,5.479289940828402,4.479289940828402,5.479289940828402,0.28402366863905326,1,3.3669665429628752,False,0.3418932909917203,2.386309090994473,0.4673087079281686,0.04091402099584229,6.761766481999075
91,mt-bench,Qwen/Qwen3-4B,mgoin/Qwen3-4B-speculator.dflash2,0.0,8,baseline,,986,877,58.43183500110172,36.43380676966753,27.447035834656084,31.952448536998418,876,1,,,,,1.0,True,0.21854665897990344,0.0,0.0,0.0,31.587850227188028
91,mt-bench,Qwen/Qwen3-4B,mgoin/Qwen3-4B-speculator.dflash2,0.0,8,dflash2,,986,660,58.38398500054609,15.064777781817334,66.38000337495622,9.942753335999441,184,3.5815217391304346,2.5869565217391304,3.5815217391304346,0.08695652173913043,0.9945652173913043,2.4184762163330324,False,0.11644927002635086,2.319818894015043,0.0,0.0,7.479061221994925
91,mt-bench,Qwen/Qwen3-4B,mgoin/Qwen3-4B-speculator.dflash2,0.0,8,dflash2_unary_k16_tb8,8,986,654,58.40298299881397,14.866697943421128,67.26443247893687,9.722820454997418,171,3.818713450292398,2.824561403508772,3.818713450292398,0.05263157894736842,0.9941520467836257,2.450699335408934,False,0.3403186190407723,2.391730956027459,0.12701681706676027,0.040227447971119545,6.796170722955139
91,mt-bench,Qwen/Qwen3-4B,mgoin/Qwen3-4B-speculator.dflash2,0.0,8,dflash2_unary_k16_tb16,16,986,474,58.48398600210203,15.09910991561146,66.22906950071722,7.156978099999833,126,3.753968253968254,2.761904761904762,3.753968253968254,0.0873015873015873,0.9920634920634921,2.412977120724012,False,0.2510322739763069,1.7604764849602361,0.12799184602044988,0.029639437001605984,4.9671394630058785
91,mt-bench,Qwen/Qwen3-4B,mgoin/Qwen3-4B-speculator.dflash2,0.0,8,dflash2_unary_k16_tb32,32,986,659,58.50558599922806,12.996679139603089,76.94273200550363,8.564811552998435,150,4.386666666666667,3.3933333333333335,4.386666666666667,0.14,0.9933333333333333,2.8033166302188324,False,0.2994496459941729,2.098025300045265,0.22788274101912975,0.03574218601715984,5.878837096912321
91,mt-bench,Qwen/Qwen3-4B,mgoin/Qwen3-4B-speculator.dflash2,0.0,8,dflash2_unary_k16_tb64,64,986,938,58.475475998420734,11.636785075694858,85.93438767625325,10.915304401001777,186,5.037634408602151,4.043010752688172,5.037634408602151,0.3010752688172043,0.9946236559139785,3.1309168754663093,False,0.37424140204529976,2.6084781760000624,0.4653873440474854,0.04449840098823188,7.3903154080107925
91,mt-bench,Qwen/Qwen3-4B,mgoin/Qwen3-4B-speculator.dflash2,0.0,8,dflash2_pairwise_k16_tb8,8,986,524,58.40599400107749,14.914679656494837,67.04803743904309,7.815292140003294,137,3.8175182481751824,2.8248175182481754,3.8175182481751824,0.051094890510948905,0.9927007299270073,2.4428152403395296,False,0.2726853280037176,1.9156142300053034,0.12667303794296458,0.0322430709929904,5.446066045988118
91,mt-bench,Qwen/Qwen3-4B,mgoin/Qwen3-4B-speculator.dflash2,0.0,8,dflash2_pairwise_k16_tb16,16,986,586,58.47531700419495,13.916352844713936,71.85790782675114,8.154982767002366,143,4.090909090909091,3.097902097902098,4.090909090909091,0.11188811188811189,0.993006993006993,2.6180571286324303,False,0.2850265200177091,2.001102281989006,0.17051415604510112,0.033789830005844124,5.641327295030351
91,mt-bench,Qwen/Qwen3-4B,mgoin/Qwen3-4B-speculator.dflash2,0.0,8,dflash2_pairwise_k16_tb32,32,986,581,58.362372998089995,12.732469679860088,78.53935843898185,7.397564883998712,129,4.496124031007752,3.503875968992248,4.496124031007752,0.12403100775193798,0.9922480620155039,2.861487809179521,False,0.25769873598619597,1.8045838160105632,0.22264718803489814,0.030610439032898284,5.060467822971987
91,mt-bench,Qwen/Qwen3-4B,mgoin/Qwen3-4B-speculator.dflash2,0.0,8,dflash2_pairwise_k16_tb64,64,986,558,58.4855150009389,11.078813618273198,90.26237234920333,6.1819779989964445,105,5.304761904761905,4.314285714285714,5.304761904761905,0.19047619047619047,0.9904761904761905,3.2886018327426547,False,0.2111537610326195,1.4672837090256508,0.2896836079453351,0.024979351022921037,4.170636196955456
92,mt-bench,Qwen/Qwen3-4B,mgoin/Qwen3-4B-speculator.dflash2,0.0,8,baseline,,35,365,37.982496003678534,36.12318260823249,27.683053590413696,13.184961652004858,364,1,,,,,1.0,True,0.08917193802335532,0.0,0.0,0.0,13.035658293883898
92,mt-bench,Qwen/Qwen3-4B,mgoin/Qwen3-4B-speculator.dflash2,0.0,8,dflash2,,35,329,36.974025002564304,15.68843807902514,63.741208332075004,5.161496127999271,96,3.4166666666666665,2.4270833333333335,3.4166666666666665,0.09375,0.9895833333333334,2.3025353082489355,False,0.06021078902267618,1.1994887800392462,0.0,0.0,3.887621425004909
92,mt-bench,Qwen/Qwen3-4B,mgoin/Qwen3-4B-speculator.dflash2,0.0,8,dflash2_unary_k16_tb8,8,35,430,36.86556100001326,15.235453674422176,65.63637823787523,6.551245080001536,116,3.6982758620689653,2.706896551724138,3.6982758620689653,0.06896551724137931,0.9913793103448276,2.3709948768297844,False,0.22941288503352553,1.606645777959784,0.08656063001399161,0.027251903011347167,4.582891481986735
92,mt-bench,Qwen/Qwen3-4B,mgoin/Qwen3-4B-speculator.dflash2,0.0,8,dflash2_unary_k16_tb16,16,35,339,37.017734997789375,13.98444929496546,71.50799998681464,4.7407283109932905,84,4.023809523809524,3.0357142857142856,4.023809523809524,0.047619047619047616,0.9880952380952381,2.5830965414731915,False,0.16607091200421564,1.161248856005841,0.08350182299182052,0.01969554396782769,3.2965995949562057
92,mt-bench,Qwen/Qwen3-4B,mgoin/Qwen3-4B-speculator.dflash2,0.0,8,dflash2_unary_k16_tb32,32,35,342,36.88863300340017,12.781893038009642,78.23567268371673,4.371407418999297,77,4.428571428571429,3.4415584415584415,4.428571428571429,0.12987012987012986,0.987012987012987,2.826121490831806,False,0.1524927009595558,1.0651577959870338,0.11585000497143483,0.017916171993419994,3.0072886460111476
92,mt-bench,Qwen/Qwen3-4B,mgoin/Qwen3-4B-speculator.dflash2,0.0,8,dflash2_unary_k16_tb64,64,35,438,37.12063700368162,11.853108260275974,84.36605639985247,5.191661418000876,89,4.910112359550562,3.9213483146067416,4.910112359550562,0.21348314606741572,0.9887640449438202,3.047570461268312,False,0.1775747099527507,1.233835905957676,0.22010113899159478,0.02110615705169039,3.523553130959044
92,mt-bench,Qwen/Qwen3-4B,mgoin/Qwen3-4B-speculator.dflash2,0.0,8,dflash2_pairwise_k16_tb8,8,35,563,36.72335900046164,12.474534323267997,80.16331304125399,7.023162823999883,124,4.532258064516129,3.5403225806451615,4.532258064516129,0.1774193548387097,0.9919354838709677,2.895753995470123,False,0.24535133398603648,1.718022107037541,0.11352321595768444,0.02907697496993933,4.897476243982965
92,mt-bench,Qwen/Qwen3-4B,mgoin/Qwen3-4B-speculator.dflash2,0.0,8,dflash2_pairwise_k16_tb16,16,35,557,37.015515998064075,11.494705393178162,86.99657501387348,6.402550904000235,113,4.920353982300885,3.9292035398230087,4.920353982300885,0.25663716814159293,0.9911504424778761,3.142593165516948,False,0.22399832600785885,1.567515628055844,0.13279162796970922,0.026483624009415507,4.4333876490200055
92,mt-bench,Qwen/Qwen3-4B,mgoin/Qwen3-4B-speculator.dflash2,0.0,8,dflash2_pairwise_k16_tb32,32,35,348,36.937753997335676,11.46391105746376,87.2302650454475,3.9894410479973885,70,4.957142857142857,3.9714285714285715,4.957142857142857,0.2,0.9857142857142858,3.1510347932012195,False,0.13894568598334445,0.9666895989939803,0.11920114799431758,0.016615390006336384,2.7363588829975924
92,mt-bench,Qwen/Qwen3-4B,mgoin/Qwen3-4B-speculator.dflash2,0.0,8,dflash2_pairwise_k16_tb64,64,35,531,36.910842994984705,10.588232789084705,94.44446678872505,5.622351611003978,96,5.520833333333333,4.53125,5.520833333333333,0.2708333333333333,0.9895833333333334,3.4116347201462633,False,0.19184283403592417,1.3322830830074963,0.26026888100022916,0.022678548011754174,3.7985458879484213
93,mt-bench,Qwen/Qwen3-4B,mgoin/Qwen3-4B-speculator.dflash2,0.0,8,baseline,,586,546,38.81953700329177,36.57889737730126,27.338166858483326,19.972077968006488,545,1,,,,,1.0,True,0.1343028949413565,0.0,0.0,0.0,19.747340321089723
93,mt-bench,Qwen/Qwen3-4B,mgoin/Qwen3-4B-speculator.dflash2,0.0,8,dflash2,,586,529,38.79229599988321,15.065204483932913,66.37812324860927,7.9694931720005115,149,3.5436241610738257,2.5503355704697985,3.5436241610738257,0.06040268456375839,0.9932885906040269,2.4280385584087334,False,0.09515481801645365,1.8596071900174138,0.0,0.0,5.992467746087641
93,mt-bench,Qwen/Qwen3-4B,mgoin/Qwen3-4B-speculator.dflash2,0.0,8,dflash2_unary_k16_tb8,8,586,528,38.82110599806765,14.354189499995712,69.66607205515147,7.579012055997737,135,3.903703703703704,2.911111111111111,3.903703703703704,0.08148148148148149,0.9925925925925926,2.5483081003850607,False,0.2668505759938853,1.8626489769740147,0.10163173998444108,0.031635344079404604,5.294508323029731
93,mt-bench,Qwen/Qwen3-4B,mgoin/Qwen3-4B-speculator.dflash2,0.0,8,dflash2_unary_k16_tb16,16,586,531,38.77208499761764,12.66696309604925,78.94552091273512,6.7261574040021515,120,4.416666666666667,3.425,4.416666666666667,0.15833333333333333,0.9916666666666667,2.887740107864528,False,0.23697804402036127,1.6529947879243991,0.11884662500960985,0.028096014022594318,4.670003987994278
93,mt-bench,Qwen/Qwen3-4B,mgoin/Qwen3-4B-speculator.dflash2,0.0,8,dflash2_unary_k16_tb32,32,586,533,38.771954001276754,12.196626714810792,81.98988321792818,6.500802038994152,115,4.626086956521739,3.634782608695652,4.626086956521739,0.17391304347826086,0.991304347826087,2.99909952420551,False,0.2287735830177553,1.5878080040274654,0.17297436103399377,0.027149147928867023,4.464985452956171
93,mt-bench,Qwen/Qwen3-4B,mgoin/Qwen3-4B-speculator.dflash2,0.0,8,dflash2_unary_k16_tb64,64,586,524,38.80471600132296,11.953195589698407,83.65963666333943,6.263474489001965,108,4.842592592592593,3.8518518518518516,4.842592592592593,0.2222222222222222,0.9907407407407407,3.060177264130603,False,0.2154763109938358,1.492003011982888,0.2686826729477616,0.02559776795533253,4.242913728048734
93,mt-bench,Qwen/Qwen3-4B,mgoin/Qwen3-4B-speculator.dflash2,0.0,8,dflash2_pairwise_k16_tb8,8,586,527,38.83675600081915,13.37037593928392,74.79221261549338,7.0461881200026255,125,4.208,3.208,4.208,0.112,1,2.735816669883429,False,0.24712517902662512,1.7238211529474938,0.11436421702819644,0.029321749992959667,4.911355650954647
93,mt-bench,Qwen/Qwen3-4B,mgoin/Qwen3-4B-speculator.dflash2,0.0,8,dflash2_pairwise_k16_tb16,16,586,526,38.79157600022154,11.675550515217129,85.64906628571107,6.14133957100421,109,4.81651376146789,3.8256880733944953,4.81651376146789,0.1834862385321101,0.9908256880733946,3.1329484061266983,False,0.21558362699579448,1.505260049001663,0.12833068996405927,0.025503619966912083,4.2489918409482925
93,mt-bench,Qwen/Qwen3-4B,mgoin/Qwen3-4B-speculator.dflash2,0.0,8,dflash2_pairwise_k16_tb32,32,586,527,38.789325997640844,10.754664129030514,92.98291308797438,5.667707995999081,100,5.26,4.27,5.26,0.24,0.99,3.401212435687537,False,0.1984526650267071,1.3808129000099143,0.16960889898473397,0.023634496006707195,3.8785453980381135
93,mt-bench,Qwen/Qwen3-4B,mgoin/Qwen3-4B-speculator.dflash2,0.0,8,dflash2_pairwise_k16_tb64,64,586,515,38.77717600698816,11.333508652426389,88.23392919772556,5.83675695599959,100,5.14,4.15,5.14,0.24,0.99,3.2274998413196685,False,0.20023582800786244,1.3863785519788507,0.2755367909776396,0.02387320996786002,3.9332419269776437
94,mt-bench,Qwen/Qwen3-4B,mgoin/Qwen3-4B-speculator.dflash2,0.0,8,baseline,,51,1095,38.60173100110842,36.04030069862795,27.746716331866505,39.46412926499761,1094,1,,,,,1.0,True,0.2696514439958264,0.0,0.0,0.0,39.01504894199752
94,mt-bench,Qwen/Qwen3-4B,mgoin/Qwen3-4B-speculator.dflash2,0.0,8,dflash2,,51,1105,37.26087199902395,13.464811902259617,74.26765462889114,14.878617151996878,275,4.014545454545455,3.0145454545454546,4.014545454545455,0.16,1,2.676628605007085,False,0.17026503290981054,3.476584717951482,0.0,0.0,11.190342659021553
94,mt-bench,Qwen/Qwen3-4B,mgoin/Qwen3-4B-speculator.dflash2,0.0,8,dflash2_unary_k16_tb8,8,51,744,37.78120400238549,13.808502872316534,72.41914704633281,10.2735261370035,181,4.104972375690608,3.110497237569061,4.104972375690608,0.07734806629834254,0.994475138121547,2.6100078358879886,False,0.3596698900219053,2.5247250919710496,0.13431962507456774,0.042544882038782816,7.182787155084952
94,mt-bench,Qwen/Qwen3-4B,mgoin/Qwen3-4B-speculator.dflash2,0.0,8,dflash2_unary_k16_tb16,16,51,1357,37.13278900249861,11.49769725718588,86.97393727035349,15.602375178001239,277,4.8953068592057765,3.898916967509025,4.8953068592057765,0.23465703971119134,0.9963898916967509,3.1345668521671444,False,0.5485971180096385,3.8519347779874806,0.2752286389513756,0.06526576598844258,10.816521803018986
94,mt-bench,Qwen/Qwen3-4B,mgoin/Qwen3-4B-speculator.dflash2,0.0,8,dflash2_unary_k16_tb32,32,51,773,37.18804899835959,12.161457169475545,82.22698859721629,9.400806392004597,166,4.650602409638554,3.6506024096385543,4.650602409638554,0.18072289156626506,1,2.963485394586327,False,0.3287914859756711,2.299635306924756,0.2486589239706518,0.039012857057969086,6.457237191993045
94,mt-bench,Qwen/Qwen3-4B,mgoin/Qwen3-4B-speculator.dflash2,0.0,8,dflash2_unary_k16_tb64,64,51,1036,37.04366600140929,12.098120338804652,82.65746843272056,12.533652671001619,211,4.9052132701421804,3.909952606635071,4.9052132701421804,0.1943127962085308,0.995260663507109,2.9790000173025963,False,0.4283086210707552,2.994624573060719,0.5353284039665596,0.050718868034891784,8.486841473990353
94,mt-bench,Qwen/Qwen3-4B,mgoin/Qwen3-4B-speculator.dflash2,0.0,8,dflash2_pairwise_k16_tb8,8,51,1333,37.83478399418527,12.528152587395288,79.82022832369643,16.700027398997918,291,4.577319587628866,3.5807560137457046,4.577319587628866,0.140893470790378,0.9965635738831615,2.876745030619159,False,0.5850903369791922,4.099294632927922,0.2742140689952066,0.06992298395198304,11.623903648003761
94,mt-bench,Qwen/Qwen3-4B,mgoin/Qwen3-4B-speculator.dflash2,0.0,8,dflash2_pairwise_k16_tb16,16,51,774,41.55094899761025,12.307954635654227,81.2482682624744,9.526356887996371,166,4.656626506024097,3.6626506024096384,4.656626506024097,0.1566265060240964,0.9939759036144579,2.9282120194223675,False,0.3373010160139529,2.339773239000351,0.20919963297637878,0.04078319594555069,6.571494295072625
94,mt-bench,Qwen/Qwen3-4B,mgoin/Qwen3-4B-speculator.dflash2,0.0,8,dflash2_pairwise_k16_tb32,32,51,1096,37.309281004127115,10.732924710767152,93.17124893243786,11.7632854830008,206,5.315533980582524,4.320388349514563,5.315533980582524,0.2815533980582524,0.9951456310679612,3.357919827991779,False,0.41019044698623475,2.8741749500331935,0.3507569800131023,0.048830570973223075,8.045005564010353
94,mt-bench,Qwen/Qwen3-4B,mgoin/Qwen3-4B-speculator.dflash2,0.0,8,dflash2_pairwise_k16_tb64,64,51,735,37.33848299452802,11.567635719722206,86.44808880824739,8.502212253995822,145,5.062068965517241,4.068965517241379,5.062068965517241,0.18620689655172415,0.993103448275862,3.1156151154709293,False,0.28987547991710017,2.02188872503757,0.3986731969343964,0.034374325987300836,5.732025961013278
95,mt-bench,Qwen/Qwen3-4B,mgoin/Qwen3-4B-speculator.dflash2,0.0,8,baseline,,810,1045,52.615141998103354,36.06194855693899,27.73006007762111,37.684736242001236,1044,1,,,,,1.0,True,0.25587222311878577,0.0,0.0,0.0,37.2584172850693
95,mt-bench,Qwen/Qwen3-4B,mgoin/Qwen3-4B-speculator.dflash2,0.0,8,dflash2,,810,1069,52.62073999620043,13.804048353600205,72.44251645490593,14.75652768999862,276,3.869565217391304,2.8731884057971016,3.869565217391304,0.17028985507246377,0.9963768115942029,2.6124183017320237,False,0.16845922809443437,3.4519954249844886,0.0,0.0,11.095107297078357
95,mt-bench,Qwen/Qwen3-4B,mgoin/Qwen3-4B-speculator.dflash2,0.0,8,dflash2_unary_k16_tb8,8,810,1076,52.56469899904914,13.541401539032618,73.84759968290837,14.570548055999097,259,4.1505791505791505,3.1544401544401546,4.1505791505791505,0.12355212355212356,0.9961389961389961,2.663088340818465,False,0.5119023770166677,3.5902622069770587,0.1912894199049333,0.06070281496067764,10.175087877032638
95,mt-bench,Qwen/Qwen3-4B,mgoin/Qwen3-4B-speculator.dflash2,0.0,8,dflash2_unary_k16_tb16,16,810,1196,52.65783199865837,12.769267390467576,78.31302841590686,15.27204379899922,272,4.393382352941177,3.3933823529411766,4.393382352941177,0.16911764705882354,1,2.8241204020725337,False,0.5370836340662208,3.7700211820119875,0.2691067511186702,0.06357474296237342,10.588441225983843
95,mt-bench,Qwen/Qwen3-4B,mgoin/Qwen3-4B-speculator.dflash2,0.0,8,dflash2_unary_k16_tb32,32,810,1162,52.66423200373538,11.76687561187644,84.98432659479198,13.673109461000424,242,4.797520661157025,3.8016528925619837,4.797520661157025,0.2066115702479339,0.9958677685950413,3.06470041380749,False,0.4802460200517089,3.356963763915701,0.36136441598500824,0.05689481898298254,9.377252024016343
95,mt-bench,Qwen/Qwen3-4B,mgoin/Qwen3-4B-speculator.dflash2,0.0,8,dflash2_unary_k16_tb64,64,810,1012,52.61336999683408,11.33788193675917,88.19989532240983,11.47393652000028,198,5.106060606060606,4.111111111111111,5.106060606060606,0.2474747474747475,0.9949494949494949,3.1806600878441467,False,0.3947130569940782,2.7476992849915405,0.4876656089691096,0.04674339400662575,7.762700611012406
95,mt-bench,Qwen/Qwen3-4B,mgoin/Qwen3-4B-speculator.dflash2,0.0,8,dflash2_pairwise_k16_tb8,8,810,1129,52.59596999530913,13.58159192559703,73.62907128105613,15.333617283999047,272,4.147058823529412,3.150735294117647,4.147058823529412,0.10661764705882353,0.9963235294117647,2.6552077808326393,False,0.5360161010466982,3.7698590709260316,0.24770386698219227,0.06373321510181995,10.672751106030773
95,mt-bench,Qwen/Qwen3-4B,mgoin/Qwen3-4B-speculator.dflash2,0.0,8,dflash2_pairwise_k16_tb16,16,810,1027,52.561279000656214,12.12997102044903,82.4404277894954,12.457480238001153,221,4.642533936651584,3.6470588235294117,4.642533936651584,0.19909502262443438,0.995475113122172,2.972962465956826,False,0.43679719396459404,3.0653120469723945,0.25924708396632923,0.05168221604981227,8.608569591975538
95,mt-bench,Qwen/Qwen3-4B,mgoin/Qwen3-4B-speculator.dflash2,0.0,8,dflash2_pairwise_k16_tb32,32,810,1012,52.604571006668266,10.975671280629834,91.11060038439994,11.107379335997393,196,5.158163265306122,4.163265306122449,5.158163265306122,0.2653061224489796,0.9948979591836735,3.285625784054056,False,0.3882822999803466,2.7154031070531346,0.3297777900152141,0.046020283967664,7.595169938947947
95,mt-bench,Qwen/Qwen3-4B,mgoin/Qwen3-4B-speculator.dflash2,0.0,8,dflash2_pairwise_k16_tb64,64,810,1215,52.56329800613457,10.779967213168343,92.76466061774688,13.097660163999535,225,5.395555555555555,4.395555555555555,5.395555555555555,0.3288888888888889,1,3.345274419099092,False,0.4487044130364666,3.1241173390153563,0.6089429519561236,0.0532464341231389,8.823308349958097
96,mt-bench,Qwen/Qwen3-4B,mgoin/Qwen3-4B-speculator.dflash2,0.0,8,baseline,,45,2048,38.39695699571166,35.95507105908169,27.812488490338154,73.6359855289993,2048,1,,,,,1.0,True,0.5015810619079275,0.0,0.0,0.0,72.79973849905946
96,mt-bench,Qwen/Qwen3-4B,mgoin/Qwen3-4B-speculator.dflash2,0.0,8,dflash2,,45,656,36.95293299824698,14.740868573171168,67.83860768014924,9.670009784000285,181,3.6187845303867405,2.6243093922651934,3.6187845303867405,0.09944751381215469,0.994475138121547,2.4391419596889303,False,0.11341294697194826,2.2582016910164384,0.0,0.0,7.2713399580534315
96,mt-bench,Qwen/Qwen3-4B,mgoin/Qwen3-4B-speculator.dflash2,0.0,8,dflash2_unary_k16_tb8,8,45,651,37.017884002125356,14.527743513051767,68.83381435675796,9.4575610269967,168,3.869047619047619,2.869047619047619,3.869047619047619,0.08333333333333333,1,2.4749246864648695,False,0.33127945398155134,2.3271001639877795,0.12349286494281841,0.03943588696711231,6.609556062998308
96,mt-bench,Qwen/Qwen3-4B,mgoin/Qwen3-4B-speculator.dflash2,0.0,8,dflash2_unary_k16_tb16,16,45,728,37.08921600627946,13.059476760995144,76.57274623641193,9.507299082004465,169,4.3017751479289945,3.3076923076923075,4.3017751479289945,0.11834319526627218,0.9940828402366864,2.753178532119221,False,0.33339602496562293,2.340864516030706,0.16762849198130425,0.03930773695901735,6.5989319079817506
96,mt-bench,Qwen/Qwen3-4B,mgoin/Qwen3-4B-speculator.dflash2,0.0,8,dflash2_unary_k16_tb32,32,45,832,37.063387004309334,13.328269917066722,75.02849253671774,11.089120570999512,196,4.239795918367347,3.2448979591836733,4.239795918367347,0.08673469387755102,0.9948979591836735,2.6976547806134663,False,0.3875590179959545,2.718435943046643,0.29706505096692126,0.045989946025656536,7.607607333055057
96,mt-bench,Qwen/Qwen3-4B,mgoin/Qwen3-4B-speculator.dflash2,0.0,8,dflash2_unary_k16_tb64,64,45,676,37.042895004560705,12.304935344670449,81.26820434153058,8.318136292997224,143,4.72027972027972,3.727272727272727,4.72027972027972,0.18181818181818182,0.993006993006993,2.922004061943703,False,0.2849022120353766,1.9847963689971948,0.36051303802378243,0.03396218898706138,5.629264102950401
96,mt-bench,Qwen/Qwen3-4B,mgoin/Qwen3-4B-speculator.dflash2,0.0,8,dflash2_pairwise_k16_tb8,8,45,668,37.00265399675118,12.93454684430739,77.31233355423727,8.640277291997336,153,4.359477124183006,3.366013071895425,4.359477124183006,0.10457516339869281,0.9934640522875817,2.779770446686027,False,0.30176333901908947,2.1179891969732125,0.14057396596763283,0.03581054296955699,6.019622474013886
96,mt-bench,Qwen/Qwen3-4B,mgoin/Qwen3-4B-speculator.dflash2,0.0,8,dflash2_pairwise_k16_tb16,16,45,638,36.983872996643186,12.30224232915767,81.28599431258884,7.848830606002593,139,4.58273381294964,3.5899280575539567,4.58273381294964,0.1510791366906475,0.9928057553956835,2.922643701617242,False,0.27401551101502264,1.9253137529303785,0.16511380600422854,0.032591491035418585,5.429223479986831
96,mt-bench,Qwen/Qwen3-4B,mgoin/Qwen3-4B-speculator.dflash2,0.0,8,dflash2_pairwise_k16_tb32,32,45,779,37.023593999037985,11.220573075730261,89.12200769521904,8.740826425993873,154,5.0519480519480515,4.0519480519480515,5.0519480519480515,0.19480519480519481,1,3.204388119609626,False,0.3045870389978518,2.1338701400818536,0.26174218006053707,0.03645570699882228,5.978263372002402
96,mt-bench,Qwen/Qwen3-4B,mgoin/Qwen3-4B-speculator.dflash2,0.0,8,dflash2_pairwise_k16_tb64,64,45,847,37.081246002344415,10.406528963401094,96.09352008887092,8.814330032000726,151,5.602649006622516,4.6092715231788075,5.602649006622516,0.31125827814569534,0.9933774834437086,3.4550493431126474,False,0.30085024501022417,2.0946515270188684,0.4105917780252639,0.0357723250053823,5.946067690005293
97,mt-bench,Qwen/Qwen3-4B,mgoin/Qwen3-4B-speculator.dflash2,0.0,8,baseline,,917,719,57.11084200447658,35.930670119612515,27.83137627745375,25.834151816001395,718,1,,,,,1.0,True,0.17569219801953295,0.0,0.0,0.0,25.54110184998717
97,mt-bench,Qwen/Qwen3-4B,mgoin/Qwen3-4B-speculator.dflash2,0.0,8,dflash2,,917,676,57.1026130055543,12.451829124252315,80.30948626272979,8.417436487994564,158,4.272151898734177,3.278481012658228,4.272151898734177,0.1962025316455696,0.9936708860759493,2.885573658381697,False,0.0950605599937262,1.9659197110377136,0.0,0.0,6.333044569997583
97,mt-bench,Qwen/Qwen3-4B,mgoin/Qwen3-4B-speculator.dflash2,0.0,8,dflash2_unary_k16_tb8,8,917,715,57.11748400062788,13.6708440993004,73.14837275126081,9.774653530999785,174,4.103448275862069,3.103448275862069,4.103448275862069,0.13793103448275862,1,2.628270051112005,False,0.3431455480240402,2.404203586942458,0.12767336802062346,0.04065491905930685,6.831125568016432
97,mt-bench,Qwen/Qwen3-4B,mgoin/Qwen3-4B-speculator.dflash2,0.0,8,dflash2_unary_k16_tb16,16,917,689,57.110334004391916,10.819417055158018,92.42642139608277,7.454578351003875,133,5.172932330827067,4.180451127819549,5.172932330827067,0.2631578947368421,0.9924812030075187,3.320943257518946,False,0.2624548600433627,1.8359072679886594,0.13052619197696913,0.03115215899742907,5.173025793978013
97,mt-bench,Qwen/Qwen3-4B,mgoin/Qwen3-4B-speculator.dflash2,0.0,8,dflash2_unary_k16_tb32,32,917,695,57.169753999914974,12.333937562590048,81.07710898692163,8.572086606000084,152,4.565789473684211,3.5657894736842106,4.565789473684211,0.17105263157894737,1,2.9131548572609525,False,0.3006557589615113,2.10156001609721,0.22695045899308752,0.03577895904891193,5.881820114962466
97,mt-bench,Qwen/Qwen3-4B,mgoin/Qwen3-4B-speculator.dflash2,0.0,8,dflash2_unary_k16_tb64,64,917,699,57.08170300204074,10.26224412446797,97.44457331859113,7.173308643003111,124,5.629032258064516,4.637096774193548,5.629032258064516,0.3225806451612903,0.9919354838709677,3.5012488188566926,False,0.24724543699994683,1.714970508000988,0.30097980393475154,0.02927747899229871,4.859267610016104
97,mt-bench,Qwen/Qwen3-4B,mgoin/Qwen3-4B-speculator.dflash2,0.0,8,dflash2_pairwise_k16_tb8,8,917,656,57.048720998864155,11.50427307163959,86.92422317975107,7.54680313499557,134,4.888059701492537,3.8955223880597014,4.888059701492537,0.1865671641791045,0.9925373134328358,3.123245588475211,False,0.26450193797791144,1.851662628010672,0.12178256700281054,0.031216869967465755,5.256364520020725
97,mt-bench,Qwen/Qwen3-4B,mgoin/Qwen3-4B-speculator.dflash2,0.0,8,dflash2_pairwise_k16_tb16,16,917,689,57.061742001678795,10.297516918719962,97.11078970718559,7.0949891569980545,126,5.4603174603174605,4.4603174603174605,5.4603174603174605,0.30952380952380953,1,3.4892557500239474,False,0.24956717201712308,1.7409692810106208,0.1472377120226156,0.0293386150005972,4.907505169030628
97,mt-bench,Qwen/Qwen3-4B,mgoin/Qwen3-4B-speculator.dflash2,0.0,8,dflash2_pairwise_k16_tb32,32,917,782,57.070501999987755,11.225684111246908,89.08143059166518,8.77848497499508,155,5.038709677419355,4.04516129032258,5.038709677419355,0.25161290322580643,0.9935483870967742,3.20075549637228,False,0.3075128809578018,2.1443686749771587,0.26161289797892096,0.03628336697147461,6.002777247042104
97,mt-bench,Qwen/Qwen3-4B,mgoin/Qwen3-4B-speculator.dflash2,0.0,8,dflash2_pairwise_k16_tb64,64,917,713,57.05676300567575,10.693924141659004,93.5110429766771,7.62476791300287,131,5.435114503816794,4.435114503816794,5.435114503816794,0.3053435114503817,1,3.3599144377358936,False,0.26100345599115826,1.8133885180432117,0.35566890607151436,0.031089317082660273,5.14073920896044
98,mt-bench,Qwen/Qwen3-4B,mgoin/Qwen3-4B-speculator.dflash2,0.0,8,baseline,,30,722,38.55552899767645,35.90158247368341,27.853925401004823,25.920942545999424,721,1,,,,,1.0,True,0.17671965700719738,0.0,0.0,0.0,25.6262276950074
98,mt-bench,Qwen/Qwen3-4B,mgoin/Qwen3-4B-speculator.dflash2,0.0,8,dflash2,,30,504,37.05816499859793,14.434199819449518,69.27990553744027,7.274836709002557,136,3.698529411764706,2.7058823529411766,3.698529411764706,0.09558823529411764,0.9926470588235294,2.487258242421408,False,0.08531670899537858,1.6971427400203538,0.0,0.0,5.472288511009538
98,mt-bench,Qwen/Qwen3-4B,mgoin/Qwen3-4B-speculator.dflash2,0.0,8,dflash2_unary_k16_tb8,8,30,687,37.170918003539555,13.758811655014517,72.68069547529139,9.452303606994974,168,4.083333333333333,3.0892857142857144,4.083333333333333,0.13690476190476192,0.9940476190476191,2.6093519828508427,False,0.33074100100202486,2.324297693965491,0.12347402698651422,0.03931225104315672,6.607736020996526
98,mt-bench,Qwen/Qwen3-4B,mgoin/Qwen3-4B-speculator.dflash2,0.0,8,dflash2_unary_k16_tb16,16,30,492,37.31474099913612,13.60794862397952,73.48646204012189,6.695110722997924,119,4.126050420168068,3.134453781512605,4.126050420168068,0.15966386554621848,0.9915966386554622,2.6382802776326417,False,0.23425018989655655,1.6444225599916535,0.11752232501021354,0.027976310040685348,4.651779107036418
98,mt-bench,Qwen/Qwen3-4B,mgoin/Qwen3-4B-speculator.dflash2,0.0,8,dflash2_unary_k16_tb32,32,30,492,37.106186005985364,13.111753587390847,76.26744915048342,6.450982764996297,114,4.307017543859649,3.3157894736842106,4.307017543859649,0.18421052631578946,0.9912280701754386,2.7381221157335363,False,0.22482758902333444,1.5766425580150099,0.1705554969739751,0.026849757014133502,4.433249597001122
98,mt-bench,Qwen/Qwen3-4B,mgoin/Qwen3-4B-speculator.dflash2,0.0,8,dflash2_unary_k16_tb64,64,30,681,37.20213800261263,11.615343584435724,86.09301935243444,7.910048981000728,136,5,4.007352941176471,5,0.27205882352941174,0.9926470588235294,3.0908756346898474,False,0.27068703300028574,1.8861856190051185,0.33640100097545655,0.032178288987779524,5.361069487997156
98,mt-bench,Qwen/Qwen3-4B,mgoin/Qwen3-4B-speculator.dflash2,0.0,8,dflash2_pairwise_k16_tb8,8,30,642,37.13032700034091,12.68684677881674,78.82179216270686,8.144955632000347,144,4.451388888888889,3.4583333333333335,4.451388888888889,0.16666666666666666,0.9930555555555556,2.829827072052953,False,0.2841140229938901,1.9953792730302666,0.13181114097096724,0.033651268953690305,5.676927476968558
98,mt-bench,Qwen/Qwen3-4B,mgoin/Qwen3-4B-speculator.dflash2,0.0,8,dflash2_pairwise_k16_tb16,16,30,504,37.190607996308245,13.000245952377828,76.9216216110968,6.552123959998426,116,4.336206896551724,3.3448275862068964,4.336206896551724,0.13793103448275862,0.9913793103448276,2.76160794228026,False,0.2290727920117206,1.6060594109731028,0.13672983196738642,0.027303122020384762,4.534131696018449
98,mt-bench,Qwen/Qwen3-4B,mgoin/Qwen3-4B-speculator.dflash2,0.0,8,dflash2_pairwise_k16_tb32,32,30,641,37.295091002306435,10.545939115440824,94.82322902242544,6.759946972997568,119,5.378151260504202,4.38655462184874,5.378151260504202,0.33613445378151263,0.9915966386554622,3.4043039771695773,False,0.23588186003325973,1.6471621430464438,0.20011020296806237,0.027977802979876287,4.628945633980038
98,mt-bench,Qwen/Qwen3-4B,mgoin/Qwen3-4B-speculator.dflash2,0.0,8,dflash2_pairwise_k16_tb64,64,30,492,37.20756900293054,11.526395768284816,86.7573888753262,5.670986717996129,97,5.061855670103093,4.072164948453608,5.061855670103093,0.2268041237113402,0.9896907216494846,3.1147275519089472,False,0.19383897001534933,1.3437521719679353,0.26388505101931514,0.022994601000391413,3.829627510996943
99,mt-bench,Qwen/Qwen3-4B,mgoin/Qwen3-4B-speculator.dflash2,0.0,8,baseline,,551,507,38.23673300212249,35.90375391124767,27.852240812254653,18.20320323300257,506,1,,,,,1.0,True,0.12420362295233645,0.0,0.0,0.0,17.996085268940078
99,mt-bench,Qwen/Qwen3-4B,mgoin/Qwen3-4B-speculator.dflash2,0.0,8,dflash2,,551,521,38.20216100575635,13.282094748555316,75.28932889962778,6.91997136399732,130,4,3.0076923076923077,4,0.17692307692307693,0.9923076923076923,2.703169536955223,False,0.0787321440220694,1.6153984899647185,0.0,0.0,5.206667474005371
99,mt-bench,Qwen/Qwen3-4B,mgoin/Qwen3-4B-speculator.dflash2,0.0,8,dflash2_unary_k16_tb8,8,551,512,38.214901003811974,12.961397363284277,77.15217518388086,6.63623545000155,120,4.258333333333334,3.2666666666666666,4.258333333333334,0.16666666666666666,0.9916666666666667,2.770052711519528,False,0.23636126199562568,1.6592534310257179,0.08869942499586614,0.028050616012478713,4.604777494030714
99,mt-bench,Qwen/Qwen3-4B,mgoin/Qwen3-4B-speculator.dflash2,0.0,8,dflash2_unary_k16_tb16,16,551,506,38.22275199490832,11.652384498023165,85.81934454442785,5.896106555999722,107,4.719626168224299,3.7289719626168223,4.719626168224299,0.2523364485981308,0.9906542056074766,3.0812366273477125,False,0.21085431399114896,1.471896189992549,0.10521396099647973,0.025029363001522142,4.065989254981105
99,mt-bench,Qwen/Qwen3-4B,mgoin/Qwen3-4B-speculator.dflash2,0.0,8,dflash2_unary_k16_tb32,32,551,507,38.2748839983833,11.043714893489518,90.5492408708884,5.599163450999185,101,5.00990099009901,4.01980198019802,5.00990099009901,0.2376237623762376,0.9900990099009901,3.251057661078667,True,0.19970217798254453,1.3893851139509934,0.15023355503217317,0.023735401009616908,3.8195582569678663
99,mt-bench,Qwen/Qwen3-4B,mgoin/Qwen3-4B-speculator.dflash2,0.0,8,dflash2_unary_k16_tb64,64,551,507,38.22590200434206,11.01847273964987,90.75667958967757,5.586365679002483,98,5.163265306122449,4.173469387755102,5.163265306122449,0.24489795918367346,0.9897959183673469,3.258505489789738,True,0.19491455998650054,1.3539914479770232,0.241908049043559,0.023291312019864563,3.755417205953563
99,mt-bench,Qwen/Qwen3-4B,mgoin/Qwen3-4B-speculator.dflash2,0.0,8,dflash2_pairwise_k16_tb8,8,551,509,38.19374099839479,12.090113862482365,82.7122069630102,6.153867956003523,111,4.576576576576577,3.5855855855855854,4.576576576576577,0.21621621621621623,0.990990990990991,2.9696787242561045,False,0.21998818896827288,1.5323591829801444,0.10085037603857927,0.02595055401616264,4.257054138004605
99,mt-bench,Qwen/Qwen3-4B,mgoin/Qwen3-4B-speculator.dflash2,0.0,8,dflash2_pairwise_k16_tb16,16,551,502,38.27177199855214,10.690907091634562,93.53743245813834,5.36683536000055,97,5.164948453608248,4.175257731958763,5.164948453608248,0.26804123711340205,0.9896907216494846,3.358344956466949,False,0.19259380400035297,1.3348923979792744,0.11347734603623394,0.02251850102766184,3.6877624559929245
99,mt-bench,Qwen/Qwen3-4B,mgoin/Qwen3-4B-speculator.dflash2,0.0,8,dflash2_pairwise_k16_tb32,32,551,491,38.195690998691134,10.097132211818042,99.03802178895553,4.957691916002659,89,5.50561797752809,4.51685393258427,5.50561797752809,0.34831460674157305,0.9887640449438202,3.555836762167444,False,0.17655807093251497,1.227700108938734,0.14945213299506577,0.021040007050032727,3.368109806062421
99,mt-bench,Qwen/Qwen3-4B,mgoin/Qwen3-4B-speculator.dflash2,0.0,8,dflash2_pairwise_k16_tb64,64,551,500,38.2021019977401,9.96399042000121,100.3613971760401,4.981995210000605,87,5.735632183908046,4.747126436781609,5.735632183908046,0.3793103448275862,0.9885057471264368,3.6033509063975306,False,0.1739344470188371,1.2007850950176362,0.2343044860099326,0.020526337997580413,3.3373979660027544
100,mt-bench,Qwen/Qwen3-4B,mgoin/Qwen3-4B-speculator.dflash2,0.0,8,baseline,,184,14,37.853914000152145,33.62068071406351,29.743597653622185,0.4706895299968891,13,1,,,,,1.0,True,0.0032086519786389545,0.0,0.0,0.0,0.4650014180151629
100,mt-bench,Qwen/Qwen3-4B,mgoin/Qwen3-4B-speculator.dflash2,0.0,8,dflash2,,184,14,37.04545499931555,14.37679942838648,69.55651047238898,0.20127519199741073,4,3.25,2.5,3.25,0,0.75,2.3385372301766045,True,0.0026454029939486645,0.03794020499481121,0.0,0.0,0.16017163400101708
100,mt-bench,Qwen/Qwen3-4B,mgoin/Qwen3-4B-speculator.dflash2,0.0,8,dflash2_unary_k16_tb8,8,184,14,36.91569199872902,15.084262571430632,66.2942583546633,0.21117967600002885,4,3.25,2.5,3.25,0,0.75,2.228858093317772,True,0.0079185409922502,0.04175539299467346,0.0031001529932837,0.0009075199923245236,0.15691779099870473
100,mt-bench,Qwen/Qwen3-4B,mgoin/Qwen3-4B-speculator.dflash2,0.0,8,dflash2_unary_k16_tb16,16,184,14,36.868320996291004,11.114317856741504,89.97403285469649,0.15560044999438105,3,4.333333333333333,3.6666666666666665,4.333333333333333,0,0.6666666666666666,3.0249882311644107,True,0.005960396993032191,0.028250243994989432,0.002986478997627273,0.0006680850056000054,0.11727660499309422
100,mt-bench,Qwen/Qwen3-4B,mgoin/Qwen3-4B-speculator.dflash2,0.0,8,dflash2_unary_k16_tb32,32,184,14,36.930901995219756,11.177910714260568,89.46215670914411,0.15649074999964796,3,4.333333333333333,3.6666666666666665,4.333333333333333,0,0.6666666666666666,3.007778606709649,True,0.005949427002633456,0.02793087699683383,0.004419331999088172,0.0007017349998932332,0.11703763000696199
100,mt-bench,Qwen/Qwen3-4B,mgoin/Qwen3-4B-speculator.dflash2,0.0,8,dflash2_unary_k16_tb64,64,184,14,36.723177996464074,7.325974285257481,136.5006156262878,0.10256363999360474,2,6.5,5.5,6.5,0.5,1,4.589243615244531,True,0.00397499100654386,0.01400671000010334,0.004853411999647506,0.00044272000377532095,0.07896742199955042
100,mt-bench,Qwen/Qwen3-4B,mgoin/Qwen3-4B-speculator.dflash2,0.0,8,dflash2_pairwise_k16_tb8,8,184,14,37.03074400254991,15.156323642648724,65.97906085787699,0.21218853099708213,4,3.25,2.5,3.25,0,0.75,2.2182609389164476,True,0.007803029999195132,0.04182108300301479,0.0036849709940725006,0.00092380000569392,0.15734794999298174
100,mt-bench,Qwen/Qwen3-4B,mgoin/Qwen3-4B-speculator.dflash2,0.0,8,dflash2_pairwise_k16_tb16,16,184,14,36.93616400414612,11.126496000153045,89.87555471068744,0.15577094400214264,3,4.333333333333333,3.6666666666666665,4.333333333333333,0,0.6666666666666666,3.021677328927369,True,0.0059437759991851635,0.027839915004733484,0.003522979997796938,0.0006906260023242794,0.11733221699978458
100,mt-bench,Qwen/Qwen3-4B,mgoin/Qwen3-4B-speculator.dflash2,0.0,8,dflash2_pairwise_k16_tb32,32,184,14,36.91697199974442,11.272092142982208,88.7146757953519,0.15780929000175092,3,4.333333333333333,3.6666666666666665,4.333333333333333,0,0.6666666666666666,2.982647789567184,True,0.005970367004920263,0.02798872900166316,0.005194765995838679,0.0006953459960641339,0.11751992200152017
100,mt-bench,Qwen/Qwen3-4B,mgoin/Qwen3-4B-speculator.dflash2,0.0,8,dflash2_pairwise_k16_tb64,64,184,14,36.786319004022516,7.3787483571712595,135.52433984662449,0.10330247700039763,2,6.5,6,6.5,0.5,0.5,4.556420558967597,True,0.003977069995016791,0.013958187999378424,0.005465136993734632,0.0004621109983418137,0.07914549600536702
101,mt-bench,Qwen/Qwen3-4B,mgoin/Qwen3-4B-speculator.dflash2,0.0,8,baseline,,223,218,36.64087600191124,35.91906716970998,27.84036665749731,7.830356642996776,217,1,,,,,1.0,True,0.0527863560419064,0.0,0.0,0.0,7.741858526969736
101,mt-bench,Qwen/Qwen3-4B,mgoin/Qwen3-4B-speculator.dflash2,0.0,8,dflash2,,223,218,36.41022000374505,8.79073064678686,113.75618707706788,1.9163792809995355,36,6.027777777777778,5.055555555555555,6.027777777777778,0.4444444444444444,0.9722222222222222,4.086016124591295,True,0.019572163990233094,0.4410743770204135,0.0,0.0,1.4504323860164732
101,mt-bench,Qwen/Qwen3-4B,mgoin/Qwen3-4B-speculator.dflash2,0.0,8,dflash2_unary_k16_tb8,8,223,218,37.04093399574049,8.614652729351576,116.08128979974215,1.8779942949986437,34,6.382352941176471,5.411764705882353,6.382352941176471,0.5588235294117647,0.9705882352941176,4.1695316454635085,True,0.0671065089845797,0.460190728015732,0.02463593999709701,0.008016879968636204,1.3127227389923064
101,mt-bench,Qwen/Qwen3-4B,mgoin/Qwen3-4B-speculator.dflash2,0.0,8,dflash2_unary_k16_tb16,16,223,218,36.69698700105073,8.356124582576808,119.67270115683537,1.821635159001744,33,6.575757575757576,5.575757575757576,6.575757575757576,0.6060606060606061,1,4.298531791232999,True,0.06508362499153009,0.4470077230289462,0.03145327399397502,0.007747144001768902,1.2651064050369314
101,mt-bench,Qwen/Qwen3-4B,mgoin/Qwen3-4B-speculator.dflash2,0.0,8,dflash2_unary_k16_tb32,32,223,218,36.63075599615695,8.138473518372997,122.8731650649783,1.7741872270053134,32,6.78125,5.78125,6.78125,0.6875,1,4.413489469323817,True,0.06333423800970195,0.4335524190100841,0.04450314803398214,0.007527042005676776,1.2201056060148403
101,mt-bench,Qwen/Qwen3-4B,mgoin/Qwen3-4B-speculator.dflash2,0.0,8,dflash2_unary_k16_tb64,64,223,218,36.61381600250024,8.091433633017672,123.58749331137423,1.7639325319978525,31,7,6,7,0.7419354838709677,1,4.439147473587334,True,0.06159592601034092,0.4192275679888553,0.0716444530262379,0.007266125983733218,1.1989144740364281
101,mt-bench,Qwen/Qwen3-4B,mgoin/Qwen3-4B-speculator.dflash2,0.0,8,dflash2_pairwise_k16_tb8,8,223,218,36.470683000516146,8.894373977071139,112.4306221638427,1.938973527001508,35,6.2,5.228571428571429,6.2,0.5428571428571428,0.9714285714285714,4.03840306943535,True,0.06896949002111796,0.47417063600732945,0.03167666400986491,0.008140213023580145,1.3505808550253278
101,mt-bench,Qwen/Qwen3-4B,mgoin/Qwen3-4B-speculator.dflash2,0.0,8,dflash2_pairwise_k16_tb16,16,223,218,36.48602299654158,8.133180692662172,122.95312716981793,1.7730333910003537,32,6.78125,5.78125,6.78125,0.6875,1,4.416361633538584,True,0.06322193601954496,0.43354279001505347,0.03632578498945804,0.00746432497544447,1.2273861839858
101,mt-bench,Qwen/Qwen3-4B,mgoin/Qwen3-4B-speculator.dflash2,0.0,8,dflash2_pairwise_k16_tb32,32,223,218,36.572434997651726,7.918661990824557,126.28396074472067,1.7262683139997532,31,7,6,7,0.7096774193548387,1,4.53600206844664,True,0.0613600519936881,0.4197536010105978,0.04920587300875923,0.007219694984087255,1.183706035008072
101,mt-bench,Qwen/Qwen3-4B,mgoin/Qwen3-4B-speculator.dflash2,0.0,8,dflash2_pairwise_k16_tb64,64,223,218,36.57392499735579,8.12817006880565,123.02892182802712,1.7719410749996316,31,7,6,7,0.7096774193548387,1,4.4190841069579045,True,0.061771615997713525,0.4191963959892746,0.0777226639984292,0.007323083991650492,1.2004807299963431
102,mt-bench,Qwen/Qwen3-4B,mgoin/Qwen3-4B-speculator.dflash2,0.0,8,baseline,,211,16,37.720920001447666,33.7827113125968,29.60093968618566,0.5405233810015488,15,1,,,,,1.0,True,0.0036959239951102063,0.0,0.0,0.0,0.5340485529814032
102,mt-bench,Qwen/Qwen3-4B,mgoin/Qwen3-4B-speculator.dflash2,0.0,8,dflash2,,211,16,36.434080997423735,12.648319749587245,79.06188488258555,0.2023731159933959,4,3.75,2.75,3.75,0,1,2.670924832818149,True,0.0026618309930199757,0.03778576199692907,0.0,0.0,0.16139042299619177
102,mt-bench,Qwen/Qwen3-4B,mgoin/Qwen3-4B-speculator.dflash2,0.0,8,dflash2_unary_k16_tb8,8,211,16,36.55132399580907,9.712196562304598,102.96331973770421,0.15539514499687357,3,5,4,5,0,1,3.478380106485462,True,0.00595008599339053,0.027874136008904316,0.002319643012015149,0.0006870670040370896,0.11813455500669079
102,mt-bench,Qwen/Qwen3-4B,mgoin/Qwen3-4B-speculator.dflash2,0.0,8,dflash2_unary_k16_tb16,16,211,16,36.57412499887869,9.756752000157576,102.4931247595357,0.1561080320025212,3,5,4,5,0,1,3.4624956452773623,True,0.005932146006671246,0.02803092099929927,0.002998658994329162,0.0006901359956827946,0.11801423299766611
102,mt-bench,Qwen/Qwen3-4B,mgoin/Qwen3-4B-speculator.dflash2,0.0,8,dflash2_unary_k16_tb32,32,211,16,36.576823993527796,9.788547687548999,102.16020107579358,0.15661676300078398,3,5,4,5,0,1,3.451248580580376,True,0.005893424000532832,0.02793091700732475,0.0045102400035830215,0.0006931850002729334,0.1171442530103377
102,mt-bench,Qwen/Qwen3-4B,mgoin/Qwen3-4B-speculator.dflash2,0.0,8,dflash2_unary_k16_tb64,64,211,16,36.60441400279524,10.065207125080633,99.35215317210762,0.16104331400129013,3,5,4,5,0,1,3.3563851088982104,True,0.005957195004157256,0.02803345899883425,0.0072752749983919784,0.0006912559838383459,0.11861934799526352
102,mt-bench,Qwen/Qwen3-4B,mgoin/Qwen3-4B-speculator.dflash2,0.0,8,dflash2_pairwise_k16_tb8,8,211,16,36.48740200151224,13.257645624889847,75.42817392272157,0.21212232999823755,4,3.75,3,3.75,0,0.75,2.548168224467645,True,0.007863848986744415,0.04171589399629738,0.0036890050032525323,0.0009222919907188043,0.15735440998832928
102,mt-bench,Qwen/Qwen3-4B,mgoin/Qwen3-4B-speculator.dflash2,0.0,8,dflash2_pairwise_k16_tb16,16,211,16,36.470061997533776,9.75088243785649,102.55482069167755,0.15601411900570383,3,5,4,5,0,1,3.464579901142072,True,0.005954015010502189,0.027912056000786833,0.003533960996719543,0.0006909049989189953,0.11747574098990299
102,mt-bench,Qwen/Qwen3-4B,mgoin/Qwen3-4B-speculator.dflash2,0.0,8,dflash2_pairwise_k16_tb32,32,211,16,36.53799300082028,9.82364974970551,101.79516019796793,0.15717839599528816,3,5,4,5,0,1,3.438916509987495,True,0.005910004998440854,0.028012828006467316,0.00501528600580059,0.0007204380017356016,0.11707662000117125
102,mt-bench,Qwen/Qwen3-4B,mgoin/Qwen3-4B-speculator.dflash2,0.0,8,dflash2_pairwise_k16_tb64,64,211,16,36.54451399779646,10.124185937911534,98.77337359593031,0.16198697500658454,3,5,4,5,0,1,3.336832365562585,True,0.00596762599889189,0.028018148994306102,0.00806745500449324,0.0006941539977560751,0.11876354799460387
103,mt-bench,Qwen/Qwen3-4B,mgoin/Qwen3-4B-speculator.dflash2,0.0,8,baseline,,253,30,36.61525400093524,34.85507523315998,28.690226410661502,1.0456522569947992,29,1,,,,,1.0,True,0.0071472839917987585,0.0,0.0,0.0,1.0334582830182626
103,mt-bench,Qwen/Qwen3-4B,mgoin/Qwen3-4B-speculator.dflash2,0.0,8,dflash2,,253,30,36.46313199715223,12.121102200035239,82.50074815779483,0.36363306600105716,7,4.142857142857143,3.142857142857143,4.142857142857143,0.14285714285714285,1,2.875569783831923,True,0.004329768002207857,0.07562506399699487,0.0,0.0,0.28271425700950203
103,mt-bench,Qwen/Qwen3-4B,mgoin/Qwen3-4B-speculator.dflash2,0.0,8,dflash2_unary_k16_tb8,8,253,30,36.59024400258204,12.685904100120144,78.82764934274802,0.38057712300360436,7,4.142857142857143,3.2857142857142856,4.142857142857143,0,0.8571428571428571,2.7475436482946356,True,0.013841604995832313,0.08345853499486111,0.005144139999174513,0.0016231379995588213,0.27546251300373115
103,mt-bench,Qwen/Qwen3-4B,mgoin/Qwen3-4B-speculator.dflash2,0.0,8,dflash2_unary_k16_tb16,16,253,30,36.67793600470759,10.814582366583636,92.46774088012272,0.3244374709975091,6,4.833333333333333,3.8333333333333335,4.833333333333333,0.16666666666666666,1,3.2229700650170194,True,0.011835078985313885,0.06980269300402142,0.005547321998164989,0.0013612319962703623,0.2349712799914414
103,mt-bench,Qwen/Qwen3-4B,mgoin/Qwen3-4B-speculator.dflash2,0.0,8,dflash2_unary_k16_tb32,32,253,30,36.708937004732434,8.988577066823686,111.25231419452828,0.26965731200471055,5,5.8,4.8,5.8,0.4,1,3.877707781113435,True,0.009919914002239238,0.05577486300171586,0.00664125999173848,0.0011514769939822145,0.19540744000551058
103,mt-bench,Qwen/Qwen3-4B,mgoin/Qwen3-4B-speculator.dflash2,0.0,8,dflash2_unary_k16_tb64,64,253,30,36.77873800188536,9.233969333339093,108.29578958958814,0.27701908000017283,5,5.8,4.8,5.8,0.4,1,3.774657893579558,True,0.00998501900176052,0.056060010007058736,0.011017532990081236,0.001146495997090824,0.1979777359883883
103,mt-bench,Qwen/Qwen3-4B,mgoin/Qwen3-4B-speculator.dflash2,0.0,8,dflash2_pairwise_k16_tb8,8,253,30,36.736928996106144,12.758174033418374,78.3811223597225,0.38274522100255126,7,4.142857142857143,3.142857142857143,4.142857142857143,0.14285714285714285,1,2.7319799167076457,True,0.013759494991973042,0.08357855500798905,0.006422456994187087,0.0016426959846285172,0.2762717529985821
103,mt-bench,Qwen/Qwen3-4B,mgoin/Qwen3-4B-speculator.dflash2,0.0,8,dflash2_pairwise_k16_tb16,16,253,30,36.71803700126475,10.88670903336606,91.85512324570782,0.3266012710009818,6,4.833333333333333,3.8333333333333335,4.833333333333333,0.16666666666666666,1,3.201617231280328,True,0.011890261004737113,0.06984288199600996,0.006984758991166018,0.0013980289950268343,0.23557024598994758
103,mt-bench,Qwen/Qwen3-4B,mgoin/Qwen3-4B-speculator.dflash2,0.0,8,dflash2_pairwise_k16_tb32,32,253,30,36.743728996952996,9.04370133333335,110.57419558009856,0.2713110400000005,5,5.8,4.8,5.8,0.4,1,3.8540719057904806,True,0.009924987010890618,0.055942146995221265,0.008229408005718142,0.001169874994957354,0.19527028399897972
103,mt-bench,Qwen/Qwen3-4B,mgoin/Qwen3-4B-speculator.dflash2,0.0,8,dflash2_pairwise_k16_tb64,64,253,30,36.6481559976819,9.30517996675917,107.46702412766794,0.2791553990027751,5,5.8,4.8,5.8,0.4,1,3.7457712110536843,True,0.009989526988647413,0.05601641600514995,0.01302536900038831,0.0011441620081313886,0.1981669799934025
104,mt-bench,Qwen/Qwen3-4B,mgoin/Qwen3-4B-speculator.dflash2,0.0,8,baseline,,368,80,41.867164996801876,35.590949975085096,28.097030304052993,2.8472759980068076,79,1,,,,,1.0,True,0.019261273977463134,0.0,0.0,0.0,2.8147072450010455
104,mt-bench,Qwen/Qwen3-4B,mgoin/Qwen3-4B-speculator.dflash2,0.0,8,dflash2,,368,80,36.562724999384955,8.573406587584032,116.63974988054287,0.6858725270067225,13,6.076923076923077,5.153846153846154,6.076923076923077,0.3076923076923077,0.9230769230769231,4.151319503104839,True,0.007513763986935373,0.15119147399673238,0.0,0.0,0.5253247739965445
104,mt-bench,Qwen/Qwen3-4B,mgoin/Qwen3-4B-speculator.dflash2,0.0,8,dflash2_unary_k16_tb8,8,368,80,36.72907799773384,9.721859287492407,102.86098270179072,0.7777487429993926,14,5.642857142857143,4.714285714285714,5.642857142857143,0.2857142857142857,0.9285714285714286,3.6609200897275267,True,0.027743584003474098,0.1810942539887037,0.010619383014272898,0.0032552329867030494,0.5528949130093679
104,mt-bench,Qwen/Qwen3-4B,mgoin/Qwen3-4B-speculator.dflash2,0.0,8,dflash2_unary_k16_tb16,16,368,80,36.7986999990535,9.712982099972578,102.95499257666945,0.7770385679978062,14,5.642857142857143,4.714285714285714,5.642857142857143,0.42857142857142855,0.9285714285714286,3.6642659904815,True,0.02770984300877899,0.18128134601283818,0.013685449011973105,0.0033086189796449617,0.548854572007258
104,mt-bench,Qwen/Qwen3-4B,mgoin/Qwen3-4B-speculator.dflash2,0.0,8,dflash2_unary_k16_tb32,32,368,80,36.718117000418715,9.771433550031361,102.33912914413573,0.7817146840025089,14,5.642857142857143,4.714285714285714,5.642857142857143,0.42857142857142855,0.9285714285714286,3.6423468258627074,True,0.027728001987270545,0.18196976900071604,0.01949374601827003,0.0033014809887390584,0.5469633260072442
104,mt-bench,Qwen/Qwen3-4B,mgoin/Qwen3-4B-speculator.dflash2,0.0,8,dflash2_unary_k16_tb64,64,368,80,36.790430000110064,9.295243187443702,107.5819082765721,0.7436194549954962,13,6.076923076923077,5.153846153846154,6.076923076923077,0.46153846153846156,0.9230769230769231,3.82894231569567,True,0.02594863400736358,0.16752968299988424,0.029400822015304584,0.0030383689954760484,0.5155024619889446
104,mt-bench,Qwen/Qwen3-4B,mgoin/Qwen3-4B-speculator.dflash2,0.0,8,dflash2_pairwise_k16_tb8,8,368,80,37.02934499597177,9.053550674980215,110.45390210975822,0.7242840539984172,13,6.076923076923077,5.153846153846154,6.076923076923077,0.23076923076923078,0.9230769230769231,3.9311593045413504,True,0.02564944699406624,0.16762804400059395,0.011837883001135197,0.0030253229779191315,0.5141559619878535
104,mt-bench,Qwen/Qwen3-4B,mgoin/Qwen3-4B-speculator.dflash2,0.0,8,dflash2_pairwise_k16_tb16,16,368,80,36.79425799782621,8.331224075027421,120.03038100937269,0.6664979260021937,12,6.583333333333333,5.666666666666667,6.583333333333333,0.5833333333333334,0.9166666666666666,4.271995285994987,True,0.023664477004786022,0.15390032798313769,0.013616454984003212,0.0027733110036933795,0.4706178129927139
104,mt-bench,Qwen/Qwen3-4B,mgoin/Qwen3-4B-speculator.dflash2,0.0,8,dflash2_pairwise_k16_tb32,32,368,80,37.09559599519707,8.385663062563253,119.25115432605148,0.6708530450050603,12,6.583333333333333,5.666666666666667,6.583333333333333,0.5833333333333334,0.9166666666666666,4.244261868089651,True,0.023774499983119313,0.15368443099578144,0.01913362798950402,0.0027798929950222373,0.46948192997660954
104,mt-bench,Qwen/Qwen3-4B,mgoin/Qwen3-4B-speculator.dflash2,0.0,8,dflash2_pairwise_k16_tb64,64,368,80,36.79561000171816,8.58634126252582,116.46404090231007,0.6869073010020657,12,6.583333333333333,5.666666666666667,6.583333333333333,0.5833333333333334,0.9166666666666666,4.145065853650382,True,0.023881540982984006,0.1535895520064514,0.030083656005444936,0.002821841997501906,0.47452686900942354
105,mt-bench,Qwen/Qwen3-4B,mgoin/Qwen3-4B-speculator.dflash2,0.0,8,baseline,,481,173,37.14804800256388,35.84851450289329,27.895158666038764,6.201793009000538,172,1,,,,,1.0,True,0.041824409025139175,0.0,0.0,0.0,6.131689794041449
105,mt-bench,Qwen/Qwen3-4B,mgoin/Qwen3-4B-speculator.dflash2,0.0,8,dflash2,,481,173,37.143896995985415,8.596675843942501,116.32403246943791,1.4872249210020527,28,6.142857142857143,5.142857142857143,6.142857142857143,0.5714285714285714,1,4.1700437650156745,True,0.01427043601142941,0.3388123109834851,0.0,0.0,1.1300937480045832
105,mt-bench,Qwen/Qwen3-4B,mgoin/Qwen3-4B-speculator.dflash2,0.0,8,dflash2_unary_k16_tb8,8,481,173,37.06873599730898,8.70991304043729,114.81170883765725,1.506814955995651,27,6.37037037037037,5.37037037037037,6.37037037037037,0.6296296296296297,1,4.115829209368718,True,0.053217422020679805,0.36148785099067027,0.020282444995245896,0.006286373973125592,1.0612412719929125
105,mt-bench,Qwen/Qwen3-4B,mgoin/Qwen3-4B-speculator.dflash2,0.0,8,dflash2_unary_k16_tb16,16,481,173,37.182558997301385,8.369202728323017,119.4856944516118,1.447872071999882,26,6.615384615384615,5.615384615384615,6.615384615384615,0.6538461538461539,1,4.283384650436882,True,0.051264543006254826,0.34752206599659985,0.024935601017205045,0.006042559987690765,1.0139321189853945
105,mt-bench,Qwen/Qwen3-4B,mgoin/Qwen3-4B-speculator.dflash2,0.0,8,dflash2_unary_k16_tb32,32,481,173,37.105857001733966,8.408568479774138,118.9263074214579,1.4546823470009258,26,6.615384615384615,5.615384615384615,6.615384615384615,0.6538461538461539,1,4.263331456373679,True,0.05146599799627438,0.34791853097704006,0.0370749780049664,0.006166000996017829,1.0077911939879414
105,mt-bench,Qwen/Qwen3-4B,mgoin/Qwen3-4B-speculator.dflash2,0.0,8,dflash2_unary_k16_tb64,64,481,173,37.13697700004559,8.310113693653092,120.33529706864985,1.437649669001985,25,6.88,5.88,6.88,0.72,1,4.313841642175467,True,0.04980092999903718,0.33539469099923735,0.05875191899394849,0.005861724988790229,0.9835857399957604
105,mt-bench,Qwen/Qwen3-4B,mgoin/Qwen3-4B-speculator.dflash2,0.0,8,dflash2_pairwise_k16_tb8,8,481,173,37.1940779950819,9.070620815008219,110.24603722221563,1.569217400996422,28,6.142857142857143,5.142857142857143,6.142857142857143,0.6071428571428571,1,3.9521566642471107,True,0.05535995100217406,0.3765091889727046,0.025170284003252164,0.0065088179835584015,1.1012843500066083
105,mt-bench,Qwen/Qwen3-4B,mgoin/Qwen3-4B-speculator.dflash2,0.0,8,dflash2_pairwise_k16_tb16,16,481,173,37.120446999324486,8.409230919082775,118.9169389712839,1.4547969490013202,26,6.615384615384615,5.615384615384615,6.615384615384615,0.6923076923076923,1,4.262995611351747,True,0.0516486289925524,0.34845097299694316,0.029529783001635224,0.0060251150134718046,1.0149636570131406
105,mt-bench,Qwen/Qwen3-4B,mgoin/Qwen3-4B-speculator.dflash2,0.0,8,dflash2_pairwise_k16_tb32,32,481,173,37.102087000675965,8.113263826615398,123.25495896232539,1.4035946420044638,25,6.88,5.88,6.88,0.72,1,4.418507183914439,True,0.049588449008297175,0.3343781340154237,0.04024950000894023,0.005851929017808288,0.969455350037606
105,mt-bench,Qwen/Qwen3-4B,mgoin/Qwen3-4B-speculator.dflash2,0.0,8,dflash2_pairwise_k16_tb64,64,481,173,37.103547001606785,8.344587890171875,119.83815296352554,1.4436137049997342,25,6.88,5.88,6.88,0.72,1,4.29601976451289,True,0.04978923599992413,0.3349939580220962,0.06398957903002156,0.005877916002646089,0.9845830080084852
106,mt-bench,Qwen/Qwen3-4B,mgoin/Qwen3-4B-speculator.dflash2,0.0,8,baseline,,221,162,38.04795700125396,35.814507320964495,27.92164613736392,5.801950185996248,161,1,,,,,1.0,True,0.03959974799363408,0.0,0.0,0.0,5.735846893046983
106,mt-bench,Qwen/Qwen3-4B,mgoin/Qwen3-4B-speculator.dflash2,0.0,8,dflash2,,221,165,36.44813199935015,11.314601109100323,88.38137468193209,1.8669091830015534,35,4.685714285714286,3.7142857142857144,4.685714285714286,0.22857142857142856,0.9714285714285714,3.1653353905829626,False,0.020907142010401003,0.42804372197861085,0.0,0.0,1.4127504779826268
106,mt-bench,Qwen/Qwen3-4B,mgoin/Qwen3-4B-speculator.dflash2,0.0,8,dflash2_unary_k16_tb8,8,221,165,36.54489399923477,11.558169569726681,86.51888986117784,1.9070979790049023,34,4.823529411764706,3.823529411764706,4.823529411764706,0.29411764705882354,1,3.0986314143348745,False,0.06704430297395447,0.46025728499807883,0.02559090499562444,0.00797273500211304,1.3408277620110312
106,mt-bench,Qwen/Qwen3-4B,mgoin/Qwen3-4B-speculator.dflash2,0.0,8,dflash2_unary_k16_tb16,16,221,159,36.572564000380225,10.572266106899393,94.58710080589121,1.6809903109970037,30,5.266666666666667,4.3,5.266666666666667,0.36666666666666664,0.9666666666666667,3.387590414281397,False,0.059146779000002425,0.40460793300007936,0.029504286008886993,0.006959110018215142,1.1759875969655695
106,mt-bench,Qwen/Qwen3-4B,mgoin/Qwen3-4B-speculator.dflash2,0.0,8,dflash2_unary_k16_tb32,32,221,162,36.72662699682405,10.444727172813865,95.7420891378434,1.6920458019958462,30,5.366666666666666,4.4,5.366666666666666,0.3333333333333333,0.9666666666666667,3.4289557523517273,True,0.059378834019298665,0.40522046100522857,0.04390517403226113,0.00715060398215428,1.1714939859812148
106,mt-bench,Qwen/Qwen3-4B,mgoin/Qwen3-4B-speculator.dflash2,0.0,8,dflash2_unary_k16_tb64,64,221,162,36.672866001026705,9.644414722218098,103.68695548691753,1.5623951849993318,27,5.962962962962963,5,5.962962962962963,0.37037037037037035,0.9629629629629629,3.7134972263747272,True,0.05378679604473291,0.36337835301674204,0.06512673402903602,0.006366057998093311,1.0690744419844123
106,mt-bench,Qwen/Qwen3-4B,mgoin/Qwen3-4B-speculator.dflash2,0.0,8,dflash2_pairwise_k16_tb8,8,221,162,36.56275399407605,11.10993612347096,90.00951840644612,1.7998096520022955,32,5.03125,4.0625,5.03125,0.28125,0.96875,3.223646555924153,True,0.06307243199262302,0.43249001199001214,0.02925596197746927,0.007463817993993871,1.2624052119936096
106,mt-bench,Qwen/Qwen3-4B,mgoin/Qwen3-4B-speculator.dflash2,0.0,8,dflash2_pairwise_k16_tb16,16,221,160,36.49644299730426,10.196947387521504,98.06856522803562,1.6315115820034407,29,5.482758620689655,4.517241379310345,5.482758620689655,0.27586206896551724,0.9655172413793104,3.5122773473159654,False,0.057207378013117705,0.3910818469739752,0.03393856299226172,0.0067421500134514645,1.1379680690151872
106,mt-bench,Qwen/Qwen3-4B,mgoin/Qwen3-4B-speculator.dflash2,0.0,8,dflash2_pairwise_k16_tb32,32,221,161,36.70065700134728,9.120772062120771,109.63984114382954,1.4684443020014442,26,6.153846153846154,5.1923076923076925,6.153846153846154,0.5,0.9615384615384616,3.9266968933150674,False,0.05153281296225032,0.34911534999264404,0.042539606991340406,0.006155584997031838,1.0147968950113864
106,mt-bench,Qwen/Qwen3-4B,mgoin/Qwen3-4B-speculator.dflash2,0.0,8,dflash2_pairwise_k16_tb64,64,221,160,36.85742199741071,9.434766124968519,105.99096858941341,1.509562579994963,26,6.115384615384615,5.153846153846154,6.115384615384615,0.5,0.9615384615384616,3.7960143205016643,False,0.05185920700751012,0.3492592059847084,0.06777417499688454,0.0061627130198758096,1.0300543709963677
107,mt-bench,Qwen/Qwen3-4B,mgoin/Qwen3-4B-speculator.dflash2,0.0,8,baseline,,403,600,37.20034800062422,35.89711399832595,27.85739265966157,21.53826839899557,599,1,,,,,1.0,True,0.14623409098567208,0.0,0.0,0.0,21.29367338892189
107,mt-bench,Qwen/Qwen3-4B,mgoin/Qwen3-4B-speculator.dflash2,0.0,8,dflash2,,403,600,37.07755600044038,8.70407347832952,114.88873600271116,5.222444086997712,98,6.112244897959184,5.122448979591836,6.112244897959184,0.5408163265306123,0.9897959183673469,4.124174053412897,True,0.05066532598721096,1.217294109024806,0.0,0.0,3.940126957029861
107,mt-bench,Qwen/Qwen3-4B,mgoin/Qwen3-4B-speculator.dflash2,0.0,8,dflash2_unary_k16_tb8,8,403,600,37.02351399988402,9.179848081657838,108.93426460924664,5.507908848994703,98,6.112244897959184,5.122448979591836,6.112244897959184,0.4897959183673469,0.9897959183673469,3.9104257150019306,True,0.19333269302296685,1.3496942269994179,0.07211461904807948,0.022872173074574675,3.8542653000404243
107,mt-bench,Qwen/Qwen3-4B,mgoin/Qwen3-4B-speculator.dflash2,0.0,8,dflash2_unary_k16_tb16,16,403,600,37.13163700012956,8.414280299997094,118.84557732172834,5.048568179998256,90,6.655555555555556,5.666666666666667,6.655555555555556,0.5888888888888889,0.9888888888888889,4.266213237314943,True,0.17758277006214485,1.2366459829718224,0.08759077302238438,0.02121734801767161,3.5109560180280823
107,mt-bench,Qwen/Qwen3-4B,mgoin/Qwen3-4B-speculator.dflash2,0.0,8,dflash2_unary_k16_tb32,32,403,600,37.19098799774656,8.174655348339002,122.32931633052748,4.904793209003401,87,6.885057471264368,5.896551724137931,6.885057471264368,0.632183908045977,0.9885057471264368,4.391269413654221,True,0.17209460400044918,1.1969688960598432,0.1256014720274834,0.020474530982028227,3.375330239003233
107,mt-bench,Qwen/Qwen3-4B,mgoin/Qwen3-4B-speculator.dflash2,0.0,8,dflash2_unary_k16_tb64,64,403,600,37.205398999503814,8.389633370000714,119.19471994756725,5.033780022000429,87,6.885057471264368,5.896551724137931,6.885057471264368,0.6436781609195402,0.9885057471264368,4.2787464499563574,True,0.17345738302537939,1.1993026510026539,0.20485672802169574,0.02056939403701108,3.4206464840171975
107,mt-bench,Qwen/Qwen3-4B,mgoin/Qwen3-4B-speculator.dflash2,0.0,8,dflash2_pairwise_k16_tb8,8,403,600,36.98993400030304,8.570763770003396,116.67571605460358,5.142458262002038,91,6.582417582417582,5.593406593406593,6.582417582417582,0.5604395604395604,0.989010989010989,4.1883214800484145,True,0.18022929502330953,1.2554007830403862,0.08284081601595972,0.021361775972764008,3.588188923080452
107,mt-bench,Qwen/Qwen3-4B,mgoin/Qwen3-4B-speculator.dflash2,0.0,8,dflash2_pairwise_k16_tb16,16,403,600,37.01979500328889,8.072247078331808,123.88124276873073,4.843348246999084,86,6.965116279069767,5.976744186046512,6.965116279069767,0.6744186046511628,0.9883720930232558,4.446979093923419,True,0.1702869989530882,1.184185228048591,0.098709730002156,0.0199798960093176,3.356294257042464
107,mt-bench,Qwen/Qwen3-4B,mgoin/Qwen3-4B-speculator.dflash2,0.0,8,dflash2_pairwise_k16_tb32,32,403,600,37.22152899717912,7.925749819999812,126.17102768959514,4.755449891999887,84,7.130952380952381,6.142857142857143,7.130952380952381,0.7261904761904762,0.9880952380952381,4.529175764259337,True,0.16677604600408813,1.1562685639655683,0.1371746579898172,0.019685756022226997,3.2617745120151085
107,mt-bench,Qwen/Qwen3-4B,mgoin/Qwen3-4B-speculator.dflash2,0.0,8,dflash2_pairwise_k16_tb64,64,403,600,37.18086799926823,8.030570293340134,124.5241574971723,4.81834217600408,83,7.216867469879518,6.228915662650603,7.216867469879518,0.7590361445783133,0.9879518072289156,4.470057877221489,True,0.16613864802639,1.1449753180495463,0.21346238096157322,0.01958739000110654,3.2598222039523534
108,mt-bench,Qwen/Qwen3-4B,mgoin/Qwen3-4B-speculator.dflash2,0.0,8,baseline,,170,103,38.19256299902918,35.860209786406614,27.886061067580986,3.693601607999881,102,1,,,,,1.0,True,0.025134352006716654,0.0,0.0,0.0,3.6513625269799377
108,mt-bench,Qwen/Qwen3-4B,mgoin/Qwen3-4B-speculator.dflash2,0.0,8,dflash2,,170,103,36.909511996782385,8.233799291260368,121.45061649261157,0.848081326999818,16,6.375,5.4375,6.375,0.5,0.9375,4.355244586113466,True,0.008622007007943466,0.1900452060144744,0.0,0.0,0.6470899719934096
108,mt-bench,Qwen/Qwen3-4B,mgoin/Qwen3-4B-speculator.dflash2,0.0,8,dflash2_unary_k16_tb8,8,170,103,37.019754003267735,9.236572378637717,108.26526973499318,0.9513669549996848,17,6,5,6,0.47058823529411764,1,3.882415285278754,True,0.03375806999974884,0.22478969200892607,0.013109747022099327,0.003997795014583971,0.6730338850102271
108,mt-bench,Qwen/Qwen3-4B,mgoin/Qwen3-4B-speculator.dflash2,0.0,8,dflash2_unary_k16_tb16,16,170,103,37.08151600585552,9.245773757303821,108.15752431861496,0.9523146970022935,17,6,5.0588235294117645,6,0.35294117647058826,0.9411764705882353,3.878551512043907,True,0.033680374996038154,0.22496094700181857,0.017231994002941065,0.004044010005600285,0.669671534000372
108,mt-bench,Qwen/Qwen3-4B,mgoin/Qwen3-4B-speculator.dflash2,0.0,8,dflash2_unary_k16_tb32,32,170,103,37.01072400144767,9.279272961190074,107.76706366785758,0.9557651150025775,17,6,5.0588235294117645,6,0.5294117647058824,0.9411764705882353,3.8645495111944106,True,0.03377461200580001,0.22477187200274784,0.024906208011088893,0.00401488602074096,0.6655533909943188
108,mt-bench,Qwen/Qwen3-4B,mgoin/Qwen3-4B-speculator.dflash2,0.0,8,dflash2_unary_k16_tb64,64,170,103,36.95382200385211,8.923753291225509,112.06047134710387,0.9191465889962274,16,6.375,5.4375,6.375,0.5,0.9375,4.018512011270752,True,0.03192875701643061,0.2103370629993151,0.03725281202059705,0.00378242701117415,0.6331280190061079
108,mt-bench,Qwen/Qwen3-4B,mgoin/Qwen3-4B-speculator.dflash2,0.0,8,dflash2_pairwise_k16_tb8,8,170,103,36.9988349993946,8.692001019368847,115.04830680204095,0.8952761049949913,16,6.375,5.4375,6.375,0.5,0.9375,4.12565641749206,True,0.03168782000284409,0.20998489300109213,0.014698014005261939,0.003728869000042323,0.6326993940092507
108,mt-bench,Qwen/Qwen3-4B,mgoin/Qwen3-4B-speculator.dflash2,0.0,8,dflash2_pairwise_k16_tb16,16,170,103,36.84376099408837,8.1450845630844,122.77343375073785,0.8389437099976931,15,6.8,5.866666666666666,6.8,0.7333333333333333,0.9333333333333333,4.4026810904989535,True,0.02966631499293726,0.19613255799777107,0.01738666703022318,0.0035535719798645005,0.5897949779973715
108,mt-bench,Qwen/Qwen3-4B,mgoin/Qwen3-4B-speculator.dflash2,0.0,8,dflash2_pairwise_k16_tb32,32,170,103,37.370783000369556,8.184812757233496,122.17750480806411,0.8430357139950501,15,6.8,5.866666666666666,6.8,0.7333333333333333,0.9333333333333333,4.3813109535968815,True,0.029822867996699642,0.19609804496576544,0.024681074006366543,0.0035479510042932816,0.586461410013726
108,mt-bench,Qwen/Qwen3-4B,mgoin/Qwen3-4B-speculator.dflash2,0.0,8,dflash2_pairwise_k16_tb64,64,170,103,37.013124994700775,8.412994466056862,118.86374156486237,0.8665384300038568,15,6.8,5.866666666666666,6.8,0.6666666666666666,0.9333333333333333,4.262478708513184,True,0.02994855397992069,0.19642647000728175,0.04002117499476299,0.003483759988739621,0.5941059109973139
109,mt-bench,Qwen/Qwen3-4B,mgoin/Qwen3-4B-speculator.dflash2,0.0,8,baseline,,294,60,36.946952997823246,35.45474469998832,28.204969700439822,2.127284681999299,59,1,,,,,1.0,True,0.014573188964277506,0.0,0.0,0.0,2.102852249990974
109,mt-bench,Qwen/Qwen3-4B,mgoin/Qwen3-4B-speculator.dflash2,0.0,8,dflash2,,294,60,36.69672699470539,12.36162901671681,80.89548704686781,0.7416977410030086,14,4.214285714285714,3.2857142857142856,4.214285714285714,0.14285714285714285,0.9285714285714286,2.8681288406279104,True,0.008705874002771452,0.16402368299895898,0.0,0.0,0.5669070329895476
109,mt-bench,Qwen/Qwen3-4B,mgoin/Qwen3-4B-speculator.dflash2,0.0,8,dflash2_unary_k16_tb8,8,294,60,36.699387994303834,12.962298883333762,77.14680929674805,0.7777379330000258,14,4.214285714285714,3.2857142857142856,4.214285714285714,0.07142857142857142,0.9285714285714286,2.7352204280348875,True,0.027695718978065997,0.1815710999944713,0.010545240002102219,0.0032984559875330888,0.552451382012805
109,mt-bench,Qwen/Qwen3-4B,mgoin/Qwen3-4B-speculator.dflash2,0.0,8,dflash2_unary_k16_tb16,16,294,60,36.77131899894448,12.96293790001073,77.14300629328574,0.7777762740006438,14,4.214285714285714,3.2857142857142856,4.214285714285714,0.07142857142857142,0.9285714285714286,2.7350855935180385,True,0.027763264006352983,0.1815621130008367,0.013934360016719438,0.0032812319841468707,0.5490216749894898
109,mt-bench,Qwen/Qwen3-4B,mgoin/Qwen3-4B-speculator.dflash2,0.0,8,dflash2_unary_k16_tb32,32,294,60,36.83560000354191,12.087456750062604,82.73038908658935,0.7252474050037563,13,4.538461538461538,3.6153846153846154,4.538461538461538,0.07692307692307693,0.9230769230769231,2.933184823995725,True,0.025789105988224037,0.1679970159966615,0.019071329006692395,0.0030501740038744174,0.5072289620002266
109,mt-bench,Qwen/Qwen3-4B,mgoin/Qwen3-4B-speculator.dflash2,0.0,8,dflash2_unary_k16_tb64,64,294,60,36.69007799908286,12.440262650003811,80.38415491168858,0.7464157590002287,13,4.538461538461538,3.6153846153846154,4.538461538461538,0.15384615384615385,0.9230769230769231,2.849999690318231,True,0.02663820598536404,0.1679310380059178,0.031532460983726196,0.0030564980042981915,0.5150585000010324
109,mt-bench,Qwen/Qwen3-4B,mgoin/Qwen3-4B-speculator.dflash2,0.0,8,dflash2_pairwise_k16_tb8,8,294,60,36.70509700168623,12.050469083381662,82.98432144679425,0.7230281450028997,13,4.538461538461538,3.6153846153846154,4.538461538461538,0.07692307692307693,0.9230769230769231,2.942187930997856,True,0.02571991002332652,0.16739162698650034,0.011809638002887368,0.0030514699974446557,0.5130580209952313
109,mt-bench,Qwen/Qwen3-4B,mgoin/Qwen3-4B-speculator.dflash2,0.0,8,dflash2_pairwise_k16_tb16,16,294,60,36.71764799946686,12.057760416670742,82.93414078931494,0.7234656250002445,13,4.538461538461538,3.6153846153846154,4.538461538461538,0.07692307692307693,0.9230769230769231,2.9404087885980488,True,0.025758985997526906,0.16752307099523023,0.014958760992158204,0.0030494800084852614,0.5100769679993391
109,mt-bench,Qwen/Qwen3-4B,mgoin/Qwen3-4B-speculator.dflash2,0.0,8,dflash2_pairwise_k16_tb32,32,294,60,36.68293700320646,12.143808883289845,82.34648697214122,0.7286285329973907,13,4.538461538461538,3.6153846153846154,4.538461538461538,0.23076923076923078,0.9230769230769231,2.9195736725381813,True,0.02574153698515147,0.16797543300344842,0.021393950009951368,0.003030289000889752,0.5083753879953292
109,mt-bench,Qwen/Qwen3-4B,mgoin/Qwen3-4B-speculator.dflash2,0.0,8,dflash2_pairwise_k16_tb64,64,294,60,36.8576410037349,12.461348133244124,80.24813923079645,0.7476808879946475,13,4.538461538461538,3.6153846153846154,4.538461538461538,0.23076923076923078,0.9230769230769231,2.8451772890770055,True,0.025940797000657767,0.1674600990008912,0.03403986502235057,0.003062199008127209,0.5149175780024962
110,mt-bench,Qwen/Qwen3-4B,mgoin/Qwen3-4B-speculator.dflash2,0.0,8,baseline,,273,15,39.13979200297035,33.88446440027716,29.512049775584483,0.5082669660041574,14,1,,,,,1.0,True,0.003508030997181777,0.0,0.0,0.0,0.5021461739888764
110,mt-bench,Qwen/Qwen3-4B,mgoin/Qwen3-4B-speculator.dflash2,0.0,8,dflash2,,273,15,36.6461360026733,20.79983060005664,48.07731462953726,0.31199745900084963,6,2.3333333333333335,1.3333333333333333,2.3333333333333335,0,1,1.6290740560254797,True,0.0039411969992215745,0.06348459899891168,0.0,0.0,0.24374139099381864
110,mt-bench,Qwen/Qwen3-4B,mgoin/Qwen3-4B-speculator.dflash2,0.0,8,dflash2_unary_k16_tb8,8,273,15,36.71020700130612,17.966679933306295,55.65858598873455,0.26950019899959443,5,2.8,2,2.8,0,0.8,1.885961375505041,True,0.009903115016641095,0.05578625300404383,0.0039503290099673904,0.001174666998849716,0.19793792699783808
110,mt-bench,Qwen/Qwen3-4B,mgoin/Qwen3-4B-speculator.dflash2,0.0,8,dflash2_unary_k16_tb16,16,273,15,36.60892400512239,17.93140899972059,55.76806596824501,0.2689711349958088,5,2.8,2,2.8,0,0.8,1.8896710459733064,False,0.009857925986580085,0.05588309600716457,0.005148977004864719,0.0011554859956959262,0.1961550350097241
110,mt-bench,Qwen/Qwen3-4B,mgoin/Qwen3-4B-speculator.dflash2,0.0,8,dflash2_unary_k16_tb32,32,273,15,36.63246600626735,10.461459400054688,95.58895769310851,0.15692189100082032,3,4.666666666666667,3.6666666666666665,4.666666666666667,0,1,3.2389806340117353,True,0.006014578000758775,0.027921756998694036,0.004594155994709581,0.0007372480031335726,0.11720101498940494
110,mt-bench,Qwen/Qwen3-4B,mgoin/Qwen3-4B-speculator.dflash2,0.0,8,dflash2_unary_k16_tb64,64,273,15,38.6923040059628,10.872322066764658,91.9766719436022,0.16308483100146987,3,4.666666666666667,3.6666666666666665,4.666666666666667,0,1,3.1165802661289597,True,0.006101870007114485,0.02812100300070597,0.007911830012744758,0.0007529760041506961,0.11969799100916134
110,mt-bench,Qwen/Qwen3-4B,mgoin/Qwen3-4B-speculator.dflash2,0.0,8,dflash2_pairwise_k16_tb8,8,273,15,36.70021699508652,17.97920820002522,55.619801988754844,0.26968812300037825,5,2.8,2,2.8,0,0.8,1.8846472004384283,True,0.009887423999316525,0.05580443200597074,0.0046588130062446,0.0011552549913176335,0.19743332400685176
110,mt-bench,Qwen/Qwen3-4B,mgoin/Qwen3-4B-speculator.dflash2,0.0,8,dflash2_pairwise_k16_tb16,16,273,15,36.686596999061294,14.218272999763334,70.33202977722014,0.21327409499645,4,3.5,2.5,3.5,0,1,2.3831631591854494,False,0.0079459010012215,0.041914954999811016,0.004800667993549723,0.0009341690019937232,0.15707201200712007
110,mt-bench,Qwen/Qwen3-4B,mgoin/Qwen3-4B-speculator.dflash2,0.0,8,dflash2_pairwise_k16_tb32,32,273,15,36.63349600537913,14.342435200038988,69.72316667655446,0.2151365280005848,4,3.5,2.5,3.5,0,1,2.3625321591263004,True,0.007945180004753638,0.042027618997963145,0.006829804995504674,0.0009439549903618172,0.15676307800458744
110,mt-bench,Qwen/Qwen3-4B,mgoin/Qwen3-4B-speculator.dflash2,0.0,8,dflash2_pairwise_k16_tb64,64,273,15,36.68143699906068,10.830545799884325,92.33145018514954,0.16245818699826486,3,4.666666666666667,3.6666666666666665,4.666666666666667,0,1,3.1286017368246637,True,0.005979257992294151,0.02796055899671046,0.008494764006172772,0.0006807860045228153,0.11885075199097628
111,mt-bench,Qwen/Qwen3-4B,mgoin/Qwen3-4B-speculator.dflash2,0.0,8,baseline,,315,18,36.73934799735434,34.16921788892876,29.26610738503359,0.6150459220007178,17,1,,,,,1.0,True,0.004116861993679777,0.0,0.0,0.0,0.6078779409799608
111,mt-bench,Qwen/Qwen3-4B,mgoin/Qwen3-4B-speculator.dflash2,0.0,8,dflash2,,315,18,36.71823799959384,14.312153222514704,69.87068852972327,0.2576187580052647,5,3.4,2.4,3.4,0,1,2.38742678042159,True,0.0032522419933229685,0.050476093994802795,0.0,0.0,0.2031741229875479
111,mt-bench,Qwen/Qwen3-4B,mgoin/Qwen3-4B-speculator.dflash2,0.0,8,dflash2_unary_k16_tb8,8,315,18,36.652925999078434,14.93339850033711,66.96399349266851,0.268801173006068,5,3.4,2.4,3.4,0,1,2.2881072843637984,True,0.009873837007035036,0.05601925598602975,0.0037701390028814785,0.0011415070039220154,0.19725694899534574
111,mt-bench,Qwen/Qwen3-4B,mgoin/Qwen3-4B-speculator.dflash2,0.0,8,dflash2_unary_k16_tb16,16,315,18,36.783599003683776,11.79116677748324,84.80924906512472,0.2122410019946983,4,4.25,3.25,4.25,0,1,2.8978657103026744,False,0.007869262000895105,0.04192334600520553,0.003995512000983581,0.0008951890049502254,0.15693261900742073
111,mt-bench,Qwen/Qwen3-4B,mgoin/Qwen3-4B-speculator.dflash2,0.0,8,dflash2_unary_k16_tb32,32,315,18,36.73415899538668,11.846846389137985,84.41064964908043,0.21324323500448372,4,4.25,3.5,4.25,0.25,0.75,2.884245880005458,False,0.007904532001703046,0.0417284520008252,0.005869095002708491,0.0009435209940420464,0.15618125200853683
111,mt-bench,Qwen/Qwen3-4B,mgoin/Qwen3-4B-speculator.dflash2,0.0,8,dflash2_unary_k16_tb64,64,315,18,36.65976699994644,8.965703444118844,111.53614507024113,0.1613826619941392,3,5.666666666666667,4.666666666666667,5.666666666666667,0,1,3.8111028433962373,True,0.006005185998219531,0.02789828799723182,0.007357128997682594,0.0006966860019019805,0.11895005400583614
111,mt-bench,Qwen/Qwen3-4B,mgoin/Qwen3-4B-speculator.dflash2,0.0,8,dflash2_pairwise_k16_tb8,8,315,18,36.77624900592491,14.97232155573632,66.7899093856204,0.26950178800325375,5,3.4,2.4,3.4,0,1,2.2821589665790722,True,0.009951416992407758,0.055872614997497294,0.00453108201327268,0.0011581160069908947,0.1972282710048603
111,mt-bench,Qwen/Qwen3-4B,mgoin/Qwen3-4B-speculator.dflash2,0.0,8,dflash2_pairwise_k16_tb16,16,315,18,37.211358998320065,11.817081833416724,84.62326097904881,0.21270747300150106,4,4.25,3.5,4.25,0.25,0.75,2.891510642864802,False,0.007949249993544072,0.041846935004286934,0.0047107680002227426,0.0009445510077057406,0.15665359400736634
111,mt-bench,Qwen/Qwen3-4B,mgoin/Qwen3-4B-speculator.dflash2,0.0,8,dflash2_pairwise_k16_tb32,32,315,18,36.7444389994489,11.883978888767565,84.14690141743475,0.21391161999781616,4,4.25,3.5,4.25,0.25,0.75,2.8752338092105365,False,0.007887619001849089,0.041747583003598265,0.006683101993985474,0.0009756210056366399,0.15598836798744742
111,mt-bench,Qwen/Qwen3-4B,mgoin/Qwen3-4B-speculator.dflash2,0.0,8,dflash2_pairwise_k16_tb64,64,315,18,36.69259699381655,12.32788511091106,81.11691429659159,0.22190193199639907,4,4.25,3.5,4.25,0.25,0.75,2.771701519077799,True,0.007955362991197035,0.04237645700777648,0.011311636990285479,0.0009095720015466213,0.15869301800557878
112,mt-bench,Qwen/Qwen3-4B,mgoin/Qwen3-4B-speculator.dflash2,0.0,8,baseline,,218,73,38.47263799980283,35.774740821854145,27.952683290695372,2.6115560799953528,72,1,,,,,1.0,True,0.017714204979711212,0.0,0.0,0.0,2.581701123956009
112,mt-bench,Qwen/Qwen3-4B,mgoin/Qwen3-4B-speculator.dflash2,0.0,8,dflash2,,218,73,36.873661003482994,11.704208808237437,85.4393506117388,0.854407243001333,16,4.5,3.5625,4.5,0.25,0.9375,3.056570624122481,True,0.009585850988514721,0.1908595440108911,0.0,0.0,0.6516626050070045
112,mt-bench,Qwen/Qwen3-4B,mgoin/Qwen3-4B-speculator.dflash2,0.0,8,dflash2_unary_k16_tb8,8,218,73,36.90804100187961,11.454098999969922,87.3049901177409,0.8361492269978044,15,4.8,3.8666666666666667,4.8,0.13333333333333333,0.9333333333333333,3.1233133939167184,True,0.029676572972675785,0.19619336799223674,0.011060284981795121,0.0036313649907242507,0.5932375130214496
112,mt-bench,Qwen/Qwen3-4B,mgoin/Qwen3-4B-speculator.dflash2,0.0,8,dflash2_unary_k16_tb16,16,218,73,36.90070000448031,11.571431945238347,86.41972788955484,0.8447145320023992,15,4.8,3.8666666666666667,4.8,0.3333333333333333,0.9333333333333333,3.0916433671439845,True,0.03010665698093362,0.19789510600094218,0.015119614014110994,0.0035213379887863994,0.5956262730105664
112,mt-bench,Qwen/Qwen3-4B,mgoin/Qwen3-4B-speculator.dflash2,0.0,8,dflash2_unary_k16_tb32,32,218,73,36.94805299892323,11.555848698600592,86.53626627364025,0.8435769549978431,15,4.8,3.8666666666666667,4.8,0.3333333333333333,0.9333333333333333,3.095812497630438,True,0.02993747601431096,0.19687232199066784,0.022329528008413035,0.003592788998503238,0.5884146069874987
112,mt-bench,Qwen/Qwen3-4B,mgoin/Qwen3-4B-speculator.dflash2,0.0,8,dflash2_unary_k16_tb64,64,218,73,37.055997003335506,12.121222164439617,82.4999316433395,0.8848492180040921,15,4.8,3.8666666666666667,4.8,0.3333333333333333,0.9333333333333333,2.951413672361154,True,0.03030354798102053,0.1974594290004461,0.03797727699566167,0.0036539850043482147,0.6128631519968621
112,mt-bench,Qwen/Qwen3-4B,mgoin/Qwen3-4B-speculator.dflash2,0.0,8,dflash2_pairwise_k16_tb8,8,218,73,37.202528001216706,11.613948232903343,86.1033629517059,0.847818221001944,15,4.8,3.8666666666666667,4.8,0.2,0.9333333333333333,3.0803254934873174,True,0.029716918994381558,0.1980574779881863,0.01383789196552243,0.0034568979899631813,0.6003949330042815
112,mt-bench,Qwen/Qwen3-4B,mgoin/Qwen3-4B-speculator.dflash2,0.0,8,dflash2_pairwise_k16_tb16,16,218,73,37.130566997802816,11.558529589072425,86.5161950137163,0.843772660002287,15,4.8,3.8666666666666667,4.8,0.3333333333333333,0.9333333333333333,3.0950944535086906,True,0.029981123996549286,0.19722726899635745,0.01769265200709924,0.003472319003776647,0.5930233500039321
112,mt-bench,Qwen/Qwen3-4B,mgoin/Qwen3-4B-speculator.dflash2,0.0,8,dflash2_pairwise_k16_tb32,32,218,73,37.00528399349423,11.623489698662251,86.03268260435506,0.8485147480023443,15,4.8,3.8666666666666667,4.8,0.3333333333333333,0.9333333333333333,3.077796922379642,True,0.02985493100277381,0.19749464699998498,0.025608592011849396,0.0035369199904380366,0.5895223249899573
112,mt-bench,Qwen/Qwen3-4B,mgoin/Qwen3-4B-speculator.dflash2,0.0,8,dflash2_pairwise_k16_tb64,64,218,73,36.77811899979133,11.125767657538072,89.88143836730828,0.8121810390002793,14,5.142857142857143,4.214285714285714,5.142857142857143,0.35714285714285715,0.9285714285714286,3.2154851622859106,True,0.028096487010770943,0.18259226399823092,0.037980517983669415,0.0033350439989590086,0.5577700399953756
113,mt-bench,Qwen/Qwen3-4B,mgoin/Qwen3-4B-speculator.dflash2,0.0,8,baseline,,330,33,37.14070799469482,36.120244091073275,27.685305710520907,1.1919680550054181,32,1,,,,,1.0,True,0.008000137000635732,0.0,0.0,0.0,1.1783798609976657
113,mt-bench,Qwen/Qwen3-4B,mgoin/Qwen3-4B-speculator.dflash2,0.0,8,dflash2,,330,33,36.7203679998056,14.353974121067122,69.66711738265673,0.47368114599521505,9,3.5555555555555554,2.6666666666666665,3.5555555555555554,0.2222222222222222,0.8888888888888888,2.516393284983015,True,0.005338063994713593,0.10113166000519414,0.0,0.0,0.3659330529990257
113,mt-bench,Qwen/Qwen3-4B,mgoin/Qwen3-4B-speculator.dflash2,0.0,8,dflash2_unary_k16_tb8,8,330,33,37.182367996138055,13.508119091001749,74.02955165431851,0.4457679300030577,8,4,3.125,4,0.125,0.875,2.6739654757067024,True,0.01607266800419893,0.09870925399445696,0.006231811006728094,0.0018746249988907948,0.32163137698807986
113,mt-bench,Qwen/Qwen3-4B,mgoin/Qwen3-4B-speculator.dflash2,0.0,8,dflash2_unary_k16_tb16,16,330,33,37.54680600104621,11.663965818033002,85.73413327857632,0.3849108719950891,7,4.571428571428571,3.7142857142857144,4.571428571428571,0.2857142857142857,0.8571428571428571,3.0967378209587855,True,0.014056510008231271,0.08455242199124768,0.007061452000925783,0.0016294289962388575,0.27651479699852644
113,mt-bench,Qwen/Qwen3-4B,mgoin/Qwen3-4B-speculator.dflash2,0.0,8,dflash2_unary_k16_tb32,32,330,33,37.18900799867697,11.760667696900342,85.02918590783425,0.38810203399771126,7,4.571428571428571,3.7142857142857144,4.571428571428571,0.14285714285714285,0.8571428571428571,3.071274949856221,True,0.014177473989548162,0.08462721200339729,0.010379497005487792,0.001621064991923049,0.27618424398679053
113,mt-bench,Qwen/Qwen3-4B,mgoin/Qwen3-4B-speculator.dflash2,0.0,8,dflash2_unary_k16_tb64,64,330,33,37.17117800260894,10.34844036356927,96.63291905516581,0.3414985319977859,6,5.333333333333333,4.5,5.333333333333333,0.3333333333333333,0.8333333333333334,3.490404623505515,True,0.012303894000069704,0.07059078100428451,0.015076613999553956,0.0014014919943292625,0.24105962899920996
113,mt-bench,Qwen/Qwen3-4B,mgoin/Qwen3-4B-speculator.dflash2,0.0,8,dflash2_pairwise_k16_tb8,8,330,33,37.25238100014394,13.397722636220736,74.6395508514634,0.4421248469952843,8,4,3.125,4,0.25,0.875,2.6959987956029345,True,0.016678970008797478,0.09821246501087444,0.007310766995942686,0.0018998460000148043,0.31680954502371605
113,mt-bench,Qwen/Qwen3-4B,mgoin/Qwen3-4B-speculator.dflash2,0.0,8,dflash2_pairwise_k16_tb16,16,330,33,37.15750800620299,11.674921757455168,85.65367895176149,0.3852724179960205,7,4.571428571428571,3.7142857142857144,4.571428571428571,0.2857142857142857,0.8571428571428571,3.0938317910360507,True,0.014115712998318486,0.08433836200129008,0.008350449003046378,0.0015903460152912885,0.275794886998483
113,mt-bench,Qwen/Qwen3-4B,mgoin/Qwen3-4B-speculator.dflash2,0.0,8,dflash2_pairwise_k16_tb32,32,330,33,37.224289000732824,10.085322212200316,99.15399616982886,0.3328156330026104,6,5.333333333333333,4.5,5.333333333333333,0.3333333333333333,0.8333333333333334,3.581466544259563,True,0.012234706999151967,0.07077976199798286,0.010322416012058966,0.0013989209983265027,0.23714916098833783
113,mt-bench,Qwen/Qwen3-4B,mgoin/Qwen3-4B-speculator.dflash2,0.0,8,dflash2_pairwise_k16_tb64,64,330,33,37.170787996728905,10.32303006054876,96.87078252553701,0.34065999199810904,6,5.333333333333333,4.5,5.333333333333333,0.3333333333333333,0.8333333333333334,3.4989963101156727,True,0.012150247006502468,0.0702511119961855,0.016447674002847634,0.0014316050001070835,0.2393537810057751
114,mt-bench,Qwen/Qwen3-4B,mgoin/Qwen3-4B-speculator.dflash2,0.0,8,baseline,,345,41,41.46843500348041,35.603600414682795,28.08704705009563,1.4597476170019945,40,1,,,,,1.0,True,0.009949664017767645,0.0,0.0,0.0,1.4428488060002564
114,mt-bench,Qwen/Qwen3-4B,mgoin/Qwen3-4B-speculator.dflash2,0.0,8,dflash2,,345,41,37.08909700071672,18.290584097529774,54.672939621160296,0.7499139479987208,14,2.857142857142857,1.9285714285714286,2.857142857142857,0,0.9285714285714286,1.94655349576787,True,0.009280818987463135,0.1655297980250907,0.0,0.0,0.5730751800001599
114,mt-bench,Qwen/Qwen3-4B,mgoin/Qwen3-4B-speculator.dflash2,0.0,8,dflash2_unary_k16_tb8,8,345,41,37.26263899443438,19.161703975597202,52.187425568911785,0.7856298629994853,14,2.857142857142857,1.9285714285714286,2.857142857142857,0,0.9285714285714286,1.858060246626535,True,0.027908447998925112,0.18289219299185788,0.01086284797929693,0.0032503699985682033,0.5585151519917417
114,mt-bench,Qwen/Qwen3-4B,mgoin/Qwen3-4B-speculator.dflash2,0.0,8,dflash2_unary_k16_tb16,16,345,41,37.27749099925859,17.76780802440665,56.281562623051514,0.7284801290006726,13,3.076923076923077,2.1538461538461537,3.076923076923077,0,0.9230769230769231,2.0038262663450723,True,0.025887190000503324,0.16921881901362212,0.013365343002078589,0.0030805159840383567,0.5148765569902025
114,mt-bench,Qwen/Qwen3-4B,mgoin/Qwen3-4B-speculator.dflash2,0.0,8,dflash2_unary_k16_tb32,32,345,41,37.307451995729934,16.492746024330078,60.63271686381402,0.6762025869975332,12,3.3333333333333335,2.4166666666666665,3.3333333333333335,0,0.9166666666666666,2.158743023275833,True,0.023994945986487437,0.15510474098846316,0.018395570004940964,0.0028055080110789277,0.47390777099644765
114,mt-bench,Qwen/Qwen3-4B,mgoin/Qwen3-4B-speculator.dflash2,0.0,8,dflash2_unary_k16_tb64,64,345,41,37.358382003731094,15.534762195141123,64.3717610503735,0.636925250000786,11,3.6363636363636362,2.727272727272727,3.6363636363636362,0.09090909090909091,0.9090909090909091,2.2918664584269397,True,0.02208183098991867,0.14138327200635104,0.027685570996254683,0.00259620798897231,0.4412562970028375
114,mt-bench,Qwen/Qwen3-4B,mgoin/Qwen3-4B-speculator.dflash2,0.0,8,dflash2_pairwise_k16_tb8,8,345,41,37.326651996409055,17.786279682917577,56.22311229933188,0.7292374669996208,13,3.076923076923077,2.1538461538461537,3.076923076923077,0,0.9230769230769231,2.0017452243752496,True,0.02590852999855997,0.16876520900405012,0.012050992001604754,0.0030652580098831095,0.5174351340028807
114,mt-bench,Qwen/Qwen3-4B,mgoin/Qwen3-4B-speculator.dflash2,0.0,8,dflash2_pairwise_k16_tb16,16,345,41,37.38186300324742,15.014584780501758,66.60190838567978,0.6155979760005721,11,3.6363636363636362,2.727272727272727,3.6363636363636362,0,0.9090909090909091,2.371267733019054,True,0.021868768002605066,0.14101471701724222,0.013105479993100744,0.0026139749970752746,0.43526321699027903
114,mt-bench,Qwen/Qwen3-4B,mgoin/Qwen3-4B-speculator.dflash2,0.0,8,dflash2_pairwise_k16_tb32,32,345,41,37.34579199954169,13.745500438877881,72.75107984948967,0.5635655179939931,10,4,3.1,4,0,0.9,2.5902003766979114,True,0.02001063099305611,0.12692530700587668,0.017300562001764774,0.002370072004850954,0.3952699080109596
114,mt-bench,Qwen/Qwen3-4B,mgoin/Qwen3-4B-speculator.dflash2,0.0,8,dflash2_pairwise_k16_tb64,64,345,41,37.18591800134163,14.20070714634565,70.41902841136583,0.5822289930001716,10,4,3.1,4,0.1,0.9,2.5071709491484637,True,0.020173479002551176,0.1278392689928296,0.027992303999781143,0.002357550009037368,0.4021429639979033
115,mt-bench,Qwen/Qwen3-4B,mgoin/Qwen3-4B-speculator.dflash2,0.0,8,baseline,,417,31,37.52787600387819,35.326430128817826,28.30741731767122,1.0951193339933525,30,1,,,,,1.0,True,0.007390955986920744,0.0,0.0,0.0,1.0825904789962806
115,mt-bench,Qwen/Qwen3-4B,mgoin/Qwen3-4B-speculator.dflash2,0.0,8,dflash2,,417,31,37.36712200043257,13.631414870859214,73.35995635623759,0.42257386099663563,8,3.75,2.875,3.75,0.125,0.875,2.591545372471752,True,0.005044616998929996,0.08924755500629544,0.0,0.0,0.3271410230008769
115,mt-bench,Qwen/Qwen3-4B,mgoin/Qwen3-4B-speculator.dflash2,0.0,8,dflash2_unary_k16_tb8,8,417,31,37.405593997391406,14.268141354888588,70.08621341260944,0.4423123820015462,8,3.75,2.875,3.75,0.125,0.875,2.4758957211139623,True,0.015910373003862333,0.09867310000845464,0.006084365995775443,0.001863569013949018,0.318531321012415
115,mt-bench,Qwen/Qwen3-4B,mgoin/Qwen3-4B-speculator.dflash2,0.0,8,dflash2_unary_k16_tb16,16,417,31,37.54731699882541,12.411141225921682,80.5727677895904,0.3847453780035721,7,4.285714285714286,3.2857142857142856,4.285714285714286,0.14285714285714285,1,2.8463482516044287,True,0.013919388009526301,0.08471099501184653,0.006791764004447032,0.0016614769992884248,0.27657867800735403
115,mt-bench,Qwen/Qwen3-4B,mgoin/Qwen3-4B-speculator.dflash2,0.0,8,dflash2_unary_k16_tb32,32,417,31,37.40898399701109,12.518708806319705,79.88044258168057,0.3880799729959108,7,4.285714285714286,3.4285714285714284,4.285714285714286,0.14285714285714285,0.8571428571428571,2.8218908735207826,True,0.014017570007126778,0.0848545330009074,0.010113232005096506,0.0016568979917792603,0.27631892399222124
115,mt-bench,Qwen/Qwen3-4B,mgoin/Qwen3-4B-speculator.dflash2,0.0,8,dflash2_unary_k16_tb64,64,417,31,37.40822399413446,12.857488483742571,77.77568700640353,0.3985821429960197,7,4.285714285714286,3.4285714285714284,4.285714285714286,0.14285714285714285,0.8571428571428571,2.7475373727525185,True,0.014137124999251682,0.0847352850032621,0.016682602996297646,0.001677439002378378,0.28018843201425625
115,mt-bench,Qwen/Qwen3-4B,mgoin/Qwen3-4B-speculator.dflash2,0.0,8,dflash2_pairwise_k16_tb8,8,417,31,37.30442099913489,12.465905354944088,80.21880252791998,0.3864430660032667,7,4.285714285714286,3.4285714285714284,4.285714285714286,0.14285714285714285,0.8571428571428571,2.83384392252,True,0.013889199995901436,0.08472808200167492,0.006416557989723515,0.0015990769970812835,0.2786981479948736
115,mt-bench,Qwen/Qwen3-4B,mgoin/Qwen3-4B-speculator.dflash2,0.0,8,dflash2_pairwise_k16_tb16,16,417,31,37.60989799775416,12.477960806497704,80.1412999694041,0.3868167850014288,7,4.285714285714286,3.4285714285714284,4.285714285714286,0.14285714285714285,0.8571428571428571,2.831106033801784,True,0.013923787002568133,0.08485779600596288,0.008157216994732153,0.001609705010196194,0.2771798730100272
115,mt-bench,Qwen/Qwen3-4B,mgoin/Qwen3-4B-speculator.dflash2,0.0,8,dflash2_pairwise_k16_tb32,32,417,31,37.4171329967794,8.817685387311354,113.40844632980438,0.27334824700665195,5,6,5.2,6,0.4,0.8,4.00631555528762,True,0.010018490000220481,0.056680702000448946,0.008235506007622462,0.0011666760037769563,0.19643400400673272
115,mt-bench,Qwen/Qwen3-4B,mgoin/Qwen3-4B-speculator.dflash2,0.0,8,dflash2_pairwise_k16_tb64,64,417,31,37.47777499665972,9.092969387101249,109.97507606465068,0.28188205100013874,5,6,5.2,6,0.6,0.8,3.885026840509308,True,0.010076418984681368,0.0565990720060654,0.013098756993713323,0.0011877689903485589,0.2000851550110383
116,mt-bench,Qwen/Qwen3-4B,mgoin/Qwen3-4B-speculator.dflash2,0.0,8,baseline,,157,55,39.051681000273675,35.92347414550287,27.83695129122656,1.975791078002658,54,1,,,,,1.0,True,0.013483161004842259,0.0,0.0,0.0,1.9530609839857789
116,mt-bench,Qwen/Qwen3-4B,mgoin/Qwen3-4B-speculator.dflash2,0.0,8,dflash2,,157,55,37.67101900302805,15.604530181868043,64.08395436102059,0.8582491600027424,16,3.375,2.4375,3.375,0,0.9375,2.302118277629709,True,0.010558080997725483,0.19197883000742877,0.0,0.0,0.6533512959867949
116,mt-bench,Qwen/Qwen3-4B,mgoin/Qwen3-4B-speculator.dflash2,0.0,8,dflash2_unary_k16_tb8,8,157,55,37.587557002552785,16.362049290910363,61.117038716875875,0.8999127110000699,16,3.375,2.4375,3.375,0,0.9375,2.1955363601953883,True,0.03185658597794827,0.21242641199205536,0.012269729995750822,0.003889308987709228,0.6368973340067896
116,mt-bench,Qwen/Qwen3-4B,mgoin/Qwen3-4B-speculator.dflash2,0.0,8,dflash2_unary_k16_tb16,16,157,55,37.587288999930024,14.304216527274217,69.90945628467482,0.7867319090000819,14,3.857142857142857,2.9285714285714284,3.857142857142857,0,0.9285714285714286,2.511390545368679,True,0.027879755005415063,0.18367974001012044,0.014299405993369874,0.0033056750035029836,0.5553285169953597
116,mt-bench,Qwen/Qwen3-4B,mgoin/Qwen3-4B-speculator.dflash2,0.0,8,dflash2_unary_k16_tb32,32,157,55,37.5764570053434,12.282714418225542,81.41522842183511,0.6755492930024047,12,4.5,3.5833333333333335,4.5,0,0.9166666666666666,2.924717853262004,True,0.02400231700448785,0.15563930200733012,0.018133872996259015,0.0028379850191413425,0.4729519329921459
116,mt-bench,Qwen/Qwen3-4B,mgoin/Qwen3-4B-speculator.dflash2,0.0,8,dflash2_unary_k16_tb64,64,157,91,37.56072600663174,16.705934208792833,59.8589691244965,1.5202400130001477,26,3.4615384615384617,2.5,3.4615384615384617,0.07692307692307693,0.9615384615384616,2.1503421297203045,False,0.052174954988004174,0.353383452995331,0.06521242098096991,0.006176907998451497,1.0387604030329385
116,mt-bench,Qwen/Qwen3-4B,mgoin/Qwen3-4B-speculator.dflash2,0.0,8,dflash2_pairwise_k16_tb8,8,157,55,37.971007004671264,15.347598163696768,65.15677497769009,0.8441178990033222,15,3.6,2.6666666666666665,3.6,0,0.9333333333333333,2.3406577213153983,True,0.02982797300501261,0.19843004501308315,0.013894088995584752,0.003491598974505905,0.5960849569964921
116,mt-bench,Qwen/Qwen3-4B,mgoin/Qwen3-4B-speculator.dflash2,0.0,8,dflash2_pairwise_k16_tb16,16,157,55,37.6815589988837,14.359422145406082,69.64068538927408,0.7897682179973344,14,3.857142857142857,2.9285714285714284,3.857142857142857,0,0.9285714285714286,2.501735361056687,True,0.027942135006014723,0.18413982300990028,0.016733086995373014,0.003261254998506047,0.5554632429921185
116,mt-bench,Qwen/Qwen3-4B,mgoin/Qwen3-4B-speculator.dflash2,0.0,8,dflash2_pairwise_k16_tb32,32,157,55,37.73940200335346,12.320804927334063,81.16352834882329,0.6776442710033734,12,4.5,3.5833333333333335,4.5,0,0.9166666666666666,2.915675912196743,True,0.02391444699605927,0.15643268697021995,0.020811306007090025,0.002853138983482495,0.47168082500138553
116,mt-bench,Qwen/Qwen3-4B,mgoin/Qwen3-4B-speculator.dflash2,0.0,8,dflash2_pairwise_k16_tb64,64,157,91,37.55518599791685,11.561407945019699,86.49465573358385,1.0520881229967927,18,5,4.055555555555555,5,0.2222222222222222,0.9444444444444444,3.107188528969571,False,0.03605262601922732,0.24125685501348926,0.049095848997239955,0.004272729012882337,0.7183487219954259
117,mt-bench,Qwen/Qwen3-4B,mgoin/Qwen3-4B-speculator.dflash2,0.0,8,baseline,,281,76,37.00973499508109,36.01551575009484,27.765810906022264,2.737179197007208,75,1,,,,,1.0,True,0.018675564977456816,0.0,0.0,0.0,2.705850341000769
117,mt-bench,Qwen/Qwen3-4B,mgoin/Qwen3-4B-speculator.dflash2,0.0,8,dflash2,,281,76,37.08097599883331,9.81767726309619,101.85708627425701,0.7461434719953104,14,5.357142857142857,4.428571428571429,5.357142857142857,0.2857142857142857,0.9285714285714286,3.668435494969273,True,0.008214661997044459,0.16588955497718416,0.0,0.0,0.5699953529910999
117,mt-bench,Qwen/Qwen3-4B,mgoin/Qwen3-4B-speculator.dflash2,0.0,8,dflash2_unary_k16_tb8,8,281,76,37.21040800155606,16.308448921048885,61.31790980498006,1.2394421179997153,22,3.409090909090909,2.4545454545454546,3.409090909090909,0.09090909090909091,0.9545454545454546,2.2083961463441546,True,0.04389994999655755,0.2965550380104105,0.016862085009051953,0.005180170002859086,0.8734834260176285
117,mt-bench,Qwen/Qwen3-4B,mgoin/Qwen3-4B-speculator.dflash2,0.0,8,dflash2_unary_k16_tb16,16,281,76,37.11390800162917,14.090745026279412,70.9685682435519,1.0708966219972353,19,3.9473684210526314,3,3.9473684210526314,0.10526315789473684,0.9473684210526315,2.5559695873373243,True,0.037790792011946905,0.25511727001867257,0.019234437997511122,0.004512775005423464,0.7511490830074763
117,mt-bench,Qwen/Qwen3-4B,mgoin/Qwen3-4B-speculator.dflash2,0.0,8,dflash2_unary_k16_tb32,32,281,76,37.21076899819309,12.705463276353456,78.70629966410843,0.9656152090028627,17,4.411764705882353,3.4705882352941178,4.411764705882353,0.11764705882352941,0.9411764705882353,2.8346479751843816,True,0.03391762499086326,0.22607074499683222,0.028904747974593192,0.004034562982269563,0.6698795510164928
117,mt-bench,Qwen/Qwen3-4B,mgoin/Qwen3-4B-speculator.dflash2,0.0,8,dflash2_unary_k16_tb64,64,281,76,37.11904699594015,13.02079982892074,76.80019761757502,0.9895807869979762,17,4.411764705882353,3.4705882352941178,4.411764705882353,0.11764705882352941,0.9411764705882353,2.76599872690617,True,0.0342224900086876,0.22668757899373304,0.041818688994681,0.004030481002700981,0.6798925600160146
117,mt-bench,Qwen/Qwen3-4B,mgoin/Qwen3-4B-speculator.dflash2,0.0,8,dflash2_pairwise_k16_tb8,8,281,76,37.045774995931424,10.35129721046695,96.60624940696584,0.7866985879954882,14,5.357142857142857,4.428571428571429,5.357142857142857,0.2857142857142857,0.9285714285714286,3.479323897074169,True,0.02800291299354285,0.1837384900136385,0.012865344993770123,0.0032724449993111193,0.5565679580031428
117,mt-bench,Qwen/Qwen3-4B,mgoin/Qwen3-4B-speculator.dflash2,0.0,8,dflash2_pairwise_k16_tb16,16,281,76,37.12017599900719,10.354610828998327,96.57533407238029,0.7869504230038729,14,5.357142857142857,4.428571428571429,5.357142857142857,0.35714285714285715,0.9285714285714286,3.4782104653544836,True,0.02791064600023674,0.18409627898654435,0.016603629002929665,0.003272318026574794,0.5528131920000305
117,mt-bench,Qwen/Qwen3-4B,mgoin/Qwen3-4B-speculator.dflash2,0.0,8,dflash2_pairwise_k16_tb32,32,281,76,37.25905000464991,9.646631657903383,103.66312672265357,0.733144006000657,13,5.769230769230769,4.846153846153846,5.769230769230769,0.38461538461538464,0.9230769230769231,3.7334809731838074,True,0.02602271300565917,0.16955579796922393,0.021557800006121397,0.0030415790097322315,0.5108541040099226
117,mt-bench,Qwen/Qwen3-4B,mgoin/Qwen3-4B-speculator.dflash2,0.0,8,dflash2_pairwise_k16_tb64,64,281,76,37.02152500045486,9.147164868409163,109.32349141903198,0.6951845299990964,12,6.25,5.333333333333333,6.25,0.4166666666666667,0.9166666666666666,3.937341927057505,True,0.024087047997454647,0.15547051800967893,0.03146259999630274,0.0029134590076864697,0.47921204100566683
118,mt-bench,Qwen/Qwen3-4B,mgoin/Qwen3-4B-speculator.dflash2,0.0,8,baseline,,354,75,41.723891998117324,35.96174244002517,27.80732890425818,2.6971306830018875,74,1,,,,,1.0,True,0.018342317976930644,0.0,0.0,0.0,2.666250672969909
118,mt-bench,Qwen/Qwen3-4B,mgoin/Qwen3-4B-speculator.dflash2,0.0,8,dflash2,,354,75,37.08101499796612,7.784616933398259,128.45847246634713,0.5838462700048694,11,6.7272727272727275,5.818181818181818,6.7272727272727275,0.36363636363636365,0.9090909090909091,4.619590501073841,True,0.006251016013266053,0.12834014799591387,0.0,0.0,0.44770717999199405
118,mt-bench,Qwen/Qwen3-4B,mgoin/Qwen3-4B-speculator.dflash2,0.0,8,dflash2_unary_k16_tb8,8,354,75,37.49137499835342,8.148013773316052,122.72929671215114,0.611101032998704,11,6.7272727272727275,5.818181818181818,6.7272727272727275,0.45454545454545453,0.9090909090909091,4.413559358207807,True,0.02194578900525812,0.1410183599946322,0.008355090998520609,0.0026058010262204334,0.43547363700781716
118,mt-bench,Qwen/Qwen3-4B,mgoin/Qwen3-4B-speculator.dflash2,0.0,8,dflash2_unary_k16_tb16,16,354,75,37.054234999231994,8.15939602665215,122.55809090937164,0.6119547019989112,11,6.7272727272727275,5.818181818181818,6.7272727272727275,0.45454545454545453,0.9090909090909091,4.407402499224013,True,0.02188488901447272,0.14123373799520778,0.010802051998325624,0.0025640900057624094,0.4337016170102288
118,mt-bench,Qwen/Qwen3-4B,mgoin/Qwen3-4B-speculator.dflash2,0.0,8,dflash2_unary_k16_tb32,32,354,75,37.78989200509386,7.440371599999101,134.4018892819978,0.5580278699999326,10,7.4,6.5,7.4,0.8,0.9,4.8333261258119835,True,0.019974434006144293,0.1272027229933883,0.014331216007121839,0.0023522340125055052,0.39256713400391163
118,mt-bench,Qwen/Qwen3-4B,mgoin/Qwen3-4B-speculator.dflash2,0.0,8,dflash2_unary_k16_tb64,64,354,75,37.08734599786112,7.6374419865896925,130.9338914463591,0.5728081489942269,10,7.4,6.5,7.4,0.8,0.9,4.70861088086418,True,0.020056107990967575,0.12670364000223344,0.023802732990588993,0.00234639198606601,0.3982072330036317
118,mt-bench,Qwen/Qwen3-4B,mgoin/Qwen3-4B-speculator.dflash2,0.0,8,dflash2_pairwise_k16_tb8,8,354,75,37.04598500189604,8.185684746616365,122.16448971032754,0.6139263559962274,11,6.7272727272727275,5.818181818181818,6.7272727272727275,0.45454545454545453,0.9090909090909091,4.393247914279904,True,0.021889277988520917,0.14076674300304148,0.010066669019579422,0.0025180369993904606,0.4369716980145313
118,mt-bench,Qwen/Qwen3-4B,mgoin/Qwen3-4B-speculator.dflash2,0.0,8,dflash2_pairwise_k16_tb16,16,354,75,37.13919700385304,8.96881689336927,111.49742623682164,0.6726612670026952,12,6.166666666666667,5.25,6.166666666666667,0.3333333333333333,0.9166666666666666,4.009641725054284,True,0.0239653450116748,0.15532621301099425,0.014094263002334628,0.0028497309831436723,0.47448195300239604
118,mt-bench,Qwen/Qwen3-4B,mgoin/Qwen3-4B-speculator.dflash2,0.0,8,dflash2_pairwise_k16_tb32,32,354,75,37.331050996726844,8.256469573340533,121.11714227457682,0.61923521800054,11,6.7272727272727275,5.818181818181818,6.7272727272727275,0.5454545454545454,0.9090909090909091,4.355583475550215,True,0.022034966998035088,0.14141964800364804,0.01848325900209602,0.0025955859891837463,0.43291961899376474
118,mt-bench,Qwen/Qwen3-4B,mgoin/Qwen3-4B-speculator.dflash2,0.0,8,dflash2_pairwise_k16_tb64,64,354,75,37.13685699767666,7.675218973308802,130.28944235696486,0.5756414229981601,10,7.4,6.5,7.4,0.8,0.9,4.685435368695675,True,0.02006527400953928,0.1270121950074099,0.02589846602495527,0.0023427730047842488,0.39861210501840105
119,mt-bench,Qwen/Qwen3-4B,mgoin/Qwen3-4B-speculator.dflash2,0.0,8,baseline,,459,123,37.24479000084102,36.24179576422094,27.5924517235769,4.457740878999175,122,1,,,,,1.0,True,0.030286581997643225,0.0,0.0,0.0,4.407093914007419
119,mt-bench,Qwen/Qwen3-4B,mgoin/Qwen3-4B-speculator.dflash2,0.0,8,dflash2,,459,123,37.35323300497839,9.096261105659641,109.93527872433278,1.1188401159961359,21,5.809523809523809,4.857142857142857,5.809523809523809,0.5238095238095238,0.9523809523809523,3.9842519188099716,True,0.011061240984417964,0.2548454369753017,0.0,0.0,0.8498398760057171
119,mt-bench,Qwen/Qwen3-4B,mgoin/Qwen3-4B-speculator.dflash2,0.0,8,dflash2_unary_k16_tb8,8,459,123,37.4476639990462,9.110196455234162,109.76711697863125,1.120554163993802,20,6.1,5.15,6.1,0.55,0.95,3.978157435166902,True,0.03986715201608604,0.26745655397098744,0.014666906979982741,0.00480314497690415,0.7906080160100828
119,mt-bench,Qwen/Qwen3-4B,mgoin/Qwen3-4B-speculator.dflash2,0.0,8,dflash2_unary_k16_tb16,16,459,123,37.377781998657156,9.118981300820067,109.6613719243037,1.1216347000008682,20,6.1,5.15,6.1,0.6,0.95,3.9743250445048863,True,0.03969870301807532,0.2674790979945101,0.01933884199388558,0.00471139499131823,0.7872051910162554
119,mt-bench,Qwen/Qwen3-4B,mgoin/Qwen3-4B-speculator.dflash2,0.0,8,dflash2_unary_k16_tb32,32,459,123,37.47730499890167,9.150384040655876,109.28503061258647,1.1254972370006726,20,6.1,5.15,6.1,0.65,0.95,3.9606857595479914,True,0.03986548299144488,0.26788521698472323,0.0284887309971964,0.004753167995659169,0.7812373419801588
119,mt-bench,Qwen/Qwen3-4B,mgoin/Qwen3-4B-speculator.dflash2,0.0,8,dflash2_unary_k16_tb64,64,459,123,37.37291200377513,8.92323138212645,112.06702562964304,1.0975574600015534,19,6.421052631578948,5.421052631578948,6.421052631578948,0.6842105263157895,1,4.0615102547732365,True,0.03812928096886026,0.2543521049883566,0.044422333005059045,0.004527846002019942,0.7528566620021593
119,mt-bench,Qwen/Qwen3-4B,mgoin/Qwen3-4B-speculator.dflash2,0.0,8,dflash2_pairwise_k16_tb8,8,459,123,37.39562400005525,9.606311195167974,104.09823080715991,1.1815762770056608,21,5.809523809523809,4.857142857142857,5.809523809523809,0.47619047619047616,0.9523809523809523,3.7727068203298213,True,0.04183696499239886,0.2826187360260519,0.01916770700336201,0.004997817042749375,0.8296388979870244
119,mt-bench,Qwen/Qwen3-4B,mgoin/Qwen3-4B-speculator.dflash2,0.0,8,dflash2_pairwise_k16_tb16,16,459,123,37.48987499420764,9.144661560980223,109.35341820269717,1.1247933720005676,20,6.1,5.15,6.1,0.6,0.95,3.9631642486215912,True,0.039699582011962775,0.2678402600213303,0.022854280010506045,0.004677322998759337,0.7864670810013195
119,mt-bench,Qwen/Qwen3-4B,mgoin/Qwen3-4B-speculator.dflash2,0.0,8,dflash2_pairwise_k16_tb32,32,459,123,37.70041099778609,9.185181747934104,108.87100848330151,1.1297773549958947,20,6.1,5.15,6.1,0.6,0.95,3.945680854096578,True,0.03989897298015421,0.2680181300165714,0.032625793013721704,0.0064361230106442235,0.7794991589980782
119,mt-bench,Qwen/Qwen3-4B,mgoin/Qwen3-4B-speculator.dflash2,0.0,8,dflash2_pairwise_k16_tb64,64,459,123,37.303909004549496,8.005598260182508,124.91258835379061,0.9846885860024486,17,7.176470588235294,6.235294117647059,7.176470588235294,0.7647058823529411,0.9411764705882353,4.527056515498282,True,0.034127110011468176,0.22592588698898908,0.04368184402119368,0.004038373001094442,0.6739757330142311
120,mt-bench,Qwen/Qwen3-4B,mgoin/Qwen3-4B-speculator.dflash2,0.0,8,baseline,,38,617,38.7192039997899,36.39041577795833,27.479762971152965,22.452886535000292,616,1,,,,,1.0,True,0.15122593806154327,0.0,0.0,0.0,22.199206115925335
120,mt-bench,Qwen/Qwen3-4B,mgoin/Qwen3-4B-speculator.dflash2,0.0,8,dflash2,,38,737,37.25272999872686,16.875166621432673,59.258674147248314,12.436997799995881,229,3.2139737991266375,2.2183406113537116,3.2139737991266375,0.039301310043668124,0.9956331877729258,2.1564477906689166,False,0.14759474601305556,2.8971359350471175,0.0,0.0,9.357906460871163
120,mt-bench,Qwen/Qwen3-4B,mgoin/Qwen3-4B-speculator.dflash2,0.0,8,dflash2_unary_k16_tb8,8,38,633,37.35940100159496,16.418729778831622,60.90605141021825,10.393055950000416,183,3.453551912568306,2.459016393442623,3.453551912568306,0.03278688524590164,0.994535519125683,2.2163965342115475,False,0.3653364350248012,2.5688334740771097,0.13582297402899712,0.04316228601237526,7.250493151012051
120,mt-bench,Qwen/Qwen3-4B,mgoin/Qwen3-4B-speculator.dflash2,0.0,8,dflash2_unary_k16_tb16,16,38,673,37.260160002915654,14.801561934626534,67.56043750089754,9.961451182003657,175,3.84,2.8457142857142856,3.84,0.045714285714285714,0.9942857142857143,2.4585524107984296,False,0.34682620394596597,2.4529752130183624,0.17758590400626417,0.041325796009914484,6.91423243501049
120,mt-bench,Qwen/Qwen3-4B,mgoin/Qwen3-4B-speculator.dflash2,0.0,8,dflash2_unary_k16_tb32,32,38,732,37.414544000057504,14.319297939894323,69.83582604381371,10.481726092002646,183,3.9945355191256833,3,3.9945355191256833,0.07650273224043716,0.994535519125683,2.5413547459315518,False,0.3639746569606359,2.565816002963402,0.2794897760177264,0.04375860701838974,7.19815203804319
120,mt-bench,Qwen/Qwen3-4B,mgoin/Qwen3-4B-speculator.dflash2,0.0,8,dflash2_unary_k16_tb64,64,38,611,37.382782000349835,14.378033605570533,69.55053990224133,8.784978533003596,149,4.093959731543624,3.1006711409395975,4.093959731543624,0.06711409395973154,0.9932885906040269,2.530973064624043,False,0.29868689893191913,2.0899763260385953,0.3809528000128921,0.035653075989102945,5.953774468012853
120,mt-bench,Qwen/Qwen3-4B,mgoin/Qwen3-4B-speculator.dflash2,0.0,8,dflash2_pairwise_k16_tb8,8,38,690,37.31153099943185,15.498381698547535,64.5228656417539,10.6938833719978,187,3.6844919786096257,2.6898395721925135,3.6844919786096257,0.0481283422459893,0.9946524064171123,2.3480139078887663,False,0.37170784201589413,2.633090688032098,0.1732135510246735,0.04425915199681185,7.441645970000536
120,mt-bench,Qwen/Qwen3-4B,mgoin/Qwen3-4B-speculator.dflash2,0.0,8,dflash2_pairwise_k16_tb16,16,38,694,37.40791299787816,13.679721010095284,73.10090602447416,9.493726381006127,166,4.174698795180723,3.180722891566265,4.174698795180723,0.07228915662650602,0.9939759036144579,2.660172363976074,False,0.33174608201079536,2.331391232997703,0.1994182360213017,0.03923066698916955,6.564821958032553
120,mt-bench,Qwen/Qwen3-4B,mgoin/Qwen3-4B-speculator.dflash2,0.0,8,dflash2_pairwise_k16_tb32,32,38,737,37.02908500417834,13.14816585345817,76.05623561076274,9.690198233998672,168,4.380952380952381,3.386904761904762,4.380952380952381,0.09523809523809523,0.9940476190476191,2.767718036382017,False,0.3489064410314313,2.3601779819800868,0.2909368910768535,0.03982023802382173,6.622359300039534
120,mt-bench,Qwen/Qwen3-4B,mgoin/Qwen3-4B-speculator.dflash2,0.0,8,dflash2_pairwise_k16_tb64,64,38,676,37.29053999995813,12.56123305325167,79.61001883816927,8.491393543998129,143,4.72027972027972,3.727272727272727,4.72027972027972,0.11188811188811189,0.993006993006993,2.8970416856120753,False,0.28803401800541906,2.00985593200312,0.39720968495385023,0.03440635497827316,5.737027182032762
121,mt-bench,Qwen/Qwen3-4B,mgoin/Qwen3-4B-speculator.dflash2,0.0,8,baseline,,736,1097,49.10024999844609,36.70179561804359,27.246623309851714,40.26186979299382,1096,1,,,,,1.0,True,0.2703788288854412,0.0,0.0,0.0,39.807010110067495
121,mt-bench,Qwen/Qwen3-4B,mgoin/Qwen3-4B-speculator.dflash2,0.0,8,dflash2,,736,1075,49.04257899761433,14.164772981393346,70.59767221921499,15.227130954997847,283,3.795053003533569,2.7985865724381624,3.795053003533569,0.1625441696113074,0.9964664310954063,2.591061336899262,False,0.17559262094437145,3.5549198609078303,0.0,0.0,11.454481022003165
121,mt-bench,Qwen/Qwen3-4B,mgoin/Qwen3-4B-speculator.dflash2,0.0,8,dflash2_unary_k16_tb8,8,736,1105,49.054819995944854,14.21748002534374,70.33595251883061,15.710315428004833,279,3.956989247311828,2.960573476702509,3.956989247311828,0.13261648745519714,0.996415770609319,2.5814557539465395,False,0.5515714089342509,3.8773386620232486,0.20625591899442952,0.06547649492858909,10.965383062997716
121,mt-bench,Qwen/Qwen3-4B,mgoin/Qwen3-4B-speculator.dflash2,0.0,8,dflash2_unary_k16_tb16,16,736,1252,49.037989003409166,13.201332638979226,75.74992823431526,16.52806846400199,294,4.255102040816326,3.258503401360544,4.255102040816326,0.19047619047619047,0.9965986394557823,2.7801583841373083,False,0.5811062340653734,4.074531307014695,0.29197607107198564,0.06907623097504256,11.4641212989809
121,mt-bench,Qwen/Qwen3-4B,mgoin/Qwen3-4B-speculator.dflash2,0.0,8,dflash2_unary_k16_tb32,32,736,1104,49.079255004471634,12.510913259957569,79.93021606189215,13.812048238993157,244,4.520491803278689,3.5245901639344264,4.520491803278689,0.20081967213114754,0.9959016393442623,2.9335824536096307,False,0.4844649739970919,3.3833508429161157,0.3683322749493527,0.057686963977175765,9.478245900012553
121,mt-bench,Qwen/Qwen3-4B,mgoin/Qwen3-4B-speculator.dflash2,0.0,8,dflash2_unary_k16_tb64,64,736,1070,49.02630399737973,11.944769292523938,83.71865337121963,12.780903143000614,220,4.859090909090909,3.8636363636363638,4.859090909090909,0.20909090909090908,0.9954545454545455,3.072624905448339,False,0.4385566890487098,3.0531332059545093,0.5527505309510161,0.05242371907661436,8.646083522966364
121,mt-bench,Qwen/Qwen3-4B,mgoin/Qwen3-4B-speculator.dflash2,0.0,8,dflash2_pairwise_k16_tb8,8,736,1065,49.09588499867823,13.723381287325392,72.86833900939396,14.615401071001543,259,4.108108108108108,3.111969111969112,4.108108108108108,0.13513513513513514,0.9961389961389961,2.67439888534909,False,0.510410415023216,3.5949943739615264,0.23766022507334128,0.060580365839996375,10.170421098999213
121,mt-bench,Qwen/Qwen3-4B,mgoin/Qwen3-4B-speculator.dflash2,0.0,8,dflash2_pairwise_k16_tb16,16,736,1093,49.005353001120966,12.34441853888002,81.00827081084432,13.492449462995864,239,4.569037656903766,3.573221757322176,4.569037656903766,0.19246861924686193,0.99581589958159,2.9731489986707347,False,0.4718265161209274,3.31450452900026,0.28244022597937146,0.056105002957338,9.328904201021942
121,mt-bench,Qwen/Qwen3-4B,mgoin/Qwen3-4B-speculator.dflash2,0.0,8,dflash2_pairwise_k16_tb32,32,736,1071,49.19249799422687,11.025989873015032,90.69480486712548,11.808835153999098,208,5.144230769230769,4.149038461538462,5.144230769230769,0.22115384615384615,0.9951923076923077,3.328662191851585,False,0.41207897099957336,2.882786209018377,0.35655370195308933,0.048962054948788136,8.073996818013256
121,mt-bench,Qwen/Qwen3-4B,mgoin/Qwen3-4B-speculator.dflash2,0.0,8,dflash2_pairwise_k16_tb64,64,736,1266,49.04028400051175,10.640488038709474,93.9806516733122,13.470857857006195,231,5.476190476190476,4.48051948051948,5.476190476190476,0.2943722943722944,0.9956709956709957,3.4492586697644505,False,0.4603970039970591,3.2082828460625024,0.630731751996791,0.05474154897092376,9.07637809899461
122,mt-bench,Qwen/Qwen3-4B,mgoin/Qwen3-4B-speculator.dflash2,0.0,8,baseline,,55,748,38.29547699569957,36.32130925534463,27.532047178416384,27.168339322997785,747,1,,,,,1.0,True,0.18359776806028094,0.0,0.0,0.0,26.860684998959186
122,mt-bench,Qwen/Qwen3-4B,mgoin/Qwen3-4B-speculator.dflash2,0.0,8,dflash2,,55,791,37.375487001554575,14.874201226298002,67.23050097184192,11.765493170001719,217,3.640552995391705,2.6451612903225805,3.640552995391705,0.09216589861751152,0.9953917050691244,2.441899817190018,False,0.13707418604462873,2.7379801220085938,0.0,0.0,8.857910067024932
122,mt-bench,Qwen/Qwen3-4B,mgoin/Qwen3-4B-speculator.dflash2,0.0,8,dflash2_unary_k16_tb8,8,55,834,37.175723002292216,15.14391698441291,66.03311422198524,12.630026765000366,225,3.7022222222222223,2.7022222222222223,3.7022222222222223,0.08,1,2.3984091627502218,False,0.4472640849708114,3.1533325049531413,0.16937700200651307,0.05284739297349006,8.771528003097046
122,mt-bench,Qwen/Qwen3-4B,mgoin/Qwen3-4B-speculator.dflash2,0.0,8,dflash2_unary_k16_tb16,16,55,780,37.36042600212386,12.795544830768426,78.15220166283032,9.980524967999372,178,4.376404494382022,3.3820224719101124,4.376404494382022,0.11797752808988764,0.9943820224719101,2.8385902855817187,False,0.35371602307714056,2.488913129956927,0.1776596029958455,0.04206599595636362,6.889515539005515
122,mt-bench,Qwen/Qwen3-4B,mgoin/Qwen3-4B-speculator.dflash2,0.0,8,dflash2_unary_k16_tb32,32,55,929,37.445268004375976,12.8117341119432,78.05344625969032,11.902100989995233,211,4.398104265402844,3.4028436018957344,4.398104265402844,0.11848341232227488,0.995260663507109,2.835003360043635,False,0.42027173699170817,2.9578202970151324,0.32005440303328214,0.05008684896165505,8.118950801006577
122,mt-bench,Qwen/Qwen3-4B,mgoin/Qwen3-4B-speculator.dflash2,0.0,8,dflash2_unary_k16_tb64,64,55,663,37.353275998611934,12.776235957767554,78.2703139880593,8.470644439999887,146,4.534246575342466,3.541095890410959,4.534246575342466,0.1095890410958904,0.9931506849315068,2.8428802798732287,False,0.2923293610656401,2.0456894119561184,0.36989201998949284,0.034601848004967906,5.702770256037184
122,mt-bench,Qwen/Qwen3-4B,mgoin/Qwen3-4B-speculator.dflash2,0.0,8,dflash2_pairwise_k16_tb8,8,55,658,37.42801699991105,14.720228167164414,67.93372960282258,9.685910133994184,172,3.8197674418604652,2.8255813953488373,3.8197674418604652,0.09302325581395349,0.9941860465116279,2.4674420017730796,False,0.34181545305182226,2.4080911019191262,0.15823662099865032,0.04045044395024888,6.709860969996953
122,mt-bench,Qwen/Qwen3-4B,mgoin/Qwen3-4B-speculator.dflash2,0.0,8,dflash2_pairwise_k16_tb16,16,55,745,37.33518700028071,11.820121083214048,84.60150221473761,8.805990206994466,156,4.769230769230769,3.7756410256410255,4.769230769230769,0.17307692307692307,0.9935897435897436,3.0728373254082086,False,0.3123141360338195,2.1948356039938517,0.18619391595711932,0.03700998902058927,6.0501478500518715
122,mt-bench,Qwen/Qwen3-4B,mgoin/Qwen3-4B-speculator.dflash2,0.0,8,dflash2_pairwise_k16_tb32,32,55,795,37.31224500370445,11.466262559745088,87.21237585390085,9.115678734997346,161,4.931677018633541,3.937888198757764,4.931677018633541,0.2236024844720497,0.9937888198757764,3.167667674282884,False,0.3217479570303112,2.255156678977073,0.27575610000349116,0.038120539946248755,6.198167706897948
122,mt-bench,Qwen/Qwen3-4B,mgoin/Qwen3-4B-speculator.dflash2,0.0,8,dflash2_pairwise_k16_tb64,64,55,783,37.436806996993255,10.560699551719603,94.69069687122852,8.26902774899645,142,5.507042253521127,4.514084507042254,5.507042253521127,0.2887323943661972,0.9929577464788732,3.4392900846639853,False,0.28522578802949283,1.9927530189888785,0.38908017606445355,0.03375942700949963,5.5434317119725165
123,mt-bench,Qwen/Qwen3-4B,mgoin/Qwen3-4B-speculator.dflash2,0.0,8,baseline,,865,1359,54.3844359999639,36.266253519497,27.57384353093966,49.28583853299642,1358,1,,,,,1.0,True,0.33179905518045416,0.0,0.0,0.0,48.731448705009825
123,mt-bench,Qwen/Qwen3-4B,mgoin/Qwen3-4B-speculator.dflash2,0.0,8,dflash2,,865,1313,54.30692600202747,17.1139081386129,58.43200699107241,22.47056138599874,415,3.16144578313253,2.163855421686747,3.16144578313253,0.06987951807228916,0.9975903614457832,2.1191099791912533,False,0.263733003026573,5.239825704979012,0.0,0.0,16.904978308069985
123,mt-bench,Qwen/Qwen3-4B,mgoin/Qwen3-4B-speculator.dflash2,0.0,8,dflash2_unary_k16_tb8,8,865,1490,54.49441900418606,16.41677002416261,60.91332208029808,24.46098733600229,430,3.4627906976744187,2.4651162790697674,3.4627906976744187,0.06046511627906977,0.9976744186046511,2.2090979812788647,False,0.8538045220557251,6.025379787104612,0.3195835958758835,0.10098861504229717,17.092849006025062
123,mt-bench,Qwen/Qwen3-4B,mgoin/Qwen3-4B-speculator.dflash2,0.0,8,dflash2_unary_k16_tb16,16,865,1410,54.4204269972397,14.811354914896027,67.51576785148016,20.8840104300034,370,3.808108108108108,2.810810810810811,3.808108108108108,0.07027027027027027,0.9972972972972973,2.448543953465285,False,0.7320314880271326,5.145378471002914,0.3701927259535296,0.08711134200711967,14.489601803041296
123,mt-bench,Qwen/Qwen3-4B,mgoin/Qwen3-4B-speculator.dflash2,0.0,8,dflash2_unary_k16_tb32,32,865,1368,54.333445004886016,13.802063323097885,72.45293523081368,18.881222625997907,334,4.092814371257485,3.095808383233533,4.092814371257485,0.09580838323353294,0.9970059880239521,2.6275965173123845,False,0.6607144389636233,4.6290978259567055,0.5070281920197885,0.07845311502023833,12.950635757981217
123,mt-bench,Qwen/Qwen3-4B,mgoin/Qwen3-4B-speculator.dflash2,0.0,8,dflash2_unary_k16_tb64,64,865,1363,54.44108800293179,13.726656666912598,72.85095156568232,18.709433037001872,322,4.229813664596273,3.232919254658385,4.229813664596273,0.08074534161490683,0.9968944099378882,2.6420310786176318,False,0.6410729020426515,4.473185735994775,0.8227988550133887,0.07590316996356705,12.640731204039184
123,mt-bench,Qwen/Qwen3-4B,mgoin/Qwen3-4B-speculator.dflash2,0.0,8,dflash2_pairwise_k16_tb8,8,865,1637,54.31360499642324,13.944679215640845,71.71194005512616,22.827439876004064,404,4.0495049504950495,3.0495049504950495,4.0495049504950495,0.08663366336633663,1,2.600723398414177,False,0.8006307151008514,5.609794012983912,0.37392050799098797,0.09522019796713721,15.883026920018892
123,mt-bench,Qwen/Qwen3-4B,mgoin/Qwen3-4B-speculator.dflash2,0.0,8,dflash2_pairwise_k16_tb16,16,865,1481,54.409687996667344,13.255585674543724,75.43989564492944,19.631522383999254,347,4.265129682997118,3.2680115273775217,4.265129682997118,0.11239193083573487,0.9971181556195965,2.7359223809434083,False,0.6888440990151139,4.822854692960391,0.4203054229656118,0.08224887699907413,13.560704637035087
123,mt-bench,Qwen/Qwen3-4B,mgoin/Qwen3-4B-speculator.dflash2,0.0,8,dflash2_pairwise_k16_tb32,32,865,1370,54.359305002435576,13.123166336496123,76.20112207363816,17.978737880999688,317,4.318611987381703,3.3186119873817033,4.318611987381703,0.11041009463722397,1,2.7635292115927004,False,0.6280438129324466,4.389643503935076,0.5454858919692924,0.07425240998418303,12.288488947051519
123,mt-bench,Qwen/Qwen3-4B,mgoin/Qwen3-4B-speculator.dflash2,0.0,8,dflash2_pairwise_k16_tb64,64,865,1368,54.35099500027718,12.380137493424064,80.77454717535797,16.93602809100412,289,4.730103806228374,3.7335640138408306,4.730103806228374,0.11764705882352941,0.9965397923875432,2.9293902057841024,False,0.5783404739777325,4.028379038012645,0.8187396760040428,0.0697081671023625,11.389966064984037
124,mt-bench,Qwen/Qwen3-4B,mgoin/Qwen3-4B-speculator.dflash2,0.0,8,baseline,,54,535,38.484322001750115,35.99581277757071,27.781009035115,19.257759836000332,534,1,,,,,1.0,True,0.1307832819657051,0.0,0.0,0.0,19.039947340126673
124,mt-bench,Qwen/Qwen3-4B,mgoin/Qwen3-4B-speculator.dflash2,0.0,8,dflash2,,54,551,37.02041799988365,17.62625093467205,56.73356198696406,9.712064265004301,181,3.0386740331491713,2.044198895027624,3.0386740331491713,0.04419889502762431,0.994475138121547,2.0421706754874607,False,0.1160492789640557,2.263213288053521,0.0,0.0,7.305938659985259
124,mt-bench,Qwen/Qwen3-4B,mgoin/Qwen3-4B-speculator.dflash2,0.0,8,dflash2_unary_k16_tb8,8,54,551,37.01448899664683,17.69884150815847,56.50087320907639,9.752061670995317,173,3.179190751445087,2.184971098265896,3.179190751445087,0.04046242774566474,0.9942196531791907,2.0337948538031743,False,0.34260106897272635,2.394915825992939,0.12802898498921422,0.04058267900836654,6.818425634985033
124,mt-bench,Qwen/Qwen3-4B,mgoin/Qwen3-4B-speculator.dflash2,0.0,8,dflash2_unary_k16_tb16,16,54,552,37.35533600411145,16.56059752899044,60.38429460346662,9.141449836002721,162,3.4012345679012346,2.4074074074074074,3.4012345679012346,0.06172839506172839,0.9938271604938271,2.173581763252058,False,0.3201243859657552,2.246162746065238,0.16259444505703868,0.03812566097622039,6.348184544956894
124,mt-bench,Qwen/Qwen3-4B,mgoin/Qwen3-4B-speculator.dflash2,0.0,8,dflash2_unary_k16_tb32,32,54,552,37.07630999997491,15.200580376810082,65.7869617613808,8.390720367999165,148,3.722972972972973,2.72972972972973,3.722972972972973,0.08783783783783784,0.9932432432432432,2.3680551587678664,False,0.29266366707452107,2.0510562620329438,0.22498358301527333,0.035060507005255204,5.7626530709530925
124,mt-bench,Qwen/Qwen3-4B,mgoin/Qwen3-4B-speculator.dflash2,0.0,8,dflash2_unary_k16_tb64,64,54,561,37.01635799370706,15.184109149738953,65.85832531486986,8.518285233003553,146,3.835616438356164,2.8424657534246576,3.835616438356164,0.1095890410958904,0.9931506849315068,2.3706239478784012,False,0.2906848569618887,2.0264942569992854,0.3726870200189296,0.03459173301962437,5.768585288024042
124,mt-bench,Qwen/Qwen3-4B,mgoin/Qwen3-4B-speculator.dflash2,0.0,8,dflash2_pairwise_k16_tb8,8,54,647,37.06046000297647,16.87835795672429,59.247469603617624,10.920297598000616,193,3.3471502590673574,2.3523316062176165,3.3471502590673574,0.031088082901554404,0.9948186528497409,2.1326608233966313,False,0.3814404599761474,2.6758915910613723,0.1784030470153084,0.045315374052734114,7.608267626928864
124,mt-bench,Qwen/Qwen3-4B,mgoin/Qwen3-4B-speculator.dflash2,0.0,8,dflash2_pairwise_k16_tb16,16,54,655,37.0500089993584,15.24559108550191,65.59273395119257,9.985862161003752,176,3.715909090909091,2.721590909090909,3.715909090909091,0.0625,0.9943181818181818,2.3610637708761337,False,0.35069477008801186,2.445882311942114,0.21436363697284833,0.04187441599788144,6.904284741016454
124,mt-bench,Qwen/Qwen3-4B,mgoin/Qwen3-4B-speculator.dflash2,0.0,8,dflash2_pairwise_k16_tb32,32,54,663,38.0657429996063,14.378825511313135,69.54670944530265,9.533161314000608,167,3.964071856287425,2.970059880239521,3.964071856287425,0.07784431137724551,0.9940119760479041,2.503390332489223,False,0.33220973399147624,2.3224311430676607,0.2942094489480951,0.03980459502781741,6.516572600019572
124,mt-bench,Qwen/Qwen3-4B,mgoin/Qwen3-4B-speculator.dflash2,0.0,8,dflash2_pairwise_k16_tb64,64,54,548,37.07349999604048,13.565512514596909,73.7163449537177,7.433900857999106,127,4.307086614173229,3.3149606299212597,4.307086614173229,0.11023622047244094,0.9921259842519685,2.6534797516008415,False,0.2532737359870225,1.7594665459910175,0.3531053829647135,0.030061634002777282,5.015966282044246
125,mt-bench,Qwen/Qwen3-4B,mgoin/Qwen3-4B-speculator.dflash2,0.0,8,baseline,,643,1343,47.44747799850302,35.890170883098065,27.86278179775775,48.2004994960007,1342,1,,,,,1.0,True,0.32760337390209315,0.0,0.0,0.0,47.654028934986854
125,mt-bench,Qwen/Qwen3-4B,mgoin/Qwen3-4B-speculator.dflash2,0.0,8,dflash2,,643,1236,47.399096001754515,16.241850288835412,61.56933983607744,20.07492695700057,375,3.2933333333333334,2.296,3.2933333333333334,0.088,0.9973333333333333,2.2097341278763563,False,0.23826995908166282,4.690698442027497,0.0,0.0,15.090143353932945
125,mt-bench,Qwen/Qwen3-4B,mgoin/Qwen3-4B-speculator.dflash2,0.0,8,dflash2_unary_k16_tb8,8,643,1298,47.414897999260575,15.964207093991531,62.64012951675948,20.721540808001006,368,3.5244565217391304,2.527173913043478,3.5244565217391304,0.07065217391304347,0.9972826086956522,2.248164952495893,False,0.7280159989968524,5.1096782669992535,0.2745890260557644,0.08682511517690727,14.46403265700792
125,mt-bench,Qwen/Qwen3-4B,mgoin/Qwen3-4B-speculator.dflash2,0.0,8,dflash2_unary_k16_tb16,16,643,1132,47.35852599696955,14.280457376325725,70.02576833833133,16.16547775000072,288,3.9270833333333335,2.9305555555555554,3.9270833333333335,0.09722222222222222,0.9965277777777778,2.5132367918829495,False,0.5689364500212832,3.992638840987638,0.28675063896662323,0.06753412406396819,11.203296951010998
125,mt-bench,Qwen/Qwen3-4B,mgoin/Qwen3-4B-speculator.dflash2,0.0,8,dflash2_unary_k16_tb32,32,643,1080,47.433717001695186,12.974613097220653,77.07358920893095,14.012582144998305,248,4.350806451612903,3.3548387096774195,4.350806451612903,0.15725806451612903,0.9959677419354839,2.7661842872822353,False,0.4917323329791543,3.4392127210085164,0.37252476102730725,0.058220353072101716,9.609941328017158
125,mt-bench,Qwen/Qwen3-4B,mgoin/Qwen3-4B-speculator.dflash2,0.0,8,dflash2_unary_k16_tb64,64,643,1177,47.383316996274516,12.87318400594498,77.68085964887854,15.151737574997242,261,4.505747126436781,3.5057471264367814,4.505747126436781,0.12643678160919541,1,2.787979327144208,False,0.5209861469775205,3.625796640983026,0.657100928008731,0.06180470105755376,10.24079061102384
125,mt-bench,Qwen/Qwen3-4B,mgoin/Qwen3-4B-speculator.dflash2,0.0,8,dflash2_pairwise_k16_tb8,8,643,1122,47.365496000566054,14.421402487518687,69.34138346568383,16.180813590995967,287,3.9059233449477353,2.9094076655052263,3.9059233449477353,0.0975609756097561,0.9965156794425087,2.4886741018538237,False,0.5662823089878657,3.978737308003474,0.26210579808685,0.06688007401680807,11.261262560052273
125,mt-bench,Qwen/Qwen3-4B,mgoin/Qwen3-4B-speculator.dflash2,0.0,8,dflash2_pairwise_k16_tb16,16,643,1059,47.434738000447396,13.292209403212585,75.23203777983747,14.076449758002127,250,4.232,3.232,4.232,0.132,1,2.7000906918020564,False,0.49386836198391393,3.4621044490559143,0.2956303429964464,0.058480337967921514,9.725812596050673
125,mt-bench,Qwen/Qwen3-4B,mgoin/Qwen3-4B-speculator.dflash2,0.0,8,dflash2_pairwise_k16_tb32,32,643,1234,47.48511799698463,12.555885606973815,79.64392407689489,15.49396283900569,273,4.516483516483516,3.52014652014652,4.516483516483516,0.14652014652014653,0.9963369963369964,2.858434044920246,False,0.5413785190685303,3.7891936089508818,0.469361906973063,0.06422941099299351,10.584296110930154
125,mt-bench,Qwen/Qwen3-4B,mgoin/Qwen3-4B-speculator.dflash2,0.0,8,dflash2_pairwise_k16_tb64,64,643,1111,47.41939600353362,11.269293112509152,88.73671045879347,12.520184647997667,214,5.186915887850467,4.191588785046729,5.186915887850467,0.2383177570093458,0.9953271028037384,3.184775701970093,False,0.4285757310499321,2.9829749280324904,0.5948728340299567,0.0513050879817456,8.424858545011375
126,mt-bench,Qwen/Qwen3-4B,mgoin/Qwen3-4B-speculator.dflash2,0.0,8,baseline,,31,580,39.0900269994745,35.948642631034275,27.817461990531605,20.85021272599988,579,1,,,,,1.0,True,0.14225618902855786,0.0,0.0,0.0,20.613630379950337
126,mt-bench,Qwen/Qwen3-4B,mgoin/Qwen3-4B-speculator.dflash2,0.0,8,dflash2,,31,585,37.237025004287716,20.15550517095014,49.614236483702065,11.790970525005832,220,2.6545454545454548,1.6590909090909092,2.6545454545454548,0.03636363636363636,0.9954545454545455,1.7835644567642281,False,0.14144183899770724,2.7500780780537752,0.0,0.0,8.866784099045617
126,mt-bench,Qwen/Qwen3-4B,mgoin/Qwen3-4B-speculator.dflash2,0.0,8,dflash2_unary_k16_tb8,8,31,589,37.941518996376544,18.706976037358544,53.45599406354945,11.018408886004183,198,2.9696969696969697,1.9747474747474747,2.9696969696969697,0.025252525252525252,0.9949494949494949,1.9216704270772287,False,0.39258605297800386,2.7511774730228353,0.14955984301195713,0.04737699696124764,7.645997431085561
126,mt-bench,Qwen/Qwen3-4B,mgoin/Qwen3-4B-speculator.dflash2,0.0,8,dflash2_unary_k16_tb16,16,31,584,37.17280200362438,17.36030376369318,57.602678709537905,10.138417397996818,183,3.185792349726776,2.191256830601093,3.185792349726776,0.0273224043715847,0.994535519125683,2.0707381115194647,False,0.3606922000471968,2.5318385980353924,0.1827926910118549,0.042946573987137526,6.99081490302342
126,mt-bench,Qwen/Qwen3-4B,mgoin/Qwen3-4B-speculator.dflash2,0.0,8,dflash2_unary_k16_tb32,32,31,457,37.398127002234105,16.7221683347855,59.80085716035983,7.642030928996974,137,3.3284671532846715,2.335766423357664,3.3284671532846715,0.043795620437956206,0.9927007299270073,2.149759643087303,False,0.27024339598574443,1.8956235669465968,0.2095827369412291,0.03226180194906192,5.211903898984019
126,mt-bench,Qwen/Qwen3-4B,mgoin/Qwen3-4B-speculator.dflash2,0.0,8,dflash2_unary_k16_tb64,64,31,457,37.302242999430746,16.015802625813436,62.4383319002853,7.31922179999674,127,3.590551181102362,2.5984251968503935,3.590551181102362,0.047244094488188976,0.9921259842519685,2.2445732799612634,False,0.25375953900947934,1.764834189976682,0.33269742601987673,0.030597165969084017,4.915140211036487
126,mt-bench,Qwen/Qwen3-4B,mgoin/Qwen3-4B-speculator.dflash2,0.0,8,dflash2_pairwise_k16_tb8,8,31,580,37.11798199947225,18.16712200172709,55.04449190713494,10.536930761001713,189,3.0634920634920637,2.068783068783069,3.0634920634920637,0.021164021164021163,0.9947089947089947,1.9787747683764523,True,0.37397287199564744,2.6221463719921303,0.17593293599202298,0.04466312605654821,7.289977413995075
126,mt-bench,Qwen/Qwen3-4B,mgoin/Qwen3-4B-speculator.dflash2,0.0,8,dflash2_pairwise_k16_tb16,16,31,603,37.26215499773389,16.50910687065117,60.57262866095657,9.954991443002655,179,3.363128491620112,2.368715083798883,3.363128491620112,0.0335195530726257,0.994413407821229,2.177503780955072,False,0.3537372939827037,2.4801868179783924,0.2124634960637195,0.04181188200163888,6.837943801037909
126,mt-bench,Qwen/Qwen3-4B,mgoin/Qwen3-4B-speculator.dflash2,0.0,8,dflash2_pairwise_k16_tb32,32,31,546,37.18667299835943,14.265371291199806,70.09982282177906,7.788892724995094,139,3.920863309352518,2.9280575539568345,3.920863309352518,0.06474820143884892,0.9928057553956835,2.519993479118956,False,0.27519905497319996,1.9265634709372534,0.2402358700055629,0.03278481197048677,5.2910866719757905
126,mt-bench,Qwen/Qwen3-4B,mgoin/Qwen3-4B-speculator.dflash2,0.0,8,dflash2_pairwise_k16_tb64,64,31,524,37.14010200201301,14.971050816788164,66.7955784959747,7.844830627996998,136,3.8455882352941178,2.8529411764705883,3.8455882352941178,0.058823529411764705,0.9926470588235294,2.4012103806849927,False,0.27133030902041355,1.8839507610391593,0.38146063702879474,0.03208304598956602,5.252373508992605
127,mt-bench,Qwen/Qwen3-4B,mgoin/Qwen3-4B-speculator.dflash2,0.0,8,baseline,,576,595,38.502023002365604,35.75155112436022,27.97081437170498,21.27217291899433,594,1,,,,,1.0,True,0.1461726880079368,0.0,0.0,0.0,21.028982788106077
127,mt-bench,Qwen/Qwen3-4B,mgoin/Qwen3-4B-speculator.dflash2,0.0,8,dflash2,,576,715,38.43421000055969,10.380104433568487,96.33814441847754,7.421774670001469,137,5.211678832116788,4.218978102189781,5.211678832116788,0.38686131386861317,0.9927007299270073,3.4442380954031977,False,0.07688396203593584,1.7314575829877867,0.0,0.0,5.592917859961744
127,mt-bench,Qwen/Qwen3-4B,mgoin/Qwen3-4B-speculator.dflash2,0.0,8,dflash2_unary_k16_tb8,8,576,715,38.44288099935511,9.897974697902304,101.03076947771262,7.077051909000147,125,5.712,4.72,5.712,0.408,0.992,3.612006720115895,False,0.24981851498887409,1.7386727569974028,0.09180840796034317,0.02935893499670783,4.947582085012982
127,mt-bench,Qwen/Qwen3-4B,mgoin/Qwen3-4B-speculator.dflash2,0.0,8,dflash2_unary_k16_tb16,16,576,566,38.53682200133335,9.51666446819584,105.07883338137476,5.386432088998845,95,5.947368421052632,4.957894736842105,5.947368421052632,0.5052631578947369,0.9894736842105263,3.7567312837223485,False,0.1903967080070288,1.3225920690747444,0.09242901598190656,0.02235241996095283,3.743325196985097
127,mt-bench,Qwen/Qwen3-4B,mgoin/Qwen3-4B-speculator.dflash2,0.0,8,dflash2_unary_k16_tb32,32,576,543,38.45638300117571,9.284191602207168,107.70997011331241,5.041316039998492,88,6.159090909090909,5.159090909090909,6.159090909090909,0.5454545454545454,1,3.8507985031093996,False,0.1774239949809271,1.2299903809762327,0.12880984701769194,0.021014253041357733,3.469399334942864
127,mt-bench,Qwen/Qwen3-4B,mgoin/Qwen3-4B-speculator.dflash2,0.0,8,dflash2_unary_k16_tb64,64,576,543,38.4676820031018,8.865697147334007,112.79428829809609,4.814073551002366,83,6.530120481927711,5.530120481927711,6.530120481927711,0.6144578313253012,1,4.032570764625207,False,0.16639810098422458,1.146011624026869,0.1975603390019387,0.01975044305436313,3.270065111981239
127,mt-bench,Qwen/Qwen3-4B,mgoin/Qwen3-4B-speculator.dflash2,0.0,8,dflash2_pairwise_k16_tb8,8,576,543,38.51898400171194,9.796654651928556,102.07566108325982,5.319583475997206,92,5.891304347826087,4.891304347826087,5.891304347826087,0.45652173913043476,1,3.64936321577103,False,0.18689879099838436,1.302018998969288,0.08481634101917734,0.021916705976764206,3.7091026050475193
127,mt-bench,Qwen/Qwen3-4B,mgoin/Qwen3-4B-speculator.dflash2,0.0,8,dflash2_pairwise_k16_tb16,16,576,595,38.47167200001422,9.043980751259001,110.57077933970517,5.381168546999106,95,6.252631578947368,5.2631578947368425,6.252631578947368,0.5789473684210527,0.9894736842105263,3.9530768704238217,True,0.18953749400679953,1.3194268620281946,0.10977378900133772,0.02225176797946915,3.7248147380014416
127,mt-bench,Qwen/Qwen3-4B,mgoin/Qwen3-4B-speculator.dflash2,0.0,8,dflash2_pairwise_k16_tb32,32,576,543,38.50282199709909,9.122765062623515,109.61588872841378,4.953661429004569,84,6.4523809523809526,5.464285714285714,6.4523809523809526,0.5952380952380952,0.9880952380952381,3.9189380499160658,False,0.1744833960037795,1.2075855300427065,0.14124057002482004,0.020289093001338188,3.395855228052824
127,mt-bench,Qwen/Qwen3-4B,mgoin/Qwen3-4B-speculator.dflash2,0.0,8,dflash2_pairwise_k16_tb64,64,576,425,38.460032003058586,9.00839784233968,111.00753069541143,3.8285690829943633,66,6.424242424242424,5.424242424242424,6.424242424242424,0.5757575757575758,1,3.968691408845988,False,0.1318777509877691,0.9062056379916612,0.17398806996061467,0.015563552013190929,2.5894951909431256
128,mt-bench,Qwen/Qwen3-4B,mgoin/Qwen3-4B-speculator.dflash2,0.0,8,baseline,,69,572,39.188508002553135,36.429349381117525,27.450394173614622,20.837587845999224,571,1,,,,,1.0,True,0.14076677505363477,0.0,0.0,0.0,20.602176820932073
128,mt-bench,Qwen/Qwen3-4B,mgoin/Qwen3-4B-speculator.dflash2,0.0,8,dflash2,,69,572,37.4673400001484,14.991407174821287,66.70487889085842,8.575084903997777,157,3.6369426751592355,2.643312101910828,3.6369426751592355,0.14012738853503184,0.9936305732484076,2.430015338540213,True,0.09815392098244047,2.0012532379842014,0.0,0.0,6.451847290962178
128,mt-bench,Qwen/Qwen3-4B,mgoin/Qwen3-4B-speculator.dflash2,0.0,8,dflash2_unary_k16_tb8,8,69,572,37.356196000473574,14.852814767475099,67.3273056760806,8.495810046995757,150,3.8066666666666666,2.8133333333333335,3.8066666666666666,0.11333333333333333,0.9933333333333333,2.452689941363237,True,0.2975332019996131,2.0889573070016922,0.11077752995333867,0.03524092204315821,5.939478129985218
128,mt-bench,Qwen/Qwen3-4B,mgoin/Qwen3-4B-speculator.dflash2,0.0,8,dflash2_unary_k16_tb16,16,69,570,37.389976998383645,14.35806335437902,69.64727591169273,8.184096111996041,143,3.979020979020979,2.986013986013986,3.979020979020979,0.14685314685314685,0.993006993006993,2.537204947630145,False,0.2863229929571389,2.0145811709589907,0.1427218769895262,0.033871283994812984,5.683263464932679
128,mt-bench,Qwen/Qwen3-4B,mgoin/Qwen3-4B-speculator.dflash2,0.0,8,dflash2_unary_k16_tb32,32,69,556,37.928288998955395,13.16968907014611,75.93193694047521,7.3223471230012365,127,4.3700787401574805,3.37007874015748,4.3700787401574805,0.16535433070866143,1,2.766151059989556,False,0.25616329095646506,1.7899997249696753,0.1907437010522699,0.03018640301161213,5.034024373970169
128,mt-bench,Qwen/Qwen3-4B,mgoin/Qwen3-4B-speculator.dflash2,0.0,8,dflash2_unary_k16_tb64,64,69,572,37.55257000011625,13.33124559265356,75.01174538042187,7.625472478997835,130,4.392307692307693,3.3923076923076922,4.392307692307693,0.18461538461538463,1,2.732629080150817,True,0.2617948130937293,1.8181594070410938,0.32430567299888935,0.030901541031198576,5.167705820989795
128,mt-bench,Qwen/Qwen3-4B,mgoin/Qwen3-4B-speculator.dflash2,0.0,8,dflash2_pairwise_k16_tb8,8,69,572,43.84383399883518,14.716314592650969,67.95179551946924,8.417731946996355,146,3.910958904109589,2.9178082191780823,3.910958904109589,0.1095890410958904,0.9931506849315068,2.4754397000530015,True,0.29357107201212784,2.0627978849806823,0.1352299580903491,0.0347598619555356,5.867677923022711
128,mt-bench,Qwen/Qwen3-4B,mgoin/Qwen3-4B-speculator.dflash2,0.0,8,dflash2_pairwise_k16_tb16,16,69,565,37.4125960006495,13.254181030093056,75.44789057351355,7.488612282002577,130,4.338461538461538,3.3461538461538463,4.338461538461538,0.16153846153846155,0.9923076923076923,2.7485175657708485,False,0.2621842110020225,1.8329618310308433,0.15510843097581528,0.030893725001078565,5.186201202013763
128,mt-bench,Qwen/Qwen3-4B,mgoin/Qwen3-4B-speculator.dflash2,0.0,8,dflash2_pairwise_k16_tb32,32,69,570,37.4370089994045,12.19518188772143,81.99959698894182,6.951253676001215,121,4.702479338842975,3.7107438016528924,4.702479338842975,0.23140495867768596,0.9917355371900827,2.987191967820994,False,0.2419993959410931,1.6940471330162836,0.20739881397457793,0.028569707974384073,4.759088475024328
128,mt-bench,Qwen/Qwen3-4B,mgoin/Qwen3-4B-speculator.dflash2,0.0,8,dflash2_pairwise_k16_tb64,64,69,572,37.30522599653341,11.92575615734402,83.85212533330126,6.82153252200078,115,4.965217391304348,3.973913043478261,4.965217391304348,0.26956521739130435,0.991304347826087,3.0546783701160876,True,0.23240209007053636,1.6162289259664249,0.31672110001090914,0.027379151004424784,4.608847125004104
129,mt-bench,Qwen/Qwen3-4B,mgoin/Qwen3-4B-speculator.dflash2,0.0,8,baseline,,657,627,47.79114600387402,36.42892085008208,27.450717085893224,22.840933373001462,626,1,,,,,1.0,True,0.15422599797602743,0.0,0.0,0.0,22.583576841076137
129,mt-bench,Qwen/Qwen3-4B,mgoin/Qwen3-4B-speculator.dflash2,0.0,8,dflash2,,657,634,47.70847300096648,14.311974646686282,69.87156033227984,9.073791925999103,167,3.7904191616766467,2.7964071856287425,3.7904191616766467,0.16766467065868262,0.9940119760479041,2.545345541016357,False,0.10295459291955922,2.1166077720263274,0.0,0.0,6.82919940395368
129,mt-bench,Qwen/Qwen3-4B,mgoin/Qwen3-4B-speculator.dflash2,0.0,8,dflash2_unary_k16_tb8,8,657,646,47.7185229974566,12.853200103710142,77.80163631867404,8.303167266996752,147,4.387755102040816,3.3945578231292517,4.387755102040816,0.19047619047619047,0.9931972789115646,2.834229651459848,False,0.2921657939950819,2.0430365839711158,0.1084790150198387,0.03451186794700334,5.801607980989502
129,mt-bench,Qwen/Qwen3-4B,mgoin/Qwen3-4B-speculator.dflash2,0.0,8,dflash2_unary_k16_tb16,16,657,748,47.728113997436594,12.837846343585927,77.89468523274718,9.602709065002273,169,4.420118343195266,3.4201183431952664,4.420118343195266,0.20710059171597633,1,2.837619322985804,False,0.3390819319902221,2.3659643349674297,0.1677923860042938,0.039885304984636605,6.662597354974423
129,mt-bench,Qwen/Qwen3-4B,mgoin/Qwen3-4B-speculator.dflash2,0.0,8,dflash2_unary_k16_tb32,32,657,624,47.67783200077247,11.951757921474965,83.66970001987708,7.457896943000378,130,4.792307692307692,3.8,4.792307692307692,0.24615384615384617,0.9923076923076923,3.0479968795742134,False,0.2611927189718699,1.8239869730532519,0.1960665179794887,0.031065463997947518,5.12409644703439
129,mt-bench,Qwen/Qwen3-4B,mgoin/Qwen3-4B-speculator.dflash2,0.0,8,dflash2_unary_k16_tb64,64,657,695,47.800255997572094,11.594163391371877,86.2502938973741,8.057943557003455,137,5.065693430656935,4.072992700729927,5.065693430656935,0.2773722627737226,0.9927007299270073,3.1420051296837586,False,0.2771237999695586,1.92475276098412,0.34476916699350113,0.032885117034311406,5.454467212963209
129,mt-bench,Qwen/Qwen3-4B,mgoin/Qwen3-4B-speculator.dflash2,0.0,8,dflash2_pairwise_k16_tb8,8,657,610,47.757934997207485,12.808912055739622,78.0706429748578,7.813436354001169,137,4.445255474452555,3.4525547445255476,4.445255474452555,0.18248175182481752,0.9927007299270073,2.8440292736461115,False,0.27451203000964597,1.9185935820132727,0.12609267192601692,0.03229968598316191,5.440082692017313
129,mt-bench,Qwen/Qwen3-4B,mgoin/Qwen3-4B-speculator.dflash2,0.0,8,dflash2_pairwise_k16_tb16,16,657,645,47.80564599786885,11.489038130240479,87.0394883073705,7.410429594005109,129,4.992248062015504,4,4.992248062015504,0.2713178294573643,0.9922480620155039,3.1707546303808445,False,0.2607500570375123,1.82028683302633,0.1550205890016514,0.030726188997505233,5.12254628806113
129,mt-bench,Qwen/Qwen3-4B,mgoin/Qwen3-4B-speculator.dflash2,0.0,8,dflash2_pairwise_k16_tb32,32,657,659,47.71634200005792,10.569631341424447,94.61067918999265,6.965387053998711,122,5.39344262295082,4.401639344262295,5.39344262295082,0.3524590163934426,0.9918032786885246,3.4465649437847494,False,0.2440435839962447,1.6961436190249515,0.20611249297508039,0.028741782014549244,4.77000691107969
129,mt-bench,Qwen/Qwen3-4B,mgoin/Qwen3-4B-speculator.dflash2,0.0,8,dflash2_pairwise_k16_tb64,64,657,693,47.80429599486524,11.37247783405549,87.93158488341449,7.881127139000455,133,5.203007518796992,4.2105263157894735,5.203007518796992,0.3308270676691729,0.9924812030075187,3.20325274594018,False,0.2697350039888988,1.876864000041678,0.36673869703372475,0.03174547107482795,5.31278410696541
130,mt-bench,Qwen/Qwen3-4B,mgoin/Qwen3-4B-speculator.dflash2,0.0,8,baseline,,50,902,38.35573599644704,36.59387647227925,27.32697643436394,33.00767657799588,901,1,,,,,1.0,True,0.2231800200388534,0.0,0.0,0.0,32.63528986995516
130,mt-bench,Qwen/Qwen3-4B,mgoin/Qwen3-4B-speculator.dflash2,0.0,8,dflash2,,50,902,37.25029099587118,15.545649992241014,64.32667662652317,14.022176293001394,258,3.492248062015504,2.496124031007752,3.492248062015504,0.09689922480620156,0.9961240310077519,2.3539624583432412,True,0.1638169750367524,3.277295117972244,0.0,0.0,10.542081169995072
130,mt-bench,Qwen/Qwen3-4B,mgoin/Qwen3-4B-speculator.dflash2,0.0,8,dflash2_unary_k16_tb8,8,50,902,37.06785700342152,15.11753150111418,66.148365553351,13.636013414004992,240,3.754166666666667,2.7583333333333333,3.754166666666667,0.11666666666666667,0.9958333333333333,2.4206251179024982,False,0.4784415949761751,3.3622805630075163,0.17842029495659517,0.05664729605632601,9.521882671011554
130,mt-bench,Qwen/Qwen3-4B,mgoin/Qwen3-4B-speculator.dflash2,0.0,8,dflash2_unary_k16_tb16,16,50,902,37.200910002866294,13.75038180708997,72.72525330783034,12.402844389995153,218,4.13302752293578,3.1376146788990824,4.13302752293578,0.15137614678899083,0.9954128440366973,2.661298935961961,False,0.4363477079605218,3.056615563989908,0.21865600096498383,0.051558084989665076,8.604000391060254
130,mt-bench,Qwen/Qwen3-4B,mgoin/Qwen3-4B-speculator.dflash2,0.0,8,dflash2_unary_k16_tb32,32,50,902,37.05122599785682,12.727557680710397,78.56966945948928,11.480257028000779,203,4.438423645320197,3.4433497536945814,4.438423645320197,0.15763546798029557,0.9950738916256158,2.875168778668362,False,0.40217610293620965,2.8138070480781607,0.3056877240087488,0.04793225202593021,7.876994826976443
130,mt-bench,Qwen/Qwen3-4B,mgoin/Qwen3-4B-speculator.dflash2,0.0,8,dflash2_unary_k16_tb64,64,50,905,36.89773299993249,12.128639876244664,82.44947580302183,10.976419088001421,189,4.783068783068783,3.7883597883597884,4.783068783068783,0.21164021164021163,0.9947089947089947,3.0171459327399575,False,0.37632431192469085,2.6221012770183734,0.47089138701267075,0.044669763919955585,7.4296425330030615
130,mt-bench,Qwen/Qwen3-4B,mgoin/Qwen3-4B-speculator.dflash2,0.0,8,dflash2_pairwise_k16_tb8,8,50,901,37.100007000844926,14.45332703441092,69.1882220349107,13.02244765800424,231,3.896103896103896,2.9004329004329006,3.896103896103896,0.11255411255411256,0.9956709956709957,2.531865250482151,False,0.45539034299144987,3.1962812999699963,0.21262016201217193,0.05406365909584565,9.067189133027568
130,mt-bench,Qwen/Qwen3-4B,mgoin/Qwen3-4B-speculator.dflash2,0.0,8,dflash2_pairwise_k16_tb16,16,50,918,37.0993879987509,12.67091265249876,78.92091338841291,11.631897814993863,206,4.451456310679611,3.4563106796116503,4.451456310679611,0.1553398058252427,0.9951456310679612,2.8880221556150314,False,0.40696735402889317,2.855822927929694,0.24372065500938334,0.048063455913506914,8.043980646980344
130,mt-bench,Qwen/Qwen3-4B,mgoin/Qwen3-4B-speculator.dflash2,0.0,8,dflash2_pairwise_k16_tb32,32,50,901,37.13463799795136,11.656371906775266,85.78998748476359,10.502391088004515,185,4.864864864864865,3.8702702702702703,4.864864864864865,0.21081081081081082,0.9945945945945946,3.1393882045758215,False,0.36622220197023125,2.564759977009089,0.3149163900161511,0.043681020943040494,7.182078572979663
130,mt-bench,Qwen/Qwen3-4B,mgoin/Qwen3-4B-speculator.dflash2,0.0,8,dflash2_pairwise_k16_tb64,64,50,902,37.0185970023158,11.119591620842813,89.93136026017156,10.029871642000217,172,5.238372093023256,4.244186046511628,5.238372093023256,0.26744186046511625,0.9941860465116279,3.290937088344761,True,0.34252768695296254,2.385488286949112,0.4680443629840738,0.040754968009423465,6.763212942023529
131,mt-bench,Qwen/Qwen3-4B,mgoin/Qwen3-4B-speculator.dflash2,0.0,8,baseline,,971,410,58.140485001786146,35.81613809512375,27.920374813836972,14.684616619000735,409,1,,,,,1.0,True,0.10046571593557019,0.0,0.0,0.0,14.517256936029298
131,mt-bench,Qwen/Qwen3-4B,mgoin/Qwen3-4B-speculator.dflash2,0.0,8,dflash2,,971,390,57.92709899833426,16.520394192290645,60.53124328393186,6.442953734993352,121,3.2148760330578514,2.2231404958677685,3.2148760330578514,0.08264462809917356,0.9917355371900827,2.167995368526835,False,0.0761277669807896,1.5025253409548895,0.0,0.0,4.846440129964321
131,mt-bench,Qwen/Qwen3-4B,mgoin/Qwen3-4B-speculator.dflash2,0.0,8,dflash2_unary_k16_tb8,8,971,405,58.02042100549443,15.364388269131549,65.08557206986828,6.222577248998277,111,3.6396396396396398,2.6486486486486487,3.6396396396396398,0.10810810810810811,0.990990990990991,2.3311138372545313,False,0.21814845700282604,1.5265067830405314,0.08196256703377003,0.026001613005064428,4.352448794983502
131,mt-bench,Qwen/Qwen3-4B,mgoin/Qwen3-4B-speculator.dflash2,0.0,8,dflash2_unary_k16_tb16,16,971,407,58.03209300211165,14.705924825556634,67.99980360719333,5.98531140400155,107,3.794392523364486,2.803738317757009,3.794392523364486,0.1308411214953271,0.9906542056074766,2.4354903564365302,False,0.21061669995833654,1.4722509730054298,0.10630676802247763,0.02514734298165422,4.153608396991331
131,mt-bench,Qwen/Qwen3-4B,mgoin/Qwen3-4B-speculator.dflash2,0.0,8,dflash2_unary_k16_tb32,32,971,405,58.02048199984711,13.208188039497156,75.71061200897853,5.349316155996348,95,4.252631578947368,3.263157894736842,4.252631578947368,0.14736842105263157,0.9894736842105263,2.7116617349799093,False,0.18754898496263195,1.3061512670101365,0.14323598697956186,0.022272100010013673,3.674487285024952
131,mt-bench,Qwen/Qwen3-4B,mgoin/Qwen3-4B-speculator.dflash2,0.0,8,dflash2_unary_k16_tb64,64,971,388,58.12304400024004,13.433333185566505,74.44168816377261,5.212133275999804,90,4.3,3.311111111111111,4.3,0.15555555555555556,0.9888888888888889,2.666213783307819,False,0.17915123202692484,1.2404726189924986,0.2275296670050011,0.021309635005309246,3.5279743429928203
131,mt-bench,Qwen/Qwen3-4B,mgoin/Qwen3-4B-speculator.dflash2,0.0,8,dflash2_pairwise_k16_tb8,8,971,381,58.18053600523854,16.229757107603316,61.615216627704186,6.183537457996864,110,3.4545454545454546,2.463636363636364,3.4545454545454546,0.09090909090909091,0.990909090909091,2.2068191074988177,False,0.21827121395472204,1.5148582510373672,0.10050716404657578,0.025681571067252662,4.306818141005351
131,mt-bench,Qwen/Qwen3-4B,mgoin/Qwen3-4B-speculator.dflash2,0.0,8,dflash2_pairwise_k16_tb16,16,971,410,58.01248200441478,13.564588521942978,73.72136636377385,5.561481293996621,99,4.1313131313131315,3.1414141414141414,4.1313131313131315,0.1919191919191919,0.98989898989899,2.640414638246135,False,0.19511636302195257,1.362926752975909,0.11725397301051999,0.023191031003079843,3.846934027977113
131,mt-bench,Qwen/Qwen3-4B,mgoin/Qwen3-4B-speculator.dflash2,0.0,8,dflash2_pairwise_k16_tb32,32,971,333,58.04127400188008,14.272755750764528,70.06355447135249,4.752827665004588,84,3.9523809523809526,2.9642857142857144,3.9523809523809526,0.07142857142857142,0.9880952380952381,2.5094059423811856,False,0.16627705597056774,1.1557936789831729,0.14555416002258426,0.019782816016231664,3.2515915460171527
131,mt-bench,Qwen/Qwen3-4B,mgoin/Qwen3-4B-speculator.dflash2,0.0,8,dflash2_pairwise_k16_tb64,64,971,390,58.073954001883976,12.647906551286818,79.06446777931471,4.932683555001859,85,4.576470588235294,3.588235294117647,4.576470588235294,0.17647058823529413,0.9882352941176471,2.8317838964013977,False,0.16907673900277587,1.1695011489791796,0.23521551397425355,0.020045573975949083,3.3242166609779815
132,mt-bench,Qwen/Qwen3-4B,mgoin/Qwen3-4B-speculator.dflash2,0.0,8,baseline,,74,875,38.925660999666434,35.87117738399788,27.877534915988,31.387280210998146,874,1,,,,,1.0,True,0.21353293015272357,0.0,0.0,0.0,31.03063639805623
132,mt-bench,Qwen/Qwen3-4B,mgoin/Qwen3-4B-speculator.dflash2,0.0,8,dflash2,,74,969,37.214550997305196,21.352754165113893,46.832366085767006,20.69081878599536,388,2.4948453608247423,1.4974226804123711,2.4948453608247423,0.030927835051546393,0.9974226804123711,1.6799321111748746,False,0.2486077460416709,4.8450966159653035,0.0,0.0,15.539515534030215
132,mt-bench,Qwen/Qwen3-4B,mgoin/Qwen3-4B-speculator.dflash2,0.0,8,dflash2_unary_k16_tb8,8,74,886,37.352633000409696,19.780477571101315,50.55489668565789,17.525503127995762,312,2.8365384615384617,1.8397435897435896,2.8365384615384617,0.009615384615384616,0.9967948717948718,1.8134636666409207,False,0.6131208300794242,4.319357859989395,0.23016459291102365,0.07294818410446169,12.24027625699091
132,mt-bench,Qwen/Qwen3-4B,mgoin/Qwen3-4B-speculator.dflash2,0.0,8,dflash2_unary_k16_tb16,16,74,879,37.34936300315894,18.13986109442625,55.12721375288068,15.944937902000675,284,3.091549295774648,2.0950704225352115,3.091549295774648,0.017605633802816902,0.9964788732394366,1.9774780632151503,False,0.5590497658995446,3.936317768013396,0.2842132249425049,0.0663481388692162,11.053394886017486
132,mt-bench,Qwen/Qwen3-4B,mgoin/Qwen3-4B-speculator.dflash2,0.0,8,dflash2_unary_k16_tb32,32,74,955,37.44516600272618,17.753343480626665,56.32741804895793,16.954443023998465,300,3.18,2.183333333333333,3.18,0.02,0.9966666666666667,2.0205308044167736,False,0.5922637780531659,4.161224889947334,0.45916211398434825,0.0705806860132725,11.621921179998026
132,mt-bench,Qwen/Qwen3-4B,mgoin/Qwen3-4B-speculator.dflash2,0.0,8,dflash2_unary_k16_tb64,64,74,916,37.330714003473986,17.06290453056399,58.606669117133386,15.629620549996616,269,3.4014869888475836,2.4052044609665426,3.4014869888475836,0.03345724907063197,0.9962825278810409,2.1022902237859618,False,0.5342718729953049,3.736737325991271,0.6923286049932358,0.06394114004069706,10.555824200993811
132,mt-bench,Qwen/Qwen3-4B,mgoin/Qwen3-4B-speculator.dflash2,0.0,8,dflash2_pairwise_k16_tb8,8,74,954,37.37551400263328,19.256233096435626,51.93123675809172,18.370446373999584,326,2.923312883435583,1.9263803680981595,2.923312883435583,0.012269938650306749,0.9969325153374233,1.862834605519899,False,0.6416906280719559,4.524043988996709,0.2980945100498502,0.07612680095917312,12.77862666794681
132,mt-bench,Qwen/Qwen3-4B,mgoin/Qwen3-4B-speculator.dflash2,0.0,8,dflash2_pairwise_k16_tb16,16,74,940,37.48220600391505,16.898216595740102,59.17784248617641,15.884323599995698,282,3.3297872340425534,2.3333333333333335,3.3297872340425534,0.024822695035460994,0.9964539007092199,2.12277888502392,False,0.5563188640298904,3.9157468749544933,0.3357344490577816,0.06589125397294993,10.965266162034823
132,mt-bench,Qwen/Qwen3-4B,mgoin/Qwen3-4B-speculator.dflash2,0.0,8,dflash2_pairwise_k16_tb32,32,74,968,37.53122800117126,16.936401627067085,59.044419353036574,16.39443677500094,289,3.3460207612456747,2.3494809688581313,3.3460207612456747,0.03460207612456748,0.9965397923875432,2.117992840147932,False,0.5707534089960973,4.0117056609888095,0.5018215770833194,0.06802904204960214,11.194021183953737
132,mt-bench,Qwen/Qwen3-4B,mgoin/Qwen3-4B-speculator.dflash2,0.0,8,dflash2_pairwise_k16_tb64,64,74,861,37.54971799935447,15.726587394887297,63.58658588099662,13.540591746997963,232,3.706896551724138,2.711206896551724,3.706896551724138,0.04741379310344827,0.9956896551724138,2.280925701380045,False,0.4615195230289828,3.2234643670235528,0.6535762559797149,0.05478717700316338,9.107192638970446
133,mt-bench,Qwen/Qwen3-4B,mgoin/Qwen3-4B-speculator.dflash2,0.0,8,baseline,,965,1409,58.025600999826565,35.80733994393297,27.927235074311497,50.45254198100156,1408,1,,,,,1.0,True,0.34299327313055983,0.0,0.0,0.0,49.8801624838743
133,mt-bench,Qwen/Qwen3-4B,mgoin/Qwen3-4B-speculator.dflash2,0.0,8,dflash2,,965,1500,57.92420900252182,16.60673388999809,60.21653665458446,24.910100834997138,468,3.202991452991453,2.2051282051282053,3.202991452991453,0.11324786324786325,0.9978632478632479,2.156193998237006,False,0.2905483139838907,5.847061773041787,0.0,0.0,18.703062241038424
133,mt-bench,Qwen/Qwen3-4B,mgoin/Qwen3-4B-speculator.dflash2,0.0,8,dflash2_unary_k16_tb8,8,965,1566,57.92191799991997,16.554409912517155,60.406864713666295,25.924205923001864,463,3.3801295896328294,2.3822894168466524,3.3801295896328294,0.04967602591792657,0.9978401727861771,2.1630091397494184,False,0.9115775078971637,6.414012159046251,0.340645997064712,0.10841403697850183,18.076325117021042
133,mt-bench,Qwen/Qwen3-4B,mgoin/Qwen3-4B-speculator.dflash2,0.0,8,dflash2_unary_k16_tb16,16,965,1702,57.87998899904778,13.50165061222276,74.06501832410929,22.979809342003136,411,4.138686131386861,3.1411192214111923,4.138686131386861,0.12652068126520682,0.9975669099756691,2.652071289085006,False,0.8099897959764348,5.693519514024956,0.40678504300740315,0.09616374707547948,15.907374297916249
133,mt-bench,Qwen/Qwen3-4B,mgoin/Qwen3-4B-speculator.dflash2,0.0,8,dflash2_unary_k16_tb32,32,965,1670,57.948819994635414,14.515461406586336,68.89205737175214,24.24082054899918,430,3.8813953488372093,2.883720930232558,3.8813953488372093,0.08139534883720931,0.9976744186046511,2.466841317747263,False,0.8515386359504191,5.973718899884261,0.6521094009804074,0.10133166296873242,16.591329658920586
133,mt-bench,Qwen/Qwen3-4B,mgoin/Qwen3-4B-speculator.dflash2,0.0,8,dflash2_unary_k16_tb64,64,965,2004,58.01921099919127,12.795669605289374,78.15143957660705,25.64252188899991,443,4.521444695259594,3.5214446952595937,4.521444695259594,0.16252821670428894,1,2.798395164027306,False,0.8834532781111193,6.160563172968978,1.1094633319589775,0.1046887330521713,17.307556715961255
133,mt-bench,Qwen/Qwen3-4B,mgoin/Qwen3-4B-speculator.dflash2,0.0,8,dflash2_pairwise_k16_tb8,8,965,1572,57.86336900200695,15.642931761452854,63.926635700360805,24.590688729003887,436,3.603211009174312,2.6055045871559632,3.603211009174312,0.052752293577981654,0.9977064220183486,2.289042775994781,False,0.862292669058661,6.064880855054071,0.3996768799988786,0.10193263179098722,17.092384880052123
133,mt-bench,Qwen/Qwen3-4B,mgoin/Qwen3-4B-speculator.dflash2,0.0,8,dflash2_pairwise_k16_tb16,16,965,1583,57.90680799691472,13.241879294377075,75.51798183394044,20.96189492299891,372,4.252688172043011,3.2553763440860215,4.252688172043011,0.11559139784946236,0.9973118279569892,2.70409804740766,False,0.7383170368775609,5.1725583609586465,0.4415084250140353,0.08719012598885456,14.462361148107448
133,mt-bench,Qwen/Qwen3-4B,mgoin/Qwen3-4B-speculator.dflash2,0.0,8,dflash2_pairwise_k16_tb32,32,965,1631,57.87291799788363,13.342512762110127,74.9484012366685,21.76163831500162,384,4.244791666666667,3.2473958333333335,4.244791666666667,0.09635416666666667,0.9973958333333334,2.683702881335676,False,0.761765044015192,5.338096726052754,0.6635394350159913,0.09020613498432795,14.844572311958473
133,mt-bench,Qwen/Qwen3-4B,mgoin/Qwen3-4B-speculator.dflash2,0.0,8,dflash2_pairwise_k16_tb64,64,965,1886,58.02728200069396,11.907089262461776,83.98358137387905,22.45677034900291,386,4.883419689119171,3.8860103626943006,4.883419689119171,0.22538860103626943,0.9974093264248705,3.0072286479634447,False,0.7713694510239293,5.370329743032926,1.0642165820245282,0.09134857489698334,15.092287714018312
134,mt-bench,Qwen/Qwen3-4B,mgoin/Qwen3-4B-speculator.dflash2,0.0,8,baseline,,48,706,38.26664500229526,36.337017866852676,27.5201449844958,25.65393461399799,705,1,,,,,1.0,True,0.17413285306975013,0.0,0.0,0.0,25.363360886120063
134,mt-bench,Qwen/Qwen3-4B,mgoin/Qwen3-4B-speculator.dflash2,0.0,8,dflash2,,48,810,37.54796800058102,20.825430640737373,48.01821471311446,16.86859881899727,313,2.584664536741214,1.5878594249201279,2.584664536741214,0.04153354632587859,0.9968051118210862,1.7448387259648084,False,0.2017739669099683,3.9529632050252985,0.0,0.0,12.667479712057684
134,mt-bench,Qwen/Qwen3-4B,mgoin/Qwen3-4B-speculator.dflash2,0.0,8,dflash2_unary_k16_tb8,8,48,835,37.10065699851839,18.743584972449362,53.35158676794595,15.650893451995216,279,2.989247311827957,1.992831541218638,2.989247311827957,0.03225806451612903,0.996415770609319,1.9386375616117932,False,0.5493602840142557,3.866019812950981,0.20658852792985272,0.0651225599940517,10.919501734984806
134,mt-bench,Qwen/Qwen3-4B,mgoin/Qwen3-4B-speculator.dflash2,0.0,8,dflash2_unary_k16_tb16,16,48,747,37.02016700117383,17.731521208830962,56.39674048394463,13.245446342996729,236,3.1610169491525424,2.1610169491525424,3.1610169491525424,0.046610169491525424,1,2.0492893665973497,False,0.4649656630354002,3.2744894030183787,0.236780133935099,0.05544674310658593,9.175678911931755
134,mt-bench,Qwen/Qwen3-4B,mgoin/Qwen3-4B-speculator.dflash2,0.0,8,dflash2_unary_k16_tb32,32,48,837,37.193079995631706,16.131827685778365,61.989256237939394,13.502339772996493,239,3.497907949790795,2.502092050209205,3.497907949790795,0.04602510460251046,0.99581589958159,2.2525047114709125,False,0.47318560699932277,3.317275611014338,0.3657789309581858,0.056260607998410705,9.250337111872796
134,mt-bench,Qwen/Qwen3-4B,mgoin/Qwen3-4B-speculator.dflash2,0.0,8,dflash2_unary_k16_tb64,64,48,710,37.023545999545604,15.632206956336592,63.97049391638492,11.098866938998981,191,3.712041884816754,2.717277486910995,3.712041884816754,0.07329842931937172,0.9947643979057592,2.3244969803910696,False,0.38043253097566776,2.652322493981046,0.4904613390608574,0.04524165400653146,7.496969866959262
134,mt-bench,Qwen/Qwen3-4B,mgoin/Qwen3-4B-speculator.dflash2,0.0,8,dflash2_pairwise_k16_tb8,8,48,797,37.08603799896082,17.932349302384335,55.76514170773135,14.292082394000316,254,3.1338582677165356,2.1377952755905514,3.1338582677165356,0.03937007874015748,0.9960629921259843,2.0263389505814056,False,0.49977307008521166,3.5181722819033894,0.2332537690163008,0.05945785204676213,9.941019891113683
134,mt-bench,Qwen/Qwen3-4B,mgoin/Qwen3-4B-speculator.dflash2,0.0,8,dflash2_pairwise_k16_tb16,16,48,832,37.00396400381578,16.107143621394034,62.0842542604368,13.401143492999836,238,3.491596638655462,2.495798319327731,3.491596638655462,0.05042016806722689,0.9957983193277311,2.2559566563117164,False,0.46971498299535597,3.300556446025439,0.28466645104344934,0.05563782098033698,9.252030824041867
134,mt-bench,Qwen/Qwen3-4B,mgoin/Qwen3-4B-speculator.dflash2,0.0,8,dflash2_pairwise_k16_tb32,32,48,765,37.071327002195176,14.522542852291675,68.85846440055082,11.109745282003132,196,3.8979591836734695,2.8979591836734695,3.8979591836734695,0.08673469387755102,1,2.502111251206854,False,0.38800507501582615,2.718314697922324,0.340331430954393,0.04604198296874529,7.584396458994888
134,mt-bench,Qwen/Qwen3-4B,mgoin/Qwen3-4B-speculator.dflash2,0.0,8,dflash2_pairwise_k16_tb64,64,48,715,37.25744099938311,14.028613043357161,71.28288426727407,10.030458326000371,172,4.151162790697675,3.1569767441860463,4.151162790697675,0.12209302325581395,0.9941860465116279,2.5902074392207295,False,0.3424535449958057,2.3866904429742135,0.48363952697400237,0.04050791798363207,6.747554465022404
135,mt-bench,Qwen/Qwen3-4B,mgoin/Qwen3-4B-speculator.dflash2,0.0,8,baseline,,801,784,52.54122400219785,36.320308056121796,27.53280612198579,28.47512151599949,783,1,,,,,1.0,True,0.19250851307879202,0.0,0.0,0.0,28.153649259031226
135,mt-bench,Qwen/Qwen3-4B,mgoin/Qwen3-4B-speculator.dflash2,0.0,8,dflash2,,801,776,52.4464319969411,16.029167998708218,62.38626983512741,12.438634366997576,231,3.354978354978355,2.3593073593073592,3.354978354978355,0.08658008658008658,0.9956709956709957,2.265888538884166,False,0.14628980101406341,2.911073759998544,0.0,0.0,9.347110158902069
135,mt-bench,Qwen/Qwen3-4B,mgoin/Qwen3-4B-speculator.dflash2,0.0,8,dflash2_unary_k16_tb8,8,801,782,52.42120200273348,16.02971509207011,62.38414059490673,12.535237201998825,224,3.486607142857143,2.4910714285714284,3.486607142857143,0.0625,0.9955357142857143,2.265811204223426,False,0.441659316093137,3.0962298180384096,0.16544337198138237,0.05230486602522433,8.74408759205835
135,mt-bench,Qwen/Qwen3-4B,mgoin/Qwen3-4B-speculator.dflash2,0.0,8,dflash2_unary_k16_tb16,16,801,791,52.45748299785191,14.837198807840197,67.39816679355843,11.736224257001595,210,3.761904761904762,2.7666666666666666,3.761904761904762,0.08571428571428572,0.9952380952380953,2.447922180359921,False,0.41446573595749214,2.8989765539881773,0.2085349090193631,0.049446214878116734,8.131013121965225
135,mt-bench,Qwen/Qwen3-4B,mgoin/Qwen3-4B-speculator.dflash2,0.0,8,dflash2_unary_k16_tb32,32,801,763,52.4138109976775,13.073424107471324,76.49105481313886,9.97502259400062,177,4.305084745762712,3.310734463276836,4.305084745762712,0.15819209039548024,0.9943502824858758,2.7781786743509014,False,0.3507020200122497,2.4505627249382087,0.2665862889989512,0.04174322503240546,6.836201847014308
135,mt-bench,Qwen/Qwen3-4B,mgoin/Qwen3-4B-speculator.dflash2,0.0,8,dflash2_unary_k16_tb64,64,801,767,52.384471004188526,12.590952276403154,79.42211026199435,9.65726039600122,167,4.586826347305389,3.592814371257485,4.586826347305389,0.15568862275449102,0.9940119760479041,2.884635511182907,False,0.33276628896419425,2.311369016970275,0.4197335949575063,0.03948922901327023,6.52514633199462
135,mt-bench,Qwen/Qwen3-4B,mgoin/Qwen3-4B-speculator.dflash2,0.0,8,dflash2_pairwise_k16_tb8,8,801,774,52.38394099433208,15.31152620672112,65.3102758339689,11.851121284002147,211,3.6635071090047395,2.6682464454976302,3.6635071090047395,0.05687203791469194,0.995260663507109,2.3720893375200376,False,0.41679666894924594,2.918216300990025,0.19331293104914948,0.0493065559421666,8.24010591700062
135,mt-bench,Qwen/Qwen3-4B,mgoin/Qwen3-4B-speculator.dflash2,0.0,8,dflash2_pairwise_k16_tb16,16,801,779,52.43021299975226,13.226784521177207,75.60416504849799,10.303665141997044,183,4.251366120218579,3.2568306010928962,4.251366120218579,0.1366120218579235,0.994535519125683,2.7459665648873233,False,0.363029884021671,2.5392109679960413,0.21654967698123073,0.0428542490262771,7.112528564022796
135,mt-bench,Qwen/Qwen3-4B,mgoin/Qwen3-4B-speculator.dflash2,0.0,8,dflash2_pairwise_k16_tb32,32,801,953,52.402790999622084,11.986902462755433,83.42438783556513,11.423518047005928,202,4.712871287128713,3.717821782178218,4.712871287128713,0.17326732673267325,0.995049504950495,3.0299994655811053,False,0.4005283510487061,2.7986274719951325,0.3455958560007275,0.0476685079629533,7.797741793081514
135,mt-bench,Qwen/Qwen3-4B,mgoin/Qwen3-4B-speculator.dflash2,0.0,8,dflash2_pairwise_k16_tb64,64,801,803,52.42232300224714,12.080228310088168,82.77989242677661,9.7004233330008,167,4.802395209580839,3.808383233532934,4.802395209580839,0.2155688622754491,0.9940119760479041,3.00659119379315,False,0.3334278010224807,2.3129365900094854,0.46074766896344954,0.03942192796966992,6.524850953006535
136,mt-bench,Qwen/Qwen3-4B,mgoin/Qwen3-4B-speculator.dflash2,0.0,8,baseline,,44,990,38.861168002767954,36.393831604043655,27.47718379531359,36.02989328800322,989,1,,,,,1.0,True,0.24392395003815182,0.0,0.0,0.0,35.621952164954564
136,mt-bench,Qwen/Qwen3-4B,mgoin/Qwen3-4B-speculator.dflash2,0.0,8,dflash2,,44,868,37.552645000687335,19.889827662444052,50.276956491091106,17.264370411001437,320,2.709375,1.7125,2.709375,0.046875,0.996875,1.8297710881005993,False,0.20545957998547237,4.045273033952981,0.0,0.0,12.96610759197938
136,mt-bench,Qwen/Qwen3-4B,mgoin/Qwen3-4B-speculator.dflash2,0.0,8,dflash2_unary_k16_tb8,8,44,977,37.57791600219207,18.22038795803783,54.883573407055536,17.80131903500296,317,3.078864353312303,2.082018927444795,3.078864353312303,0.03785488958990536,0.9968454258675079,1.9974235284045478,False,0.6260485721213627,4.399445598057355,0.23475576996133896,0.07417936796991853,12.416146730996843
136,mt-bench,Qwen/Qwen3-4B,mgoin/Qwen3-4B-speculator.dflash2,0.0,8,dflash2_unary_k16_tb16,16,44,980,37.112363999767695,16.43285314388109,60.85370515054827,16.104196081003465,287,3.4111498257839723,2.4146341463414633,3.4111498257839723,0.059233449477351915,0.9965156794425087,2.214699497731178,False,0.565318205022777,3.9822583260247484,0.28721860903169727,0.06766119704116136,11.155469724973955
136,mt-bench,Qwen/Qwen3-4B,mgoin/Qwen3-4B-speculator.dflash2,0.0,8,dflash2_unary_k16_tb32,32,44,975,37.19436699611833,15.53148626153602,64.38533847700823,15.14319910499762,268,3.6343283582089554,2.638059701492537,3.6343283582089554,0.05223880597014925,0.996268656716418,2.3432291663015907,False,0.5309100980230141,3.722945052984869,0.40814720999333076,0.06314225302776322,10.373757485918759
136,mt-bench,Qwen/Qwen3-4B,mgoin/Qwen3-4B-speculator.dflash2,0.0,8,dflash2_unary_k16_tb64,64,44,959,37.73618799459655,15.73582881648047,63.549242411221364,15.090659835004772,260,3.6846153846153844,2.6884615384615387,3.6846153846153844,0.06153846153846154,0.9961538461538462,2.31280042687854,False,0.5170771449338645,3.6104602230043383,0.6662452040036442,0.061444658029358834,10.190521483993507
136,mt-bench,Qwen/Qwen3-4B,mgoin/Qwen3-4B-speculator.dflash2,0.0,8,dflash2_pairwise_k16_tb8,8,44,963,37.111904995981604,17.906640867083656,55.84520331997164,17.24409515500156,306,3.1437908496732025,2.1437908496732025,3.1437908496732025,0.032679738562091505,1,2.0324209255206274,False,0.603372723031498,4.248823725974944,0.2808683188923169,0.07147454008372733,11.990834862954216
136,mt-bench,Qwen/Qwen3-4B,mgoin/Qwen3-4B-speculator.dflash2,0.0,8,dflash2_pairwise_k16_tb16,16,44,991,37.156686004891526,15.559705782035135,64.26856741433865,15.419668429996818,274,3.613138686131387,2.616788321167883,3.613138686131387,0.06204379562043796,0.9963503649635036,2.3389794199105682,False,0.5410718229977647,3.801238574043964,0.32689529895287706,0.06394412595545873,10.64227387902065
136,mt-bench,Qwen/Qwen3-4B,mgoin/Qwen3-4B-speculator.dflash2,0.0,8,dflash2_pairwise_k16_tb32,32,44,923,37.09543399600079,14.690745148422698,68.0700665552943,13.55955777199415,239,3.8577405857740588,2.8619246861924688,3.8577405857740588,0.07112970711297072,0.99581589958159,2.4773305394894254,False,0.47257220107712783,3.319715727993753,0.41560920399206225,0.05621635406714631,9.255910574989684
136,mt-bench,Qwen/Qwen3-4B,mgoin/Qwen3-4B-speculator.dflash2,0.0,8,dflash2_pairwise_k16_tb64,64,44,956,37.04000200377777,14.034255716529767,71.2542239644518,13.416748465002456,230,4.1521739130434785,3.1565217391304348,4.1521739130434785,0.08695652173913043,0.9956521739130435,2.593214228039071,False,0.4582667190261418,3.1971601150144124,0.6441705170000205,0.05448360101581784,9.022851688983792
137,mt-bench,Qwen/Qwen3-4B,mgoin/Qwen3-4B-speculator.dflash2,0.0,8,baseline,,1026,739,65.48051800200483,36.235843759134234,27.59698398765512,26.778288538000197,738,1,,,,,1.0,True,0.18110945500666276,0.0,0.0,0.0,26.474636482918868
137,mt-bench,Qwen/Qwen3-4B,mgoin/Qwen3-4B-speculator.dflash2,0.0,8,dflash2,,1026,776,65.43833700561663,18.771386751291878,53.27256921661253,14.566596119002497,270,2.8703703703703702,1.8703703703703705,2.8703703703703702,0.03333333333333333,1,1.9303764947808357,False,0.17421199006639654,3.4095556120519177,0.0,0.0,10.942450039947289
137,mt-bench,Qwen/Qwen3-4B,mgoin/Qwen3-4B-speculator.dflash2,0.0,8,dflash2_unary_k16_tb8,8,1026,907,65.42519600043306,18.25881149062481,54.768077347940256,16.560742021996703,291,3.11340206185567,2.1168384879725086,3.11340206185567,0.010309278350515464,0.9965635738831615,1.984567493768142,False,0.5817943309884868,4.094410124023852,0.2179754909229814,0.06908509603817947,11.550927441909153
137,mt-bench,Qwen/Qwen3-4B,mgoin/Qwen3-4B-speculator.dflash2,0.0,8,dflash2_unary_k16_tb16,16,1026,724,65.45835699944291,16.327145319061067,61.247693975783605,11.820853211000212,209,3.45933014354067,2.464114832535885,3.45933014354067,0.0430622009569378,0.9952153110047847,2.2193618695137616,False,0.4172265290399082,2.9163578530497034,0.21021584298432572,0.04949808100354858,8.193645669038233
137,mt-bench,Qwen/Qwen3-4B,mgoin/Qwen3-4B-speculator.dflash2,0.0,8,dflash2_unary_k16_tb32,32,1026,761,65.39998600055696,14.845078925103204,67.36239026045111,11.297105062003538,197,3.8578680203045685,2.8629441624365484,3.8578680203045685,0.04568527918781726,0.9949238578680203,2.4409330487195318,False,0.39758109197282465,2.7756532989951666,0.30308286999206757,0.04685141200752696,7.741165267972974
137,mt-bench,Qwen/Qwen3-4B,mgoin/Qwen3-4B-speculator.dflash2,0.0,8,dflash2_unary_k16_tb64,64,1026,759,65.37597499846015,14.531912181817997,68.81406847828173,11.02972134599986,187,4.053475935828877,3.0588235294117645,4.053475935828877,0.06951871657754011,0.9946524064171123,2.4935358338093803,False,0.3794930769945495,2.6407933499576757,0.48300389906944474,0.04487263401824748,7.448877216993424
137,mt-bench,Qwen/Qwen3-4B,mgoin/Qwen3-4B-speculator.dflash2,0.0,8,dflash2_pairwise_k16_tb8,8,1026,818,65.4192250003689,17.43115594010421,57.368541904858986,14.258685559005244,249,3.281124497991968,2.281124497991968,3.281124497991968,0.012048192771084338,1,2.078797521153815,False,0.5024568340231781,3.513677455994184,0.23092037799506215,0.059104703010234516,9.912291183027264
137,mt-bench,Qwen/Qwen3-4B,mgoin/Qwen3-4B-speculator.dflash2,0.0,8,dflash2_pairwise_k16_tb16,16,1026,770,65.37938499968732,14.858985955841302,67.29934350647153,11.441419185997802,201,3.825870646766169,2.8308457711442787,3.825870646766169,0.05472636815920398,0.9950248756218906,2.4386484963928075,False,0.4024871299552615,2.8205539449700154,0.24127824504830642,0.04746636204072274,7.897100392008724
137,mt-bench,Qwen/Qwen3-4B,mgoin/Qwen3-4B-speculator.dflash2,0.0,8,dflash2_pairwise_k16_tb32,32,1026,718,65.47582799976226,13.703461828687235,72.97426099342067,9.839085592997435,171,4.192982456140351,3.198830409356725,4.192982456140351,0.06432748538011696,0.9941520467836257,2.644283919795875,False,0.3454120030219201,2.4082205410377355,0.296974060976936,0.040801312010444235,6.719026163948001
137,mt-bench,Qwen/Qwen3-4B,mgoin/Qwen3-4B-speculator.dflash2,0.0,8,dflash2_pairwise_k16_tb64,64,1026,790,65.44057699647965,13.025278764551423,76.77378872853927,10.289970223995624,174,4.5344827586206895,3.5402298850574714,4.5344827586206895,0.08045977011494253,0.9942528735632183,2.78196301316413,False,0.3531695650162874,2.453860682042432,0.4881642089676461,0.041503353022562806,6.922967707032512
138,mt-bench,Qwen/Qwen3-4B,mgoin/Qwen3-4B-speculator.dflash2,0.0,8,baseline,,32,291,39.03234000608791,36.493879470784584,27.40185517411369,10.619718925998313,290,1,,,,,1.0,True,0.0722396380660939,0.0,0.0,0.0,10.498691533088277
138,mt-bench,Qwen/Qwen3-4B,mgoin/Qwen3-4B-speculator.dflash2,0.0,8,dflash2,,32,302,43.837258002895396,23.979590185419678,41.70213053132286,7.241836235996743,131,2.2977099236641223,1.3053435114503817,2.2977099236641223,0.03816793893129771,0.9923664122137404,1.5218725252850225,False,0.08599631197284907,1.6912286759761628,0.0,0.0,5.444566326972563
138,mt-bench,Qwen/Qwen3-4B,mgoin/Qwen3-4B-speculator.dflash2,0.0,8,dflash2_unary_k16_tb8,8,32,281,37.86322200176073,21.21640367970348,47.13334149824095,5.961809433996677,105,2.6666666666666665,1.6666666666666667,2.6666666666666665,0.02857142857142857,1,1.7200784836921346,False,0.20909857399965404,1.4645146400289377,0.08048893898376264,0.024834521987941116,4.16619921799429
138,mt-bench,Qwen/Qwen3-4B,mgoin/Qwen3-4B-speculator.dflash2,0.0,8,dflash2_unary_k16_tb16,16,32,295,37.246847998176236,20.557612471180864,48.64378105200065,6.064495678998355,107,2.7476635514018692,1.7570093457943925,2.7476635514018692,0.028037383177570093,0.9906542056074766,1.7752002827149467,False,0.2136348290150636,1.4927959390624892,0.11007183395850006,0.025353561039082706,4.205301721973228
138,mt-bench,Qwen/Qwen3-4B,mgoin/Qwen3-4B-speculator.dflash2,0.0,8,dflash2_unary_k16_tb32,32,32,303,37.365490999945905,18.724962544540848,53.40464621071,5.673663650995877,99,3.0505050505050506,2.0606060606060606,3.0505050505050506,0.030303030303030304,0.98989898989899,1.9489427219935433,False,0.19875157798378495,1.391019384995161,0.1543468870295328,0.023482521035475656,3.889611790087656
138,mt-bench,Qwen/Qwen3-4B,mgoin/Qwen3-4B-speculator.dflash2,0.0,8,dflash2_unary_k16_tb64,64,32,291,37.428382005600724,16.98219099311983,58.88521689604953,4.94181757899787,84,3.4523809523809526,2.4642857142857144,3.4523809523809526,0.05952380952380952,0.9880952380952381,2.1489500080154396,True,0.16920758001651848,1.1755712399972253,0.21731858101702528,0.01996892599709099,3.345119302008243
138,mt-bench,Qwen/Qwen3-4B,mgoin/Qwen3-4B-speculator.dflash2,0.0,8,dflash2_pairwise_k16_tb8,8,32,280,37.39735099952668,20.186269232129103,49.538623928009855,5.652155384996149,99,2.8181818181818183,1.8282828282828283,2.8181818181818183,0.030303030303030304,0.98989898989899,1.8078565707773169,False,0.1971857910612016,1.3858117329946253,0.09316990101797273,0.02346194098936394,3.936762057041051
138,mt-bench,Qwen/Qwen3-4B,mgoin/Qwen3-4B-speculator.dflash2,0.0,8,dflash2_pairwise_k16_tb16,16,32,256,37.395321000076365,18.326388855456344,54.5661236311849,4.691555546996824,82,3.1097560975609757,2.1219512195121952,3.1097560975609757,0.024390243902439025,0.9878048780487805,1.9913295389843924,False,0.1641387100535212,1.1484210310009075,0.10000745097204344,0.019412458015722223,3.2462786579999374
138,mt-bench,Qwen/Qwen3-4B,mgoin/Qwen3-4B-speculator.dflash2,0.0,8,dflash2_pairwise_k16_tb32,32,32,304,37.26752800139366,18.084158437503856,55.29701608487065,5.497584165001172,96,3.15625,2.1666666666666665,3.15625,0.041666666666666664,0.9895833333333334,2.018002640095306,False,0.19168014092429075,1.3395087909375434,0.1690320790221449,0.022855010014609434,3.7584784800492343
138,mt-bench,Qwen/Qwen3-4B,mgoin/Qwen3-4B-speculator.dflash2,0.0,8,dflash2_pairwise_k16_tb64,64,32,256,37.31187900120858,15.560308800758094,64.26607677292884,3.983439052994072,67,3.8059701492537314,2.8208955223880596,3.8059701492537314,0.07462686567164178,0.9850746268656716,2.345318459811454,False,0.13599849199817982,0.9417333340388723,0.1922420129776583,0.016061486036051065,2.6857338349873316
139,mt-bench,Qwen/Qwen3-4B,mgoin/Qwen3-4B-speculator.dflash2,0.0,8,baseline,,312,578,36.92466999928001,36.91253865743539,27.09106543119237,21.335447343997657,577,1,,,,,1.0,True,0.1445187880890444,0.0,0.0,0.0,21.094008980006038
139,mt-bench,Qwen/Qwen3-4B,mgoin/Qwen3-4B-speculator.dflash2,0.0,8,dflash2,,312,558,37.327639998693485,20.444466999996813,48.912989514481154,11.408012585998222,209,2.665071770334928,1.6698564593301435,2.665071770334928,0.028708133971291867,0.9952153110047847,1.8055026163040175,False,0.1364707159664249,2.6679265951170237,0.0,0.0,8.572331570103415
139,mt-bench,Qwen/Qwen3-4B,mgoin/Qwen3-4B-speculator.dflash2,0.0,8,dflash2_unary_k16_tb8,8,312,522,36.876229001791216,17.87630663793572,55.93996680935631,9.331432065002446,164,3.176829268292683,2.182926829268293,3.176829268292683,0.006097560975609756,0.9939024390243902,2.0648861873460174,False,0.3285205989377573,2.3026348130297265,0.12561858697154094,0.038867231021868065,6.509479608961556
139,mt-bench,Qwen/Qwen3-4B,mgoin/Qwen3-4B-speculator.dflash2,0.0,8,dflash2_unary_k16_tb16,16,312,502,36.82780799863394,18.458128045817446,54.17667476993133,9.26598027900036,163,3.0736196319018405,2.079754601226994,3.0736196319018405,0,0.9938650306748467,1.999798601776395,False,0.3268446090078214,2.2905032149283215,0.16702559999976074,0.038610261923167855,6.416114682011539
139,mt-bench,Qwen/Qwen3-4B,mgoin/Qwen3-4B-speculator.dflash2,0.0,8,dflash2_unary_k16_tb32,32,312,627,37.06695300206775,16.742885213720715,59.726862320032204,10.497789029002888,183,3.420765027322404,2.4262295081967213,3.420765027322404,0.03825136612021858,0.994535519125683,2.20467011427551,False,0.36811068296810845,2.580150535031862,0.28463628813187825,0.043503651053470094,7.191017789948091
139,mt-bench,Qwen/Qwen3-4B,mgoin/Qwen3-4B-speculator.dflash2,0.0,8,dflash2_unary_k16_tb64,64,312,587,36.876420002954546,16.834859528111867,59.40055504057753,9.882062543001666,168,3.488095238095238,2.494047619047619,3.488095238095238,0.03571428571428571,0.9940476190476191,2.192625284208437,False,0.34000151803775225,2.3603523159763427,0.43968687303276965,0.04034865198627813,6.672275557975809
139,mt-bench,Qwen/Qwen3-4B,mgoin/Qwen3-4B-speculator.dflash2,0.0,8,dflash2_pairwise_k16_tb8,8,312,573,36.8427880021045,17.769908415361158,56.27491018105373,10.182157522001944,178,3.2134831460674156,2.2191011235955056,3.2134831460674156,0.011235955056179775,0.9943820224719101,2.07724979750185,False,0.3571295590372756,2.507485751004424,0.16807978806900792,0.04238692699436797,7.078592952006147
139,mt-bench,Qwen/Qwen3-4B,mgoin/Qwen3-4B-speculator.dflash2,0.0,8,dflash2_pairwise_k16_tb16,16,312,522,36.84031800366938,15.54411284482966,64.33303785057271,8.114026905001083,141,3.6950354609929077,2.702127659574468,3.6950354609929077,0,0.9929078014184397,2.3746957466095195,False,0.2861050709907431,1.9962686780054355,0.17329951105784858,0.03360960001737112,5.601796492985159
139,mt-bench,Qwen/Qwen3-4B,mgoin/Qwen3-4B-speculator.dflash2,0.0,8,dflash2_pairwise_k16_tb32,32,312,614,36.90786100196419,15.342544384366311,65.17823738668642,9.420322252000915,165,3.7151515151515153,2.721212121212121,3.7151515151515153,0.024242424242424242,0.9939393939393939,2.4058942071595633,False,0.33034758902795147,2.30370072300866,0.29043037394148996,0.03934681401005946,6.428926537948428
139,mt-bench,Qwen/Qwen3-4B,mgoin/Qwen3-4B-speculator.dflash2,0.0,8,dflash2_pairwise_k16_tb64,64,312,633,36.909779999405146,14.060667096360865,71.120380928357,8.900402271996427,150,4.213333333333333,3.22,4.213333333333333,0.06666666666666667,0.9933333333333333,2.6252338103495085,False,0.30504303601628635,2.1169790609637857,0.4292345780340838,0.038092242008133326,5.984497516001284
140,mt-bench,Qwen/Qwen3-4B,mgoin/Qwen3-4B-speculator.dflash2,0.0,8,baseline,,40,1139,38.73774300154764,36.940761720806115,27.07036762148764,42.07552759999817,1138,1,,,,,1.0,True,0.2850148839497706,0.0,0.0,0.0,41.59914945097262
140,mt-bench,Qwen/Qwen3-4B,mgoin/Qwen3-4B-speculator.dflash2,0.0,8,dflash2,,40,1117,37.91079200163949,17.023598126228734,58.74198818516939,19.015359106997494,347,3.2161383285302594,2.2190201729106627,3.2161383285302594,0.07492795389048991,0.9971181556195965,2.1699737885547505,False,0.22351192599307979,4.460334631912701,0.0,0.0,14.279147777953767
140,mt-bench,Qwen/Qwen3-4B,mgoin/Qwen3-4B-speculator.dflash2,0.0,8,dflash2_unary_k16_tb8,8,40,1105,37.80480100249406,16.84701209955025,59.35770652332447,18.615948370003025,327,3.376146788990826,2.379204892966361,3.376146788990826,0.03363914373088685,0.9969418960244648,2.1927188929716683,False,0.65154612196784,4.60393617599766,0.24563571095495718,0.07729246209055418,12.984878252063936
140,mt-bench,Qwen/Qwen3-4B,mgoin/Qwen3-4B-speculator.dflash2,0.0,8,dflash2_unary_k16_tb16,16,40,1105,37.27130799961742,16.03939362352675,62.34649659904783,17.72352995399706,311,3.54983922829582,2.54983922829582,3.54983922829582,0.06109324758842444,1,2.303127074992475,False,0.6213834069421864,4.384878826938802,0.3154395230812952,0.07402167002874194,12.276675729001
140,mt-bench,Qwen/Qwen3-4B,mgoin/Qwen3-4B-speculator.dflash2,0.0,8,dflash2_unary_k16_tb32,32,40,1138,37.51829400425777,14.262247667840986,70.11517562234141,16.230437846003042,283,4.017667844522968,3.021201413427562,4.017667844522968,0.1166077738515901,0.9964664310954063,2.5901079956773883,False,0.5677582270145649,3.990213994999067,0.4365366079728119,0.06767980299628107,11.12076933796925
140,mt-bench,Qwen/Qwen3-4B,mgoin/Qwen3-4B-speculator.dflash2,0.0,8,dflash2_unary_k16_tb64,64,40,1206,37.37274000013713,13.941527405468436,71.72815222582851,16.813482050994935,285,4.228070175438597,3.231578947368421,4.228070175438597,0.14385964912280702,0.9964912280701754,2.6496925800480398,False,0.5755329079474905,4.03552627695899,0.728550558022107,0.06858310798997991,11.355092562058417
140,mt-bench,Qwen/Qwen3-4B,mgoin/Qwen3-4B-speculator.dflash2,0.0,8,dflash2_pairwise_k16_tb8,8,40,1372,37.31849000178045,15.529031867345774,64.39551470705561,21.305831721998402,372,3.685483870967742,2.6881720430107525,3.685483870967742,0.05913978494623656,0.9973118279569892,2.3788193646820073,False,0.7427671518962597,5.253403439957765,0.3471996900407248,0.08816253903205507,14.81390810195444
140,mt-bench,Qwen/Qwen3-4B,mgoin/Qwen3-4B-speculator.dflash2,0.0,8,dflash2_pairwise_k16_tb16,16,40,1099,37.47358300461201,15.204979548677466,65.76792798691928,16.710272523996537,292,3.76027397260274,2.7636986301369864,3.76027397260274,0.0547945205479452,0.9965753424657534,2.429517356635921,False,0.584317683991685,4.125297247010167,0.3530748079865589,0.06921055603015702,11.530356838949956
140,mt-bench,Qwen/Qwen3-4B,mgoin/Qwen3-4B-speculator.dflash2,0.0,8,dflash2_pairwise_k16_tb32,32,40,1215,37.36187100003008,12.891476277363536,77.5706349284391,15.663143676996695,271,4.479704797047971,3.4833948339483394,4.479704797047971,0.1033210332103321,0.996309963099631,2.8655183414231096,False,0.5434098949699546,3.893552089961304,0.4726774280788959,0.06447955602925504,10.643537549032771
140,mt-bench,Qwen/Qwen3-4B,mgoin/Qwen3-4B-speculator.dflash2,0.0,8,dflash2_pairwise_k16_tb64,64,40,1139,37.415781000163406,13.04015944337347,76.68617890313935,14.852741606002382,251,4.53386454183267,3.537848605577689,4.53386454183267,0.12350597609561753,0.9960159362549801,2.8328458621399797,False,0.5061115570351831,3.5435083340053097,0.7062632200832013,0.0603524110338185,9.99241362601606
141,mt-bench,Qwen/Qwen3-4B,mgoin/Qwen3-4B-speculator.dflash2,0.0,8,baseline,,1198,464,69.26856499921996,36.75442004095171,27.20761200655055,17.054050899001595,463,1,,,,,1.0,True,0.11587697697541444,0.0,0.0,0.0,16.860825382093026
141,mt-bench,Qwen/Qwen3-4B,mgoin/Qwen3-4B-speculator.dflash2,0.0,8,dflash2,,1198,405,69.25955500628334,20.812712767916693,48.047556853882334,8.42914867100626,154,2.6233766233766236,1.6233766233766234,2.6233766233766236,0.012987012987012988,1,1.7659600865490994,False,0.10092420199362095,1.9690475719689857,0.0,0.0,6.3360355400291155
141,mt-bench,Qwen/Qwen3-4B,mgoin/Qwen3-4B-speculator.dflash2,0.0,8,dflash2_unary_k16_tb8,8,1198,355,69.2060439978377,18.89099288733043,52.93528010751977,6.706302475002302,118,3,2.0084745762711864,3,0.03389830508474576,0.9915254237288136,1.945605520057217,False,0.2348771600300097,1.6524794560100418,0.0883373899559956,0.0280085549748037,4.683503366992227
141,mt-bench,Qwen/Qwen3-4B,mgoin/Qwen3-4B-speculator.dflash2,0.0,8,dflash2_unary_k16_tb16,16,1198,376,69.36731700261589,17.670261332452665,56.59225866475615,6.644018261002202,117,3.2051282051282053,2.213675213675214,3.2051282051282053,0.03418803418803419,0.9914529914529915,2.0800156460306365,False,0.2333033219911158,1.6380360900584492,0.11828175698610721,0.02794118397287093,4.607444873036002
141,mt-bench,Qwen/Qwen3-4B,mgoin/Qwen3-4B-speculator.dflash2,0.0,8,dflash2_unary_k16_tb32,32,1198,362,69.2528459985624,15.801000182328904,63.28713299543867,5.719962066003063,100,3.61,2.62,3.61,0.07,0.99,2.326081869301927,False,0.2006379299928085,1.4001437080223695,0.1540740869822912,0.023777900016284548,3.92465923497366
141,mt-bench,Qwen/Qwen3-4B,mgoin/Qwen3-4B-speculator.dflash2,0.0,8,dflash2_unary_k16_tb64,64,1198,353,69.2669050040422,15.629202334275245,63.98279186692555,5.5171084239991615,94,3.74468085106383,2.75531914893617,3.74468085106383,0.05319148936170213,0.9893617021276596,2.3516504076697706,False,0.18916804698528722,1.316031541005941,0.24389804500970058,0.02252669900190085,3.7290265479969094
141,mt-bench,Qwen/Qwen3-4B,mgoin/Qwen3-4B-speculator.dflash2,0.0,8,dflash2_pairwise_k16_tb8,8,1198,376,69.23740299680503,18.33320585371845,54.545833826284884,6.8932854009981375,121,3.0991735537190084,2.1074380165289255,3.0991735537190084,0.024793388429752067,0.9917355371900827,2.004800487935227,False,0.24204827997164102,1.6927420029969653,0.11250372797076125,0.028645494014199357,4.797736521984916
141,mt-bench,Qwen/Qwen3-4B,mgoin/Qwen3-4B-speculator.dflash2,0.0,8,dflash2_pairwise_k16_tb16,16,1198,405,69.1818730047089,16.317957849385515,61.28217815182413,6.608772929001133,116,3.4827586206896552,2.4827586206896552,3.4827586206896552,0.034482758620689655,1,2.252390916816578,False,0.23154453397728503,1.6239463870224427,0.1399284680155688,0.027654994031763636,4.5668322749843355
141,mt-bench,Qwen/Qwen3-4B,mgoin/Qwen3-4B-speculator.dflash2,0.0,8,dflash2_pairwise_k16_tb32,32,1198,476,69.16412200371269,14.332116598741761,69.77336481394461,6.822087501001079,119,3.991596638655462,3,3.991596638655462,0.07563025210084033,0.9915966386554622,2.564479558042281,False,0.23849705597240245,1.6666997959982837,0.20695863101718714,0.028292018025240395,4.6618237419534125
141,mt-bench,Qwen/Qwen3-4B,mgoin/Qwen3-4B-speculator.dflash2,0.0,8,dflash2_pairwise_k16_tb64,64,1198,436,69.2189640030847,14.594352623860836,68.5196545385003,6.363137744003325,108,4.027777777777778,3.037037037037037,4.027777777777778,0.06481481481481481,0.9907407407407407,2.5184001639689435,False,0.21748891103925416,1.513543479028158,0.3052293570508482,0.025912839024385903,4.281955605976691
142,mt-bench,Qwen/Qwen3-4B,mgoin/Qwen3-4B-speculator.dflash2,0.0,8,baseline,,26,782,39.16195299825631,36.664161592076,27.274590678656725,28.67137436500343,781,1,,,,,1.0,True,0.194126321002841,0.0,0.0,0.0,28.34643188287737
142,mt-bench,Qwen/Qwen3-4B,mgoin/Qwen3-4B-speculator.dflash2,0.0,8,dflash2,,26,845,37.81534999870928,20.140135217752146,49.65209961046183,17.018414259000565,314,2.6878980891719744,1.6910828025477707,2.6878980891719744,0.04777070063694268,0.9968152866242038,1.8204526035038264,False,0.20285004309698706,3.9851407760870643,0.0,0.0,12.782924092025496
142,mt-bench,Qwen/Qwen3-4B,mgoin/Qwen3-4B-speculator.dflash2,0.0,8,dflash2_unary_k16_tb8,8,26,915,37.88758299924666,17.945533514757898,55.72417221129861,16.420163166003476,291,3.140893470790378,2.1443298969072164,3.140893470790378,0.03436426116838488,0.9965635738831615,2.043080054539723,False,0.5771332149306545,4.054784700005257,0.2177319279871881,0.06854050292895408,11.455549960010103
142,mt-bench,Qwen/Qwen3-4B,mgoin/Qwen3-4B-speculator.dflash2,0.0,8,dflash2_unary_k16_tb16,16,26,839,37.32357099943329,16.36588491180253,61.10271490903821,13.730977441002322,243,3.448559670781893,2.448559670781893,3.448559670781893,0.0411522633744856,1,2.2402798131395283,False,0.48336562290933216,3.390299111037166,0.24396888098999625,0.05739053997240262,9.516380382985517
142,mt-bench,Qwen/Qwen3-4B,mgoin/Qwen3-4B-speculator.dflash2,0.0,8,dflash2_unary_k16_tb32,32,26,864,37.4118420004379,15.781911451388925,63.36368082409894,13.63557149400003,240,3.595833333333333,2.6,3.595833333333333,0.05416666666666667,0.9958333333333333,2.3231762328034913,False,0.47808323096251115,3.349215110996738,0.3674186779244337,0.05685594201349886,9.343859533990326
142,mt-bench,Qwen/Qwen3-4B,mgoin/Qwen3-4B-speculator.dflash2,0.0,8,dflash2_unary_k16_tb64,64,26,995,37.59783600253286,15.026027343714734,66.55118995363016,14.95089720699616,256,3.8828125,2.88671875,3.8828125,0.07421875,0.99609375,2.4400435826048406,False,0.5131902950888616,3.5766197309058043,0.6575334831068176,0.060795203877205495,10.098243855987675
142,mt-bench,Qwen/Qwen3-4B,mgoin/Qwen3-4B-speculator.dflash2,0.0,8,dflash2_pairwise_k16_tb8,8,26,825,37.36042999662459,17.292412924853675,57.82882957662554,14.266240663004282,252,3.2698412698412698,2.2738095238095237,3.2698412698412698,0.047619047619047616,0.996031746031746,2.1202455522780226,False,0.5003064089978579,3.508296192951093,0.23274909896281315,0.05927095296647167,9.92519415296556
142,mt-bench,Qwen/Qwen3-4B,mgoin/Qwen3-4B-speculator.dflash2,0.0,8,dflash2_pairwise_k16_tb16,16,26,833,37.41110199916875,17.66195199999828,56.61888334879958,14.712406015998567,250,3.328,2.332,3.328,0.028,0.996,2.075883888263289,False,0.5219376959939837,3.6262014280291623,0.3371593430201756,0.06347408902365714,10.120800954005972
142,mt-bench,Qwen/Qwen3-4B,mgoin/Qwen3-4B-speculator.dflash2,0.0,8,dflash2_pairwise_k16_tb32,32,26,825,38.34882299997844,14.604324539391337,68.47286893021051,12.048567744997854,208,3.9615384615384617,2.9663461538461537,3.9615384615384617,0.09134615384615384,0.9951923076923077,2.5105003311302783,False,0.4256927379174158,2.9475877670411137,0.39629417104879394,0.05228634599916404,8.190527205086255
142,mt-bench,Qwen/Qwen3-4B,mgoin/Qwen3-4B-speculator.dflash2,0.0,8,dflash2_pairwise_k16_tb64,64,26,787,37.34481900028186,13.899121828459862,71.94699149642668,10.938608878997911,186,4.225806451612903,3.2311827956989245,4.225806451612903,0.11827956989247312,0.9946236559139785,2.6378761222887053,False,0.3740132230523159,2.601706309018482,0.529114847035089,0.04471832205308601,7.356408463987464
143,mt-bench,Qwen/Qwen3-4B,mgoin/Qwen3-4B-speculator.dflash2,0.0,8,baseline,,832,424,52.95345000195084,36.319383172169935,27.533507253125908,15.399418465000052,423,1,,,,,1.0,True,0.1086366049348726,0.0,0.0,0.0,15.21925990399177
143,mt-bench,Qwen/Qwen3-4B,mgoin/Qwen3-4B-speculator.dflash2,0.0,8,dflash2,,832,426,52.93497900129296,25.83275610798841,38.71054237572291,11.004754102003062,205,2.073170731707317,1.078048780487805,2.073170731707317,0,0.9951219512195122,1.4059430213464017,False,0.1337157619491336,2.5732640140122385,0.0,0.0,8.26728721796826
143,mt-bench,Qwen/Qwen3-4B,mgoin/Qwen3-4B-speculator.dflash2,0.0,8,dflash2_unary_k16_tb8,8,832,436,52.90766699909,22.434438431179316,44.57432723656693,9.781415155994182,175,2.4857142857142858,1.4914285714285713,2.4857142857142858,0,0.9942857142857143,1.618912070546565,False,0.3437549080554163,2.4127058889353066,0.1295980229988345,0.04076424307277193,6.8266822489677
143,mt-bench,Qwen/Qwen3-4B,mgoin/Qwen3-4B-speculator.dflash2,0.0,8,dflash2_unary_k16_tb16,16,832,405,52.90764900564682,20.707485358012313,48.29171590422358,8.386531569994986,150,2.6933333333333334,1.7,2.6933333333333334,0,0.9933333333333333,1.753925333967069,False,0.2951203649499803,2.069195282914734,0.15108389800298028,0.035208683999371715,5.811367365968181
143,mt-bench,Qwen/Qwen3-4B,mgoin/Qwen3-4B-speculator.dflash2,0.0,8,dflash2_unary_k16_tb32,32,832,434,53.00087999785319,19.20373430875603,52.07320534236123,8.334420690000115,148,2.925675675675676,1.9324324324324325,2.925675675675676,0,0.9932432432432432,1.891266697832304,False,0.29225561396742705,2.043159418979485,0.22807474803266814,0.03471870803332422,5.711912324040895
143,mt-bench,Qwen/Qwen3-4B,mgoin/Qwen3-4B-speculator.dflash2,0.0,8,dflash2_unary_k16_tb64,64,832,350,52.99771999852965,17.51867711714502,57.08193565719234,6.1315369910007576,106,3.292452830188679,2.30188679245283,3.292452830188679,0,0.9905660377358491,2.0731806933427186,False,0.21120098299434176,1.461415459991258,0.27440115203353344,0.025132789989584126,4.140916163014481
143,mt-bench,Qwen/Qwen3-4B,mgoin/Qwen3-4B-speculator.dflash2,0.0,8,dflash2_pairwise_k16_tb8,8,832,434,52.89722800080199,22.494828792625942,44.45466152326579,9.762755695999658,174,2.4885057471264367,1.4885057471264367,2.4885057471264367,0,1,1.61456588565261,False,0.3423643339338014,2.4034485850133933,0.1591615520446794,0.04065562998584937,6.789282756966713
143,mt-bench,Qwen/Qwen3-4B,mgoin/Qwen3-4B-speculator.dflash2,0.0,8,dflash2_pairwise_k16_tb16,16,832,433,52.93617799907224,19.868527542720802,50.330856066199445,8.603072425998107,153,2.823529411764706,1.8300653594771241,2.823529411764706,0,0.9934640522875817,1.8279856468516311,False,0.3027401279687183,2.1176640219491674,0.1827888800180517,0.03584023004077608,5.939326332976634
143,mt-bench,Qwen/Qwen3-4B,mgoin/Qwen3-4B-speculator.dflash2,0.0,8,dflash2_pairwise_k16_tb32,32,832,432,52.88220799411647,19.234999553224984,51.98856372379471,8.309519806993194,147,2.931972789115646,1.9387755102040816,2.931972789115646,0,0.9931972789115646,1.8881925664552741,False,0.29103899995971005,2.032184499061259,0.2566100469775847,0.03444399399450049,5.670808983973984
143,mt-bench,Qwen/Qwen3-4B,mgoin/Qwen3-4B-speculator.dflash2,0.0,8,dflash2_pairwise_k16_tb64,64,832,433,52.941798996471334,18.55740266974142,53.88685139815064,8.035355355998036,138,3.130434782608696,2.13768115942029,3.130434782608696,0,0.9927536231884058,1.9571372038712143,False,0.2755247659079032,1.9121743559080642,0.392759553003998,0.0328246470016893,5.398224343058246
144,mt-bench,Qwen/Qwen3-4B,mgoin/Qwen3-4B-speculator.dflash2,0.0,8,baseline,,38,1056,38.491735998832155,36.39089233238889,27.479403111804782,38.42878230300266,1055,1,,,,,1.0,True,0.2606335710879648,0.0,0.0,0.0,37.99420960577845
144,mt-bench,Qwen/Qwen3-4B,mgoin/Qwen3-4B-speculator.dflash2,0.0,8,dflash2,,38,1358,36.48582199821249,21.13680306259209,47.31084436178524,28.70377855900006,534,2.541198501872659,1.5430711610486891,2.541198501872659,0.035580524344569285,0.99812734082397,1.7216838433241346,False,0.34347083211469,6.736833940936776,0.0,0.0,21.544286946947977
144,mt-bench,Qwen/Qwen3-4B,mgoin/Qwen3-4B-speculator.dflash2,0.0,8,dflash2_unary_k16_tb8,8,38,1216,37.43130300426856,20.290108370066886,49.28509901284,24.67277177800133,440,2.7613636363636362,1.7613636363636365,2.7613636363636362,0.015909090909090907,1,1.7935287317673863,False,0.8655883869723766,6.103158109093783,0.3269413288726355,0.10271482909593033,17.204219996034226
144,mt-bench,Qwen/Qwen3-4B,mgoin/Qwen3-4B-speculator.dflash2,0.0,8,dflash2_unary_k16_tb16,16,38,1222,36.692467001557816,18.225682765143645,54.867628987402625,22.271784339005535,397,3.075566750629723,2.075566750629723,3.075566750629723,0.017632241813602016,1,1.9966819790140287,False,0.7825472189579159,5.515890184964519,0.3996117150672944,0.09355386801325949,15.415901446096541
144,mt-bench,Qwen/Qwen3-4B,mgoin/Qwen3-4B-speculator.dflash2,0.0,8,dflash2_unary_k16_tb32,32,38,1136,37.181036997935735,17.391041256161486,57.500869859975126,19.75622286699945,350,3.242857142857143,2.2457142857142856,3.242857142857143,0.03142857142857143,0.9971428571428571,2.09250796409306,False,0.6927287679936853,4.8604560509411385,0.5380041089956649,0.0822392420086544,13.524996562977321
144,mt-bench,Qwen/Qwen3-4B,mgoin/Qwen3-4B-speculator.dflash2,0.0,8,dflash2_unary_k16_tb64,64,38,1025,36.856550999800675,16.303112849752168,61.33797939178231,16.710690670995973,288,3.5555555555555554,2.5590277777777777,3.5555555555555554,0.03819444444444445,0.9965277777777778,2.2321438039326384,False,0.5730049289995804,4.001856365051935,0.7410508749599103,0.06807220599148422,11.274980002985103
144,mt-bench,Qwen/Qwen3-4B,mgoin/Qwen3-4B-speculator.dflash2,0.0,8,dflash2_pairwise_k16_tb8,8,38,1052,36.74018799938494,18.948430410644836,52.77481977811844,19.93374879199837,354,2.968926553672316,1.9717514124293785,2.968926553672316,0.011299435028248588,0.9971751412429378,1.9205227844067359,False,0.6970227389319916,4.913038599937863,0.3256249259284232,0.08294127407862106,13.858752203086624
144,mt-bench,Qwen/Qwen3-4B,mgoin/Qwen3-4B-speculator.dflash2,0.0,8,dflash2_pairwise_k16_tb16,16,38,1077,36.7387059959583,16.892384166199164,59.19827480604846,18.1930977469965,322,3.341614906832298,2.3447204968944098,3.341614906832298,0.031055900621118012,0.9968944099378882,2.1542780447300793,False,0.6353751459464547,4.489715479008737,0.3872194199284422,0.07545585594198201,12.553161092073424
144,mt-bench,Qwen/Qwen3-4B,mgoin/Qwen3-4B-speculator.dflash2,0.0,8,dflash2_pairwise_k16_tb32,32,38,1119,36.73713700118242,15.682009437890374,63.76733823306034,17.54816856099933,309,3.618122977346278,2.621359223300971,3.618122977346278,0.05825242718446602,0.9967637540453075,2.3205503399623244,False,0.6111599409414339,4.303092413028935,0.5363202049484244,0.07286520198977087,11.97355044199503
144,mt-bench,Qwen/Qwen3-4B,mgoin/Qwen3-4B-speculator.dflash2,0.0,8,dflash2_pairwise_k16_tb64,64,38,1160,36.77029900427442,15.71405988879319,63.637278149434245,18.228309471000102,312,3.71474358974359,2.717948717948718,3.71474358974359,0.035256410256410256,0.9967948717948718,2.3158173374623456,False,0.6203882980480557,4.3498048979308805,0.8801320150014362,0.07377570597600425,12.250056599994423
145,mt-bench,Qwen/Qwen3-4B,mgoin/Qwen3-4B-speculator.dflash2,0.0,8,baseline,,1217,886,69.64176600013161,36.600636509028355,27.32192921708692,32.42816394699912,885,1,,,,,1.0,True,0.22142397006246028,0.0,0.0,0.0,32.058302575889684
145,mt-bench,Qwen/Qwen3-4B,mgoin/Qwen3-4B-speculator.dflash2,0.0,8,dflash2,,1217,922,69.55649400333641,20.307643921911545,49.24254156933586,18.723647696002445,347,2.654178674351585,1.654178674351585,2.654178674351585,0.020172910662824207,1,1.8023083647599805,False,0.22951826003554743,4.393275644040841,0.0,0.0,14.048922225985734
145,mt-bench,Qwen/Qwen3-4B,mgoin/Qwen3-4B-speculator.dflash2,0.0,8,dflash2_unary_k16_tb8,8,1217,879,69.59514500340447,18.237790808874482,54.83120244549584,16.03101812100067,281,3.1245551601423487,2.1281138790035588,3.1245551601423487,0.028469750889679714,0.99644128113879,2.00685691006054,False,0.5635876660890062,3.9675022308802,0.21494221092871157,0.06727861598483287,11.17220157002157
145,mt-bench,Qwen/Qwen3-4B,mgoin/Qwen3-4B-speculator.dflash2,0.0,8,dflash2_unary_k16_tb16,16,1217,931,69.6612869942328,16.98286554779227,58.88287799169425,15.811047824994603,276,3.369565217391304,2.3731884057971016,3.369565217391304,0.03985507246376811,0.9963768115942029,2.155150813979467,False,0.5595247299497714,3.9140789250523085,0.2935196350008482,0.06743802395067178,10.930460637981014
145,mt-bench,Qwen/Qwen3-4B,mgoin/Qwen3-4B-speculator.dflash2,0.0,8,dflash2_unary_k16_tb32,32,1217,864,69.6856279973872,16.006629349543868,62.4741148284599,13.829727758005902,244,3.5368852459016393,2.540983606557377,3.5368852459016393,0.04918032786885246,0.9959016393442623,2.2865923680597593,False,0.48633928701019613,3.401288635948731,0.3779389280025498,0.057831064965284895,9.465796153061092
145,mt-bench,Qwen/Qwen3-4B,mgoin/Qwen3-4B-speculator.dflash2,0.0,8,dflash2_unary_k16_tb64,64,1217,865,69.59311600076035,15.259310180345562,65.53376189233175,13.19930330599891,224,3.857142857142857,2.857142857142857,3.857142857142857,0.0625,1,2.3985773980904486,False,0.4553080670229974,3.164324003046204,0.5843642810505116,0.05372942606481956,8.902345579961548
145,mt-bench,Qwen/Qwen3-4B,mgoin/Qwen3-4B-speculator.dflash2,0.0,8,dflash2_pairwise_k16_tb8,8,1217,872,69.6821569945314,18.201726845190848,54.939842164712736,15.871905809006421,277,3.1444043321299637,2.148014440433213,3.1444043321299637,0.02527075812274368,0.9963898916967509,2.01083319293404,False,0.5575168009891058,3.9195088280685013,0.26097613405727316,0.06571035699744243,11.023738598982163
145,mt-bench,Qwen/Qwen3-4B,mgoin/Qwen3-4B-speculator.dflash2,0.0,8,dflash2_pairwise_k16_tb16,16,1217,1017,69.67948700184934,15.824681381514855,63.19242554659718,16.093700965000608,282,3.602836879432624,2.606382978723404,3.602836879432624,0.05319148936170213,0.9964539007092199,2.3128829975548406,False,0.5669565800053533,3.9745982389358687,0.3411997529765358,0.06698576302733272,11.097782623044623
145,mt-bench,Qwen/Qwen3-4B,mgoin/Qwen3-4B-speculator.dflash2,0.0,8,dflash2_pairwise_k16_tb32,32,1217,946,69.58621500234585,14.436385126847327,69.26941829366281,13.656820329997572,239,3.9539748953974896,2.9581589958158996,3.9539748953974896,0.06276150627615062,0.99581589958159,2.5353048001581917,False,0.4778676510322839,3.3511180290588527,0.4178741479627206,0.056635047039890196,9.313378213977558
145,mt-bench,Qwen/Qwen3-4B,mgoin/Qwen3-4B-speculator.dflash2,0.0,8,dflash2_pairwise_k16_tb64,64,1217,920,69.59905499388697,13.967773854346888,71.59336988326108,12.850351945999137,218,4.215596330275229,3.220183486238532,4.215596330275229,0.11467889908256881,0.9954128440366973,2.6203629075536563,False,0.4406876079883659,3.0712186159507837,0.6147924899923964,0.05215937898174161,8.633427171014773
146,mt-bench,Qwen/Qwen3-4B,mgoin/Qwen3-4B-speculator.dflash2,0.0,8,baseline,,67,1319,39.47037100442685,36.90552645489081,27.096212845582574,48.67838939400098,1318,1,,,,,1.0,True,0.32732410605967743,0.0,0.0,0.0,48.13057577708969
146,mt-bench,Qwen/Qwen3-4B,mgoin/Qwen3-4B-speculator.dflash2,0.0,8,dflash2,,67,1374,37.908643993432634,18.49149701819094,54.07890983711344,25.407316902994353,465,2.9526881720430107,1.9548387096774194,2.9526881720430107,0.05161290322580645,0.9978494623655914,1.9958106376452454,False,0.3007717469590716,5.965033312924788,0.0,0.0,19.071719274055795
146,mt-bench,Qwen/Qwen3-4B,mgoin/Qwen3-4B-speculator.dflash2,0.0,8,dflash2_unary_k16_tb8,8,67,1280,37.389241995697375,17.67190948672237,56.58698064017027,22.620044143004634,396,3.2297979797979797,2.2323232323232323,3.2297979797979797,0.030303030303030304,0.9974747474747475,2.088372311018198,False,0.79814219900436,5.598560863996681,0.29803252708370565,0.09353744097461458,15.768260734002979
146,mt-bench,Qwen/Qwen3-4B,mgoin/Qwen3-4B-speculator.dflash2,0.0,8,dflash2_unary_k16_tb16,16,67,1408,37.42950399464462,16.148081000711624,61.92686300966235,22.736498049001966,399,3.526315789473684,2.5288220551378444,3.526315789473684,0.05263157894736842,0.9974937343358395,2.285443481071493,False,0.8005078390051494,5.634367610917252,0.40480830705928383,0.09488013295049313,15.737274803963373
146,mt-bench,Qwen/Qwen3-4B,mgoin/Qwen3-4B-speculator.dflash2,0.0,8,dflash2_unary_k16_tb32,32,67,1536,37.67202000017278,15.711398482418797,63.648057880971535,24.13270806899527,421,3.646080760095012,2.648456057007126,3.646080760095012,0.05938242280285035,0.997624703087886,2.3489650839286167,False,0.8455676658632001,5.941347485088045,0.6491859081070288,0.1002400129873422,16.52624228804052
146,mt-bench,Qwen/Qwen3-4B,mgoin/Qwen3-4B-speculator.dflash2,0.0,8,dflash2_unary_k16_tb64,64,67,1378,43.81263100367505,15.044172024673045,66.47092298332936,20.730869049999455,351,3.923076923076923,2.925925925925926,3.923076923076923,0.08262108262108261,0.9971509971509972,2.4531444066422714,False,0.711662702015019,4.9737722689897055,0.9050640619389014,0.08434420191042591,13.99485035489488
146,mt-bench,Qwen/Qwen3-4B,mgoin/Qwen3-4B-speculator.dflash2,0.0,8,dflash2_pairwise_k16_tb8,8,67,1448,37.43736400065245,17.43743598825914,57.3478807706198,25.24940731099923,443,3.2663656884875847,2.2686230248306996,3.2663656884875847,0.045146726862302484,0.9977426636568849,2.1164537309120335,False,0.885169306959142,6.23406523399899,0.4124910409809672,0.10452845304098446,17.5421933591133
146,mt-bench,Qwen/Qwen3-4B,mgoin/Qwen3-4B-speculator.dflash2,0.0,8,dflash2_pairwise_k16_tb16,16,67,1456,37.58209700026782,15.415260258928006,64.87078279595268,22.444618936999177,393,3.7022900763358777,2.704834605597964,3.7022900763358777,0.06615776081424936,0.9974554707379135,2.3940903906255078,False,0.7867131299572065,5.545504391928262,0.4746226109928102,0.09349364088120637,15.480063139897538
146,mt-bench,Qwen/Qwen3-4B,mgoin/Qwen3-4B-speculator.dflash2,0.0,8,dflash2_pairwise_k16_tb32,32,67,1408,37.46615500131156,14.234508225849202,70.2518122954221,20.042187581995677,348,4.043103448275862,3.045977011494253,4.043103448275862,0.09195402298850575,0.9971264367816092,2.592680117172724,False,0.700629271021171,4.913583806956012,0.6085984478704631,0.08287135489081265,13.678337610959716
146,mt-bench,Qwen/Qwen3-4B,mgoin/Qwen3-4B-speculator.dflash2,0.0,8,dflash2_pairwise_k16_tb64,64,67,1539,37.51856499729911,13.408713374267261,74.57837095087034,20.636009882997314,350,4.394285714285714,3.3971428571428572,4.394285714285714,0.14857142857142858,0.9971428571428571,2.7523540420900057,False,0.7064320058998419,4.9325828900546185,0.9765981120071956,0.08344583408324979,13.875891573952686
147,mt-bench,Qwen/Qwen3-4B,mgoin/Qwen3-4B-speculator.dflash2,0.0,8,baseline,,1628,1281,93.05935700103873,36.964261036690985,27.053158157480627,47.35121838800115,1280,1,,,,,1.0,True,0.317115404024662,0.0,0.0,0.0,46.82033830794535
147,mt-bench,Qwen/Qwen3-4B,mgoin/Qwen3-4B-speculator.dflash2,0.0,8,dflash2,,1628,1220,93.0796669999836,15.04453777622567,66.46930699195447,18.354336086995318,337,3.6172106824925816,2.620178041543027,3.6172106824925816,0.12166172106824925,0.9970326409495549,2.456988814578554,False,0.21242349700332852,4.309563011032878,0.0,0.0,13.781671537013608
147,mt-bench,Qwen/Qwen3-4B,mgoin/Qwen3-4B-speculator.dflash2,0.0,8,dflash2_unary_k16_tb8,8,1628,1279,92.98315499472665,14.969280377637979,66.80347850881735,19.145709602998977,337,3.792284866468843,2.7952522255192878,3.792284866468843,0.09495548961424333,0.9970326409495549,2.4693412177589003,False,0.6737636759717134,4.741236844085506,0.25196051500097383,0.08035139600542607,13.344560690929939
147,mt-bench,Qwen/Qwen3-4B,mgoin/Qwen3-4B-speculator.dflash2,0.0,8,dflash2_unary_k16_tb16,16,1628,1308,93.04664799856255,14.043894704891972,71.20531882453274,18.3694142739987,324,4.033950617283951,3.037037037037037,4.033950617283951,0.13580246913580246,0.9969135802469136,2.6320519922308345,False,0.649434265011223,4.556115978099115,0.3270795959906536,0.0765286550304154,12.707302796938166
147,mt-bench,Qwen/Qwen3-4B,mgoin/Qwen3-4B-speculator.dflash2,0.0,8,dflash2_unary_k16_tb32,32,1628,1417,92.9868550010724,13.222784338042347,75.62703697155295,18.736685407006007,324,4.37037037037037,3.373456790123457,4.37037037037037,0.16358024691358025,0.9969135802469136,2.7954975360479635,False,0.6595085829176242,4.620243395984289,0.49467834906681674,0.07794411999202566,12.829984463030996
147,mt-bench,Qwen/Qwen3-4B,mgoin/Qwen3-4B-speculator.dflash2,0.0,8,dflash2_unary_k16_tb64,64,1628,977,93.15572899504332,12.078974710338551,82.78848362386975,11.801158292000764,203,4.807881773399015,3.812807881773399,4.807881773399015,0.23645320197044334,0.9950738916256158,3.060215119504538,False,0.40715669302880997,2.834390667027037,0.5082325939947623,0.048166251996008214,7.968044880013622
147,mt-bench,Qwen/Qwen3-4B,mgoin/Qwen3-4B-speculator.dflash2,0.0,8,dflash2_pairwise_k16_tb8,8,1628,1339,92.96083499793895,15.65461334055528,63.87893320938001,20.961527263003518,367,3.645776566757493,2.64850136239782,3.645776566757493,0.06267029972752043,0.997275204359673,2.3612375618968713,False,0.7356743690179428,5.1765227290889015,0.3403574530602782,0.08690312796534272,14.562963091011625
147,mt-bench,Qwen/Qwen3-4B,mgoin/Qwen3-4B-speculator.dflash2,0.0,8,dflash2_pairwise_k16_tb16,16,1628,1340,93.00746599910781,13.39424102984798,74.65895214007134,17.948282979996293,316,4.237341772151899,3.240506329113924,4.237341772151899,0.11708860759493671,0.9968354430379747,2.7597129956314155,False,0.6326308909119689,4.435207927977899,0.37714739204966463,0.07462384290556656,12.37740804500936
147,mt-bench,Qwen/Qwen3-4B,mgoin/Qwen3-4B-speculator.dflash2,0.0,8,dflash2_pairwise_k16_tb32,32,1628,1334,93.03527600422967,12.79849699475572,78.13417469330636,17.07319499100413,296,4.503378378378378,3.5067567567567566,4.503378378378378,0.14189189189189189,0.9966216216216216,2.888172029249791,False,0.5973081369811553,4.192627636060934,0.5138063229896943,0.07068277994403616,11.649050727952272
147,mt-bench,Qwen/Qwen3-4B,mgoin/Qwen3-4B-speculator.dflash2,0.0,8,dflash2_pairwise_k16_tb64,64,1628,1127,93.05605700501474,12.167935565217524,82.18320968583491,13.71326338200015,233,4.832618025751073,3.836909871244635,4.832618025751073,0.2145922746781116,0.9957081545064378,3.0378416156603123,False,0.4701626300520729,3.2812861139682354,0.646640496008331,0.05567373407393461,9.21832583102514
148,mt-bench,Qwen/Qwen3-4B,mgoin/Qwen3-4B-speculator.dflash2,0.0,8,baseline,,34,549,38.716173003194854,36.65711954098463,27.27983029004628,20.124758628000563,548,1,,,,,1.0,True,0.1370635929488344,0.0,0.0,0.0,19.89618189408793
148,mt-bench,Qwen/Qwen3-4B,mgoin/Qwen3-4B-speculator.dflash2,0.0,8,dflash2,,34,557,37.17679800320184,23.51666929443938,42.523028558149356,13.098784797002736,240,2.316666666666667,1.3166666666666667,2.316666666666667,0.025,1,1.5587717411007844,False,0.15678451598796528,3.0644520680434653,0.0,0.0,9.841479612012336
148,mt-bench,Qwen/Qwen3-4B,mgoin/Qwen3-4B-speculator.dflash2,0.0,8,dflash2_unary_k16_tb8,8,34,546,37.548856998910196,20.714957177655638,48.27429723478542,11.310366618999979,199,2.7386934673366836,1.7386934673366834,2.7386934673366836,0.02512562814070352,1,1.769596684492553,False,0.39486989509896375,2.791024641977856,0.14930660904792603,0.04715479398146272,7.895950271988113
148,mt-bench,Qwen/Qwen3-4B,mgoin/Qwen3-4B-speculator.dflash2,0.0,8,dflash2_unary_k16_tb16,16,34,548,37.195527998846956,19.17084414963294,52.16254392319739,10.50562259399885,185,2.9567567567567568,1.9567567567567568,2.9567567567567568,0.032432432432432434,1,1.9121286081545084,False,0.36703596803272376,2.5939647470222553,0.18789558800199302,0.04368325301766163,7.282978515053401
148,mt-bench,Qwen/Qwen3-4B,mgoin/Qwen3-4B-speculator.dflash2,0.0,8,dflash2_unary_k16_tb32,32,34,547,37.285901002178434,17.988245921385353,55.59185728115649,9.839570518997789,172,3.1744186046511627,2.1744186046511627,3.1744186046511627,0.046511627906976744,1,2.0378373578607105,False,0.3427660870438558,2.412622302028467,0.26511232199845836,0.04102372301713331,6.749436821053678
148,mt-bench,Qwen/Qwen3-4B,mgoin/Qwen3-4B-speculator.dflash2,0.0,8,dflash2_unary_k16_tb64,64,34,565,37.29814099642681,17.18140943894066,58.20244279456833,9.707496333001473,165,3.418181818181818,2.418181818181818,3.418181818181818,0.05454545454545454,1,2.1335339030978107,False,0.33090439299849095,2.3206688379650586,0.427407352020964,0.0392814270380768,6.560523021995323
148,mt-bench,Qwen/Qwen3-4B,mgoin/Qwen3-4B-speculator.dflash2,0.0,8,dflash2_pairwise_k16_tb8,8,34,545,37.31211100239307,20.15711972110802,49.61026246983221,10.985630248003872,193,2.8186528497409324,1.8186528497409327,2.8186528497409324,0.025906735751295335,1,1.8185693218162629,False,0.3822730759784463,2.7037857469695155,0.17894284898648039,0.04586611998092849,7.643698528998357
148,mt-bench,Qwen/Qwen3-4B,mgoin/Qwen3-4B-speculator.dflash2,0.0,8,dflash2_pairwise_k16_tb16,16,34,546,37.28398000384914,17.789322287541466,56.21349615439469,9.71296996899764,170,3.2058823529411766,2.2058823529411766,3.2058823529411766,0.047058823529411764,1,2.060624848348326,False,0.3383931019998272,2.3901759420259623,0.20578327002294827,0.04028867607121356,6.710554986966599
148,mt-bench,Qwen/Qwen3-4B,mgoin/Qwen3-4B-speculator.dflash2,0.0,8,dflash2_pairwise_k16_tb32,32,34,548,37.446804002684075,17.219656273728173,58.07316848279302,9.436371638003038,164,3.3353658536585367,2.3353658536585367,3.3353658536585367,0.04878048780487805,1,2.1287950791974852,False,0.32924748603545595,2.3061462769910577,0.28852584299602313,0.038900587962416466,6.4460579339793185
148,mt-bench,Qwen/Qwen3-4B,mgoin/Qwen3-4B-speculator.dflash2,0.0,8,dflash2_pairwise_k16_tb64,64,34,556,37.29139999632025,16.361910260784235,61.1175580394651,9.097222104996035,154,3.603896103896104,2.603896103896104,3.603896103896104,0.05194805194805195,1,2.2403936311057384,False,0.30898542203067336,2.1629118760101846,0.4359174299897859,0.036790550031582825,6.125521339003171
149,mt-bench,Qwen/Qwen3-4B,mgoin/Qwen3-4B-speculator.dflash2,0.0,8,baseline,,612,946,39.268346001335885,36.780927125790335,27.188004168030126,34.794757060997654,945,1,,,,,1.0,True,0.23516261594340904,0.0,0.0,0.0,34.40163263193244
149,mt-bench,Qwen/Qwen3-4B,mgoin/Qwen3-4B-speculator.dflash2,0.0,8,dflash2,,612,996,39.135803999670316,18.67667039056164,53.54273428230311,18.601963708999392,342,2.909356725146199,1.912280701754386,2.909356725146199,0.03216374269005848,0.9970760233918129,1.9693514077529464,False,0.22326920799241634,4.365724575101922,0.0,0.0,13.961388420939329
149,mt-bench,Qwen/Qwen3-4B,mgoin/Qwen3-4B-speculator.dflash2,0.0,8,dflash2_unary_k16_tb8,8,612,992,39.17576399544487,16.801936774189954,59.51694816136525,16.667521279996436,294,3.370748299319728,2.3741496598639458,3.370748299319728,0.061224489795918366,0.9965986394557823,2.189088533072616,False,0.5875811211153632,4.122882013965864,0.22034526408242527,0.06938593997620046,11.620525224010635
149,mt-bench,Qwen/Qwen3-4B,mgoin/Qwen3-4B-speculator.dflash2,0.0,8,dflash2_unary_k16_tb16,16,612,1147,39.262252998014446,15.188319854403899,65.84006720862196,17.42100287300127,303,3.782178217821782,2.7854785478547854,3.782178217821782,0.09570957095709572,0.9966996699669967,2.4216587139574623,False,0.6156482759761275,4.314239123988955,0.30832544798613526,0.0722992379378411,12.060781432061049
149,mt-bench,Qwen/Qwen3-4B,mgoin/Qwen3-4B-speculator.dflash2,0.0,8,dflash2_unary_k16_tb32,32,612,1004,39.21238100156188,15.46620148605346,64.65711706276056,15.528066291997675,272,3.6875,2.6911764705882355,3.6875,0.051470588235294115,0.9963235294117647,2.378148710849091,False,0.5458163050789153,3.824457158028963,0.41836513999442104,0.06477414810069604,10.629521098926489
149,mt-bench,Qwen/Qwen3-4B,mgoin/Qwen3-4B-speculator.dflash2,0.0,8,dflash2_unary_k16_tb64,64,612,1163,39.152441000624094,13.837341684435161,72.26821616501984,16.092828378998092,275,4.225454545454546,3.229090909090909,4.225454545454546,0.13454545454545455,0.9963636363636363,2.658091992276458,False,0.5559717480136896,3.8662797340439283,0.7015371189409052,0.06569343701994512,10.855504858962377
149,mt-bench,Qwen/Qwen3-4B,mgoin/Qwen3-4B-speculator.dflash2,0.0,8,dflash2_pairwise_k16_tb8,8,612,1145,39.16851099347696,15.679515048910561,63.77748271426811,17.953044731002592,314,3.643312101910828,2.6464968152866244,3.643312101910828,0.08598726114649681,0.9968152866242038,2.3457949439798482,False,0.6304567139595747,4.429266115941573,0.29431005904916674,0.07444976198894437,12.47385334106366
149,mt-bench,Qwen/Qwen3-4B,mgoin/Qwen3-4B-speculator.dflash2,0.0,8,dflash2_pairwise_k16_tb16,16,612,1155,39.201890998810995,13.992001257145887,71.46940467070696,16.1607614520035,283,4.07773851590106,3.081272084805654,4.07773851590106,0.12367491166077739,0.9964664310954063,2.6287109649168925,False,0.5695201741036726,3.9919351429343806,0.34013564803171903,0.06701385603810195,11.146193393055
149,mt-bench,Qwen/Qwen3-4B,mgoin/Qwen3-4B-speculator.dflash2,0.0,8,dflash2_pairwise_k16_tb32,32,612,988,43.62177199800499,13.583426523277572,73.61912682976755,13.420425404998241,234,4.217948717948718,3.2222222222222223,4.217948717948718,0.09401709401709402,0.9957264957264957,2.7077797389899962,False,0.4713722970263916,3.291407691089262,0.40770131298631895,0.055604531000426505,9.155013476025488
149,mt-bench,Qwen/Qwen3-4B,mgoin/Qwen3-4B-speculator.dflash2,0.0,8,dflash2_pairwise_k16_tb64,64,612,1124,39.24343200196745,12.7856635604998,78.2126007983984,14.371085842001776,242,4.640495867768595,3.644628099173554,4.640495867768595,0.16942148760330578,0.9958677685950413,2.8767319702844225,False,0.4927630560559919,3.4330542880124995,0.677385551010957,0.058050516025105026,9.667262216040399
150,mt-bench,Qwen/Qwen3-4B,mgoin/Qwen3-4B-speculator.dflash2,0.0,8,baseline,,33,552,38.65671699895756,36.95009765217854,27.0635279347101,20.396453904002556,551,1,,,,,1.0,True,0.13747941108886153,0.0,0.0,0.0,20.16644642704341
150,mt-bench,Qwen/Qwen3-4B,mgoin/Qwen3-4B-speculator.dflash2,0.0,8,dflash2,,33,716,37.42654099914944,20.209230435762166,49.482339427947956,14.46980899200571,263,2.7186311787072244,1.7224334600760456,2.7186311787072244,0.03802281368821293,0.9961977186311787,1.8283772739209214,False,0.172287085064454,3.3906152930067037,0.0,0.0,10.866978932921484
150,mt-bench,Qwen/Qwen3-4B,mgoin/Qwen3-4B-speculator.dflash2,0.0,8,dflash2_unary_k16_tb8,8,33,560,36.93873900192557,19.743224410714383,50.65028787584025,11.056205670000054,194,2.881443298969072,1.8865979381443299,2.881443298969072,0.015463917525773196,0.9948453608247423,1.8715330831232522,False,0.3869084069810924,2.7255895329799387,0.1461453920128406,0.04600503405526979,7.720438335018116
150,mt-bench,Qwen/Qwen3-4B,mgoin/Qwen3-4B-speculator.dflash2,0.0,8,dflash2_unary_k16_tb16,16,33,666,36.797225002374034,17.292178243245893,57.82961440329748,11.516590710001765,204,3.2598039215686274,2.264705882352941,3.2598039215686274,0.029411764705882353,0.9950980392156863,2.1368098993896725,False,0.40405116100009764,2.8470491899424815,0.20652593699196586,0.04805555800703587,7.978051647005486
150,mt-bench,Qwen/Qwen3-4B,mgoin/Qwen3-4B-speculator.dflash2,0.0,8,dflash2_unary_k16_tb32,32,33,672,36.948307999409735,16.321774208336137,61.26784914652617,10.968232268001884,191,3.513089005235602,2.518324607329843,3.513089005235602,0.041884816753926704,0.9947643979057592,2.2638530089030855,False,0.3840894570457749,2.693685876954987,0.29696356492786435,0.04550586600089446,7.515867406007601
150,mt-bench,Qwen/Qwen3-4B,mgoin/Qwen3-4B-speculator.dflash2,0.0,8,dflash2_unary_k16_tb64,64,33,731,37.06753200094681,15.304945522577935,65.33835736460446,11.18791517700447,190,3.8421052631578947,2.8473684210526318,3.8421052631578947,0.07894736842105263,0.9947368421052631,2.414258685055074,False,0.38384418900386663,2.674423421995016,0.49398845299583627,0.04524484198191203,7.5573317499802215
150,mt-bench,Qwen/Qwen3-4B,mgoin/Qwen3-4B-speculator.dflash2,0.0,8,dflash2_pairwise_k16_tb8,8,33,726,37.00246000516927,18.482401314056506,54.10552357390191,13.418223354005024,236,3.0720338983050848,2.0762711864406778,3.0720338983050848,0.0211864406779661,0.9957627118644068,1.999204379577924,False,0.4695590289484244,3.30821096803993,0.21998086894745938,0.05559036004706286,9.326919033024751
150,mt-bench,Qwen/Qwen3-4B,mgoin/Qwen3-4B-speculator.dflash2,0.0,8,dflash2_pairwise_k16_tb16,16,33,663,36.838195999735035,16.307866306179893,61.320100448766155,10.812115360997268,188,3.521276595744681,2.526595744680851,3.521276595744681,0.03723404255319149,0.9946808510638298,2.2657836996233067,False,0.3790934149583336,2.6647605909747654,0.22903730406687828,0.04482425001333468,7.463518604075944
150,mt-bench,Qwen/Qwen3-4B,mgoin/Qwen3-4B-speculator.dflash2,0.0,8,dflash2_pairwise_k16_tb32,32,33,572,37.04464199836366,14.882319573424631,67.19382654473438,8.512686795998889,147,3.8843537414965987,2.891156462585034,3.8843537414965987,0.05442176870748299,0.9931972789115646,2.482818452451482,False,0.29775326696108095,2.081137057975866,0.2608678349715774,0.03516721802589018,5.813145023952529
150,mt-bench,Qwen/Qwen3-4B,mgoin/Qwen3-4B-speculator.dflash2,0.0,8,dflash2_pairwise_k16_tb64,64,33,587,36.858897998172324,15.458744160140911,64.68830777201275,9.074282822002715,153,3.8300653594771243,2.8366013071895426,3.8300653594771243,0.05228758169934641,0.9934640522875817,2.3902392891300512,False,0.30995526396873174,2.1584006249759113,0.4375848050840432,0.036844414033112116,6.1046361770131625
151,mt-bench,Qwen/Qwen3-4B,mgoin/Qwen3-4B-speculator.dflash2,0.0,8,baseline,,642,1165,47.458150002057664,36.59702865836558,27.32462269915494,42.635538386995904,1164,1,,,,,1.0,True,0.28634102817159146,0.0,0.0,0.0,42.15589452479617
151,mt-bench,Qwen/Qwen3-4B,mgoin/Qwen3-4B-speculator.dflash2,0.0,8,dflash2,,642,1113,47.348266998596955,21.059677841869597,47.4841071885658,23.439421438000863,434,2.5622119815668203,1.564516129032258,2.5622119815668203,0.02534562211981567,0.9976958525345622,1.7377772315968456,False,0.2813902700363542,5.494879891986784,0.0,0.0,17.59812135798711
151,mt-bench,Qwen/Qwen3-4B,mgoin/Qwen3-4B-speculator.dflash2,0.0,8,dflash2_unary_k16_tb8,8,642,1067,47.454499996092636,19.13957294283327,52.2477697379578,20.421924330003097,365,2.9205479452054797,1.9232876712328768,2.9205479452054797,0.021917808219178082,0.9972602739726028,1.9121131264357278,False,0.7179496539829415,5.049899809942872,0.2720053110970184,0.08533884408097947,14.238969236961566
151,mt-bench,Qwen/Qwen3-4B,mgoin/Qwen3-4B-speculator.dflash2,0.0,8,dflash2_unary_k16_tb16,16,642,1110,47.332827001810074,17.84426395585084,56.04041738421587,19.807132990994432,354,3.132768361581921,2.135593220338983,3.132768361581921,0.01694915254237288,0.9971751412429378,2.050912761036917,False,0.6976316890504677,4.903741779962729,0.35778881001169793,0.08329546794993803,13.7073545979365
151,mt-bench,Qwen/Qwen3-4B,mgoin/Qwen3-4B-speculator.dflash2,0.0,8,dflash2_unary_k16_tb32,32,642,1017,47.41971100156661,16.706006184855962,59.85871122845043,16.990008289998514,301,3.3754152823920265,2.3787375415282392,3.3754152823920265,0.019933554817275746,0.9966777408637874,2.19065097028043,False,0.5967740969426814,4.179670827033988,0.4644041569918045,0.07102324298466556,11.628596421971451
151,mt-bench,Qwen/Qwen3-4B,mgoin/Qwen3-4B-speculator.dflash2,0.0,8,dflash2_unary_k16_tb64,64,642,1081,47.5460719972034,16.085673339500868,62.16712094633582,17.388612880000437,300,3.6,2.6033333333333335,3.6,0.04,0.9966666666666667,2.275131906881131,False,0.5972576290587313,4.167948393958795,0.7725212238510721,0.07079724694631295,11.72822260799876
151,mt-bench,Qwen/Qwen3-4B,mgoin/Qwen3-4B-speculator.dflash2,0.0,8,dflash2_pairwise_k16_tb8,8,642,1088,47.36915000103181,18.708625414520238,53.451281312408696,20.354984450998018,362,3.0027624309392267,2.005524861878453,3.0027624309392267,0.011049723756906077,0.9972375690607734,1.9561580740165818,False,0.7132697490596911,5.026319557844545,0.33556884792778874,0.0847593890139251,14.137323047973041
151,mt-bench,Qwen/Qwen3-4B,mgoin/Qwen3-4B-speculator.dflash2,0.0,8,dflash2_pairwise_k16_tb16,16,642,993,47.383168996020686,16.149055229610784,61.92312712922101,16.036011843003507,285,3.480701754385965,2.4842105263157896,3.480701754385965,0.0456140350877193,0.9964912280701754,2.2662024581637166,False,0.5634798930113902,3.9582748169632396,0.3407626410044031,0.06660714299505344,11.060802847030573
151,mt-bench,Qwen/Qwen3-4B,mgoin/Qwen3-4B-speculator.dflash2,0.0,8,dflash2_pairwise_k16_tb32,32,642,1111,47.3640179989161,15.092186890187289,66.25944982500745,16.767419634998078,296,3.75,2.7533783783783785,3.75,0.06756756756756757,0.9966216216216216,2.424898984133334,False,0.5865668810147326,4.112699990066176,0.51484947904828,0.06976298794324975,11.434309551041224
151,mt-bench,Qwen/Qwen3-4B,mgoin/Qwen3-4B-speculator.dflash2,0.0,8,dflash2_pairwise_k16_tb64,64,642,1183,47.44045999541413,14.46540418934493,69.13045684106012,17.11257315599505,294,4.020408163265306,3.0238095238095237,4.020408163265306,0.05102040816326531,0.9965986394557823,2.529969310178182,False,0.5858635820404743,4.091227423981763,0.8291904900252121,0.0695108220752445,11.485569706994283
152,mt-bench,Qwen/Qwen3-4B,mgoin/Qwen3-4B-speculator.dflash2,0.0,8,baseline,,24,320,38.6996290035313,36.194274740614674,27.62867904292803,11.582167916996696,319,1,,,,,1.0,True,0.07918476599297719,0.0,0.0,0.0,11.450346728001023
152,mt-bench,Qwen/Qwen3-4B,mgoin/Qwen3-4B-speculator.dflash2,0.0,8,dflash2,,24,316,37.592733999190386,22.891520550648593,43.68429776377029,7.233720494004956,134,2.3507462686567164,1.3582089552238805,2.3507462686567164,0.029850746268656716,0.9925373134328358,1.581121475112721,False,0.08701987201493466,1.689882538987149,0.0,0.0,5.436823687959986
152,mt-bench,Qwen/Qwen3-4B,mgoin/Qwen3-4B-speculator.dflash2,0.0,8,dflash2_unary_k16_tb8,8,24,362,37.617814996337984,20.027550212708164,49.93121921449313,7.2499731770003555,129,2.798449612403101,1.806201550387597,2.798449612403101,0.007751937984496124,0.9922480620155039,1.8072242663832228,False,0.2538239410496317,1.786102183010371,0.0973480339962407,0.030369350002729334,5.061793211003533
152,mt-bench,Qwen/Qwen3-4B,mgoin/Qwen3-4B-speculator.dflash2,0.0,8,dflash2_unary_k16_tb16,16,24,285,37.3307379995822,17.932038947382306,55.76610685122222,5.110631100003957,91,3.120879120879121,2.120879120879121,3.120879120879121,0.03296703296703297,1,2.018413792587611,False,0.17910787800792605,1.2563575330204912,0.09246284499386093,0.021356531004130375,3.5467618449620204
152,mt-bench,Qwen/Qwen3-4B,mgoin/Qwen3-4B-speculator.dflash2,0.0,8,dflash2_unary_k16_tb32,32,24,325,37.72454700083472,16.367853236913035,61.0953669687595,5.319552301996737,94,3.4468085106382977,2.4574468085106385,3.4468085106382977,0.0425531914893617,0.9893617021276596,2.211302497445956,False,0.185692237027979,1.3008082280066446,0.14487406194530195,0.022166873000969645,3.65058755800419
152,mt-bench,Qwen/Qwen3-4B,mgoin/Qwen3-4B-speculator.dflash2,0.0,8,dflash2_unary_k16_tb64,64,24,285,37.24768599931849,16.12083725613366,62.03151760120397,4.594438617998094,79,3.5949367088607596,2.607594936708861,3.5949367088607596,0.06329113924050633,0.9873417721518988,2.2451857906352513,False,0.1571780370140914,1.09175776498887,0.20371308197354665,0.018704447022173554,3.1095809799735434
152,mt-bench,Qwen/Qwen3-4B,mgoin/Qwen3-4B-speculator.dflash2,0.0,8,dflash2_pairwise_k16_tb8,8,24,342,37.29979800118599,19.76860104385632,50.585268921231005,6.760861556998862,120,2.841666666666667,1.85,2.841666666666667,0.025,0.9916666666666667,1.8308971211629117,False,0.235749049068545,1.6601604879760998,0.1111292930363561,0.02811705501517281,4.706706371965993
152,mt-bench,Qwen/Qwen3-4B,mgoin/Qwen3-4B-speculator.dflash2,0.0,8,dflash2_pairwise_k16_tb16,16,24,353,37.26915500010364,16.607541977338034,60.21360664718227,5.8624623180003255,104,3.3846153846153846,2.394230769230769,3.3846153846153846,0.019230769230769232,0.9903846153846154,2.179387822111417,False,0.20473983600822976,1.4383481489639962,0.12487072200019611,0.024312856039614417,4.053350211972429
152,mt-bench,Qwen/Qwen3-4B,mgoin/Qwen3-4B-speculator.dflash2,0.0,8,dflash2_pairwise_k16_tb32,32,24,298,37.12270300457021,15.02904972148338,66.53780635049354,4.478656817002047,79,3.759493670886076,2.7721518987341773,3.759493670886076,0.08860759493670886,0.9873417721518988,2.408287643687579,False,0.15598525504901772,1.0908294699838734,0.13735608897695784,0.018565747006505262,3.0629338169746916
152,mt-bench,Qwen/Qwen3-4B,mgoin/Qwen3-4B-speculator.dflash2,0.0,8,dflash2_pairwise_k16_tb64,64,24,306,37.37743899546331,14.343076816979138,69.720047710838,4.388981505995616,75,4.066666666666666,3.08,4.066666666666666,0.06666666666666667,0.9866666666666667,2.5234665617748337,False,0.14952389200334437,1.0367825319772237,0.21269694197690114,0.017859867963124998,2.959159264981281
153,mt-bench,Qwen/Qwen3-4B,mgoin/Qwen3-4B-speculator.dflash2,0.0,8,baseline,,549,1331,38.237350003328174,36.24311394289752,27.591448173452754,48.2395846579966,1330,1,,,,,1.0,True,0.32620953917648876,0.0,0.0,0.0,47.695006897090934
153,mt-bench,Qwen/Qwen3-4B,mgoin/Qwen3-4B-speculator.dflash2,0.0,8,dflash2,,549,1059,38.2049769978039,17.352403736544623,57.62890347542879,18.376195557000756,341,3.102639296187683,2.1055718475073313,3.102639296187683,0.05865102639296188,0.9970674486803519,2.0886509150642087,False,0.21912975996383466,4.308165916067082,0.0,0.0,13.797913026050082
153,mt-bench,Qwen/Qwen3-4B,mgoin/Qwen3-4B-speculator.dflash2,0.0,8,dflash2_unary_k16_tb8,8,549,1080,38.22262799803866,15.849844933331445,63.092099904211,17.11783252799796,305,3.537704918032787,2.537704918032787,3.537704918032787,0.05245901639344262,1,2.2866541657249932,False,0.6023992009941139,4.237193169945385,0.2284510560275521,0.07178257000487065,11.929399269043643
153,mt-bench,Qwen/Qwen3-4B,mgoin/Qwen3-4B-speculator.dflash2,0.0,8,dflash2_unary_k16_tb16,16,549,1351,38.26265899988357,14.088405685413658,70.98035237836342,19.03343608099385,340,3.9705882352941178,2.973529411764706,3.9705882352941178,0.08823529411764706,0.9970588235294118,2.5725489989560426,False,0.6704453310012468,4.7142621150997,0.34231299199018395,0.08019124595739413,13.17083922286838
153,mt-bench,Qwen/Qwen3-4B,mgoin/Qwen3-4B-speculator.dflash2,0.0,8,dflash2_unary_k16_tb32,32,549,1314,38.23305800324306,13.544685678843658,73.82969407418338,17.797716982000566,315,4.1682539682539685,3.1714285714285713,4.1682539682539685,0.1111111111111111,0.9968253968253968,2.675818014699894,False,0.625558588108106,4.381179378004163,0.4820218280874542,0.07455528996797511,12.182143059078953
153,mt-bench,Qwen/Qwen3-4B,mgoin/Qwen3-4B-speculator.dflash2,0.0,8,dflash2_unary_k16_tb64,64,549,1310,38.20810800243635,13.061774670995526,76.55927507466205,17.11092481900414,295,4.437288135593221,3.440677966101695,4.437288135593221,0.1288135593220339,0.9966101694915255,2.7747465299166114,False,0.5887824789824663,4.108121340999787,0.7501514099712949,0.06990713696723105,11.542747126994072
153,mt-bench,Qwen/Qwen3-4B,mgoin/Qwen3-4B-speculator.dflash2,0.0,8,dflash2_pairwise_k16_tb8,8,549,1105,38.295639998978004,14.973161883257925,66.78616098568592,16.545343881000008,294,3.7551020408163267,2.758503401360544,3.7551020408163267,0.07482993197278912,0.9965986394557823,2.420538442412912,False,0.5798801950222696,4.083802346016455,0.2715970520512201,0.06892640992737142,11.494197690990404
153,mt-bench,Qwen/Qwen3-4B,mgoin/Qwen3-4B-speculator.dflash2,0.0,8,dflash2_pairwise_k16_tb16,16,549,1374,38.24067799723707,13.44733691702799,74.36416638998074,18.476640923996456,329,4.173252279635259,3.17629179331307,4.173252279635259,0.0972644376899696,0.9969604863221885,2.6951889557406625,False,0.6487814789870754,4.5627705480510485,0.39071325099939713,0.07703072801814415,12.743803150027816
153,mt-bench,Qwen/Qwen3-4B,mgoin/Qwen3-4B-speculator.dflash2,0.0,8,dflash2_pairwise_k16_tb32,32,549,1233,38.207248006074224,12.087554289534593,82.72972150088296,14.903954438996154,263,4.684410646387833,3.6844106463878328,4.684410646387833,0.16730038022813687,1,2.99838272282068,False,0.5215088139884756,3.655686870937643,0.45645686096395366,0.062156653992133215,10.164301084951148
153,mt-bench,Qwen/Qwen3-4B,mgoin/Qwen3-4B-speculator.dflash2,0.0,8,dflash2_pairwise_k16_tb64,64,549,1289,38.228419005463365,12.472217028703732,80.17820710612928,16.07668774999911,275,4.683636363636364,3.6872727272727275,4.683636363636364,0.14545454545454545,0.9963636363636363,2.9059078958846793,False,0.5508166160361725,3.8441396081034327,0.7771099070232594,0.06614254103624262,10.79010405496956
154,mt-bench,Qwen/Qwen3-4B,mgoin/Qwen3-4B-speculator.dflash2,0.0,8,baseline,,27,885,38.96492599596968,36.102486848589464,27.698922907829278,31.95070086100168,884,1,,,,,1.0,True,0.21745266693324083,0.0,0.0,0.0,31.587784738112532
154,mt-bench,Qwen/Qwen3-4B,mgoin/Qwen3-4B-speculator.dflash2,0.0,8,dflash2,,27,786,37.23215500212973,23.143295753179146,43.20905763227919,18.190630461998808,333,2.3573573573573574,1.3603603603603605,2.3573573573573574,0.024024024024024024,0.996996996996997,1.559954434909304,False,0.23067522805649787,4.267101741927036,0.0,0.0,13.64158115509781
154,mt-bench,Qwen/Qwen3-4B,mgoin/Qwen3-4B-speculator.dflash2,0.0,8,dflash2_unary_k16_tb8,8,27,776,37.68581600161269,20.349098984541378,49.14222495844514,15.790900812004109,277,2.7978339350180503,1.8014440433212997,2.7978339350180503,0.007220216606498195,0.9963898916967509,1.7741565302726907,False,0.5589683249854716,3.9066418770162272,0.2241322759873583,0.07114319501124555,10.984169790921442
154,mt-bench,Qwen/Qwen3-4B,mgoin/Qwen3-4B-speculator.dflash2,0.0,8,dflash2_unary_k16_tb16,16,27,753,37.63957499904791,19.016965328020262,52.584625504184146,14.31977489199926,252,2.984126984126984,1.9880952380952381,2.984126984126984,0.031746031746031744,0.996031746031746,1.8984357507028102,False,0.5067562820549938,3.5465837570664007,0.26964110901462846,0.062267364002764225,9.89259326395404
154,mt-bench,Qwen/Qwen3-4B,mgoin/Qwen3-4B-speculator.dflash2,0.0,8,dflash2_unary_k16_tb32,32,27,635,37.894879998930264,18.471651376368513,54.13701133832237,11.729498623994004,204,3.107843137254902,2.1127450980392157,3.107843137254902,0.0196078431372549,0.9950980392156863,1.9544807398637218,False,0.41435545107378857,2.880502091051312,0.335108508967096,0.05147425895847846,8.012876028027677
154,mt-bench,Qwen/Qwen3-4B,mgoin/Qwen3-4B-speculator.dflash2,0.0,8,dflash2_unary_k16_tb64,64,27,720,37.33195699896896,16.7008007722163,59.877368375270656,12.024576555995736,204,3.5245098039215685,2.5294117647058822,3.5245098039215685,0.058823529411764705,0.9950980392156863,2.1617219042963556,False,0.41412313604087103,2.8738653949840227,0.5488261499485816,0.05115965199365746,8.099866870026744
154,mt-bench,Qwen/Qwen3-4B,mgoin/Qwen3-4B-speculator.dflash2,0.0,8,dflash2_pairwise_k16_tb8,8,27,666,37.49392300233012,20.58648643093135,48.575554811407386,13.710599963000277,240,2.7708333333333335,1.775,2.7708333333333335,0.0125,0.9958333333333333,1.7536983287417718,False,0.48166451401630184,3.380365496959712,0.2431222639643238,0.05978510500426637,9.506248485959077
154,mt-bench,Qwen/Qwen3-4B,mgoin/Qwen3-4B-speculator.dflash2,0.0,8,dflash2_pairwise_k16_tb16,16,27,706,38.183847995242104,17.467383286115076,57.24955957169073,12.331972599997243,216,3.263888888888889,2.2685185185185186,3.263888888888889,0.05092592592592592,0.9953703703703703,2.0668514715245037,False,0.4340940389665775,3.0385846579738427,0.2785087239026325,0.05351880603120662,8.491401771025266
154,mt-bench,Qwen/Qwen3-4B,mgoin/Qwen3-4B-speculator.dflash2,0.0,8,dflash2_pairwise_k16_tb32,32,27,721,37.625573997502215,16.552515590843797,60.41377786426377,11.934363740998378,207,3.4782608695652173,2.4782608695652173,3.4782608695652173,0.07246376811594203,1,2.181087620818188,False,0.4177812740090303,2.919964195047214,0.3887858450252679,0.05190201593359234,8.12041560299258
154,mt-bench,Qwen/Qwen3-4B,mgoin/Qwen3-4B-speculator.dflash2,0.0,8,dflash2_pairwise_k16_tb64,64,27,750,37.77604900096776,16.657636127997346,60.03252756369486,12.493227095998009,211,3.5497630331753554,2.5545023696682465,3.5497630331753554,0.05687203791469194,0.995260663507109,2.1673235368558785,False,0.42815169294772204,2.976697523969051,0.6290416919655399,0.052702744978887495,8.368720121012302
155,mt-bench,Qwen/Qwen3-4B,mgoin/Qwen3-4B-speculator.dflash2,0.0,8,baseline,,813,895,52.69829100143397,36.29633384915596,27.550991903366967,32.48521879499458,894,1,,,,,1.0,True,0.22351915000763256,0.0,0.0,0.0,32.11384664189245
155,mt-bench,Qwen/Qwen3-4B,mgoin/Qwen3-4B-speculator.dflash2,0.0,8,dflash2,,813,955,52.63920099969255,23.056984558119133,43.37080581718422,22.019420253003773,410,2.3268292682926828,1.329268292682927,2.3268292682926828,0.01707317073170732,0.9975609756097561,1.5742012472474336,False,0.267108871943492,5.159789602999808,0.0,0.0,16.531258374008758
155,mt-bench,Qwen/Qwen3-4B,mgoin/Qwen3-4B-speculator.dflash2,0.0,8,dflash2_unary_k16_tb8,8,813,833,52.63569000089774,21.09612882112702,47.40206169951597,17.573075307998806,314,2.6496815286624202,1.6496815286624205,2.6496815286624202,0.0031847133757961785,1,1.7205210565839204,False,0.6171332799058291,4.348449600933236,0.2354931819063495,0.07335112814325839,12.24854872009746
155,mt-bench,Qwen/Qwen3-4B,mgoin/Qwen3-4B-speculator.dflash2,0.0,8,dflash2_unary_k16_tb16,16,813,823,52.67495000589406,18.374945494532824,54.421930138379686,15.122580142000515,270,3.0444444444444443,2.0444444444444443,3.0444444444444443,0.014814814814814815,1,1.9753165450180712,False,0.5338498869750765,3.7428439339710167,0.27384235799399903,0.0632372289619525,10.464632672010339
155,mt-bench,Qwen/Qwen3-4B,mgoin/Qwen3-4B-speculator.dflash2,0.0,8,dflash2_unary_k16_tb32,32,813,933,52.67742100113537,17.411299284034055,57.433967660126754,16.244742232003773,288,3.236111111111111,2.2395833333333335,3.236111111111111,0.03125,0.9965277777777778,2.0846424644735873,False,0.5688269109959947,3.9964040350241703,0.4433523019979475,0.06796458103781333,11.120575325883692
155,mt-bench,Qwen/Qwen3-4B,mgoin/Qwen3-4B-speculator.dflash2,0.0,8,dflash2_unary_k16_tb64,64,813,871,52.73754199879477,17.893623831230748,55.885828909326,15.585346357001981,269,3.2342007434944238,2.2379182156133828,3.2342007434944238,0.01486988847583643,0.9962825278810409,2.0284507035297077,False,0.5349095759520424,3.732378818989673,0.6959923520262237,0.06349625301663764,10.511650276042928
155,mt-bench,Qwen/Qwen3-4B,mgoin/Qwen3-4B-speculator.dflash2,0.0,8,dflash2_pairwise_k16_tb8,8,813,807,52.70347199984826,20.390906151175447,49.041469397491895,16.455461263998586,293,2.750853242320819,1.7542662116040955,2.750853242320819,0,0.9965870307167235,1.780025545704531,False,0.5764613340215874,4.0626681050198385,0.2692356469997321,0.0687223709828686,11.431455506994098
155,mt-bench,Qwen/Qwen3-4B,mgoin/Qwen3-4B-speculator.dflash2,0.0,8,dflash2_pairwise_k16_tb16,16,813,879,53.24316400219686,17.902471995451265,55.85820775220786,15.736272884001663,280,3.1357142857142857,2.1392857142857142,3.1357142857142857,0.02142857142857143,0.9964285714285714,2.0274481567896476,False,0.5522151110344566,3.8871930490568047,0.3346531190763926,0.06565684396628058,10.851011704071425
155,mt-bench,Qwen/Qwen3-4B,mgoin/Qwen3-4B-speculator.dflash2,0.0,8,dflash2_pairwise_k16_tb32,32,813,826,52.68882399832364,17.347845420092032,57.64404603477813,14.329320316996018,253,3.260869565217391,2.2648221343873516,3.260869565217391,0.023715415019762844,0.9960474308300395,2.0922675392944217,False,0.4993729810230434,3.5092487529909704,0.44214903902320657,0.05956764195434516,9.776887927029748
155,mt-bench,Qwen/Qwen3-4B,mgoin/Qwen3-4B-speculator.dflash2,0.0,8,dflash2_pairwise_k16_tb64,64,813,818,52.67868399823783,16.189822766503696,61.76719871628075,13.243275023000024,227,3.5991189427312777,2.60352422907489,3.5991189427312777,0.039647577092511016,0.9955947136563876,2.241922865533283,False,0.4531629869379685,3.157049139015726,0.6449212140287273,0.05373969792708522,8.89486407203367
156,mt-bench,Qwen/Qwen3-4B,mgoin/Qwen3-4B-speculator.dflash2,0.0,8,baseline,,24,1082,39.26783600036288,36.24213238817195,27.592195439536603,39.213987244002055,1081,1,,,,,1.0,True,0.26541398998961085,0.0,0.0,0.0,38.770672069105785
156,mt-bench,Qwen/Qwen3-4B,mgoin/Qwen3-4B-speculator.dflash2,0.0,8,dflash2,,24,1122,37.60482600046089,21.565466919789536,46.37043119536405,24.19645388400386,450,2.491111111111111,1.4933333333333334,2.491111111111111,0.015555555555555555,0.9977777777777778,1.6805633062790024,False,0.2924176770466147,5.6765796200270415,0.0,0.0,18.160144856949046
156,mt-bench,Qwen/Qwen3-4B,mgoin/Qwen3-4B-speculator.dflash2,0.0,8,dflash2_unary_k16_tb8,8,24,1144,37.19580799952382,19.511318930071994,51.25230147608018,22.320948856002364,398,2.871859296482412,1.8743718592964824,2.871859296482412,0.017587939698492462,0.9974874371859297,1.8574926952945987,False,0.7835745650372701,5.525970596929255,0.2978152501018485,0.09285304204240674,15.557074710915913
156,mt-bench,Qwen/Qwen3-4B,mgoin/Qwen3-4B-speculator.dflash2,0.0,8,dflash2_unary_k16_tb16,16,24,899,37.27141900162678,18.472991423807375,54.13308419075177,16.60721929000283,296,3.0337837837837838,2.0371621621621623,3.0337837837837838,0.030405405405405407,0.9966216216216216,1.9618984038212839,False,0.5829202949607861,4.111937639070675,0.2994868629757548,0.06964819108543452,11.495426191009756
156,mt-bench,Qwen/Qwen3-4B,mgoin/Qwen3-4B-speculator.dflash2,0.0,8,dflash2_unary_k16_tb32,32,24,1041,37.38843299652217,17.637445651296215,56.69755245576094,18.36058092299936,325,3.2,2.203076923076923,3.2,0.033846153846153845,0.9969230769230769,2.054840202187012,False,0.6423776660376461,4.518684507042053,0.5023954380085343,0.0765531779761659,12.566370302978612
156,mt-bench,Qwen/Qwen3-4B,mgoin/Qwen3-4B-speculator.dflash2,0.0,8,dflash2_unary_k16_tb64,64,24,1231,37.186777000897564,16.049135456538426,62.30865224535191,19.756485746998806,340,3.6176470588235294,2.6205882352941177,3.6176470588235294,0.03235294117647059,0.9970588235294118,2.2581984236046115,False,0.6762392109230859,4.732107693977014,0.8788192559877643,0.08032887003355427,13.329509380018862
156,mt-bench,Qwen/Qwen3-4B,mgoin/Qwen3-4B-speculator.dflash2,0.0,8,dflash2_pairwise_k16_tb8,8,24,1158,37.187178000749554,19.541656348879638,51.17273490777213,22.62923805200262,402,2.8781094527363185,1.8805970149253732,2.8781094527363185,0.01990049751243781,0.9975124378109452,1.8546090331923062,False,0.7900235339766368,5.581836785931955,0.3691885669977637,0.09394896701996913,15.729882938001538
156,mt-bench,Qwen/Qwen3-4B,mgoin/Qwen3-4B-speculator.dflash2,0.0,8,dflash2_pairwise_k16_tb16,16,24,995,37.6520980062196,18.393824149748596,54.366073735334034,18.301855028999853,325,3.0584615384615383,2.0584615384615383,3.0584615384615383,0.024615384615384615,1,1.9703424417410944,False,0.6400457610361627,4.517681379009446,0.388493675069185,0.07586723801796325,12.626979941989703
156,mt-bench,Qwen/Qwen3-4B,mgoin/Qwen3-4B-speculator.dflash2,0.0,8,dflash2_pairwise_k16_tb32,32,24,954,37.625496996042784,17.12857825576836,58.38196171729734,16.340663656003017,288,3.3090277777777777,2.3125,3.3090277777777777,0.03819444444444445,0.9965277777777778,2.115886785639477,False,0.5675943529786309,4.005267153966997,0.5016688670657459,0.06771262993424898,11.150500815063424
156,mt-bench,Qwen/Qwen3-4B,mgoin/Qwen3-4B-speculator.dflash2,0.0,8,dflash2_pairwise_k16_tb64,64,24,1012,37.20078799960902,15.913998560280321,62.837758606808954,16.104966543003684,276,3.6630434782608696,2.6666666666666665,3.6630434782608696,0.04710144927536232,0.9963768115942029,2.277374366403962,False,0.5500482609786559,3.8378099179681158,0.7820487069911906,0.06522541091544554,10.82178062206367
157,mt-bench,Qwen/Qwen3-4B,mgoin/Qwen3-4B-speculator.dflash2,0.0,8,baseline,,1067,861,66.35095900128363,36.14690331359187,27.66488712254315,31.122483753002598,860,1,,,,,1.0,True,0.21056137007690268,0.0,0.0,0.0,30.7708549429517
157,mt-bench,Qwen/Qwen3-4B,mgoin/Qwen3-4B-speculator.dflash2,0.0,8,dflash2,,1067,924,66.32616899878485,18.429080150438836,54.26206798369087,17.028470059005485,318,2.90251572327044,1.9056603773584906,2.90251572327044,0.06918238993710692,0.9968553459119497,1.9614057250020227,False,0.20183680199988885,3.993396735022543,0.0,0.0,12.785976932129415
157,mt-bench,Qwen/Qwen3-4B,mgoin/Qwen3-4B-speculator.dflash2,0.0,8,dflash2_unary_k16_tb8,8,1067,881,66.37535900517832,17.551261122589477,56.97596275363614,15.462661049001328,276,3.1884057971014492,2.1920289855072466,3.1884057971014492,0.06159420289855073,0.9963768115942029,2.0595046168544973,False,0.5431248609020258,3.8262494369701017,0.20581952499196632,0.06499509998684516,10.778576326047187
157,mt-bench,Qwen/Qwen3-4B,mgoin/Qwen3-4B-speculator.dflash2,0.0,8,dflash2_unary_k16_tb16,16,1067,921,66.38014100462897,15.697622694894248,63.70391360758444,14.457510501997602,258,3.565891472868217,2.565891472868217,3.565891472868217,0.06976744186046512,1,2.302699205870764,False,0.5101707299472764,3.577025058970321,0.26022554610244697,0.06056294100562809,10.007592286987347
157,mt-bench,Qwen/Qwen3-4B,mgoin/Qwen3-4B-speculator.dflash2,0.0,8,dflash2_unary_k16_tb32,32,1067,933,66.46103200182552,14.565679733114271,68.65453712582703,13.589779190995614,241,3.867219917012448,2.871369294605809,3.867219917012448,0.11618257261410789,0.995850622406639,2.481648915526673,False,0.4760328080446925,3.342226575980021,0.36721240706538083,0.056782291023409925,9.307596765029302
157,mt-bench,Qwen/Qwen3-4B,mgoin/Qwen3-4B-speculator.dflash2,0.0,8,dflash2_unary_k16_tb64,64,1067,842,66.37536000198452,15.285016009500076,65.42354940148387,12.869983479999064,218,3.8577981651376145,2.8623853211009176,3.8577981651376145,0.08256880733944955,0.9954128440366973,2.3648587146474385,False,0.4434705939347623,3.0863731319768704,0.5737919180392055,0.05289545202685986,8.674546703907254
157,mt-bench,Qwen/Qwen3-4B,mgoin/Qwen3-4B-speculator.dflash2,0.0,8,dflash2_pairwise_k16_tb8,8,1067,896,66.39895899570547,17.413681188616334,57.426111639951216,15.602658345000236,272,3.2904411764705883,2.2904411764705883,3.2904411764705883,0.0625,1,2.075776105124849,False,0.5484879390642163,3.8472616029393976,0.2620375200349372,0.06600337501731701,10.834529666979506
157,mt-bench,Qwen/Qwen3-4B,mgoin/Qwen3-4B-speculator.dflash2,0.0,8,dflash2_pairwise_k16_tb16,16,1067,827,66.33264900301583,15.675270621527009,63.794751883051376,12.963448804002836,225,3.671111111111111,2.6755555555555555,3.671111111111111,0.09333333333333334,0.9955555555555555,2.305982728231241,False,0.45685165001486894,3.193621586098743,0.27817999305261765,0.0541572450165404,8.943203789072868
157,mt-bench,Qwen/Qwen3-4B,mgoin/Qwen3-4B-speculator.dflash2,0.0,8,dflash2_pairwise_k16_tb32,32,1067,809,66.50639299914474,15.11614424722364,66.15443618723529,12.228960696003924,209,3.8660287081339715,2.8660287081339715,3.8660287081339715,0.11004784688995216,1,2.391278008625177,False,0.43326911911572097,2.997200860045268,0.39801540202461183,0.052979088002757635,8.310507374000736
157,mt-bench,Qwen/Qwen3-4B,mgoin/Qwen3-4B-speculator.dflash2,0.0,8,dflash2_pairwise_k16_tb64,64,1067,914,66.50462299876381,14.306138331512578,69.90006505090678,13.075810435002495,222,4.112612612612613,3.1171171171171173,4.112612612612613,0.12162162162162163,0.9954954954954955,2.5266708930089092,False,0.45227899999008514,3.1224528120073956,0.6544190230270033,0.05480972304212628,8.751992532939767
158,mt-bench,Qwen/Qwen3-4B,mgoin/Qwen3-4B-speculator.dflash2,0.0,8,baseline,,29,607,38.705193997884635,35.99869295222266,27.77878633891504,21.851206621999154,606,1,,,,,1.0,True,0.14917843798320973,0.0,0.0,0.0,21.60283676812105
158,mt-bench,Qwen/Qwen3-4B,mgoin/Qwen3-4B-speculator.dflash2,0.0,8,dflash2,,29,755,37.121805995411705,18.844835136420347,53.06493756835031,14.227850527997363,266,2.8345864661654137,1.8383458646616542,2.8345864661654137,0.06015037593984962,0.9962406015037594,1.9102683940519076,False,0.1693490610414301,3.334645895047288,0.0,0.0,10.684182344964938
158,mt-bench,Qwen/Qwen3-4B,mgoin/Qwen3-4B-speculator.dflash2,0.0,8,dflash2_unary_k16_tb8,8,29,706,37.2502579994034,19.24478571246968,51.96212703745768,13.586818713003595,242,2.9132231404958677,1.9173553719008265,2.9132231404958677,0.028925619834710745,0.9958677685950413,1.8705686563658261,False,0.4754968550114427,3.35895440299646,0.1813259759292123,0.056747845010249875,9.475555035030993
158,mt-bench,Qwen/Qwen3-4B,mgoin/Qwen3-4B-speculator.dflash2,0.0,8,dflash2_unary_k16_tb16,16,29,729,37.17672499624314,17.863183074067642,55.98106428477022,13.02226046099531,232,3.1379310344827585,2.1422413793103448,3.1379310344827585,0.03879310344827586,0.9956896551724138,2.0152451443260815,False,0.45643394496437395,3.22055347613059,0.23514337696542498,0.054524653976841364,9.017735722016369
158,mt-bench,Qwen/Qwen3-4B,mgoin/Qwen3-4B-speculator.dflash2,0.0,8,dflash2_unary_k16_tb32,32,29,723,37.3446520025027,16.17739205532648,61.81466064369415,11.696254456001045,207,3.4879227053140096,2.4927536231884058,3.4879227053140096,0.057971014492753624,0.9951690821256038,2.225246988458188,False,0.40888180601905333,2.8759944480189006,0.31724824004777474,0.04879547997552436,8.010929586031125
158,mt-bench,Qwen/Qwen3-4B,mgoin/Qwen3-4B-speculator.dflash2,0.0,8,dflash2_unary_k16_tb64,64,29,669,37.20828799851006,16.751695079216056,59.695451431700604,11.20688400799554,193,3.461139896373057,2.466321243523316,3.461139896373057,0.08290155440414508,0.9948186528497409,2.1489582267341105,False,0.38420588203007355,2.6796387540525757,0.4926133970002411,0.04548819502815604,7.57148289988254
158,mt-bench,Qwen/Qwen3-4B,mgoin/Qwen3-4B-speculator.dflash2,0.0,8,dflash2_pairwise_k16_tb8,8,29,710,37.22010699857492,19.110935038022458,52.32606348200307,13.568763876995947,241,2.9419087136929463,1.946058091286307,2.9419087136929463,0.03734439834024896,0.995850622406639,1.8836698926871396,False,0.4735854000609834,3.342035715992097,0.2214562090302934,0.056306713988306,9.436679034006374
158,mt-bench,Qwen/Qwen3-4B,mgoin/Qwen3-4B-speculator.dflash2,0.0,8,dflash2_pairwise_k16_tb16,16,29,676,37.25228799885372,16.987585571004967,58.86651730583989,11.483607845999359,204,3.3088235294117645,2.3137254901960786,3.3088235294117645,0.049019607843137254,0.9950980392156863,2.1191176816596315,False,0.4014180250451318,2.8298849340280867,0.2438234930159524,0.04759188702882966,7.927441140011069
158,mt-bench,Qwen/Qwen3-4B,mgoin/Qwen3-4B-speculator.dflash2,0.0,8,dflash2_pairwise_k16_tb32,32,29,702,37.26675899815746,15.274232555560712,65.46973776669006,10.72251125400362,189,3.708994708994709,2.7142857142857144,3.708994708994709,0.05291005291005291,0.9947089947089947,2.356824987525611,False,0.37289983501977986,2.62377637901227,0.32844213901262265,0.04444430903822649,7.32132815496152
158,mt-bench,Qwen/Qwen3-4B,mgoin/Qwen3-4B-speculator.dflash2,0.0,8,dflash2_pairwise_k16_tb64,64,29,682,37.41825299948687,14.891603589446257,67.15193524951901,10.156073648002348,174,3.913793103448276,2.913793103448276,3.913793103448276,0.09770114942528736,1,2.4173818981949724,False,0.34639842499018414,2.415877643019485,0.4880428770411527,0.04115504300716566,6.834287482975924
159,mt-bench,Qwen/Qwen3-4B,mgoin/Qwen3-4B-speculator.dflash2,0.0,8,baseline,,741,180,49.22668499784777,35.80714315002195,27.927388560720374,6.445285767003951,179,1,,,,,1.0,True,0.04389918102970114,0.0,0.0,0.0,6.371725575030723
159,mt-bench,Qwen/Qwen3-4B,mgoin/Qwen3-4B-speculator.dflash2,0.0,8,dflash2,,741,215,49.085811006079894,24.502559265102867,40.812063310636454,5.268050241997116,99,2.1616161616161618,1.1717171717171717,2.1616161616161618,0,0.98989898989899,1.4613633932117183,False,0.06431450197123922,1.2292222479882184,0.0,0.0,3.9597712679678807
159,mt-bench,Qwen/Qwen3-4B,mgoin/Qwen3-4B-speculator.dflash2,0.0,8,dflash2_unary_k16_tb8,8,741,251,49.1307920019608,20.182230362530188,49.548537601501884,5.065739820995077,90,2.7777777777777777,1.788888888888889,2.7777777777777777,0.022222222222222223,0.9888888888888889,1.7741915787712232,False,0.1778144289710326,1.245141186984256,0.06753075503365835,0.02112682400183985,3.539695525971183
159,mt-bench,Qwen/Qwen3-4B,mgoin/Qwen3-4B-speculator.dflash2,0.0,8,dflash2_unary_k16_tb16,16,741,188,49.18586400162894,19.60133689894103,51.01692834298589,3.6850513370009144,66,2.8333333333333335,1.8484848484848484,2.8333333333333335,0.045454545454545456,0.9848484848484849,1.8267704562517082,False,0.130004739992728,0.9042533329920843,0.06697805298608728,0.01532837699051015,2.557854159946146
159,mt-bench,Qwen/Qwen3-4B,mgoin/Qwen3-4B-speculator.dflash2,0.0,8,dflash2_unary_k16_tb32,32,741,190,49.14637200272409,18.063600394740014,55.35994918771523,3.4320840750006028,61,3.098360655737705,2.1147540983606556,3.098360655737705,0.01639344262295082,0.9836065573770492,1.9822816253424609,False,0.1208547240239568,0.8365805110151996,0.09460246098024072,0.014425748988287523,2.3555193100037286
159,mt-bench,Qwen/Qwen3-4B,mgoin/Qwen3-4B-speculator.dflash2,0.0,8,dflash2_unary_k16_tb64,64,741,200,49.13996300456347,16.737688040011562,59.745407944603386,3.347537608002313,58,3.4310344827586206,2.4482758620689653,3.4310344827586206,0.034482758620689655,0.9827586206896551,2.1393123748288723,False,0.11532264498237055,0.7943112260254566,0.14973596198979067,0.013636257994221523,2.264557958995283
159,mt-bench,Qwen/Qwen3-4B,mgoin/Qwen3-4B-speculator.dflash2,0.0,8,dflash2_pairwise_k16_tb8,8,741,185,49.189873003342655,22.380284005398483,44.68218543423238,4.14035254099872,74,2.4864864864864864,1.5,2.4864864864864864,0,0.9864864864864865,1.5999414100993845,False,0.14537360898248153,1.0137419720049365,0.06814983501681127,0.01730926900927443,2.8839818720152834
159,mt-bench,Qwen/Qwen3-4B,mgoin/Qwen3-4B-speculator.dflash2,0.0,8,dflash2_pairwise_k16_tb16,16,741,180,49.20533399854321,18.955751461140203,52.754437198125686,3.4120352630052366,61,2.9344262295081966,1.9508196721311475,2.9344262295081966,0.03278688524590164,0.9836065573770492,1.8889856845521293,True,0.12006226197991055,0.8344651040242752,0.07281736805452965,0.014221164972695988,2.360745844016492
159,mt-bench,Qwen/Qwen3-4B,mgoin/Qwen3-4B-speculator.dflash2,0.0,8,dflash2_pairwise_k16_tb32,32,741,180,49.16447299910942,17.81251772222782,56.14029502141203,3.2062531900010076,57,3.1403508771929824,2.1578947368421053,3.1403508771929824,0.05263157894736842,0.9824561403508771,2.010223580316165,True,0.1125134369940497,0.7786314330005553,0.09923458398407092,0.013401134034211282,2.193041367987462
159,mt-bench,Qwen/Qwen3-4B,mgoin/Qwen3-4B-speculator.dflash2,0.0,8,dflash2_pairwise_k16_tb64,64,741,180,49.13642199971946,17.056722805541032,58.62790944079485,3.070210104997386,53,3.3773584905660377,2.3962264150943398,3.3773584905660377,0.05660377358490566,0.9811320754716981,2.0992979459330647,True,0.10556994498620043,0.7245213649730431,0.14997811998182442,0.012560436000057962,2.0684376590143074
