sample_index,dataset,model,draft_model,temperature,block_size,method,tree_budget,num_input_tokens,num_output_tokens,time_to_first_token_ms,time_per_output_token_ms,tokens_per_second,total_decode_time_seconds,decode_rounds,mean_acceptance_length,mean_matched_draft_tokens,mean_committed_tokens_per_round,full_block_acceptance,verifier_bonus_commit_rate,speedup_vs_baseline,matches_baseline,stage_commit_seconds,stage_draft_seconds,stage_tree_build_seconds,stage_tree_compile_seconds,stage_verify_seconds
0,mt-bench,Qwen/Qwen3-4B,mgoin/Qwen3-4B-speculator.dflash2,0.0,8,baseline,,34,972,37.21037699870067,36.45024068621605,27.434661093422026,35.429633947002,971,1,,,,,1.0,True,0.23858401504548965,0.0,0.0,0.0,35.03152171905822
0,mt-bench,Qwen/Qwen3-4B,mgoin/Qwen3-4B-speculator.dflash2,0.0,8,dflash2,,34,743,36.765566997928545,25.615484619116433,39.038886629289685,19.03230507200351,352,2.1079545454545454,1.1107954545454546,2.1079545454545454,0,0.9971590909090909,1.4229768137595105,False,0.23016191798524233,4.467678859065927,0.0,0.0,14.282220938963292
0,mt-bench,Qwen/Qwen3-4B,mgoin/Qwen3-4B-speculator.dflash2,0.0,8,dflash2_unary_k16_tb8,8,34,766,36.86006899806671,23.84812084073216,41.9320250294949,18.267660564000835,322,2.375776397515528,1.3788819875776397,2.375776397515528,0,0.9968944099378882,1.528432404785525,False,0.6492454930703389,4.518747775051452,0.24378240005171392,0.07558453800447751,12.728858092959854
0,mt-bench,Qwen/Qwen3-4B,mgoin/Qwen3-4B-speculator.dflash2,0.0,8,dflash2_unary_k16_tb16,16,34,915,36.9346610023058,21.147785227323688,47.286275572156114,19.350223483001173,341,2.6803519061583576,1.683284457478006,2.6803519061583576,0,0.9970674486803519,1.7235961257598291,False,0.6895384520321386,4.792065606976394,0.35046434298419626,0.07986489400354913,13.382654186156287
0,mt-bench,Qwen/Qwen3-4B,mgoin/Qwen3-4B-speculator.dflash2,0.0,8,dflash2_unary_k16_tb32,32,34,906,37.02799200254958,19.285576730683495,51.85222168694559,17.472732517999248,305,2.9672131147540983,1.9704918032786884,2.9672131147540983,0.003278688524590164,0.9967213114754099,1.8900259606041985,False,0.6191987599813729,4.295588242166559,0.4806408040749375,0.07156795796618098,11.954575558978831
0,mt-bench,Qwen/Qwen3-4B,mgoin/Qwen3-4B-speculator.dflash2,0.0,8,dflash2_unary_k16_tb64,64,34,973,36.96351999678882,18.61885983144787,53.708981594617676,18.116150615998777,310,3.1354838709677417,2.138709677419355,3.1354838709677417,0.0032258064516129032,0.9967741935483871,1.9577053061353622,False,0.6255346580364858,4.338190522081277,0.8100760779998382,0.0736099290807033,12.214407315972494
0,mt-bench,Qwen/Qwen3-4B,mgoin/Qwen3-4B-speculator.dflash2,0.0,8,dflash2_pairwise_k16_tb8,8,34,943,36.97221100446768,21.418342516430833,46.688953602869205,20.197496992994274,359,2.6239554317548746,1.626740947075209,2.6239554317548746,0.002785515320334262,0.9972144846796658,1.7018235962121566,False,0.7118479119890253,4.985976106007001,0.3335216790510458,0.08452991394005949,14.023686310029007
0,mt-bench,Qwen/Qwen3-4B,mgoin/Qwen3-4B-speculator.dflash2,0.0,8,dflash2_pairwise_k16_tb16,16,34,938,36.85307900013868,20.106798484008316,49.734421956600265,18.8601769779998,334,2.805389221556886,1.8083832335329342,2.805389221556886,0.0029940119760479044,0.9970059880239521,1.8128316507079079,False,0.6650607659757952,4.65046524607169,0.4084105200818158,0.07918719596636947,13.002405970015388
0,mt-bench,Qwen/Qwen3-4B,mgoin/Qwen3-4B-speculator.dflash2,0.0,8,dflash2_pairwise_k16_tb32,32,34,775,36.76255799655337,18.69238991871469,53.497707053436066,14.486602187003884,254,3.047244094488189,2.0511811023622046,3.047244094488189,0,0.9960629921259843,1.9500042982584227,False,0.5071886740261107,3.546538770002371,0.4450864739555982,0.05974089296068996,9.885057948995382
0,mt-bench,Qwen/Qwen3-4B,mgoin/Qwen3-4B-speculator.dflash2,0.0,8,dflash2_pairwise_k16_tb64,64,34,735,37.354439999035094,18.12410824625281,55.17512842082874,13.321219560995814,227,3.2334801762114536,2.237885462555066,3.2334801762114536,0,0.9955947136563876,2.0111467108320875,False,0.45641707796312403,3.16978354499588,0.6467396120060585,0.053581780040985905,8.954913508037862
1,mt-bench,Qwen/Qwen3-4B,mgoin/Qwen3-4B-speculator.dflash2,0.0,8,baseline,,1029,363,70.16283600387396,36.170635721766516,27.646735536866082,13.129940767001244,362,1,,,,,1.0,True,0.08884959695569705,0.0,0.0,0.0,12.981575033045374
1,mt-bench,Qwen/Qwen3-4B,mgoin/Qwen3-4B-speculator.dflash2,0.0,8,dflash2,,800,442,52.252132998546585,20.111398970588674,49.72304519752309,8.889238345000194,166,2.6566265060240966,1.6626506024096386,2.6566265060240966,0.012048192771084338,0.9939759036144579,1.7985141548165395,,0.10737937399971997,2.079623724988778,0.0,0.0,6.677613915991969
1,mt-bench,Qwen/Qwen3-4B,mgoin/Qwen3-4B-speculator.dflash2,0.0,8,dflash2_unary_k16_tb8,8,823,345,52.67767299665138,20.55233514783786,48.65627155292871,7.090555626004061,128,2.6875,1.6875,2.6875,0.0078125,1,1.759928273920335,,0.2544592280173674,1.7754049570139614,0.09692982598789968,0.02961104505811818,4.913818953988084
1,mt-bench,Qwen/Qwen3-4B,mgoin/Qwen3-4B-speculator.dflash2,0.0,8,dflash2_unary_k16_tb16,16,972,407,57.99539600411663,19.622311405404197,50.96239578200707,7.986280741999508,141,2.879432624113475,1.8865248226950355,2.879432624113475,0.014184397163120567,0.9929078014184397,1.843342253339468,,0.2828057349906885,1.9684624370202073,0.1476000749898958,0.03399653502856381,5.530508322997775
1,mt-bench,Qwen/Qwen3-4B,mgoin/Qwen3-4B-speculator.dflash2,0.0,8,dflash2_unary_k16_tb32,32,963,326,57.79124199762009,16.320733092007504,61.2717574855577,5.3205589879944455,94,3.4574468085106385,2.4680851063829787,3.4574468085106385,0.02127659574468085,0.9893617021276596,2.216238420042528,,0.1879081420120201,1.3033979109677603,0.14436295299674384,0.021959739024168812,3.647399584959203
1,mt-bench,Qwen/Qwen3-4B,mgoin/Qwen3-4B-speculator.dflash2,0.0,8,dflash2_unary_k16_tb64,64,1030,460,65.58419000066351,17.232186050007485,58.030942626664924,7.926805583003443,135,3.4,2.4074074074074074,3.4,0.007407407407407408,0.9925925925925926,2.0990160863398293,,0.27466360003018053,1.8974408779977239,0.34935088098427514,0.03202446800423786,5.349605241019162
1,mt-bench,Qwen/Qwen3-4B,mgoin/Qwen3-4B-speculator.dflash2,0.0,8,dflash2_pairwise_k16_tb8,8,1000,324,58.5449680002057,19.92290423455685,50.19348525831246,6.455020971996419,112,2.8839285714285716,1.8928571428571428,2.8839285714285716,0,0.9910714285714286,1.8155302708842775,,0.22722630197677063,1.5827716390413116,0.10960964501282433,0.027144930048962124,4.489941620937316
1,mt-bench,Qwen/Qwen3-4B,mgoin/Qwen3-4B-speculator.dflash2,0.0,8,dflash2_pairwise_k16_tb16,16,994,319,58.42379599926062,18.072260633227963,55.333420665778974,5.76505114199972,101,3.1485148514851486,2.1485148514851486,3.1485148514851486,0,1,2.0014450021411583,,0.20350218301609857,1.4182371709830477,0.12193468304758426,0.023935804041684605,3.980909724996309
1,mt-bench,Qwen/Qwen3-4B,mgoin/Qwen3-4B-speculator.dflash2,0.0,8,dflash2_pairwise_k16_tb32,32,832,337,52.86106700077653,17.017308596452697,58.76369899106446,5.734832997004559,100,3.36,2.37,3.36,0,0.99,2.125520349869331,,0.20161521403497318,1.4003131929639494,0.17597510299674468,0.023617960956471507,3.916522995023115
1,mt-bench,Qwen/Qwen3-4B,mgoin/Qwen3-4B-speculator.dflash2,0.0,8,dflash2_pairwise_k16_tb64,64,792,392,52.24902400368592,16.15477758672086,61.901192673924186,6.332672813994578,109,3.5871559633027523,2.596330275229358,3.5871559633027523,0,0.9908256880733946,2.239005490951394,,0.21965416103921598,1.5045512629731093,0.3092837599760969,0.02561855402746005,4.254716505020042
2,mt-bench,Qwen/Qwen3-4B,mgoin/Qwen3-4B-speculator.dflash2,0.0,8,baseline,,58,84,39.48268899694085,35.96031877385117,27.808429794208553,3.0206667770034983,83,1,,,,,1.0,True,0.02123219997884007,0.0,0.0,0.0,2.985388857036014
2,mt-bench,Qwen/Qwen3-4B,mgoin/Qwen3-4B-speculator.dflash2,0.0,8,dflash2,,58,84,37.408860996947624,14.712013535764916,67.97166122563708,1.235809137004253,23,3.608695652173913,2.652173913043478,3.608695652173913,0.08695652173913043,0.9565217391304348,2.4442826052621287,True,0.014798381009313744,0.28036351098126033,0.0,0.0,0.9372833639863529
2,mt-bench,Qwen/Qwen3-4B,mgoin/Qwen3-4B-speculator.dflash2,0.0,8,dflash2_unary_k16_tb8,8,58,84,37.678296997910365,13.49886811901039,74.08028519011197,1.1339049219968729,20,4.15,3.15,4.15,0.05,1,2.663950670294232,True,0.040512068997486494,0.27017734199762344,0.015887348985415883,0.004843641014304012,0.7992070300169871
2,mt-bench,Qwen/Qwen3-4B,mgoin/Qwen3-4B-speculator.dflash2,0.0,8,dflash2_unary_k16_tb16,16,58,84,37.76328000094509,13.458708011880628,74.30133703155262,1.1305314729979727,20,4.15,3.2,4.15,0.05,0.95,2.6718997649779848,True,0.040633381009683944,0.2702037880226271,0.021154926980671007,0.0048404009867226705,0.7904604339855723
2,mt-bench,Qwen/Qwen3-4B,mgoin/Qwen3-4B-speculator.dflash2,0.0,8,dflash2_unary_k16_tb32,32,58,84,37.2487779968651,12.057199190426868,82.93800112334351,1.0128047319958569,18,4.611111111111111,3.6666666666666665,4.611111111111111,0.05555555555555555,0.9444444444444444,2.982476958861459,True,0.03596154600381851,0.2401442369882716,0.027183384001546074,0.004250668025633786,0.7022865560138598
2,mt-bench,Qwen/Qwen3-4B,mgoin/Qwen3-4B-speculator.dflash2,0.0,8,dflash2_unary_k16_tb64,64,58,84,37.446802998601925,11.69368404762714,85.5162492784229,0.9822694600006798,17,4.882352941176471,3.9411764705882355,4.882352941176471,0.058823529411764705,0.9411764705882353,3.0751915843962077,True,0.03434218700567726,0.2255900880190893,0.04274924899073085,0.003967766999267042,0.6727372590103187
2,mt-bench,Qwen/Qwen3-4B,mgoin/Qwen3-4B-speculator.dflash2,0.0,8,dflash2_pairwise_k16_tb8,8,58,84,37.57492500153603,14.459355583312572,69.15937534270836,1.214585868998256,21,3.9523809523809526,3,3.9523809523809526,0.047619047619047616,0.9523809523809523,2.4869931835242154,True,0.04287387000658782,0.2881525840057293,0.01968338297592709,0.004969452988007106,0.8555211649800185
2,mt-bench,Qwen/Qwen3-4B,mgoin/Qwen3-4B-speculator.dflash2,0.0,8,dflash2_pairwise_k16_tb16,16,58,84,38.55650699551916,12.778794726164918,78.25464149232116,1.073418756997853,18,4.611111111111111,3.6666666666666665,4.611111111111111,0.16666666666666666,0.9444444444444444,2.8140618535973094,True,0.03799460700247437,0.25393555600749096,0.022359351001796313,0.004458490999240894,0.7516637469743728
2,mt-bench,Qwen/Qwen3-4B,mgoin/Qwen3-4B-speculator.dflash2,0.0,8,dflash2_pairwise_k16_tb32,32,58,84,40.47808199538849,12.12454682137745,82.47730943946254,1.0184619329957059,17,4.882352941176471,3.9411764705882355,4.882352941176471,0.17647058823529413,0.9411764705882353,2.965910339052637,True,0.03633619502943475,0.23970880799606675,0.030779148015426472,0.004142994002904743,0.7045584250154207
2,mt-bench,Qwen/Qwen3-4B,mgoin/Qwen3-4B-speculator.dflash2,0.0,8,dflash2_pairwise_k16_tb64,64,58,84,39.629332000913564,12.491093714266928,80.05704087047494,1.0492518719984218,17,4.882352941176471,3.9411764705882355,4.882352941176471,0.11764705882352941,0.9411764705882353,2.87887670979351,True,0.036271544988267124,0.2399980970149045,0.04830713001865661,0.004249577992595732,0.7173681519998354
3,mt-bench,Qwen/Qwen3-4B,mgoin/Qwen3-4B-speculator.dflash2,0.0,8,baseline,,162,399,41.492666001431644,38.63704329073026,25.881897651312215,15.416180273001375,398,1,,,,,1.0,True,0.10518329594196985,0.0,0.0,0.0,15.24065672008146
3,mt-bench,Qwen/Qwen3-4B,mgoin/Qwen3-4B-speculator.dflash2,0.0,8,dflash2,,162,423,40.91662200517021,17.770157042557365,56.27412282317604,7.516776429001766,133,3.172932330827068,2.172932330827068,3.172932330827068,0.07518796992481203,1,2.174265719666925,,0.09345435403520241,1.757690480000747,0.0,0.0,5.644499373949657
3,mt-bench,Qwen/Qwen3-4B,mgoin/Qwen3-4B-speculator.dflash2,0.0,8,dflash2_unary_k16_tb8,8,162,356,37.81933100253809,18.10320003932339,55.238852679516384,6.444739213999127,107,3.317757009345794,2.3271028037383177,3.317757009345794,0.08411214953271028,0.9906542056074766,2.134265942308746,,0.22866221803269582,1.5896524369891267,0.09510009201039793,0.027434588053438347,4.485923434025608
3,mt-bench,Qwen/Qwen3-4B,mgoin/Qwen3-4B-speculator.dflash2,0.0,8,dflash2_unary_k16_tb16,16,162,338,42.70511300273938,16.110152068037983,62.07266050479855,5.445231398996839,92,3.6630434782608696,2.6630434782608696,3.6630434782608696,0.07608695652173914,1,2.398304071094704,,0.19404600001871586,1.34309067104914,0.10636135700769955,0.02463602697389433,3.761156861037307
3,mt-bench,Qwen/Qwen3-4B,mgoin/Qwen3-4B-speculator.dflash2,0.0,8,dflash2_unary_k16_tb32,32,162,379,37.79009999561822,14.801375712395528,67.56128750671076,5.609721394997905,98,3.857142857142857,2.86734693877551,3.857142857142857,0.08163265306122448,0.9897959183673469,2.610368390174257,,0.19778168697666842,1.3736333400156582,0.15163859000313096,0.02356268906441983,3.8468750729443855
3,mt-bench,Qwen/Qwen3-4B,mgoin/Qwen3-4B-speculator.dflash2,0.0,8,dflash2_unary_k16_tb64,64,162,351,37.3852100019576,13.563106481479734,73.72942189648725,4.760650374999386,81,4.320987654320987,3.3209876543209877,4.320987654320987,0.12345679012345678,1,2.8486868656150937,,0.16401943899836624,1.1343360939790728,0.20959823599696392,0.019470304971036967,3.218944881016796
3,mt-bench,Qwen/Qwen3-4B,mgoin/Qwen3-4B-speculator.dflash2,0.0,8,dflash2_pairwise_k16_tb8,8,162,383,37.05863300274359,16.696149999992077,59.89404743012459,6.394625449996965,112,3.4107142857142856,2.419642857142857,3.4107142857142856,0.0625,0.9910714285714286,2.314128903414775,,0.22485822696762625,1.5671349989643204,0.10585798396641621,0.026586773958115373,4.4522011439621565
3,mt-bench,Qwen/Qwen3-4B,mgoin/Qwen3-4B-speculator.dflash2,0.0,8,dflash2_pairwise_k16_tb16,16,162,356,38.689941000484396,13.714872446614075,72.91354723804812,4.882494590994611,84,4.226190476190476,3.238095238095238,4.226190476190476,0.09523809523809523,0.9880952380952381,2.817163881117171,,0.17152145199361257,1.1979303329571849,0.10140399794181576,0.020035121044202242,3.377695559967833
3,mt-bench,Qwen/Qwen3-4B,mgoin/Qwen3-4B-speculator.dflash2,0.0,8,dflash2_pairwise_k16_tb32,32,162,423,38.23696100153029,12.801979687944193,78.1129188122142,5.415237408000394,93,4.537634408602151,3.5483870967741935,4.537634408602151,0.12903225806451613,0.989247311827957,3.018052225712818,,0.1890031190487207,1.3212854869489092,0.16177129195421003,0.022280191005847882,3.7053033179836348
3,mt-bench,Qwen/Qwen3-4B,mgoin/Qwen3-4B-speculator.dflash2,0.0,8,dflash2_pairwise_k16_tb64,64,162,338,37.39002099609934,12.197324982254468,81.98518949481716,4.12269584400201,69,4.884057971014493,3.898550724637681,4.884057971014493,0.14492753623188406,0.9855072463768116,3.167665315709975,,0.14140596898505464,0.9724652720105951,0.1930542420159327,0.016491604008479044,2.787126415016246
4,mt-bench,Qwen/Qwen3-4B,mgoin/Qwen3-4B-speculator.dflash2,0.0,8,baseline,,69,217,38.2376400011708,36.25684526266395,27.58099864330352,7.867735421998077,216,1,,,,,1.0,True,0.053136132984946016,0.0,0.0,0.0,7.778917217045091
4,mt-bench,Qwen/Qwen3-4B,mgoin/Qwen3-4B-speculator.dflash2,0.0,8,dflash2,,69,223,37.8971019963501,21.52175132737019,46.464620131924605,4.799350546003552,88,2.522727272727273,1.5340909090909092,2.522727272727273,0.022727272727272728,0.9886363636363636,1.6846605423116507,False,0.05908678303239867,1.119012463001127,0.0,0.0,3.6079556659969967
4,mt-bench,Qwen/Qwen3-4B,mgoin/Qwen3-4B-speculator.dflash2,0.0,8,dflash2_unary_k16_tb8,8,69,224,37.80405099678319,21.450244383946224,46.619515475004064,4.804854742003954,85,2.623529411764706,1.6352941176470588,2.623529411764706,0,0.9882352941176471,1.6902765587975899,False,0.16913585599832004,1.1811523219803348,0.06284071501431754,0.019831588993838523,3.358509624013095
4,mt-bench,Qwen/Qwen3-4B,mgoin/Qwen3-4B-speculator.dflash2,0.0,8,dflash2_unary_k16_tb16,16,69,217,37.70773900032509,20.075390576045642,49.81223135918562,4.356359755001904,77,2.8051948051948052,1.8181818181818181,2.8051948051948052,0,0.987012987012987,1.8060343645780095,False,0.1533383400455932,1.0717392080114223,0.07703820100141456,0.017866062014945783,3.024025357000937
4,mt-bench,Qwen/Qwen3-4B,mgoin/Qwen3-4B-speculator.dflash2,0.0,8,dflash2_unary_k16_tb32,32,69,217,37.96691499883309,19.426641815677577,51.4757007149319,4.215581274002034,73,2.958904109589041,1.9726027397260273,2.958904109589041,0,0.9863013698630136,1.8663465156084857,False,0.14882749599928502,1.0308828900160734,0.11645961104659364,0.018036531982943416,2.8890855279532843
4,mt-bench,Qwen/Qwen3-4B,mgoin/Qwen3-4B-speculator.dflash2,0.0,8,dflash2_unary_k16_tb64,64,69,217,37.90778399707051,18.668105225833852,53.56730037155299,4.050978834005946,69,3.130434782608696,2.1449275362318843,3.130434782608696,0,0.9855072463768116,1.9421813207100378,False,0.13924602499173488,0.9634102119744057,0.17749898599868175,0.016350171012163628,2.742574080999475
4,mt-bench,Qwen/Qwen3-4B,mgoin/Qwen3-4B-speculator.dflash2,0.0,8,dflash2_pairwise_k16_tb8,8,69,219,37.82412999862572,21.037181547943124,47.534884733538526,4.607142758999544,81,2.691358024691358,1.7037037037037037,2.691358024691358,0.012345679012345678,0.9876543209876543,1.7234649603624732,False,0.16173639703629306,1.129623534005077,0.0756007170130033,0.019082948019786272,3.2082286690128967
4,mt-bench,Qwen/Qwen3-4B,mgoin/Qwen3-4B-speculator.dflash2,0.0,8,dflash2_pairwise_k16_tb16,16,69,217,37.98757500044303,19.661416165890927,50.86103623272177,4.266527307998331,75,2.88,1.8933333333333333,2.88,0.02666666666666667,0.9866666666666667,1.8440607205885378,False,0.14998408997780643,1.0446882710093632,0.09023618899664143,0.017826511000748724,2.9517248579941224
4,mt-bench,Qwen/Qwen3-4B,mgoin/Qwen3-4B-speculator.dflash2,0.0,8,dflash2_pairwise_k16_tb32,32,69,220,37.36506000132067,18.534454886354403,53.953569507794306,4.077580074997968,72,3.0416666666666665,2.0555555555555554,3.0416666666666665,0.027777777777777776,0.9861111111111112,1.956186221012482,False,0.14345927204703912,0.9929702799927327,0.12577016498835292,0.016842571989400312,2.786705159014673
4,mt-bench,Qwen/Qwen3-4B,mgoin/Qwen3-4B-speculator.dflash2,0.0,8,dflash2_pairwise_k16_tb64,64,69,224,37.30252899549669,18.169056062496175,55.038632527760164,4.069868557999143,70,3.1857142857142855,2.2,3.1857142857142855,0.02857142857142857,0.9857142857142858,1.995527183027623,False,0.1397831589783891,0.9634996539898566,0.19628542597638443,0.016301479074172676,2.741966429981403
5,mt-bench,Qwen/Qwen3-4B,mgoin/Qwen3-4B-speculator.dflash2,0.0,8,baseline,,309,44,36.83112799626542,35.29663347729762,28.331313824679295,1.5530518730010952,43,1,,,,,1.0,True,0.010478076990693808,0.0,0.0,0.0,1.5352667210026993
5,mt-bench,Qwen/Qwen3-4B,mgoin/Qwen3-4B-speculator.dflash2,0.0,8,dflash2,,315,49,36.800497997319326,28.13787530612899,35.53928607332267,1.3787558900003205,26,1.8461538461538463,0.8846153846153846,1.8461538461538463,0,0.9615384615384616,1.254417154574898,,0.016890847975446377,0.3139353879887494,0.0,0.0,1.044177576994116
5,mt-bench,Qwen/Qwen3-4B,mgoin/Qwen3-4B-speculator.dflash2,0.0,8,dflash2_unary_k16_tb8,8,316,44,37.00923299766146,21.37578018168411,46.781918203708535,0.9405343279941007,17,2.5294117647058822,1.588235294117647,2.5294117647058822,0,0.9411764705882353,1.6512442202012176,,0.033689194002363365,0.22301888500805944,0.013168004014005419,0.004026354989036918,0.6640017519966932
5,mt-bench,Qwen/Qwen3-4B,mgoin/Qwen3-4B-speculator.dflash2,0.0,8,dflash2_unary_k16_tb16,16,309,44,36.89369899802841,18.787392408987877,53.22718439210332,0.8266452659954666,15,2.8666666666666667,1.9333333333333333,2.8666666666666667,0,0.9333333333333333,1.8787404185166074,,0.029640898006618954,0.19519119898905046,0.015094819995283615,0.0033871799969347194,0.5809721000114223
5,mt-bench,Qwen/Qwen3-4B,mgoin/Qwen3-4B-speculator.dflash2,0.0,8,dflash2_unary_k16_tb32,32,309,44,37.170625997532625,20.233238181886424,49.42362616455722,0.8902624800030026,16,2.6875,1.75,2.6875,0,0.9375,1.744487617849353,,0.03167315300379414,0.20909749099519104,0.02471628199418774,0.003705162998812739,0.6185053939916543
5,mt-bench,Qwen/Qwen3-4B,mgoin/Qwen3-4B-speculator.dflash2,0.0,8,dflash2_unary_k16_tb64,64,309,44,36.73427600006107,18.170104295429404,55.035457350211516,0.7994845889988937,14,3.0714285714285716,2.142857142857143,3.0714285714285716,0,0.9285714285714286,1.9425663663458612,,0.02782905200001551,0.18075038297683932,0.03621193199069239,0.0032446330005768687,0.5489827199926367
5,mt-bench,Qwen/Qwen3-4B,mgoin/Qwen3-4B-speculator.dflash2,0.0,8,dflash2_pairwise_k16_tb8,8,311,44,36.806026997510344,23.640395727356502,42.30047633436216,1.0401774120036862,19,2.263157894736842,1.263157894736842,2.263157894736842,0,1,1.493064409089083,,0.03756283398979576,0.2502798729838105,0.017301940002653282,0.004378939003800042,0.7276961989846313
5,mt-bench,Qwen/Qwen3-4B,mgoin/Qwen3-4B-speculator.dflash2,0.0,8,dflash2_pairwise_k16_tb16,16,309,44,36.85091999795986,21.450105749946403,46.61981678120625,0.9438046529976418,17,2.5294117647058822,1.5294117647058822,2.5294117647058822,0,1,1.6455225857050058,,0.03360319501371123,0.22282844998699147,0.02006799297669204,0.0039226669978233986,0.6607159300037893
5,mt-bench,Qwen/Qwen3-4B,mgoin/Qwen3-4B-speculator.dflash2,0.0,8,dflash2_pairwise_k16_tb32,32,312,44,36.875888996291906,19.05782640907009,52.47188102857708,0.8385443619990838,15,2.8666666666666667,1.9333333333333333,2.8666666666666667,0,0.9333333333333333,1.8520807525300518,,0.029669871990336105,0.19497019398841076,0.026025683000625577,0.003440199994656723,0.582026213996869
5,mt-bench,Qwen/Qwen3-4B,mgoin/Qwen3-4B-speculator.dflash2,0.0,8,dflash2_pairwise_k16_tb64,64,316,44,36.83793200616492,15.607308158988335,64.0725479251907,0.6867215589954867,12,3.5833333333333335,2.5833333333333335,3.5833333333333335,0,1,2.261545240072042,,0.023935965007694904,0.15311191300861537,0.0342407410062151,0.0028031319961883128,0.4706154589803191
6,mt-bench,Qwen/Qwen3-4B,mgoin/Qwen3-4B-speculator.dflash2,0.0,8,baseline,,51,209,37.41812499356456,35.741684421066715,27.978535880379052,7.470012044002943,208,1,,,,,1.0,True,0.05103665700153215,0.0,0.0,0.0,7.3849997040233575
6,mt-bench,Qwen/Qwen3-4B,mgoin/Qwen3-4B-speculator.dflash2,0.0,8,dflash2,,51,210,37.12938899843721,22.354821942869982,44.73307828421096,4.694512608002697,88,2.375,1.3863636363636365,2.375,0,0.9886363636363636,1.5988355672171406,False,0.057723794983758125,1.0933006690247566,0.0,0.0,3.5305765869561583
6,mt-bench,Qwen/Qwen3-4B,mgoin/Qwen3-4B-speculator.dflash2,0.0,8,dflash2_unary_k16_tb8,8,51,221,37.05571700265864,20.69619026242353,48.3180714576065,4.5738580479956,82,2.682926829268293,1.6829268292682926,2.682926829268293,0,1,1.7269692618723225,False,0.1623121709926636,1.1243447219676455,0.06033389205549611,0.018875022004067432,3.194943758993759
6,mt-bench,Qwen/Qwen3-4B,mgoin/Qwen3-4B-speculator.dflash2,0.0,8,dflash2_unary_k16_tb16,16,51,202,37.09826800331939,19.89046348020259,50.27534933991466,4.0178736230009235,72,2.7916666666666665,1.8055555555555556,2.7916666666666665,0,0.9861111111111112,1.7969256702661145,False,0.14168371703999583,0.9866902070352808,0.07156302801013226,0.016601452000031713,2.78979076698306
6,mt-bench,Qwen/Qwen3-4B,mgoin/Qwen3-4B-speculator.dflash2,0.0,8,dflash2_unary_k16_tb32,32,51,204,37.09156699915184,18.1852113676666,54.989737528044635,3.709783119003987,66,3.0757575757575757,2.090909090909091,3.0757575757575757,0,0.9848484848484849,1.9654258451246605,False,0.13016201600112254,0.904880576999858,0.10021013900404796,0.015341052021540236,2.5485101500235032
6,mt-bench,Qwen/Qwen3-4B,mgoin/Qwen3-4B-speculator.dflash2,0.0,8,dflash2_unary_k16_tb64,64,51,204,37.03142599988496,18.14212199019048,55.120343724990065,3.7009928859988577,64,3.171875,2.1875,3.171875,0,0.984375,1.9700939305993197,False,0.1275113530064118,0.8788217409965,0.16551030200207606,0.01487787803489482,2.503313973036711
6,mt-bench,Qwen/Qwen3-4B,mgoin/Qwen3-4B-speculator.dflash2,0.0,8,dflash2_pairwise_k16_tb8,8,51,215,38.288545998511836,20.187274730245875,49.53615648286272,4.340264067002863,77,2.779220779220779,1.7922077922077921,2.779220779220779,0,0.987012987012987,1.7705056724430572,False,0.15262754099239828,1.0635646480150172,0.07254049601760926,0.018183265048719477,3.0211512449532165
6,mt-bench,Qwen/Qwen3-4B,mgoin/Qwen3-4B-speculator.dflash2,0.0,8,dflash2_pairwise_k16_tb16,16,51,191,37.10777800006326,19.666072371731516,50.84899420168025,3.7562198230007198,67,2.8358208955223883,1.8507462686567164,2.8358208955223883,0,0.9850746268656716,1.8174287038851065,False,0.1320288449569489,0.918636385948048,0.07924833198921988,0.015469759935513139,2.60016645801079
6,mt-bench,Qwen/Qwen3-4B,mgoin/Qwen3-4B-speculator.dflash2,0.0,8,dflash2_pairwise_k16_tb32,32,51,204,37.11207900050795,17.16078414706406,58.27239544709757,3.5007999660010682,62,3.274193548387097,2.2903225806451615,3.274193548387097,0,0.9838709677419355,2.0827535685297662,False,0.12261702301475452,0.8509029429915245,0.10766750596667407,0.014445567998336628,2.3950696410174714
6,mt-bench,Qwen/Qwen3-4B,mgoin/Qwen3-4B-speculator.dflash2,0.0,8,dflash2_pairwise_k16_tb64,64,51,184,39.36907000024803,17.369995222828077,57.57053972506424,3.1960791210003663,54,3.388888888888889,2.4074074074074074,3.388888888888889,0,0.9814814814814815,2.0576680628037307,False,0.11044541499722982,0.7537630859951605,0.15418934399349382,0.012838790971727576,2.1554842030163854
7,mt-bench,Qwen/Qwen3-4B,mgoin/Qwen3-4B-speculator.dflash2,0.0,8,baseline,,287,275,37.248781001835596,36.61371943271,27.31216646366223,10.068772843995248,274,1,,,,,1.0,True,0.06871730402781395,0.0,0.0,0.0,9.953864966068068
7,mt-bench,Qwen/Qwen3-4B,mgoin/Qwen3-4B-speculator.dflash2,0.0,8,dflash2,,288,307,37.290781998308375,14.81125455700257,67.51622532388473,4.547055148999789,84,3.642857142857143,2.642857142857143,3.642857142857143,0.20238095238095238,1,2.472020131164345,,0.05105361601454206,1.0588686960327323,0.0,0.0,3.42488418299763
7,mt-bench,Qwen/Qwen3-4B,mgoin/Qwen3-4B-speculator.dflash2,0.0,8,dflash2_unary_k16_tb8,8,299,306,37.54974800540367,13.344112993460536,74.93941339451064,4.083298575998924,72,4.236111111111111,3.25,4.236111111111111,0.2361111111111111,0.9861111111111112,2.743810656478482,,0.14397192795877345,1.00376059802511,0.05339743298100075,0.01684183098404901,2.8539451689794078
7,mt-bench,Qwen/Qwen3-4B,mgoin/Qwen3-4B-speculator.dflash2,0.0,8,dflash2_unary_k16_tb16,16,280,305,37.371293001342565,12.879268360657226,77.64416207482225,3.928176850000454,69,4.405797101449275,3.4057971014492754,4.405797101449275,0.2608695652173913,1,2.842841565795404,,0.13916708997567184,0.9650821039831499,0.0692078039937769,0.016358262990252115,2.7272178410203196
7,mt-bench,Qwen/Qwen3-4B,mgoin/Qwen3-4B-speculator.dflash2,0.0,8,dflash2_unary_k16_tb32,32,282,335,37.36893400491681,14.001769961184586,71.41954215589737,4.690592936996836,82,4.073170731707317,3.073170731707317,4.073170731707317,0.2073170731707317,1,2.6149350785086303,,0.16483898501610383,1.1470157299991115,0.12295038201409625,0.019596435005951207,3.2225905700033763
7,mt-bench,Qwen/Qwen3-4B,mgoin/Qwen3-4B-speculator.dflash2,0.0,8,dflash2_unary_k16_tb64,64,282,335,37.29666300205281,13.650997164168347,73.25472183269056,4.573084049996396,78,4.282051282051282,3.282051282051282,4.282051282051282,0.24358974358974358,1,2.6821278323033475,,0.15709407896065386,1.0894148409934132,0.1943246230002842,0.018463740016159136,3.1001437789964257
7,mt-bench,Qwen/Qwen3-4B,mgoin/Qwen3-4B-speculator.dflash2,0.0,8,dflash2_pairwise_k16_tb8,8,293,308,37.38324500591261,13.45992021752308,74.29464542428185,4.145655426997109,73,4.205479452054795,3.219178082191781,4.205479452054795,0.2602739726027397,0.9863013698630136,2.7202033029173274,,0.1458728730212897,1.0159733340333332,0.0667230910185026,0.017243177026102785,2.8881052270226064
7,mt-bench,Qwen/Qwen3-4B,mgoin/Qwen3-4B-speculator.dflash2,0.0,8,dflash2_pairwise_k16_tb16,16,269,259,37.29647200088948,13.61516825095719,73.44749485043616,3.526328576997912,62,4.161290322580645,3.1774193548387095,4.161290322580645,0.22580645161290322,0.9838709677419355,2.6891859694892815,,0.12387929897522554,0.8617597720221966,0.07310822500585346,0.01452643900847761,2.4430884389876155
7,mt-bench,Qwen/Qwen3-4B,mgoin/Qwen3-4B-speculator.dflash2,0.0,8,dflash2_pairwise_k16_tb32,32,282,311,37.189719994785264,12.892403762046976,77.56505446593508,4.00953756999661,70,4.428571428571429,3.442857142857143,4.428571428571429,0.2571428571428571,0.9857142857142858,2.8399451419986166,,0.14019266700779554,0.9748636959702708,0.11936561400216306,0.016395929997088388,2.747144708962878
7,mt-bench,Qwen/Qwen3-4B,mgoin/Qwen3-4B-speculator.dflash2,0.0,8,dflash2_pairwise_k16_tb64,64,262,268,37.33202299918048,11.734866526104039,85.21613754834915,3.1449442289958824,53,5.037735849056604,4.056603773584905,5.037735849056604,0.3584905660377358,0.9811320754716981,3.1200797513344796,,0.10857152799144387,0.7419274850253714,0.14804375903622713,0.013190355020924471,2.1236379399852012
8,mt-bench,Qwen/Qwen3-4B,mgoin/Qwen3-4B-speculator.dflash2,0.0,8,baseline,,34,123,38.0284990023938,35.775128756133974,27.95238018056164,4.400340837004478,122,1,,,,,1.0,True,0.029876992048230022,0.0,0.0,0.0,4.350380349998886
8,mt-bench,Qwen/Qwen3-4B,mgoin/Qwen3-4B-speculator.dflash2,0.0,8,dflash2,,34,153,37.10611600399716,25.636691673224323,39.00659307941937,3.9224138260033214,73,2.0821917808219177,1.095890410958904,2.0821917808219177,0,0.9863013698630136,1.3954658897543522,False,0.047825282970734406,0.9123883649954223,0.0,0.0,2.9515057940152474
8,mt-bench,Qwen/Qwen3-4B,mgoin/Qwen3-4B-speculator.dflash2,0.0,8,dflash2_unary_k16_tb8,8,34,153,36.95195500040427,23.499650758191994,42.55382389678278,3.5954465660033748,64,2.375,1.390625,2.375,0,0.984375,1.5223685289732547,False,0.12702439296117518,0.8815129389768117,0.047608360975573305,0.014873056010401342,2.5142486370023107
8,mt-bench,Qwen/Qwen3-4B,mgoin/Qwen3-4B-speculator.dflash2,0.0,8,dflash2_unary_k16_tb16,16,34,134,37.11496799951419,21.349388507451973,46.83974904718941,2.8608180599985644,51,2.607843137254902,1.607843137254902,2.607843137254902,0,1,1.6756980530682044,False,0.10184793200460263,0.7000779569643782,0.05121835000318242,0.011890352005138993,1.9875335339893354
8,mt-bench,Qwen/Qwen3-4B,mgoin/Qwen3-4B-speculator.dflash2,0.0,8,dflash2_unary_k16_tb32,32,34,140,37.87811499933014,19.377519264266343,51.60619305093805,2.712852696997288,48,2.8958333333333335,1.8958333333333333,2.8958333333333335,0,1,1.846218201011215,False,0.09536224797921022,0.6588008569815429,0.07367791698197834,0.011152094994031359,1.8660034579806961
8,mt-bench,Qwen/Qwen3-4B,mgoin/Qwen3-4B-speculator.dflash2,0.0,8,dflash2_unary_k16_tb64,64,34,140,37.02921700460138,19.361157892853953,51.64980346392877,2.7105621049995534,46,3.0217391304347827,2.0217391304347827,3.0217391304347827,0,1,1.847778369151066,False,0.09416779599268921,0.6393207480286947,0.12583699298556894,0.011576865028473549,1.8314393030377687
8,mt-bench,Qwen/Qwen3-4B,mgoin/Qwen3-4B-speculator.dflash2,0.0,8,dflash2_pairwise_k16_tb8,8,34,161,37.02505600085715,23.81722798134614,41.98641423692164,3.8345737049967283,68,2.3529411764705883,1.3676470588235294,2.3529411764705883,0,0.9852941176470589,1.5020693753342482,False,0.135808132996317,0.937424333038507,0.0624091899881023,0.01578036604769295,2.67238793301658
8,mt-bench,Qwen/Qwen3-4B,mgoin/Qwen3-4B-speculator.dflash2,0.0,8,dflash2_pairwise_k16_tb16,16,34,148,36.929914000211284,23.218807486439285,43.068534014248584,3.436383507993014,61,2.4098360655737703,1.4262295081967213,2.4098360655737703,0,0.9836065573770492,1.5407823496976785,False,0.12099736397794914,0.840293961999123,0.07274829297239194,0.014189110006554984,2.3784383040037937
8,mt-bench,Qwen/Qwen3-4B,mgoin/Qwen3-4B-speculator.dflash2,0.0,8,dflash2_pairwise_k16_tb32,32,34,176,37.01052500400692,18.382068392053373,54.400842096328134,3.2352440370013937,57,3.0701754385964914,2.087719298245614,3.0701754385964914,0,0.9824561403508771,1.9461971304382522,False,0.11338761200022418,0.7838891229912406,0.09922599099081708,0.013302098974236287,2.216034041986859
8,mt-bench,Qwen/Qwen3-4B,mgoin/Qwen3-4B-speculator.dflash2,0.0,8,dflash2_pairwise_k16_tb64,64,34,140,37.294804002158344,18.19937352146163,54.9469463232209,2.5479122930046283,43,3.2325581395348837,2.2325581395348837,3.2325581395348837,0,1,1.9657340794696097,False,0.08797635698283557,0.5967575649920036,0.1319175460084807,0.010999797013937496,1.7125180560251465
9,mt-bench,Qwen/Qwen3-4B,mgoin/Qwen3-4B-speculator.dflash2,0.0,8,baseline,,189,183,37.61823000240838,35.99981393441946,27.777921347640607,6.587965949998761,182,1,,,,,1.0,True,0.0460257350205211,0.0,0.0,0.0,6.511505655005749
9,mt-bench,Qwen/Qwen3-4B,mgoin/Qwen3-4B-speculator.dflash2,0.0,8,dflash2,,219,195,36.87592099595349,17.438360041034265,57.34484192589765,3.400480208001682,64,3.03125,2.046875,3.03125,0.140625,0.984375,2.0644036394310112,,0.03935638300026767,0.7899642369739013,0.0,0.0,2.561881667963462
9,mt-bench,Qwen/Qwen3-4B,mgoin/Qwen3-4B-speculator.dflash2,0.0,8,dflash2_unary_k16_tb8,8,219,186,36.555464001139626,15.239323284937024,65.61971166977133,2.8345141309982864,51,3.627450980392157,2.6470588235294117,3.627450980392157,0.13725490196078433,0.9803921568627451,2.362297410542021,,0.10046399096609093,0.6935125500094728,0.037539436991210096,0.011701990981237032,1.9831974310145597
9,mt-bench,Qwen/Qwen3-4B,mgoin/Qwen3-4B-speculator.dflash2,0.0,8,dflash2_unary_k16_tb16,16,200,235,37.01224699761951,16.12761465531026,62.00544974397283,3.789989443997911,68,3.4411764705882355,2.4558823529411766,3.4411764705882355,0.10294117647058823,0.9852941176470589,2.2321846537030186,,0.13421431602182565,0.9311162579833763,0.06744695700035663,0.015881915016507264,2.630409722973127
9,mt-bench,Qwen/Qwen3-4B,mgoin/Qwen3-4B-speculator.dflash2,0.0,8,dflash2_unary_k16_tb32,32,206,201,36.71482900244882,13.112099502488752,76.26543711098243,2.6355320000002393,47,4.25531914893617,3.276595744680851,4.25531914893617,0.2978723404255319,0.9787234042553191,2.7455415456225363,,0.09295769199525239,0.639518775002216,0.06874644003983121,0.010885108975344338,1.8157473340106662
9,mt-bench,Qwen/Qwen3-4B,mgoin/Qwen3-4B-speculator.dflash2,0.0,8,dflash2_unary_k16_tb64,64,206,181,36.6103549968102,11.455505707155519,87.29426928532402,2.073446532995149,36,5,4.027777777777778,5,0.4166666666666667,0.9722222222222222,3.142577451812772,,0.07178518197906669,0.4874835530135897,0.08874288200604497,0.008378704995266162,1.4109006939979736
9,mt-bench,Qwen/Qwen3-4B,mgoin/Qwen3-4B-speculator.dflash2,0.0,8,dflash2_pairwise_k16_tb8,8,227,220,37.11462799401488,15.17047777729617,65.91750205102834,3.3375051110051572,59,3.711864406779661,2.7288135593220337,3.711864406779661,0.15254237288135594,0.9830508474576272,2.373017808858733,,0.11872103301720927,0.8149483329762006,0.05750591699325014,0.01425633899634704,2.3226662400047644
9,mt-bench,Qwen/Qwen3-4B,mgoin/Qwen3-4B-speculator.dflash2,0.0,8,dflash2_pairwise_k16_tb16,16,214,213,36.75515000213636,15.253441427235039,65.55897597079297,3.2489830240010633,58,3.6551724137931036,2.6724137931034484,3.6551724137931036,0.15517241379310345,0.9827586206896551,2.3601109366796234,,0.11460448401339818,0.7937371710140724,0.0681683709990466,0.013397323033132125,2.249707737035351
9,mt-bench,Qwen/Qwen3-4B,mgoin/Qwen3-4B-speculator.dflash2,0.0,8,dflash2_pairwise_k16_tb32,32,242,215,36.909164002281614,13.116409004663204,76.24037948530543,2.820027936002589,50,4.28,3.3,4.28,0.28,0.98,2.744639475760526,,0.09890202002134174,0.6819783150058356,0.08445688400388462,0.01166061199910473,1.9347684739841498
9,mt-bench,Qwen/Qwen3-4B,mgoin/Qwen3-4B-speculator.dflash2,0.0,8,dflash2_pairwise_k16_tb64,64,206,201,36.89156299515162,12.700599388031762,78.7364414424674,2.552820476994384,44,4.545454545454546,3.5681818181818183,4.545454545454546,0.2727272727272727,0.9772727272727273,2.8344972417871395,,0.08776622100413078,0.5989829089885461,0.11906779200216988,0.010329566997825168,1.7291266829925007
10,mt-bench,Qwen/Qwen3-4B,mgoin/Qwen3-4B-speculator.dflash2,0.0,8,baseline,,42,192,37.457136997545604,35.7372100208598,27.982038872544898,6.861544324005081,191,1,,,,,1.0,True,0.04687239295162726,0.0,0.0,0.0,6.783536618997459
10,mt-bench,Qwen/Qwen3-4B,mgoin/Qwen3-4B-speculator.dflash2,0.0,8,dflash2,,42,210,36.9447749981191,25.94642417621106,38.5409562877974,5.448749077004322,102,2.049019607843137,1.0588235294117647,2.049019607843137,0,0.9901960784313726,1.3773462492617925,False,0.06634468901756918,1.271848702977877,0.0,0.0,4.0955239230024745
10,mt-bench,Qwen/Qwen3-4B,mgoin/Qwen3-4B-speculator.dflash2,0.0,8,dflash2_unary_k16_tb8,8,42,216,36.97899399412563,24.845084523163948,40.249410263332564,5.366538257003413,96,2.2395833333333335,1.25,2.2395833333333335,0,0.9895833333333334,1.4384016277964657,False,0.18892433401197195,1.320427329017548,0.07111986607924337,0.022405075971619226,3.7484769029761082
10,mt-bench,Qwen/Qwen3-4B,mgoin/Qwen3-4B-speculator.dflash2,0.0,8,dflash2_unary_k16_tb16,16,42,216,37.089648001710884,22.263934101829363,44.9156916934026,4.8090097659951425,86,2.5,1.5,2.5,0,1,1.6051615072793166,False,0.16938147597102216,1.1829542850100552,0.08576300198183162,0.019918079015042167,3.337168806036061
10,mt-bench,Qwen/Qwen3-4B,mgoin/Qwen3-4B-speculator.dflash2,0.0,8,dflash2_unary_k16_tb32,32,42,180,36.94191300019156,20.63946634997491,48.450865106849804,3.7151039429954835,66,2.712121212121212,1.7272727272727273,2.712121212121212,0,0.9848484848484849,1.7314987420158392,False,0.13050553803623188,0.9060826399872894,0.10104602501087356,0.015443833974131849,2.551148775004549
10,mt-bench,Qwen/Qwen3-4B,mgoin/Qwen3-4B-speculator.dflash2,0.0,8,dflash2_unary_k16_tb64,64,42,218,36.88964199682232,20.963806706443837,47.701260272191924,4.570109862004756,79,2.7468354430379747,1.7468354430379747,2.7468354430379747,0,1,1.7047099566070187,False,0.15690980603540083,1.0870188580083777,0.2033795860261307,0.018811221998475958,3.090403441026865
10,mt-bench,Qwen/Qwen3-4B,mgoin/Qwen3-4B-speculator.dflash2,0.0,8,dflash2_pairwise_k16_tb8,8,42,190,36.86649199516978,22.95280061577949,43.56766813512615,4.3610321169981034,78,2.423076923076923,1.435897435897436,2.423076923076923,0,0.9871794871794872,1.5569869062641244,False,0.1531243930076016,1.068553813987819,0.07098356099595549,0.018147305003367364,3.037888137048867
10,mt-bench,Qwen/Qwen3-4B,mgoin/Qwen3-4B-speculator.dflash2,0.0,8,dflash2_pairwise_k16_tb16,16,42,190,36.78277000290109,22.683939768428804,44.08405286773801,4.309948556001473,77,2.4545454545454546,1.4675324675324675,2.4545454545454546,0,0.987012987012987,1.5754410559050398,False,0.15147263400285738,1.0564847550194827,0.09130070501851151,0.01780409900675295,2.9805143289922853
10,mt-bench,Qwen/Qwen3-4B,mgoin/Qwen3-4B-speculator.dflash2,0.0,8,dflash2_pairwise_k16_tb32,32,42,218,36.8092409989913,19.457591334843812,51.39382273946947,4.241754910995951,75,2.8933333333333335,1.8933333333333333,2.8933333333333335,0,1,1.8366718370152604,False,0.14849663603672525,1.0323734039848205,0.13219364899850916,0.017486281991295982,2.898794950961019
10,mt-bench,Qwen/Qwen3-4B,mgoin/Qwen3-4B-speculator.dflash2,0.0,8,dflash2_pairwise_k16_tb64,64,42,218,37.001794000389054,18.523754188075337,53.98473710279258,4.0381784130004235,69,3.1449275362318843,2.1594202898550723,3.1449275362318843,0,0.9855072463768116,1.9292638877634007,False,0.13872006201563636,0.9542214780085487,0.2005770620162366,0.01647236001008423,2.7162121220171684
11,mt-bench,Qwen/Qwen3-4B,mgoin/Qwen3-4B-speculator.dflash2,0.0,8,baseline,,265,213,37.54867899988312,36.116897600947254,27.687870953062497,7.692899189001765,212,1,,,,,1.0,True,0.053664776984078344,0.0,0.0,0.0,7.603566950041568
11,mt-bench,Qwen/Qwen3-4B,mgoin/Qwen3-4B-speculator.dflash2,0.0,8,dflash2,,283,217,36.85671200219076,26.05081078801481,38.38652117730131,5.653025940999214,105,2.057142857142857,1.0571428571428572,2.057142857142857,0,1,1.3864020546171847,,0.07139404099143576,1.317707740017795,0.0,0.0,4.2483711369714
11,mt-bench,Qwen/Qwen3-4B,mgoin/Qwen3-4B-speculator.dflash2,0.0,8,dflash2_unary_k16_tb8,8,289,279,37.18636000121478,19.32442209678769,51.74798992649983,5.391513765003766,96,2.8958333333333335,1.8958333333333333,2.8958333333333335,0.03125,1,1.8689768532302442,,0.19056558301235782,1.326148561995069,0.07210930496512447,0.022619868999754544,3.7647115670188214
11,mt-bench,Qwen/Qwen3-4B,mgoin/Qwen3-4B-speculator.dflash2,0.0,8,dflash2_unary_k16_tb16,16,289,204,36.75265899801161,19.159222024480936,52.1941861064211,3.908481292994111,69,2.9420289855072466,1.9420289855072463,2.9420289855072466,0,1,1.8850920749703948,,0.13920966503792442,0.959456706958008,0.07311850201222114,0.01676200296060415,2.7085910959795
11,mt-bench,Qwen/Qwen3-4B,mgoin/Qwen3-4B-speculator.dflash2,0.0,8,dflash2_unary_k16_tb32,32,253,204,36.91764299583156,20.85732369610638,47.94478978080389,4.2548940340057015,75,2.7066666666666666,1.72,2.7066666666666666,0,0.9866666666666667,1.7316170630122363,,0.15037654699699488,1.0369838860351592,0.11712258902844042,0.01780241000960814,2.920236243007821
11,mt-bench,Qwen/Qwen3-4B,mgoin/Qwen3-4B-speculator.dflash2,0.0,8,dflash2_unary_k16_tb64,64,291,238,37.648389996320475,14.574379054633821,68.61355782303858,3.4687022150028497,60,3.95,2.95,3.95,0.05,1,2.4781088419313573,,0.11952524401567644,0.8231627569984994,0.1510622590285493,0.014070820980123244,2.3506334029952995
11,mt-bench,Qwen/Qwen3-4B,mgoin/Qwen3-4B-speculator.dflash2,0.0,8,dflash2_pairwise_k16_tb8,8,263,220,36.79314199689543,18.319075722750064,54.5879068974054,4.030196659005014,72,3.0416666666666665,2.0555555555555554,3.0416666666666665,0.027777777777777776,0.9861111111111112,1.9715458436636328,,0.1447728490093141,1.0012746380016324,0.07103534900670638,0.017633916009799577,2.7839722170392633
11,mt-bench,Qwen/Qwen3-4B,mgoin/Qwen3-4B-speculator.dflash2,0.0,8,dflash2_pairwise_k16_tb16,16,263,199,36.65382700273767,23.36653300504558,42.79625050854006,4.649940068004071,84,2.357142857142857,1.369047619047619,2.357142857142857,0,0.9880952380952381,1.5456677973214281,,0.16633127899694955,1.157363264966989,0.10140737698384328,0.019712243018148,3.1916341059768456
11,mt-bench,Qwen/Qwen3-4B,mgoin/Qwen3-4B-speculator.dflash2,0.0,8,dflash2_pairwise_k16_tb32,32,291,238,36.74289999617031,14.810448840342191,67.51989833529551,3.5248868240014417,62,3.8225806451612905,2.838709677419355,3.8225806451612905,0.03225806451612903,0.9838709677419355,2.4386092542022366,,0.12418725698807975,0.8543986310178298,0.11021295202226611,0.014887447985529434,2.41086487499706
11,mt-bench,Qwen/Qwen3-4B,mgoin/Qwen3-4B-speculator.dflash2,0.0,8,dflash2_pairwise_k16_tb64,64,291,238,37.08715799439233,14.926846449584025,66.99338694060644,3.552589455000998,60,3.95,2.966666666666667,3.95,0.06666666666666667,0.9833333333333333,2.4195932960745195,,0.12275408696586965,0.835678626979643,0.18114738399162889,0.015158833979512565,2.387017762994219
12,mt-bench,Qwen/Qwen3-4B,mgoin/Qwen3-4B-speculator.dflash2,0.0,8,baseline,,44,769,38.49002100469079,36.07661450195147,27.718787192348874,27.74291655200068,768,1,,,,,1.0,True,0.19427668609569082,0.0,0.0,0.0,27.421430993017566
12,mt-bench,Qwen/Qwen3-4B,mgoin/Qwen3-4B-speculator.dflash2,0.0,8,dflash2,,44,647,37.29595300683286,21.962298993823293,45.532573811204436,14.20960744900367,266,2.4285714285714284,1.4323308270676691,2.4285714285714284,0.018796992481203006,0.9962406015037594,1.6426611126684736,False,0.17161963498074329,3.3265602389510605,0.0,0.0,10.67251855997165
12,mt-bench,Qwen/Qwen3-4B,mgoin/Qwen3-4B-speculator.dflash2,0.0,8,dflash2_unary_k16_tb8,8,44,600,37.00954600208206,20.688785040001676,48.335366144822146,12.413271024001006,220,2.7227272727272727,1.7227272727272727,2.7227272727272727,0.00909090909090909,1,1.7437763712174248,False,0.44043717800377635,3.0662228610162856,0.16908159599552164,0.05301802507165121,8.649154668957635
12,mt-bench,Qwen/Qwen3-4B,mgoin/Qwen3-4B-speculator.dflash2,0.0,8,dflash2_unary_k16_tb16,16,44,751,37.609890998282935,19.77667974700473,50.564605019275525,14.852286490000553,263,2.8517110266159698,1.855513307984791,2.8517110266159698,0.0076045627376425855,0.9961977186311787,1.8241997627238433,False,0.5276809109564056,3.6773867369338404,0.27381536505708937,0.06382862496684538,10.26660391389305
12,mt-bench,Qwen/Qwen3-4B,mgoin/Qwen3-4B-speculator.dflash2,0.0,8,dflash2_unary_k16_tb32,32,44,679,38.09489099512575,18.003349432986454,55.545219722712275,12.224274264997803,212,3.19811320754717,2.202830188679245,3.19811320754717,0.014150943396226415,0.9952830188679245,2.0038834793624822,False,0.4346334309375379,3.006393444011337,0.35076330906304065,0.054209688016271684,8.341320349973103
12,mt-bench,Qwen/Qwen3-4B,mgoin/Qwen3-4B-speculator.dflash2,0.0,8,dflash2_unary_k16_tb64,64,44,581,37.49011600302765,18.522271912215558,53.989057321877105,10.761439980997238,182,3.1868131868131866,2.1923076923076925,3.1868131868131866,0.016483516483516484,0.9945054945054945,1.9477424083251207,False,0.3722199760086369,2.569333844992798,0.4970188959923689,0.04613943992444547,7.24387934004335
12,mt-bench,Qwen/Qwen3-4B,mgoin/Qwen3-4B-speculator.dflash2,0.0,8,dflash2_pairwise_k16_tb8,8,44,682,37.38055499707116,20.264261269792907,49.34796224181428,13.820226185998765,243,2.802469135802469,1.8065843621399178,2.802469135802469,0.00823045267489712,0.9958847736625515,1.7803074102547904,False,0.4886617070296779,3.410061751957983,0.23987014695012476,0.0598202540204511,9.582216754897672
12,mt-bench,Qwen/Qwen3-4B,mgoin/Qwen3-4B-speculator.dflash2,0.0,8,dflash2_pairwise_k16_tb16,16,44,736,37.100527006259654,18.714238179348325,53.43525023121312,13.773679300000367,242,3.0371900826446283,2.041322314049587,3.0371900826446283,0.008264462809917356,0.9958677685950413,1.9277629234067888,False,0.4896187300764723,3.3964326350105694,0.31340739000734175,0.0598625260827248,9.474300057023356
12,mt-bench,Qwen/Qwen3-4B,mgoin/Qwen3-4B-speculator.dflash2,0.0,8,dflash2_pairwise_k16_tb32,32,44,607,37.79796400340274,17.02236910049274,58.7462293935956,10.332578043999092,178,3.404494382022472,2.4101123595505616,3.404494382022472,0.016853932584269662,0.9943820224719101,2.1193650712759586,False,0.3672788369876798,2.5242596791067626,0.3496043699706206,0.04652806100057205,7.013896654978453
12,mt-bench,Qwen/Qwen3-4B,mgoin/Qwen3-4B-speculator.dflash2,0.0,8,dflash2_pairwise_k16_tb64,64,44,768,38.768437996623106,17.08792360287248,58.520860886333786,13.123525327006064,222,3.454954954954955,2.4594594594594597,3.454954954954955,0.013513513513513514,0.9954954954954955,2.1112345385185938,False,0.4517988400621107,3.1239558379966184,0.669630266042077,0.055544567985634785,8.7825633049506
13,mt-bench,Qwen/Qwen3-4B,mgoin/Qwen3-4B-speculator.dflash2,0.0,8,baseline,,836,811,53.759863003506325,36.08750822565159,27.71041973158966,29.266969171003442,810,1,,,,,1.0,True,0.20208016714605037,0.0,0.0,0.0,28.93137809386826
13,mt-bench,Qwen/Qwen3-4B,mgoin/Qwen3-4B-speculator.dflash2,0.0,8,dflash2,,714,484,48.653245001332834,15.602873522728876,64.09075857362357,7.551790785000776,142,3.4014084507042255,2.408450704225352,3.4014084507042255,0.06338028169014084,0.9929577464788732,2.312875777213891,,0.09065843308053445,1.7676313030387973,0.0,0.0,5.6730081609784975
13,mt-bench,Qwen/Qwen3-4B,mgoin/Qwen3-4B-speculator.dflash2,0.0,8,dflash2_unary_k16_tb8,8,667,624,47.76832499919692,13.015811261224233,76.82963281582978,8.12186622700392,145,4.296551724137931,3.296551724137931,4.296551724137931,0.06896551724137931,1,2.7725900062150486,,0.29016024001612095,2.0086275349603966,0.10993904201313853,0.034486497948819306,5.655484384988085
13,mt-bench,Qwen/Qwen3-4B,mgoin/Qwen3-4B-speculator.dflash2,0.0,8,dflash2_unary_k16_tb16,16,818,840,52.72697899636114,10.084732457142396,99.15979469457928,8.471175263999612,149,5.630872483221476,4.6375838926174495,5.630872483221476,0.28859060402684567,0.9932885906040269,3.5784299066945526,,0.30462841798726004,2.099135523996665,0.1563827840218437,0.03724944392888574,5.8488201779691735
13,mt-bench,Qwen/Qwen3-4B,mgoin/Qwen3-4B-speculator.dflash2,0.0,8,dflash2_unary_k16_tb32,32,746,256,49.24085800303146,16.51978123439335,60.53348926425554,4.229063996004697,73,3.493150684931507,2.493150684931507,3.493150684931507,0.0136986301369863,1,2.184502791751214,,0.15200072402512887,1.0330820809758734,0.12267298301594565,0.019072174014581833,2.8894288220253657
13,mt-bench,Qwen/Qwen3-4B,mgoin/Qwen3-4B-speculator.dflash2,0.0,8,dflash2_unary_k16_tb64,64,648,338,47.46463699848391,13.540334387562863,73.85341981794224,4.576633022996248,78,4.32051282051282,3.3205128205128207,4.32051282051282,0.07692307692307693,1,2.665185895172491,,0.1593452969827922,1.0898225879718666,0.2081573449759162,0.019665852007165086,3.085680560026958
13,mt-bench,Qwen/Qwen3-4B,mgoin/Qwen3-4B-speculator.dflash2,0.0,8,dflash2_pairwise_k16_tb8,8,749,374,49.32236899912823,15.47936684760389,64.60212551618633,5.789283201003855,102,3.656862745098039,2.6666666666666665,3.656862745098039,0.0196078431372549,0.9901960784313726,2.331329735959951,,0.2061988160276087,1.4254817119799554,0.10215656396030681,0.025184851954691112,4.013848746973963
13,mt-bench,Qwen/Qwen3-4B,mgoin/Qwen3-4B-speculator.dflash2,0.0,8,dflash2_pairwise_k16_tb16,16,803,793,52.455952994932886,9.523893355612199,104.99907576251097,7.5524474310004726,133,5.954887218045113,4.962406015037594,5.954887218045113,0.39097744360902253,0.9924812030075187,3.7891550102654294,,0.27095151800313033,1.8617206880298909,0.1650866910131299,0.03299652205896564,5.199763299991901
13,mt-bench,Qwen/Qwen3-4B,mgoin/Qwen3-4B-speculator.dflash2,0.0,8,dflash2_pairwise_k16_tb32,32,674,206,47.9803889975301,14.43680225728386,69.26741685441219,2.973981265000475,52,3.9423076923076925,2.9423076923076925,3.9423076923076925,0,1,2.4996884755032376,,0.10590602202137234,0.7205861669863225,0.09641715302859666,0.012958221959706862,2.029215144990303
13,mt-bench,Qwen/Qwen3-4B,mgoin/Qwen3-4B-speculator.dflash2,0.0,8,dflash2_pairwise_k16_tb64,64,835,416,53.817005005839746,11.198040247598747,89.30134004603484,4.658384743001079,79,5.253164556962025,4.265822784810126,5.253164556962025,0.13924050632911392,0.9873417721518988,3.222662843472992,,0.16189868500077864,1.1061682600120548,0.22792474798188778,0.019845873015583493,3.128317867012811
14,mt-bench,Qwen/Qwen3-4B,mgoin/Qwen3-4B-speculator.dflash2,0.0,8,baseline,,42,112,38.43096900527598,36.06381441074648,27.728625391938987,4.039147214003606,111,1,,,,,1.0,True,0.029527402002713643,0.0,0.0,0.0,3.9904524120356655
14,mt-bench,Qwen/Qwen3-4B,mgoin/Qwen3-4B-speculator.dflash2,0.0,8,dflash2,,42,150,37.2542409968446,30.34552566668329,32.9537873551458,4.551828850002494,84,1.7738095238095237,0.7738095238095238,1.7738095238095237,0,1,1.188439271307182,False,0.05871793398546288,1.0613261529651936,0.0,0.0,3.4190363769885153
14,mt-bench,Qwen/Qwen3-4B,mgoin/Qwen3-4B-speculator.dflash2,0.0,8,dflash2_unary_k16_tb8,8,42,126,38.140341006510425,23.922963166634354,41.80084185368442,3.0142933589959284,53,2.358490566037736,1.3773584905660377,2.358490566037736,0,0.9811320754716981,1.5074978028242385,False,0.10781040100118844,0.7367791030337685,0.043474092992255464,0.013464951967762318,2.1041110060250503
14,mt-bench,Qwen/Qwen3-4B,mgoin/Qwen3-4B-speculator.dflash2,0.0,8,dflash2_unary_k16_tb16,16,42,128,37.05143700062763,23.37383975782359,42.78287223498588,2.9918514890014194,52,2.4423076923076925,1.4615384615384615,2.4423076923076925,0,0.9807692307692307,1.5429135642412093,False,0.10797424599149963,0.7330894409533357,0.058911376050673425,0.013707012971281074,2.069287753030949
14,mt-bench,Qwen/Qwen3-4B,mgoin/Qwen3-4B-speculator.dflash2,0.0,8,dflash2_unary_k16_tb32,32,42,127,37.77753300528275,23.79304755904884,42.02908423219982,3.021717039999203,52,2.423076923076923,1.4423076923076923,2.423076923076923,0,0.9807692307692307,1.5157290936036854,False,0.10799012103234418,0.7348103490294307,0.09020689201133791,0.013636457966640592,2.065978399004962
14,mt-bench,Qwen/Qwen3-4B,mgoin/Qwen3-4B-speculator.dflash2,0.0,8,dflash2_unary_k16_tb64,64,42,115,37.9718780022813,20.806877808670677,48.061031030002894,2.3927909479971277,40,2.85,1.85,2.85,0,1,1.733264103455152,False,0.0834326920012245,0.5622172889779904,0.11697468300553737,0.010652896002284251,1.6120327309981803
14,mt-bench,Qwen/Qwen3-4B,mgoin/Qwen3-4B-speculator.dflash2,0.0,8,dflash2_pairwise_k16_tb8,8,42,127,37.99440900183981,24.09636684253172,41.50003220547474,3.0602385890015285,53,2.3773584905660377,1.3962264150943395,2.3773584905660377,0,0.9811320754716981,1.496649459498243,False,0.10897002600540873,0.746305325999856,0.05875497202941915,0.014049334014998749,2.123396082999534
14,mt-bench,Qwen/Qwen3-4B,mgoin/Qwen3-4B-speculator.dflash2,0.0,8,dflash2_pairwise_k16_tb16,16,42,108,37.92959800193785,20.319697046269773,49.21333215366894,2.1945272809971357,38,2.8157894736842106,1.8157894736842106,2.8157894736842106,0,1,1.7748204773243388,False,0.07818660698831081,0.5307440780088655,0.05365620598604437,0.009846980989095755,1.5157234059879556
14,mt-bench,Qwen/Qwen3-4B,mgoin/Qwen3-4B-speculator.dflash2,0.0,8,dflash2_pairwise_k16_tb32,32,42,122,37.77489400090417,19.111949852469746,52.3232850504144,2.331657882001309,40,3.025,2.05,3.025,0,0.975,1.8869772414187305,False,0.0828222980198916,0.5611791060000542,0.0807082799874479,0.010540547991695348,1.5894725490215933
14,mt-bench,Qwen/Qwen3-4B,mgoin/Qwen3-4B-speculator.dflash2,0.0,8,dflash2_pairwise_k16_tb64,64,42,114,37.93576799944276,20.519710087746876,48.73363199205915,2.339246950003144,39,2.8974358974358974,1.9230769230769231,2.8974358974358974,0,0.9743589743589743,1.7575206597232385,False,0.08096795697201742,0.5469183959939983,0.12513054698501946,0.010207767991232686,1.5687900140183046
15,mt-bench,Qwen/Qwen3-4B,mgoin/Qwen3-4B-speculator.dflash2,0.0,8,baseline,,182,10,37.68329099693801,33.14061430064612,30.17445575776499,0.3314061430064612,9,1,,,,,1.0,True,0.0023983159990166314,0.0,0.0,0.0,0.3271191860039835
15,mt-bench,Qwen/Qwen3-4B,mgoin/Qwen3-4B-speculator.dflash2,0.0,8,dflash2,,220,9,37.45962700486416,29.01336966654829,34.46686860206299,0.2611203269989346,5,1.6,0.6,1.6,0,1,1.1422531984920195,,0.0035767229928751476,0.05145877900213236,0.0,0.0,0.20541037899965886
15,mt-bench,Qwen/Qwen3-4B,mgoin/Qwen3-4B-speculator.dflash2,0.0,8,dflash2_unary_k16_tb8,8,196,13,37.66257900133496,25.473656692506317,39.25624075377344,0.3311575370025821,6,2,1.1666666666666667,2,0,0.8333333333333334,1.300975933714111,,0.012307433986279648,0.07142423899495043,0.005175869999220595,0.0015100949894986115,0.23976632499397965
15,mt-bench,Qwen/Qwen3-4B,mgoin/Qwen3-4B-speculator.dflash2,0.0,8,dflash2_unary_k16_tb16,16,198,10,37.995538994437084,27.486956599750556,36.38089201949244,0.27486956599750556,5,1.8,0.8,1.8,0,1,1.2056851103314534,,0.010306238000339363,0.05734616600966547,0.005693690989573952,0.0012809499967261218,0.1994221610002569
15,mt-bench,Qwen/Qwen3-4B,mgoin/Qwen3-4B-speculator.dflash2,0.0,8,dflash2_unary_k16_tb32,32,197,30,37.92015599901788,18.928182999904188,52.83127281710357,0.5678454899971257,10,2.9,1.9,2.9,0,1,1.7508608354438389,,0.020895062982162926,0.12939284100866644,0.016901043003599625,0.002566199989814777,0.39637005501572276
15,mt-bench,Qwen/Qwen3-4B,mgoin/Qwen3-4B-speculator.dflash2,0.0,8,dflash2_unary_k16_tb64,64,185,12,38.012468998203985,23.799745333235478,42.01725631927399,0.28559694399882574,5,2.2,1.4,2.2,0,0.8,1.392477685648445,,0.010467982989212032,0.05817776299954858,0.013933070993516594,0.0013410129977273755,0.20079116301349131
15,mt-bench,Qwen/Qwen3-4B,mgoin/Qwen3-4B-speculator.dflash2,0.0,8,dflash2_pairwise_k16_tb8,8,197,30,37.854516005609185,24.635465633521864,40.59188549045666,0.739063969005656,13,2.230769230769231,1.3076923076923077,2.230769230769231,0,0.9230769230769231,1.3452400207752178,,0.0266532149980776,0.17161982901598094,0.014511611982015893,0.003482587999315001,0.5207238389921258
15,mt-bench,Qwen/Qwen3-4B,mgoin/Qwen3-4B-speculator.dflash2,0.0,8,dflash2_pairwise_k16_tb16,16,177,9,37.94681699946523,30.687146222691,32.58693371951836,0.276184316004219,5,1.6,0.6,1.6,0,1,1.0799510016392775,,0.010265563993016258,0.05743134899967117,0.007119665999198332,0.001284971003769897,0.19929343900003005
15,mt-bench,Qwen/Qwen3-4B,mgoin/Qwen3-4B-speculator.dflash2,0.0,8,dflash2_pairwise_k16_tb32,32,192,11,37.94143699633423,20.01082181827356,49.97296008536822,0.22011904000100913,4,2.5,1.5,2.5,0,1,1.6561345956507716,,0.008282123002572916,0.042987454995454755,0.007948284997837618,0.0010267440011375584,0.1592007220024243
15,mt-bench,Qwen/Qwen3-4B,mgoin/Qwen3-4B-speculator.dflash2,0.0,8,dflash2_pairwise_k16_tb64,64,184,9,37.848955995286815,25.248929333530313,39.605639779426625,0.22724036400177283,4,2,1,2,0,1,1.3125552320603047,,0.00830789899919182,0.04333704100281466,0.01284648400178412,0.0010256429959554225,0.16104418299801182
16,mt-bench,Qwen/Qwen3-4B,mgoin/Qwen3-4B-speculator.dflash2,0.0,8,baseline,,53,258,39.015141999698244,36.72195297286641,27.2316671376082,9.474263866999536,257,1,,,,,1.0,True,0.07025636699108873,0.0,0.0,0.0,9.357380115987326
16,mt-bench,Qwen/Qwen3-4B,mgoin/Qwen3-4B-speculator.dflash2,0.0,8,dflash2,,53,264,37.92577699641697,19.533544579534272,51.193985604011786,5.156855768997048,94,2.797872340425532,1.8085106382978724,2.797872340425532,0.0425531914893617,0.9893617021276596,1.879943131844121,False,0.06735861695051426,1.204513615972246,0.0,0.0,3.8704977319721365
16,mt-bench,Qwen/Qwen3-4B,mgoin/Qwen3-4B-speculator.dflash2,0.0,8,dflash2_unary_k16_tb8,8,53,273,38.201514005777426,17.940982384617858,55.73830788983856,4.897888191000675,85,3.2,2.211764705882353,3.2,0.03529411764705882,0.9882352941176471,2.0468195211178006,False,0.17593246096657822,1.2065108680180856,0.0709693979806616,0.02200889099185588,3.408271109990892
16,mt-bench,Qwen/Qwen3-4B,mgoin/Qwen3-4B-speculator.dflash2,0.0,8,dflash2_unary_k16_tb16,16,53,245,38.14323199912906,17.095676763250484,58.49432074836827,4.188440806996368,74,3.2972972972972974,2.310810810810811,3.2972972972972974,0.05405405405405406,0.9864864864864865,2.1480256957013437,False,0.1482797010394279,1.0293047059967648,0.07747132897929987,0.01810449399636127,2.9030862909712596
16,mt-bench,Qwen/Qwen3-4B,mgoin/Qwen3-4B-speculator.dflash2,0.0,8,dflash2_unary_k16_tb32,32,53,244,37.12236799765378,16.132638680335464,61.986140011858616,3.936363838001853,70,3.4714285714285715,2.4857142857142858,3.4714285714285715,0.08571428571428572,0.9857142857142858,2.2762521184849853,False,0.1383462119702017,0.9618515759793809,0.10551325902633835,0.01625627100293059,2.702776470046956
16,mt-bench,Qwen/Qwen3-4B,mgoin/Qwen3-4B-speculator.dflash2,0.0,8,dflash2_unary_k16_tb64,64,53,242,37.017807000665925,15.541737499998735,64.3428702871916,3.7611004749996937,65,3.707692307692308,2.723076923076923,3.707692307692308,0.09230769230769231,0.9846153846153847,2.3627958568254934,False,0.12924139999086037,0.8933614010093152,0.16543083697615657,0.015171652004937641,2.546750648012676
16,mt-bench,Qwen/Qwen3-4B,mgoin/Qwen3-4B-speculator.dflash2,0.0,8,dflash2_pairwise_k16_tb8,8,53,264,37.19121999893105,16.837349882569633,59.391769308970666,4.445060368998384,79,3.329113924050633,2.3417721518987342,3.329113924050633,0.05063291139240506,0.9873417721518988,2.1809817595393515,False,0.15636583601735765,1.0899855790412403,0.07393880999006797,0.018710086005739868,3.0934743100151536
16,mt-bench,Qwen/Qwen3-4B,mgoin/Qwen3-4B-speculator.dflash2,0.0,8,dflash2_pairwise_k16_tb16,16,53,264,37.467996997293085,16.192224136389225,61.75803840021414,4.274747172006755,75,3.506666666666667,2.52,3.506666666666667,0.04,0.9866666666666667,2.267875781829142,False,0.15165446702303598,1.0469540529957158,0.09777765699254815,0.018731876036326867,2.947284447043785
16,mt-bench,Qwen/Qwen3-4B,mgoin/Qwen3-4B-speculator.dflash2,0.0,8,dflash2_pairwise_k16_tb32,32,53,245,37.73309200187214,15.304433220399934,65.34054450752592,3.7495861389979837,66,3.696969696969697,2.712121212121212,3.696969696969697,0.07575757575757576,0.9848484848484849,2.3994324026268514,False,0.13132265600143,0.9106709199841134,0.1176501419977285,0.01572915903670946,2.563390108945896
16,mt-bench,Qwen/Qwen3-4B,mgoin/Qwen3-4B-speculator.dflash2,0.0,8,dflash2_pairwise_k16_tb64,64,53,254,36.98992499994347,14.640097685034963,68.30555516184808,3.7185848119988805,64,3.953125,2.96875,3.953125,0.0625,0.984375,2.508313384438918,False,0.1274303849422722,0.8788711439992767,0.1791591240107664,0.014918132015736774,2.5072828169577406
17,mt-bench,Qwen/Qwen3-4B,mgoin/Qwen3-4B-speculator.dflash2,0.0,8,baseline,,369,55,36.771119994227774,35.434662981821354,28.220954168888774,1.9489064640001743,54,1,,,,,1.0,True,0.01314963898039423,0.0,0.0,0.0,1.926723470001889
17,mt-bench,Qwen/Qwen3-4B,mgoin/Qwen3-4B-speculator.dflash2,0.0,8,dflash2,,375,70,36.723719000292476,19.9641384714466,50.08981486630312,1.397489693001262,26,2.6538461538461537,1.6923076923076923,2.6538461538461537,0,0.9615384615384616,1.7749157086092762,,0.01785107998875901,0.31929404299444286,0.0,0.0,1.0565517219802132
17,mt-bench,Qwen/Qwen3-4B,mgoin/Qwen3-4B-speculator.dflash2,0.0,8,dflash2_unary_k16_tb8,8,384,55,36.85770300216973,19.11872970906023,52.30473024188983,1.0515301339983125,19,2.8421052631578947,1.894736842105263,2.8421052631578947,0,0.9473684210526315,1.8534004884764452,,0.03753674200561363,0.25110225500247907,0.014314514010038693,0.00436463001096854,0.7411540190005326
17,mt-bench,Qwen/Qwen3-4B,mgoin/Qwen3-4B-speculator.dflash2,0.0,8,dflash2_unary_k16_tb16,16,356,58,36.879373001283966,18.116761500001807,55.19750315197892,1.0507721670001047,19,3,2.0526315789473686,3,0.10526315789473684,0.9473684210526315,1.9559049216283948,,0.03747699700033991,0.25012341600086074,0.018628910002007615,0.004393927978526335,0.737169180996716
17,mt-bench,Qwen/Qwen3-4B,mgoin/Qwen3-4B-speculator.dflash2,0.0,8,dflash2_unary_k16_tb32,32,355,56,36.84756100119557,16.882159839302144,59.23412700263457,0.94540095100092,17,3.235294117647059,2.2941176470588234,3.235294117647059,0.11764705882352941,0.9411764705882353,2.09894132736076,,0.033647644020675216,0.2227712860039901,0.02522082899668021,0.00393750401417492,0.6570588249960565
17,mt-bench,Qwen/Qwen3-4B,mgoin/Qwen3-4B-speculator.dflash2,0.0,8,dflash2_unary_k16_tb64,64,353,66,36.84056200290797,13.881247333329434,72.03963563122744,0.9161623239997425,16,4.0625,3.125,4.0625,0.0625,0.9375,2.552700209925754,,0.031947044997650664,0.20915638400038006,0.04063102100917604,0.003770753988646902,0.6279848589983885
17,mt-bench,Qwen/Qwen3-4B,mgoin/Qwen3-4B-speculator.dflash2,0.0,8,dflash2_pairwise_k16_tb8,8,375,55,36.717659000714775,19.89254323641283,50.27009307535518,1.0940898780027055,20,2.7,1.75,2.7,0,0.95,1.781303806190002,,0.040123826984199695,0.26422678800008725,0.018222058002720587,0.004607455986842979,0.7637912100035464
17,mt-bench,Qwen/Qwen3-4B,mgoin/Qwen3-4B-speculator.dflash2,0.0,8,dflash2_pairwise_k16_tb16,16,375,74,36.84555200015893,14.802141175636821,67.5577937093265,1.0953584469971247,20,3.65,2.7,3.65,0.05,0.95,2.3938876518853953,,0.0396670499976608,0.26468384100007825,0.023570406003273092,0.004633265016309451,0.7596243540028809
17,mt-bench,Qwen/Qwen3-4B,mgoin/Qwen3-4B-speculator.dflash2,0.0,8,dflash2_pairwise_k16_tb32,32,356,66,36.781971000891645,13.543923469776265,73.83384897526442,0.8938989490052336,16,4.0625,3.125,4.0625,0.0625,0.9375,2.6162775550891904,,0.03174119200411951,0.20901785400201334,0.027353860015864484,0.003683273993374314,0.6195469880040037
17,mt-bench,Qwen/Qwen3-4B,mgoin/Qwen3-4B-speculator.dflash2,0.0,8,dflash2_pairwise_k16_tb64,64,365,56,36.983824997150805,17.43773125001878,57.34690973626074,0.9765129500010515,17,3.235294117647059,2.2941176470588234,3.235294117647059,0.11764705882352941,0.9411764705882353,2.0320684195533287,,0.033872331005113665,0.22263614501571283,0.0474361470041913,0.004000476998044178,0.665694644987525
18,mt-bench,Qwen/Qwen3-4B,mgoin/Qwen3-4B-speculator.dflash2,0.0,8,baseline,,108,87,37.907277001067996,35.59764712646165,28.091744278701107,3.0969953000021637,86,1,,,,,1.0,True,0.020902276017295662,0.0,0.0,0.0,3.062027963962464
18,mt-bench,Qwen/Qwen3-4B,mgoin/Qwen3-4B-speculator.dflash2,0.0,8,dflash2,,108,87,37.00388500146801,12.121717977031782,82.49655716250773,1.054589464001765,20,4.3,3.35,4.3,0.15,0.95,2.9366833310189224,True,0.012204293991089799,0.23895817599986913,0.0,0.0,0.800574756001879
18,mt-bench,Qwen/Qwen3-4B,mgoin/Qwen3-4B-speculator.dflash2,0.0,8,dflash2_unary_k16_tb8,8,108,87,37.01285600254778,12.066115885046337,82.87671107479669,1.0497520819990314,19,4.526315789473684,3.5789473684210527,4.526315789473684,0.05263157894736842,0.9473684210526315,2.9502159158423287,True,0.03738953200081596,0.2504016809834866,0.014300725022621918,0.004454292014997918,0.7402586749813054
18,mt-bench,Qwen/Qwen3-4B,mgoin/Qwen3-4B-speculator.dflash2,0.0,8,dflash2_unary_k16_tb16,16,108,87,37.0883070063428,11.444688183871023,87.37677985926241,0.995687871996779,18,4.777777777777778,3.8333333333333335,4.777777777777778,0.1111111111111111,0.9444444444444444,3.1104077764765448,True,0.03558336498826975,0.23698178000631742,0.01795845499873394,0.004191606982203666,0.698158160004823
18,mt-bench,Qwen/Qwen3-4B,mgoin/Qwen3-4B-speculator.dflash2,0.0,8,dflash2_unary_k16_tb32,32,108,87,36.89848300564336,10.871028034441338,91.98762038252714,0.9457794389963964,17,5.0588235294117645,4.117647058823529,5.0588235294117645,0.11764705882352941,0.9411764705882353,3.2745428503801124,True,0.03370664000976831,0.22334976201091195,0.024979400004667696,0.003938581008696929,0.657064304985397
18,mt-bench,Qwen/Qwen3-4B,mgoin/Qwen3-4B-speculator.dflash2,0.0,8,dflash2_unary_k16_tb64,64,108,87,36.98151400021743,11.250498183921312,88.88495279517075,0.9787933420011541,17,5.0588235294117645,4.117647058823529,5.0588235294117645,0.11764705882352941,0.9411764705882353,3.1640951844546894,True,0.03438910801196471,0.22519558300700737,0.04254594301164616,0.0040390299836872146,0.669665931010968
18,mt-bench,Qwen/Qwen3-4B,mgoin/Qwen3-4B-speculator.dflash2,0.0,8,dflash2_pairwise_k16_tb8,8,108,87,38.32539699942572,13.266188011490659,75.3796040832407,1.1541583569996874,20,4.3,3.35,4.3,0.05,0.95,2.68333654668759,True,0.04196024600241799,0.27517421401717,0.022756196987756994,0.005306555009156,0.8056224969914183
18,mt-bench,Qwen/Qwen3-4B,mgoin/Qwen3-4B-speculator.dflash2,0.0,8,dflash2_pairwise_k16_tb16,16,108,87,38.366756998584606,11.28196718391023,88.63702435034108,0.98153114500019,17,5.0588235294117645,4.117647058823529,5.0588235294117645,0.11764705882352941,0.9411764705882353,3.1552695151630306,True,0.03562410100130364,0.23203486500278814,0.024330879001354333,0.0045384269978967495,0.682082872997853
18,mt-bench,Qwen/Qwen3-4B,mgoin/Qwen3-4B-speculator.dflash2,0.0,8,dflash2_pairwise_k16_tb32,32,108,87,38.25210500508547,11.353121011487167,88.08150630898703,0.9877215279993834,17,5.0588235294117645,4.117647058823529,5.0588235294117645,0.17647058823529413,0.9411764705882353,3.1354943799545256,True,0.03586318798625143,0.23217878099967493,0.03400388400768861,0.004619296989403665,0.6780055859999266
18,mt-bench,Qwen/Qwen3-4B,mgoin/Qwen3-4B-speculator.dflash2,0.0,8,dflash2_pairwise_k16_tb64,64,108,87,38.36515700095333,10.300805068965573,97.07979068673144,0.8961700410000049,15,5.733333333333333,4.8,5.733333333333333,0.3333333333333333,0.9333333333333333,3.455812131977024,True,0.031878748995950446,0.20377628202550113,0.046967881004093215,0.004035313999338541,0.6065968919938314
19,mt-bench,Qwen/Qwen3-4B,mgoin/Qwen3-4B-speculator.dflash2,0.0,8,baseline,,218,87,38.021340005798265,36.804596068964464,27.170519630923263,3.2019998579999083,86,1,,,,,1.0,True,0.025057357022888027,0.0,0.0,0.0,3.160692430981726
19,mt-bench,Qwen/Qwen3-4B,mgoin/Qwen3-4B-speculator.dflash2,0.0,8,dflash2,,218,87,37.66867099329829,6.825842425272661,146.50206343725472,0.5938482909987215,11,7.818181818181818,6.909090909090909,7.818181818181818,0.9090909090909091,0.9090909090909091,5.391949268077967,,0.005844731997058261,0.13047214498510584,0.0,0.0,0.4559094690193888
19,mt-bench,Qwen/Qwen3-4B,mgoin/Qwen3-4B-speculator.dflash2,0.0,8,dflash2_unary_k16_tb8,8,218,87,37.98935899976641,7.180319022990752,139.2695779669521,0.6246877550001955,11,7.818181818181818,6.909090909090909,7.818181818181818,0.9090909090909091,0.9090909090909091,5.125760561768825,,0.023128157008613925,0.14455285098665627,0.009569094981998205,0.002937723991635721,0.44269712598179467
19,mt-bench,Qwen/Qwen3-4B,mgoin/Qwen3-4B-speculator.dflash2,0.0,8,dflash2_unary_k16_tb16,16,218,87,38.20142400218174,7.198473678141747,138.91833806887593,0.626267209998332,11,7.818181818181818,6.909090909090909,7.818181818181818,0.9090909090909091,0.9090909090909091,5.112833319196827,,0.023139170982176438,0.14482362300623208,0.012131360999774188,0.0028987369951209985,0.44144009400042705
19,mt-bench,Qwen/Qwen3-4B,mgoin/Qwen3-4B-speculator.dflash2,0.0,8,dflash2_unary_k16_tb32,32,218,87,38.15980199578917,7.2586556667249225,137.76655704777303,0.6315030430050683,11,7.818181818181818,6.909090909090909,7.818181818181818,0.9090909090909091,0.9090909090909091,5.070442483955235,,0.023254067978996318,0.1451512330022524,0.017499724999652244,0.002968446999148,0.4407221009969362
19,mt-bench,Qwen/Qwen3-4B,mgoin/Qwen3-4B-speculator.dflash2,0.0,8,dflash2_unary_k16_tb64,64,218,87,37.86643499915954,7.442243344798797,134.36808683484875,0.6474751709974953,11,7.818181818181818,6.909090909090909,7.818181818181818,0.9090909090909091,0.9090909090909091,4.94536316051615,,0.02337165200879099,0.14569658899563365,0.028117248009948526,0.0029377799946814775,0.44532274199445965
19,mt-bench,Qwen/Qwen3-4B,mgoin/Qwen3-4B-speculator.dflash2,0.0,8,dflash2_pairwise_k16_tb8,8,218,87,37.7567729956354,7.209184620698015,138.71194214238017,0.6271990620007273,11,7.818181818181818,6.909090909090909,7.818181818181818,0.9090909090909091,0.9090909090909091,5.105237000491871,,0.023330030991928652,0.14482182899519103,0.012503958991146646,0.002909251990786288,0.4418038440053351
19,mt-bench,Qwen/Qwen3-4B,mgoin/Qwen3-4B-speculator.dflash2,0.0,8,dflash2_pairwise_k16_tb16,16,218,87,37.60887999669649,7.2242873793584295,138.42195741786887,0.6285130020041834,11,7.818181818181818,6.909090909090909,7.818181818181818,0.9090909090909091,0.9090909090909091,5.094564229840063,,0.023248814992257394,0.14497499197750585,0.015180127971689217,0.0029087079892633483,0.4403597099953913
19,mt-bench,Qwen/Qwen3-4B,mgoin/Qwen3-4B-speculator.dflash2,0.0,8,dflash2_pairwise_k16_tb32,32,218,87,37.799154000822455,7.2739859080328815,137.4762080437453,0.6328367739988607,11,7.818181818181818,6.909090909090909,7.818181818181818,0.9090909090909091,0.9090909090909091,5.059756306142969,,0.02338351498474367,0.14510748501197668,0.02049920598801691,0.002960710000479594,0.43894862799788825
19,mt-bench,Qwen/Qwen3-4B,mgoin/Qwen3-4B-speculator.dflash2,0.0,8,dflash2_pairwise_k16_tb64,64,218,87,37.83474399824627,7.491157356306412,133.49072145149273,0.6517306899986579,11,7.818181818181818,6.909090909090909,7.818181818181818,0.9090909090909091,0.9090909090909091,4.913072081976839,,0.023424041995895095,0.14523115000338294,0.031916707011987455,0.003028788989468012,0.4459824299920001
20,mt-bench,Qwen/Qwen3-4B,mgoin/Qwen3-4B-speculator.dflash2,0.0,8,baseline,,44,311,38.905369001440704,36.74602618650515,27.213827011510883,11.4280141440031,310,1,,,,,1.0,True,0.08734299100615317,0.0,0.0,0.0,11.284707173894276
20,mt-bench,Qwen/Qwen3-4B,mgoin/Qwen3-4B-speculator.dflash2,0.0,8,dflash2,,44,329,37.15600799478125,22.701216884495054,44.050502010004614,7.468700354998872,139,2.3597122302158273,1.3597122302158273,2.3597122302158273,0,1,1.6186809003883271,False,0.092663672992785,1.7459012189428904,0.0,0.0,5.609608531965932
20,mt-bench,Qwen/Qwen3-4B,mgoin/Qwen3-4B-speculator.dflash2,0.0,8,dflash2_unary_k16_tb8,8,44,388,37.43240499898093,20.636466389181262,48.45790849756397,8.00694895900233,142,2.7253521126760565,1.732394366197183,2.7253521126760565,0,0.9929577464788732,1.780635574594756,False,0.28434268302225973,1.9744603270519292,0.10772011894732714,0.033594521031773183,5.584099979030725
20,mt-bench,Qwen/Qwen3-4B,mgoin/Qwen3-4B-speculator.dflash2,0.0,8,dflash2_unary_k16_tb16,16,44,266,37.327772995922714,21.202281071431145,47.16473650316062,5.639806765000685,100,2.65,1.66,2.65,0.01,0.99,1.7331166426247553,False,0.2001758509868523,1.3884826870053075,0.10353999106155243,0.02402545102086151,3.9073761860563536
20,mt-bench,Qwen/Qwen3-4B,mgoin/Qwen3-4B-speculator.dflash2,0.0,8,dflash2_unary_k16_tb32,32,44,303,37.71188300015638,19.59029422441775,51.045685610662204,5.935859149998578,105,2.876190476190476,1.8761904761904762,2.876190476190476,0.009523809523809525,1,1.8757261001575023,False,0.20882047898339806,1.452366635967337,0.1625734709232347,0.02489321498433128,4.069857243979641
20,mt-bench,Qwen/Qwen3-4B,mgoin/Qwen3-4B-speculator.dflash2,0.0,8,dflash2_unary_k16_tb64,64,44,303,37.14431900152704,18.612805617167908,53.726451592962924,5.639680102001876,97,3.11340206185567,2.1237113402061856,3.11340206185567,0.010309278350515464,0.9896907216494846,1.9742335971430167,False,0.19365021996054566,1.3421449060333543,0.2534730429688352,0.023027201983495615,3.8105439260107232
20,mt-bench,Qwen/Qwen3-4B,mgoin/Qwen3-4B-speculator.dflash2,0.0,8,dflash2_pairwise_k16_tb8,8,44,329,37.134408004931174,19.650431389061982,50.88946803257611,6.4649919270013925,115,2.8521739130434782,1.8521739130434782,2.8521739130434782,0,1,1.8699857249423584,False,0.22694301698356867,1.5899665499382536,0.10615426798904082,0.02693145998637192,4.4967649709869875
20,mt-bench,Qwen/Qwen3-4B,mgoin/Qwen3-4B-speculator.dflash2,0.0,8,dflash2_pairwise_k16_tb16,16,44,356,37.14925000531366,19.108408179777193,52.332982977531316,6.802593312000681,119,2.9831932773109244,1.9915966386554622,2.9831932773109244,0,0.9915966386554622,1.9230291629102938,False,0.24213453999982448,1.6703097940044245,0.15693128703424009,0.029643652982485946,4.683756075981364
20,mt-bench,Qwen/Qwen3-4B,mgoin/Qwen3-4B-speculator.dflash2,0.0,8,dflash2_pairwise_k16_tb32,32,44,366,37.67076100484701,19.29028702186054,51.83956044131221,7.060245050000958,122,2.9918032786885247,2,2.9918032786885247,0.00819672131147541,0.9918032786885246,1.9048978454733747,False,0.24859274499613093,1.7193589150192565,0.23772721200657543,0.031135182012803853,4.802515791932819
20,mt-bench,Qwen/Qwen3-4B,mgoin/Qwen3-4B-speculator.dflash2,0.0,8,dflash2_pairwise_k16_tb64,64,44,310,37.59528900263831,16.365782703219484,61.10309651143538,5.07339263799804,85,3.635294117647059,2.6470588235294117,3.635294117647059,0.011764705882352941,0.9882352941176471,2.2452959844857556,False,0.1752405670049484,1.1987657270437921,0.2651070999709191,0.021982954021950718,3.3967665810487233
21,mt-bench,Qwen/Qwen3-4B,mgoin/Qwen3-4B-speculator.dflash2,0.0,8,baseline,,375,295,37.16174900182523,36.22877152542429,27.602371206493412,10.687487600000166,294,1,,,,,1.0,True,0.07497276089998195,0.0,0.0,0.0,10.56294124397391
21,mt-bench,Qwen/Qwen3-4B,mgoin/Qwen3-4B-speculator.dflash2,0.0,8,dflash2,,393,230,37.75598399806768,24.659957630438328,40.551570079166645,5.671790255000815,105,2.1809523809523808,1.180952380952381,2.1809523809523808,0,1,1.4691335673953603,,0.07270189389964798,1.326145144055772,0.0,0.0,4.257094292006514
21,mt-bench,Qwen/Qwen3-4B,mgoin/Qwen3-4B-speculator.dflash2,0.0,8,dflash2_unary_k16_tb8,8,452,317,37.66847999941092,20.060306460568526,49.849687090555996,6.359117148000223,111,2.8468468468468466,1.8468468468468469,2.8468468468468466,0,1,1.8059929242176462,,0.2307158280382282,1.568748117009818,0.09497965301852673,0.02866144299332518,4.417462792036531
21,mt-bench,Qwen/Qwen3-4B,mgoin/Qwen3-4B-speculator.dflash2,0.0,8,dflash2_unary_k16_tb16,16,330,248,37.53530800167937,22.617706725800563,44.21314734173628,5.60919126799854,98,2.520408163265306,1.530612244897959,2.520408163265306,0,0.9897959183673469,1.6017880134636842,,0.20228160197439138,1.3819489600282395,0.10955825995915802,0.02534305600420339,3.8735423010439263
21,mt-bench,Qwen/Qwen3-4B,mgoin/Qwen3-4B-speculator.dflash2,0.0,8,dflash2_unary_k16_tb32,32,367,239,37.01819499838166,18.915089205019207,52.867844775199124,4.52070631999959,81,2.9382716049382718,1.9382716049382716,2.9382716049382718,0,1,1.9153370694022855,,0.1618816010231967,1.1202570049936185,0.12731599198741606,0.01930104396888055,3.0784754549968056
21,mt-bench,Qwen/Qwen3-4B,mgoin/Qwen3-4B-speculator.dflash2,0.0,8,dflash2_unary_k16_tb64,64,367,330,36.850591997790616,17.40241068788843,57.46330309834435,5.742795527003182,100,3.29,2.3,3.29,0,0.99,2.081824879046123,,0.20137663005152717,1.3896173700195504,0.26404683297732845,0.024017484007345047,3.8462833349622088
21,mt-bench,Qwen/Qwen3-4B,mgoin/Qwen3-4B-speculator.dflash2,0.0,8,dflash2_pairwise_k16_tb8,8,393,289,37.350313999922946,21.37375805191321,46.78634415020375,6.177016077002918,110,2.618181818181818,1.6272727272727272,2.618181818181818,0,0.990909090909091,1.6950117727276033,,0.2181210640919744,1.5191943800091394,0.10228903694223845,0.025851245016383473,4.294231501939066
21,mt-bench,Qwen/Qwen3-4B,mgoin/Qwen3-4B-speculator.dflash2,0.0,8,dflash2_pairwise_k16_tb16,16,420,249,37.02203500142787,20.244870522080774,49.39522823370568,5.0409727599981125,89,2.7865168539325844,1.797752808988764,2.7865168539325844,0,0.9887640449438202,1.7895284381251104,,0.17860278803709662,1.2367293589850306,0.11254433300200617,0.021731834043748677,3.4766373760285205
21,mt-bench,Qwen/Qwen3-4B,mgoin/Qwen3-4B-speculator.dflash2,0.0,8,dflash2_pairwise_k16_tb32,32,430,264,37.544566999713425,17.108952227262662,58.44893285788281,4.516763387997344,79,3.329113924050633,2.329113924050633,3.329113924050633,0,1,2.117533034413101,,0.15957628397882218,1.0986636469970108,0.14662297994073015,0.019397568968997803,3.079240640014177
21,mt-bench,Qwen/Qwen3-4B,mgoin/Qwen3-4B-speculator.dflash2,0.0,8,dflash2_pairwise_k16_tb64,64,374,227,37.41516599984607,16.816037506605387,59.46704148389282,3.8172405139994225,64,3.53125,2.546875,3.53125,0.015625,0.984375,2.1544178592128813,,0.1327019160016789,0.9001066970013198,0.20069935200444888,0.016509716981090605,2.5555516770255053
22,mt-bench,Qwen/Qwen3-4B,mgoin/Qwen3-4B-speculator.dflash2,0.0,8,baseline,,62,194,38.60016100225039,36.20562067012496,27.620020910873357,7.023890410004242,193,1,,,,,1.0,True,0.05024824900465319,0.0,0.0,0.0,6.940500838005391
22,mt-bench,Qwen/Qwen3-4B,mgoin/Qwen3-4B-speculator.dflash2,0.0,8,dflash2,,62,295,37.274540998623706,26.431344752545247,37.83386768104954,7.797246702000848,144,2.0416666666666665,1.0486111111111112,2.0416666666666665,0,0.9930555555555556,1.3697986617437798,False,0.09956691402476281,1.8233993540125084,0.0,0.0,5.852822131033463
22,mt-bench,Qwen/Qwen3-4B,mgoin/Qwen3-4B-speculator.dflash2,0.0,8,dflash2_unary_k16_tb8,8,62,163,37.44378600094933,22.912381687142638,43.64452432988027,3.73471821500425,66,2.4545454545454546,1.4545454545454546,2.4545454545454546,0,1,1.5801770922156848,False,0.1322642879531486,0.9153450289595639,0.05205680301878601,0.016208602959522977,2.608319741964806
22,mt-bench,Qwen/Qwen3-4B,mgoin/Qwen3-4B-speculator.dflash2,0.0,8,dflash2_unary_k16_tb16,16,62,171,37.45321699534543,20.839902391796453,47.984869660121156,3.5636233089971934,62,2.7419354838709675,1.7419354838709677,2.7419354838709675,0,1,1.7373219888197344,False,0.12769592100084992,0.8749664729621145,0.06844751801691018,0.015995323010429274,2.4660556050075684
22,mt-bench,Qwen/Qwen3-4B,mgoin/Qwen3-4B-speculator.dflash2,0.0,8,dflash2_unary_k16_tb32,32,62,295,38.03801900357939,22.048413372890614,45.35473746285704,6.504281945002731,111,2.6486486486486487,1.6576576576576576,2.6486486486486487,0,0.990990990990991,1.6420964201733075,False,0.2331586739892373,1.5942717310026637,0.19305779895512387,0.02955409597052494,4.434110973015777
22,mt-bench,Qwen/Qwen3-4B,mgoin/Qwen3-4B-speculator.dflash2,0.0,8,dflash2_unary_k16_tb64,64,62,295,38.072420000389684,21.416705647449923,46.692522018159664,6.317928165997728,105,2.8,1.8095238095238095,2.8,0,0.9904761904761905,1.690531740320946,False,0.22065109397954075,1.504849980941799,0.30427507002605125,0.027997264995065052,4.240252282004803
22,mt-bench,Qwen/Qwen3-4B,mgoin/Qwen3-4B-speculator.dflash2,0.0,8,dflash2_pairwise_k16_tb8,8,62,238,38.05537899461342,23.10720341593886,43.27654809626254,5.499514412993449,96,2.46875,1.4791666666666667,2.46875,0,0.9895833333333334,1.5668542842856996,False,0.1955842880270211,1.351661064021755,0.09982389300421346,0.024286104962811805,3.812302295002155
22,mt-bench,Qwen/Qwen3-4B,mgoin/Qwen3-4B-speculator.dflash2,0.0,8,dflash2_pairwise_k16_tb16,16,62,196,37.35112299909815,19.490304943877963,51.30756049633317,3.8200997690000804,68,2.8676470588235294,1.8676470588235294,2.8676470588235294,0,1,1.8576220728397268,False,0.13420803401822923,0.935559100980754,0.08198291200824315,0.01591867800016189,2.6415418590258923
22,mt-bench,Qwen/Qwen3-4B,mgoin/Qwen3-4B-speculator.dflash2,0.0,8,dflash2_pairwise_k16_tb32,32,62,169,37.088347999088,19.03565316566937,52.533001694078514,3.2170253849981236,57,2.9473684210526314,1.9649122807017543,2.9473684210526314,0,0.9824561403508771,1.9019899319988383,False,0.1125288689872832,0.7803525350100244,0.09957383997971192,0.013355878996662796,2.201921384948946
22,mt-bench,Qwen/Qwen3-4B,mgoin/Qwen3-4B-speculator.dflash2,0.0,8,dflash2_pairwise_k16_tb64,64,62,194,36.99820399924647,19.185385984529443,52.12300658461456,3.721964880998712,64,3.015625,2.03125,3.015625,0,0.984375,1.88714580458898,True,0.1271272319718264,0.879056983969349,0.18221548597648507,0.01504864398157224,2.5074952360009775
23,mt-bench,Qwen/Qwen3-4B,mgoin/Qwen3-4B-speculator.dflash2,0.0,8,baseline,,281,276,36.68869799730601,35.94249940942973,27.822216496653652,9.920129837002605,275,1,,,,,1.0,True,0.06740249802533071,0.0,0.0,0.0,9.807942285042373
23,mt-bench,Qwen/Qwen3-4B,mgoin/Qwen3-4B-speculator.dflash2,0.0,8,dflash2,,382,244,36.810860998230055,23.9670671270404,41.72392035702059,5.847964378997858,110,2.209090909090909,1.209090909090909,2.209090909090909,0.02727272727272727,1,1.4996619827913056,,0.07036906197754433,1.367358260009496,0.0,0.0,4.394330191957124
23,mt-bench,Qwen/Qwen3-4B,mgoin/Qwen3-4B-speculator.dflash2,0.0,8,dflash2_unary_k16_tb8,8,250,172,36.755289998836815,23.677272296523835,42.234594740324646,4.0724908350021,73,2.3424657534246576,1.356164383561644,2.3424657534246576,0,0.9863013698630136,1.5180168965116225,,0.1440481129757245,1.0010072400255012,0.054776573961135,0.016796909978438634,2.844493515956856
23,mt-bench,Qwen/Qwen3-4B,mgoin/Qwen3-4B-speculator.dflash2,0.0,8,dflash2_unary_k16_tb16,16,258,249,36.65548699791543,21.341278562245115,46.85754872105466,5.313978361999034,95,2.610526315789474,1.6210526315789473,2.610526315789474,0,0.9894736842105263,1.684177417233832,,0.18752136305556633,1.3100282010200317,0.09515452397317858,0.022006628045346588,3.6841009619820397
23,mt-bench,Qwen/Qwen3-4B,mgoin/Qwen3-4B-speculator.dflash2,0.0,8,dflash2_unary_k16_tb32,32,382,300,36.87289200024679,21.387847173342987,46.75552391483153,6.416354152002897,114,2.6228070175438596,1.6228070175438596,2.6228070175438596,0,1,1.6805103906964098,,0.22574402497411938,1.5727621220212313,0.17451024303591112,0.026534840959357098,4.397958554996876
23,mt-bench,Qwen/Qwen3-4B,mgoin/Qwen3-4B-speculator.dflash2,0.0,8,dflash2_unary_k16_tb64,64,382,294,36.93796399602434,20.266944132648252,49.341429741698875,5.958481574998586,102,2.872549019607843,1.8725490196078431,2.872549019607843,0,1,1.7734543093514303,,0.20593900100357132,1.41881027600175,0.2726164430350764,0.024992719023430254,4.018430605981848
23,mt-bench,Qwen/Qwen3-4B,mgoin/Qwen3-4B-speculator.dflash2,0.0,8,dflash2_pairwise_k16_tb8,8,325,203,37.45253599481657,24.73309666008386,40.43165373682769,5.020818621997023,88,2.2954545454545454,1.2954545454545454,2.2954545454545454,0,1,1.4532146905581966,,0.17971021393168485,1.2305239720008103,0.09026510599505855,0.022091132959758397,3.483742648997577
23,mt-bench,Qwen/Qwen3-4B,mgoin/Qwen3-4B-speculator.dflash2,0.0,8,dflash2_pairwise_k16_tb16,16,283,188,37.19122999609681,23.101873377643333,43.28653281286455,4.3431521949969465,76,2.460526315789474,1.4736842105263157,2.460526315789474,0,0.9868421052631579,1.5558261800626445,,0.15391198896395508,1.0608428320119856,0.10022141199442558,0.019111570058157668,2.996520620014053
23,mt-bench,Qwen/Qwen3-4B,mgoin/Qwen3-4B-speculator.dflash2,0.0,8,dflash2_pairwise_k16_tb32,32,256,152,37.274281996360514,22.358791789501037,44.725135839834046,3.3985363520041574,59,2.559322033898305,1.5593220338983051,2.559322033898305,0,1,1.6075331685098995,,0.11970814998494461,0.8223563270003069,0.11318951305293012,0.014887110992276575,2.3183876419861917
23,mt-bench,Qwen/Qwen3-4B,mgoin/Qwen3-4B-speculator.dflash2,0.0,8,dflash2_pairwise_k16_tb64,64,281,175,37.52358900237596,19.700997245714202,50.758851825003035,3.4476745179999853,58,3,2.0172413793103448,3,0,0.9827586206896551,1.8244000017435027,,0.11890977797884261,0.8090924649950466,0.17931136297556804,0.014889940997818485,2.315082897010143
24,mt-bench,Qwen/Qwen3-4B,mgoin/Qwen3-4B-speculator.dflash2,0.0,8,baseline,,84,1341,39.01893300644588,36.14850430947072,27.66366186105258,48.47514427900023,1340,1,,,,,1.0,True,0.3365994069026783,0.0,0.0,0.0,47.91706527098722
24,mt-bench,Qwen/Qwen3-4B,mgoin/Qwen3-4B-speculator.dflash2,0.0,8,dflash2,,84,1440,37.97131899773376,18.46531372569492,54.15559220141906,26.59005176500068,498,2.889558232931727,1.891566265060241,2.889558232931727,0.04819277108433735,0.9979919678714859,1.9576436580749357,False,0.32026619190583006,6.243295051979658,0.0,0.0,19.953214908055088
24,mt-bench,Qwen/Qwen3-4B,mgoin/Qwen3-4B-speculator.dflash2,0.0,8,dflash2_unary_k16_tb8,8,84,1745,37.39972599578323,19.29841278681937,51.81773294242055,33.675730312999804,601,2.901830282861897,1.9034941763727122,2.901830282861897,0.008319467554076539,0.9983361064891847,1.8731335425760918,False,1.1886924629288842,8.352113027038286,0.4482521829122561,0.14045904295926448,23.450581913923088
24,mt-bench,Qwen/Qwen3-4B,mgoin/Qwen3-4B-speculator.dflash2,0.0,8,dflash2_unary_k16_tb16,16,84,1215,37.36247299821116,16.16609856378409,61.857843811508,19.64180975499767,350,3.4685714285714284,2.4714285714285715,3.4685714285714284,0.037142857142857144,0.9971428571428571,2.2360685335948634,False,0.6944921919857734,4.871172169056081,0.35612520000722725,0.08204110206861515,13.581478022962983
24,mt-bench,Qwen/Qwen3-4B,mgoin/Qwen3-4B-speculator.dflash2,0.0,8,dflash2_unary_k16_tb32,32,84,1239,37.42039600183489,15.555818308317411,64.28462843804998,19.273658884005272,341,3.63049853372434,2.63049853372434,3.63049853372434,0.07331378299120235,1,2.3237931681255737,False,0.6780638909622212,4.743355069003883,0.5215418520238018,0.08027758204116253,13.19400971698633
24,mt-bench,Qwen/Qwen3-4B,mgoin/Qwen3-4B-speculator.dflash2,0.0,8,dflash2_unary_k16_tb64,64,84,1464,37.34636399894953,15.939098495218389,62.73880547886648,23.33484019699972,399,3.6666666666666665,2.669172932330827,3.6666666666666665,0.03759398496240601,0.9974937343358395,2.26791398022385,False,0.8059691050366382,5.595333638972079,1.0527222529926803,0.09711956714454573,15.712757265908294
24,mt-bench,Qwen/Qwen3-4B,mgoin/Qwen3-4B-speculator.dflash2,0.0,8,dflash2_pairwise_k16_tb8,8,84,1135,38.68700499879196,17.561118257265857,56.943981889436515,19.93186922199675,349,3.2492836676217767,2.2521489971346704,3.2492836676217767,0.017191977077363897,0.997134670487106,2.0584397747287184,False,0.7098327149360557,4.917420615973242,0.3617945140285883,0.08801435689383652,13.796501782984706
24,mt-bench,Qwen/Qwen3-4B,mgoin/Qwen3-4B-speculator.dflash2,0.0,8,dflash2_pairwise_k16_tb16,16,84,1361,37.932546001684386,15.687464738422838,63.7451632035054,21.350639508993485,372,3.6559139784946235,2.6586021505376345,3.6559139784946235,0.07795698924731183,0.9973118279569892,2.3042923067698293,False,0.7631345930203679,5.269852070035995,0.5060820040816907,0.09541038494353415,14.653314273011347
24,mt-bench,Qwen/Qwen3-4B,mgoin/Qwen3-4B-speculator.dflash2,0.0,8,dflash2_pairwise_k16_tb32,32,84,1307,37.85529900051188,14.621679820201834,68.39159469340618,19.110535525003797,334,3.910179640718563,2.913173652694611,3.910179640718563,0.09281437125748503,0.9970059880239521,2.472253855506168,False,0.6721938980335835,4.683846882042417,0.6101368359231856,0.08203156592935557,13.005826095039083
24,mt-bench,Qwen/Qwen3-4B,mgoin/Qwen3-4B-speculator.dflash2,0.0,8,dflash2_pairwise_k16_tb64,64,84,1241,37.93592000147328,14.796883917808254,67.5817966508804,18.362932942000043,312,3.9743589743589745,2.9775641025641026,3.9743589743589745,0.07051282051282051,0.9967948717948718,2.442980867476124,False,0.6303932960581733,4.373601253049856,0.9176364499726333,0.07646496696543181,12.3096310830515
25,mt-bench,Qwen/Qwen3-4B,mgoin/Qwen3-4B-speculator.dflash2,0.0,8,baseline,,1451,1451,88.63502599706408,36.21483030324029,27.61299698567208,52.54771877000166,1450,1,,,,,1.0,True,0.36830345480848337,0.0,0.0,0.0,51.93795180010784
25,mt-bench,Qwen/Qwen3-4B,mgoin/Qwen3-4B-speculator.dflash2,0.0,8,dflash2,,1550,1819,90.78966599918203,15.482934625068483,64.58723906131438,28.16345808299957,523,3.4760994263862335,2.478011472275335,3.4760994263862335,0.12237093690248566,0.9980879541108987,2.339015902360313,,0.3442560429684818,6.625957258067501,0.0,0.0,21.1135538140079
25,mt-bench,Qwen/Qwen3-4B,mgoin/Qwen3-4B-speculator.dflash2,0.0,8,dflash2_unary_k16_tb8,8,1855,1288,109.3126760024461,17.38566062577656,57.51866561327941,22.39273088600021,399,3.225563909774436,2.225563909774436,3.225563909774436,0.017543859649122806,1,2.0830287144537363,,0.8119030979432864,5.642012323951349,0.31878955396678066,0.09904883501440054,15.455491199099924
25,mt-bench,Qwen/Qwen3-4B,mgoin/Qwen3-4B-speculator.dflash2,0.0,8,dflash2_unary_k16_tb16,16,1325,1142,80.82967499649385,16.412471410684194,60.92927597418509,18.74304235100135,330,3.4575757575757575,2.4606060606060605,3.4575757575757575,0.021212121212121213,0.996969696969697,2.2065433899044087,,0.6688936090067727,4.649325619975571,0.349314247003349,0.08067549799307017,12.940302100054396
25,mt-bench,Qwen/Qwen3-4B,mgoin/Qwen3-4B-speculator.dflash2,0.0,8,dflash2_unary_k16_tb32,32,1349,1337,81.32872800342739,14.415266611066738,69.37089871319414,19.27321145899623,341,3.9178885630498534,2.9178885630498534,3.9178885630498534,0.08797653958944282,1,2.512255324881596,,0.6785511269918061,4.754927296926326,0.5202089559315937,0.07997399495798163,13.183156380015134
25,mt-bench,Qwen/Qwen3-4B,mgoin/Qwen3-4B-speculator.dflash2,0.0,8,dflash2_unary_k16_tb64,64,1574,1465,91.36122899508337,14.496995775427775,68.97980902325897,21.23809881100169,367,3.989100817438692,2.991825613079019,3.989100817438692,0.09264305177111716,0.997275204359673,2.4980920781272467,,0.7336087070652866,5.1086809519911185,0.9377698169846553,0.08719704693066888,14.307159583047905
25,mt-bench,Qwen/Qwen3-4B,mgoin/Qwen3-4B-speculator.dflash2,0.0,8,dflash2_pairwise_k16_tb8,8,1245,1329,70.0657150009647,17.104764568099416,58.4632425672208,22.732232111004123,405,3.2790123456790123,2.2814814814814817,3.2790123456790123,0.022222222222222223,0.9975308641975309,2.1172364085490756,,0.8017084590537706,5.6254414129580255,0.3746582719104481,0.09437295096722664,15.77183848106506
25,mt-bench,Qwen/Qwen3-4B,mgoin/Qwen3-4B-speculator.dflash2,0.0,8,dflash2_pairwise_k16_tb16,16,1471,1521,89.1375680002966,14.301410645627401,69.9231722505462,21.752445591999276,394,3.8578680203045685,2.8604060913705585,3.8578680203045685,0.09137055837563451,0.9974619289340102,2.5322558173177714,,0.7793224840206676,5.469420634115522,0.46674998701928416,0.09135289802361513,14.882243172978633
25,mt-bench,Qwen/Qwen3-4B,mgoin/Qwen3-4B-speculator.dflash2,0.0,8,dflash2_pairwise_k16_tb32,32,1417,1640,86.9046959996922,13.974847096337394,71.55713354903794,22.918749237993325,405,4.046913580246914,3.049382716049383,4.046913580246914,0.09382716049382717,0.9975308641975309,2.591429448464712,,0.8050303238851484,5.632477273931727,0.7044818850918091,0.09521708299871534,15.61422607296845
25,mt-bench,Qwen/Qwen3-4B,mgoin/Qwen3-4B-speculator.dflash2,0.0,8,dflash2_pairwise_k16_tb64,64,1351,1306,81.37511699897004,14.841716448697937,67.37765159822399,19.383281681999506,332,3.930722891566265,2.930722891566265,3.930722891566265,0.05421686746987952,1,2.440070218860529,,0.681392527956632,4.699070229980862,1.0068787840864388,0.08400554005493177,12.851860231989122
26,mt-bench,Qwen/Qwen3-4B,mgoin/Qwen3-4B-speculator.dflash2,0.0,8,baseline,,103,856,38.742068005376495,36.89190983527411,27.106213922377428,31.57947481899464,855,1,,,,,1.0,True,0.2239978028665064,0.0,0.0,0.0,31.209013060950383
26,mt-bench,Qwen/Qwen3-4B,mgoin/Qwen3-4B-speculator.dflash2,0.0,8,dflash2,,103,863,38.16479600209277,20.91995414136457,47.80125201243734,18.053920423997624,331,2.604229607250755,1.6042296072507554,2.604229607250755,0.03323262839879154,1,1.7634794792560535,False,0.22777075591147877,4.242777576066146,0.0,0.0,13.533079400949646
26,mt-bench,Qwen/Qwen3-4B,mgoin/Qwen3-4B-speculator.dflash2,0.0,8,dflash2_unary_k16_tb8,8,103,867,37.164692002988886,18.195690211079043,54.958069103150436,15.77566341300553,286,3.027972027972028,2.027972027972028,3.027972027972028,0.02097902097902098,1,2.0275081300741897,False,0.5654363880021265,3.9665007300427533,0.2132997710214113,0.06607067495497176,10.918939025083091
26,mt-bench,Qwen/Qwen3-4B,mgoin/Qwen3-4B-speculator.dflash2,0.0,8,dflash2_unary_k16_tb16,16,103,1083,37.19149199605454,16.95768024469086,58.97032999623175,18.365167705000204,332,3.2590361445783134,2.2620481927710845,3.2590361445783134,0.030120481927710843,0.9969879518072289,2.175528097177342,False,0.6610355999728199,4.622237920993939,0.3353703618849977,0.07781414992496138,12.614937292964896
26,mt-bench,Qwen/Qwen3-4B,mgoin/Qwen3-4B-speculator.dflash2,0.0,8,dflash2_unary_k16_tb32,32,103,998,37.131849996512756,15.760799336672273,63.44855858123878,15.729277737998927,283,3.522968197879859,2.5265017667844525,3.522968197879859,0.028268551236749116,0.9964664310954063,2.3407385023571687,False,0.5621358009520918,3.9308981499343645,0.4327700300782453,0.06597098798374645,10.690543461030757
26,mt-bench,Qwen/Qwen3-4B,mgoin/Qwen3-4B-speculator.dflash2,0.0,8,dflash2_unary_k16_tb64,64,103,1136,37.125371003639884,15.162215649646717,65.95342152538902,17.22427697799867,300,3.783333333333333,2.7866666666666666,3.783333333333333,0.05,0.9966666666666667,2.4331476802424787,False,0.6022813020244939,4.187398354049947,0.7801908789842855,0.07150957501289668,11.53097239305498
26,mt-bench,Qwen/Qwen3-4B,mgoin/Qwen3-4B-speculator.dflash2,0.0,8,dflash2_pairwise_k16_tb8,8,103,851,37.39661700092256,17.66307646769209,56.61527887449966,15.031278074005968,270,3.1481481481481484,2.151851851851852,3.1481481481481484,0.03333333333333333,0.9962962962962963,2.088645763536941,False,0.5369418180271168,3.7659655788957025,0.25615805298730265,0.06414767701062374,10.36391618304333
26,mt-bench,Qwen/Qwen3-4B,mgoin/Qwen3-4B-speculator.dflash2,0.0,8,dflash2_pairwise_k16_tb16,16,103,927,37.195204000454396,15.893577264298855,62.918497413811444,14.73334612400504,266,3.481203007518797,2.4849624060150375,3.481203007518797,0.041353383458646614,0.9962406015037594,2.3211835335612596,False,0.5265710659805336,3.693257018006989,0.31715119107684586,0.061487117018259596,10.091784535085026
26,mt-bench,Qwen/Qwen3-4B,mgoin/Qwen3-4B-speculator.dflash2,0.0,8,dflash2_pairwise_k16_tb32,32,103,1004,37.07907900388818,15.069538985061449,66.35903069040849,15.129817141001695,271,3.7011070110701105,2.7047970479704797,3.7011070110701105,0.04797047970479705,0.996309963099631,2.4481113769867378,False,0.5388401799209532,3.7651396190267405,0.4702148009891971,0.06372563997138059,10.246865457949752
26,mt-bench,Qwen/Qwen3-4B,mgoin/Qwen3-4B-speculator.dflash2,0.0,8,dflash2_pairwise_k16_tb64,64,103,850,37.0565799967153,14.054479340000613,71.15169305161584,11.94630743900052,206,4.121359223300971,3.1262135922330097,4.121359223300971,0.05825242718446602,0.9951456310679612,2.6249218446873113,False,0.4170683899865253,2.884966450983484,0.6020084831106942,0.050307112011068966,7.955501656957495
27,mt-bench,Qwen/Qwen3-4B,mgoin/Qwen3-4B-speculator.dflash2,0.0,8,baseline,,992,856,58.39491499500582,37.0207781857444,27.011857908083368,31.689786126997202,855,1,,,,,1.0,True,0.23922951504937373,0.0,0.0,0.0,31.297635207956773
27,mt-bench,Qwen/Qwen3-4B,mgoin/Qwen3-4B-speculator.dflash2,0.0,8,dflash2,,999,798,58.54602800536668,20.381445701750543,49.06423296136009,16.264393669996934,298,2.674496644295302,1.674496644295302,2.674496644295302,0.013422818791946308,1,1.816396085316201,,0.2141497990960488,3.817689618022996,0.0,0.0,12.186383464970277
27,mt-bench,Qwen/Qwen3-4B,mgoin/Qwen3-4B-speculator.dflash2,0.0,8,dflash2_unary_k16_tb8,8,1003,790,58.57214999559801,19.16990941266059,52.16508740200719,15.144228436001868,269,2.933085501858736,1.936802973977695,2.933085501858736,0.0037174721189591076,0.9962825278810409,1.9311921297496775,,0.5382672860141611,3.7528099881019443,0.20843508512189146,0.06477425105549628,10.536586682981579
27,mt-bench,Qwen/Qwen3-4B,mgoin/Qwen3-4B-speculator.dflash2,0.0,8,dflash2_unary_k16_tb16,16,1219,1284,69.55920300242724,14.770693116826516,67.70162998382366,18.965569962005247,334,3.841317365269461,2.844311377245509,3.841317365269461,0.09880239520958084,0.9970059880239521,2.506367026444478,,0.6771647490822943,4.700829320005141,0.35732824094884563,0.08349443688348401,13.09126823706174
27,mt-bench,Qwen/Qwen3-4B,mgoin/Qwen3-4B-speculator.dflash2,0.0,8,dflash2_unary_k16_tb32,32,1134,953,67.51510599860922,15.420912917105005,64.84700389500233,14.69613001000107,257,3.7042801556420235,2.7042801556420235,3.7042801556420235,0.042801556420233464,1,2.400686547206984,,0.521362471030443,3.615948234051757,0.41821868302940857,0.06387852309126174,10.032983258977765
27,mt-bench,Qwen/Qwen3-4B,mgoin/Qwen3-4B-speculator.dflash2,0.0,8,dflash2_unary_k16_tb64,64,1272,936,70.54421700013336,15.13779020512404,66.05984007239753,14.1689716319961,244,3.831967213114754,2.8360655737704916,3.831967213114754,0.036885245901639344,0.9959016393442623,2.4455866863059783,,0.4899773890574579,3.398300572996959,0.6351343219357659,0.06012108601134969,9.542913382028928
27,mt-bench,Qwen/Qwen3-4B,mgoin/Qwen3-4B-speculator.dflash2,0.0,8,dflash2_pairwise_k16_tb8,8,987,800,58.387733006384224,18.17072783625008,55.03356877125355,14.536582269000064,257,3.1089494163424125,2.11284046692607,3.1089494163424125,0.0038910505836575876,0.9961089494163424,2.037385542250487,,0.5146948130786768,3.5870471699527116,0.25112763498327695,0.06220172387838829,10.0800237960284
27,mt-bench,Qwen/Qwen3-4B,mgoin/Qwen3-4B-speculator.dflash2,0.0,8,dflash2_pairwise_k16_tb16,16,1063,799,66.1878449973301,16.39233298373482,61.004129247023165,13.097474054004122,234,3.41025641025641,2.41025641025641,3.41025641025641,0.01282051282051282,1,2.258420337268527,,0.471912560009514,3.2788728230298148,0.29824184199242154,0.05740659000002779,8.95172392197128
27,mt-bench,Qwen/Qwen3-4B,mgoin/Qwen3-4B-speculator.dflash2,0.0,8,dflash2_pairwise_k16_tb32,32,1140,895,67.68261099932715,14.58546323463543,68.56141515103516,13.053989594998711,229,3.903930131004367,2.908296943231441,3.903930131004367,0.043668122270742356,0.9956331877729258,2.538196942407208,,0.4597035740807769,3.196891953026352,0.4136693070176989,0.055479687958722934,8.889963687033742
27,mt-bench,Qwen/Qwen3-4B,mgoin/Qwen3-4B-speculator.dflash2,0.0,8,dflash2_pairwise_k16_tb64,64,986,813,58.36117400031071,14.414711832718595,69.373568587767,11.719160720000218,200,4.06,3.065,4.06,0.055,0.995,2.568263494641247,,0.4039806369546568,2.79464084700885,0.5799426810190198,0.048540191011852585,7.8569443989836145
28,mt-bench,Qwen/Qwen3-4B,mgoin/Qwen3-4B-speculator.dflash2,0.0,8,baseline,,105,226,38.624885004537646,35.916710606191785,27.84219331676791,8.117176596999343,225,1,,,,,1.0,True,0.05489883396512596,0.0,0.0,0.0,8.025549311962095
28,mt-bench,Qwen/Qwen3-4B,mgoin/Qwen3-4B-speculator.dflash2,0.0,8,dflash2,,105,95,36.99421799683478,26.91086153683596,37.15971703957475,2.556531845999416,48,1.9583333333333333,0.9583333333333334,1.9583333333333333,0,1,1.33465480311838,False,0.0311704099731287,0.5918951429775916,0.0,0.0,1.926517361011065
28,mt-bench,Qwen/Qwen3-4B,mgoin/Qwen3-4B-speculator.dflash2,0.0,8,dflash2_unary_k16_tb8,8,105,95,37.11454099538969,22.87704343156963,43.711942191796965,2.1733191259991145,39,2.41025641025641,1.4102564102564104,2.41025641025641,0,1,1.569989177737356,False,0.07681260701065185,0.5288508260127855,0.029584001000330318,0.008995467047498096,1.5227246600188664
28,mt-bench,Qwen/Qwen3-4B,mgoin/Qwen3-4B-speculator.dflash2,0.0,8,dflash2_unary_k16_tb16,16,105,226,37.16148099920247,18.09068842478348,55.277056158351726,4.088495584001066,73,3.0821917808219177,2.095890410958904,3.0821917808219177,0.0136986301369863,0.9863013698630136,1.9853700292017302,True,0.14412092305428814,1.0047885529929772,0.07436133900046116,0.016823171979922336,2.8367323799757287
28,mt-bench,Qwen/Qwen3-4B,mgoin/Qwen3-4B-speculator.dflash2,0.0,8,dflash2_unary_k16_tb32,32,105,223,37.162041997362394,17.18186894617035,58.20088624426908,3.8315567749959882,68,3.264705882352941,2.2794117647058822,3.264705882352941,0.014705882352941176,0.9852941176470589,2.0903843882593005,False,0.13464006498543313,0.9347087609639857,0.10449554798105964,0.01578703500854317,2.6307170130385202
28,mt-bench,Qwen/Qwen3-4B,mgoin/Qwen3-4B-speculator.dflash2,0.0,8,dflash2_unary_k16_tb64,64,105,95,37.10375999798998,20.66607752632607,48.388476174354885,1.9632773650009767,34,2.764705882352941,1.7941176470588236,2.764705882352941,0,0.9705882352941176,1.7379548954289104,False,0.0676358289711061,0.4611297539813677,0.0879711329980637,0.00798288202349795,1.3326631740201265
28,mt-bench,Qwen/Qwen3-4B,mgoin/Qwen3-4B-speculator.dflash2,0.0,8,dflash2_pairwise_k16_tb8,8,105,100,37.07241099618841,23.507735730017885,42.53918843927889,2.3507735730017885,42,2.357142857142857,1.380952380952381,2.357142857142857,0,0.9761904761904762,1.5278677205958389,False,0.0826200189840165,0.570874642005947,0.03887352401216049,0.00986479502171278,1.6419702950297506
28,mt-bench,Qwen/Qwen3-4B,mgoin/Qwen3-4B-speculator.dflash2,0.0,8,dflash2_pairwise_k16_tb16,16,105,223,37.05469099804759,18.382265403602617,54.400259056428204,4.099245185003383,73,3.041095890410959,2.0547945205479454,3.041095890410959,0.0136986301369863,0.9863013698630136,1.9538783614315953,False,0.1442016150103882,1.0037579619893222,0.08696477298508398,0.016927852033404633,2.835706369987747
28,mt-bench,Qwen/Qwen3-4B,mgoin/Qwen3-4B-speculator.dflash2,0.0,8,dflash2_pairwise_k16_tb32,32,105,226,37.13984099886147,17.295456526534934,57.818653035598444,3.9087731749968952,69,3.260869565217391,2.2753623188405796,3.260869565217391,0.043478260869565216,0.9855072463768116,2.0766558287194012,True,0.13675584098382387,0.951582446024986,0.12089065900363494,0.01611699199565919,2.672100574003707
28,mt-bench,Qwen/Qwen3-4B,mgoin/Qwen3-4B-speculator.dflash2,0.0,8,dflash2_pairwise_k16_tb64,64,105,100,37.37169699888909,18.801352369991946,53.18766332979633,1.8801352369991946,32,3.09375,2.125,3.09375,0.03125,0.96875,1.9103259116358535,False,0.06487098697834881,0.43794789897219744,0.09692833596636774,0.008003249997273088,1.2667742969933897
29,mt-bench,Qwen/Qwen3-4B,mgoin/Qwen3-4B-speculator.dflash2,0.0,8,baseline,,348,111,37.302475997421425,35.998041567582476,27.779288996114047,3.9957826140016546,110,1,,,,,1.0,True,0.027891547011677176,0.0,0.0,0.0,3.9493804490266484
29,mt-bench,Qwen/Qwen3-4B,mgoin/Qwen3-4B-speculator.dflash2,0.0,8,dflash2,,216,83,37.1117510003387,23.255997457848693,42.999660703115055,1.9302477890014416,36,2.2777777777777777,1.3055555555555556,2.2777777777777777,0,0.9722222222222222,1.5479035733826783,,0.024266654007078614,0.4435939609975321,0.0,0.0,1.456966600009764
29,mt-bench,Qwen/Qwen3-4B,mgoin/Qwen3-4B-speculator.dflash2,0.0,8,dflash2_unary_k16_tb8,8,217,83,37.068969002575614,19.65205540962262,50.885262592448754,1.6311205989986775,29,2.8275862068965516,1.8620689655172413,2.8275862068965516,0,0.9655172413793104,1.8317697979803198,,0.05808104801690206,0.3935684510070132,0.02339455397304846,0.006987713000853546,1.1444953830141458
29,mt-bench,Qwen/Qwen3-4B,mgoin/Qwen3-4B-speculator.dflash2,0.0,8,dflash2_unary_k16_tb16,16,348,111,37.224201994831674,19.328632801802627,51.736716727669325,2.1454782410000917,38,2.8947368421052633,1.9210526315789473,2.8947368421052633,0,0.9736842105263158,1.86242047933288,,0.07670879600482294,0.5214813099883031,0.04057763396849623,0.009203026012983173,1.4912896230016486
29,mt-bench,Qwen/Qwen3-4B,mgoin/Qwen3-4B-speculator.dflash2,0.0,8,dflash2_unary_k16_tb32,32,345,145,37.44944799836958,15.313635524141539,65.30127992295014,2.220477151000523,39,3.6923076923076925,2.717948717948718,3.6923076923076925,0.02564102564102564,0.9743589743589743,2.3507181890826985,,0.0789566139865201,0.5360580149790621,0.06253232399467379,0.009602308993635233,1.5268152249991545
29,mt-bench,Qwen/Qwen3-4B,mgoin/Qwen3-4B-speculator.dflash2,0.0,8,dflash2_unary_k16_tb64,64,216,83,37.325746001442894,15.427382578298376,64.8198095123858,1.2804727539987653,22,3.727272727272727,2.772727272727273,3.727272727272727,0.045454545454545456,0.9545454545454546,2.333386197229642,,0.04470243799005402,0.29626809398905607,0.05872227399959229,0.0053841430199099705,0.871571777985082
29,mt-bench,Qwen/Qwen3-4B,mgoin/Qwen3-4B-speculator.dflash2,0.0,8,dflash2_pairwise_k16_tb8,8,222,91,37.41445699415635,18.03890737362083,55.43573007433634,1.6415405709994957,29,3.103448275862069,2.1379310344827585,3.103448275862069,0,0.9655172413793104,1.9955777155452417,,0.05895723999128677,0.39350592500704806,0.028906548002851196,0.007051579013932496,1.148471063002944
29,mt-bench,Qwen/Qwen3-4B,mgoin/Qwen3-4B-speculator.dflash2,0.0,8,dflash2_pairwise_k16_tb16,16,345,147,36.993658999563195,14.53788316323379,68.78580524907458,2.1370688249953673,38,3.8421052631578947,2.8684210526315788,3.8421052631578947,0.05263157894736842,0.9736842105263158,2.4761542766158198,,0.07604620001075091,0.5175743830332067,0.046108854992780834,0.008940563981013838,1.4823033870052313
29,mt-bench,Qwen/Qwen3-4B,mgoin/Qwen3-4B-speculator.dflash2,0.0,8,dflash2_pairwise_k16_tb32,32,348,111,37.29589399881661,16.989244918862298,58.86076778431457,1.8858061859937152,33,3.3333333333333335,2.3636363636363638,3.3333333333333335,0.030303030303030304,0.9696969696969697,2.118872365399575,,0.06656528701569187,0.4527967239919235,0.06051031499373494,0.007974929008923937,1.2924881729850313
29,mt-bench,Qwen/Qwen3-4B,mgoin/Qwen3-4B-speculator.dflash2,0.0,8,dflash2_pairwise_k16_tb64,64,222,91,36.90602499409579,13.321410791192378,75.06712432148424,1.2122483819985064,21,4.285714285714286,3.3333333333333335,4.285714285714286,0.09523809523809523,0.9523809523809523,2.702269461683671,,0.04196156101534143,0.2790436850118567,0.05894779699156061,0.004956560973369051,0.823781347979093
30,mt-bench,Qwen/Qwen3-4B,mgoin/Qwen3-4B-speculator.dflash2,0.0,8,baseline,,72,413,38.66079499857733,36.191971564162145,27.630437270519288,14.947284255998966,412,1,,,,,1.0,True,0.10361351206665859,0.0,0.0,0.0,14.775574819985195
30,mt-bench,Qwen/Qwen3-4B,mgoin/Qwen3-4B-speculator.dflash2,0.0,8,dflash2,,72,385,37.5015700046788,24.60806226235355,40.63708833872069,9.474103971006116,176,2.1818181818181817,1.1818181818181819,2.1818181818181817,0.005681818181818182,1,1.4707363456053242,False,0.11716348899790319,2.2155826780435746,0.0,0.0,7.115498071019829
30,mt-bench,Qwen/Qwen3-4B,mgoin/Qwen3-4B-speculator.dflash2,0.0,8,dflash2_unary_k16_tb8,8,72,432,37.86216700245859,21.40374228703742,46.720801745292086,9.246416668000165,164,2.6280487804878048,1.6341463414634145,2.6280487804878048,0,0.9939024390243902,1.6909179282204683,False,0.3265363330428954,2.281432591000339,0.12389139502192847,0.03878963198803831,6.447973617010575
30,mt-bench,Qwen/Qwen3-4B,mgoin/Qwen3-4B-speculator.dflash2,0.0,8,dflash2_unary_k16_tb16,16,72,424,37.55780099891126,18.65541425471541,53.60374132390206,7.909895643999334,141,3,2,3,0.014184397163120567,1,1.9400250817273665,False,0.27914483797212597,1.9527089320035884,0.1409142969714594,0.03265645205101464,5.482015638008306
30,mt-bench,Qwen/Qwen3-4B,mgoin/Qwen3-4B-speculator.dflash2,0.0,8,dflash2_unary_k16_tb32,32,72,376,37.44373899826314,17.726420151604465,56.412969536293396,6.665133977003279,118,3.1779661016949152,2.1864406779661016,3.1779661016949152,0,0.9915254237288136,2.0416965893074757,False,0.23374287597107468,1.633326794973982,0.17989902797853574,0.027429955000116024,4.571313170999929
30,mt-bench,Qwen/Qwen3-4B,mgoin/Qwen3-4B-speculator.dflash2,0.0,8,dflash2_unary_k16_tb64,64,72,432,37.36095800559269,17.738351354165825,56.375024940812864,7.662967784999636,132,3.265151515151515,2.272727272727273,3.265151515151515,0.030303030303030304,0.9924242424242424,2.040323299586831,False,0.2629674420095398,1.827772391945473,0.3389384410038474,0.03113612503511831,5.179405122995377
30,mt-bench,Qwen/Qwen3-4B,mgoin/Qwen3-4B-speculator.dflash2,0.0,8,dflash2_pairwise_k16_tb8,8,72,386,37.56603100191569,20.06453838342031,49.839173017123485,7.744911816000239,137,2.81021897810219,1.8102189781021898,2.81021897810219,0,1,1.8037779326170904,False,0.27222545399854425,1.9052799780110945,0.13015375896065962,0.03247550199012039,5.382948372040119
30,mt-bench,Qwen/Qwen3-4B,mgoin/Qwen3-4B-speculator.dflash2,0.0,8,dflash2_pairwise_k16_tb16,16,72,435,37.523510996834375,18.468154719532283,54.14726133642255,8.033647302996542,142,3.056338028169014,2.063380281690141,3.056338028169014,0.014084507042253521,0.9929577464788732,1.9596961425650614,False,0.2823093610131764,1.9765007630121545,0.17436703595740255,0.033659979977528565,5.543206428061239
30,mt-bench,Qwen/Qwen3-4B,mgoin/Qwen3-4B-speculator.dflash2,0.0,8,dflash2_pairwise_k16_tb32,32,72,384,37.345946999266744,16.777715611965505,59.60286984998253,6.442642794994754,113,3.3893805309734515,2.398230088495575,3.3893805309734515,0.035398230088495575,0.9911504424778761,2.157145370753025,False,0.22518080999725498,1.5732331839826657,0.20157234695216175,0.02678026502690045,4.397050065963413
30,mt-bench,Qwen/Qwen3-4B,mgoin/Qwen3-4B-speculator.dflash2,0.0,8,dflash2_pairwise_k16_tb64,64,72,385,37.59347199957119,15.986084036359733,62.55440655294558,6.154642353998497,105,3.657142857142857,2.6666666666666665,3.657142857142857,0.0380952380952381,0.9904761904761905,2.2639673031772447,False,0.21040522504335968,1.4613430499812239,0.30082068394403905,0.02505951300554443,4.138894502029871
31,mt-bench,Qwen/Qwen3-4B,mgoin/Qwen3-4B-speculator.dflash2,0.0,8,baseline,,514,781,37.42208699986804,36.04120400767933,27.746020909482635,28.148180329997558,780,1,,,,,1.0,True,0.19273715499730315,0.0,0.0,0.0,27.827419914203347
31,mt-bench,Qwen/Qwen3-4B,mgoin/Qwen3-4B-speculator.dflash2,0.0,8,dflash2,,486,902,37.12799200002337,21.462808492235443,46.59222488807874,19.35945325999637,361,2.4958448753462603,1.4958448753462603,2.4958448753462603,0.024930747922437674,1,1.6792398823629202,,0.23751890999847092,4.544403649997548,0.0,0.0,14.524491499949363
31,mt-bench,Qwen/Qwen3-4B,mgoin/Qwen3-4B-speculator.dflash2,0.0,8,dflash2_unary_k16_tb8,8,533,939,37.87756899691885,16.828806580402194,59.42192010005863,15.80224937899766,282,3.326241134751773,2.3297872340425534,3.326241134751773,0.05319148936170213,0.9964539007092199,2.141637544854234,,0.5589371779497014,3.9166829240348306,0.20879578707535984,0.06558155590755632,11.007441631016263
31,mt-bench,Qwen/Qwen3-4B,mgoin/Qwen3-4B-speculator.dflash2,0.0,8,dflash2_unary_k16_tb16,16,525,900,37.8548380031134,17.049294286666232,58.65345410701671,15.344364857999608,273,3.293040293040293,2.293040293040293,3.293040293040293,0.018315018315018316,1,2.113941105226046,,0.5438662719534477,3.8057837479864247,0.27799524093279615,0.06398650800838368,10.608699698954297
31,mt-bench,Qwen/Qwen3-4B,mgoin/Qwen3-4B-speculator.dflash2,0.0,8,dflash2_unary_k16_tb32,32,477,813,37.154470999666955,16.361700001230073,61.1183434438243,13.302062101000049,234,3.47008547008547,2.47008547008547,3.47008547008547,0.029914529914529916,1,2.202778684670282,,0.4696623530762736,3.270754203054821,0.36824812601844314,0.056042881988105364,9.098196812003152
31,mt-bench,Qwen/Qwen3-4B,mgoin/Qwen3-4B-speculator.dflash2,0.0,8,dflash2_unary_k16_tb64,64,533,802,37.82037600467447,15.733271700742248,63.559571017439616,12.618083903995284,217,3.6912442396313363,2.695852534562212,3.6912442396313363,0.013824884792626729,0.9953917050691244,2.290763465680124,,0.43645805995038245,3.0247353249578737,0.5634920810625772,0.051232911966508254,8.504892200988252
31,mt-bench,Qwen/Qwen3-4B,mgoin/Qwen3-4B-speculator.dflash2,0.0,8,dflash2_pairwise_k16_tb8,8,487,903,37.16670199355576,15.829341981175745,63.17381993447359,14.293895809001699,257,3.509727626459144,2.509727626459144,3.509727626459144,0.027237354085603113,1,2.276860532202762,,0.511240328058193,3.5822368749795714,0.23993382794287754,0.06026119794114493,9.858677707983588
31,mt-bench,Qwen/Qwen3-4B,mgoin/Qwen3-4B-speculator.dflash2,0.0,8,dflash2_pairwise_k16_tb16,16,536,797,37.96723100094823,16.804580045171264,59.50758646226012,13.393250296001495,237,3.3586497890295357,2.3628691983122363,3.3586497890295357,0.02531645569620253,0.9957805907172996,2.1447250636909336,,0.47756376097822795,3.305423573940061,0.2909811560821254,0.055951349990209565,9.224957103004272
31,mt-bench,Qwen/Qwen3-4B,mgoin/Qwen3-4B-speculator.dflash2,0.0,8,dflash2_pairwise_k16_tb32,32,485,808,37.62712400202872,14.188863571788636,70.47780782023129,11.464601766005217,200,4.035,3.04,4.035,0.075,0.995,2.540105049662974,,0.4045660600240808,2.8084755710005993,0.3679630280530546,0.04891325104836142,7.8010703309992095
31,mt-bench,Qwen/Qwen3-4B,mgoin/Qwen3-4B-speculator.dflash2,0.0,8,dflash2_pairwise_k16_tb64,64,486,789,37.644984004145954,14.13581538656427,70.74229343363344,11.153158339999209,189,4.169312169312169,3.1693121693121693,4.169312169312169,0.08994708994708994,1,2.5496374296126962,,0.385380448999058,2.657613946998026,0.5602742780174594,0.0469780829953379,7.469449500982591
32,mt-bench,Qwen/Qwen3-4B,mgoin/Qwen3-4B-speculator.dflash2,0.0,8,baseline,,85,1037,39.3598029986606,36.33891149373527,27.518710905041758,37.68345121900347,1036,1,,,,,1.0,True,0.2608625148568535,0.0,0.0,0.0,37.25054972408543
32,mt-bench,Qwen/Qwen3-4B,mgoin/Qwen3-4B-speculator.dflash2,0.0,8,dflash2,,85,900,37.56598000472877,18.024445341110955,55.48020929771168,16.22200080699986,304,2.9572368421052633,1.9605263157894737,2.9572368421052633,0.06578947368421052,0.9967105263157895,2.016090415323453,False,0.19337022204854293,3.8063596149077057,0.0,0.0,12.177631904982263
32,mt-bench,Qwen/Qwen3-4B,mgoin/Qwen3-4B-speculator.dflash2,0.0,8,dflash2_unary_k16_tb8,8,85,881,37.484968997887336,16.41818870034198,60.90805863250742,14.464424245001284,258,3.4108527131782944,2.4147286821705425,3.4108527131782944,0.03875968992248062,0.9961240310077519,2.2133325519019253,False,0.5096830629554461,3.5768672679914744,0.19041993206337793,0.05998431694752071,10.086570669962384
32,mt-bench,Qwen/Qwen3-4B,mgoin/Qwen3-4B-speculator.dflash2,0.0,8,dflash2_unary_k16_tb16,16,85,1088,37.93552899878705,14.096812725182751,70.93802120344448,15.337332244998834,272,3.9963235294117645,2.9963235294117645,3.9963235294117645,0.12867647058823528,1,2.577810474052685,False,0.5430488250931376,3.7968689910994726,0.2759960200128262,0.06454256209690357,10.612671600960311
32,mt-bench,Qwen/Qwen3-4B,mgoin/Qwen3-4B-speculator.dflash2,0.0,8,dflash2_unary_k16_tb32,32,85,1095,37.65885299799265,13.050349729683688,76.62629896618394,14.290132954003639,251,4.3585657370517925,3.362549800796813,4.3585657370517925,0.1394422310756972,0.9960159362549801,2.7845162962246564,False,0.5042255979642505,3.5162313140317565,0.3892462149451603,0.06060162102949107,9.777394975004427
32,mt-bench,Qwen/Qwen3-4B,mgoin/Qwen3-4B-speculator.dflash2,0.0,8,dflash2_unary_k16_tb64,64,85,1077,38.15171700261999,13.494852644383197,74.10232822484491,14.533956298000703,248,4.338709677419355,3.342741935483871,4.338709677419355,0.13709677419354838,0.9959677419354839,2.69279794684236,False,0.503145851973386,3.4835726330566104,0.6383329819727805,0.06036335898534162,9.80489537302492
32,mt-bench,Qwen/Qwen3-4B,mgoin/Qwen3-4B-speculator.dflash2,0.0,8,dflash2_pairwise_k16_tb8,8,85,1100,37.63184600393288,14.540749345456293,68.77224661825844,15.994824280001922,281,3.911032028469751,2.911032028469751,3.911032028469751,0.11387900355871886,1,2.499108583086228,False,0.564253228934831,3.9427533289635903,0.2783904320021975,0.0680670970614301,11.096020946002682
32,mt-bench,Qwen/Qwen3-4B,mgoin/Qwen3-4B-speculator.dflash2,0.0,8,dflash2_pairwise_k16_tb16,16,85,974,38.48504499910632,13.390484294661135,74.67989790322265,13.042331702999945,229,4.248908296943231,3.2489082969432315,4.248908296943231,0.13537117903930132,1,2.7137862002663944,False,0.46231554496625904,3.2187250489587313,0.2926516150837415,0.05584269395330921,8.97504464595113
32,mt-bench,Qwen/Qwen3-4B,mgoin/Qwen3-4B-speculator.dflash2,0.0,8,dflash2_pairwise_k16_tb32,32,85,1113,38.515427004313096,12.290215179692224,81.36554042213623,13.679009494997445,238,4.6722689075630255,3.676470588235294,4.6722689075630255,0.21008403361344538,0.9957983193277311,2.956735172039948,False,0.4815978080223431,3.3499163440210395,0.4381570889527211,0.06042867498763371,9.308502917010628
32,mt-bench,Qwen/Qwen3-4B,mgoin/Qwen3-4B-speculator.dflash2,0.0,8,dflash2_pairwise_k16_tb64,64,85,1150,37.960954003210645,12.4934177495648,80.04214859739515,14.367430411999521,242,4.74793388429752,3.7479338842975207,4.74793388429752,0.19008264462809918,1,2.9086445536491494,False,0.49630944005184574,3.424392644970794,0.722394430085842,0.06151924792357022,9.619235808997473
33,mt-bench,Qwen/Qwen3-4B,mgoin/Qwen3-4B-speculator.dflash2,0.0,8,baseline,,1146,977,67.84242900175741,36.32366055271008,27.530264978356946,35.48821635999775,976,1,,,,,1.0,True,0.24735143000725657,0.0,0.0,0.0,35.07757193992438
33,mt-bench,Qwen/Qwen3-4B,mgoin/Qwen3-4B-speculator.dflash2,0.0,8,dflash2,,1009,921,58.695086001534946,15.720089924002298,63.61286766388944,14.478202820006116,270,3.4074074074074074,2.411111111111111,3.4074074074074074,0.1,0.9962962962962963,2.3106522118075876,,0.17321120906854048,3.392496081061836,0.0,0.0,10.872553726963815
33,mt-bench,Qwen/Qwen3-4B,mgoin/Qwen3-4B-speculator.dflash2,0.0,8,dflash2_unary_k16_tb8,8,990,883,58.37897000310477,15.732273253680644,63.56360481890594,13.891597283000008,245,3.6,2.6,3.6,0.07346938775510205,1,2.308862804948546,,0.4924290280614514,3.4346034000554937,0.19096351298503578,0.05917602898989571,9.675029562058626
33,mt-bench,Qwen/Qwen3-4B,mgoin/Qwen3-4B-speculator.dflash2,0.0,8,dflash2_unary_k16_tb16,16,1197,1009,69.08914900122909,14.095484514371318,70.94470565949194,14.22234387500066,250,4.032,3.036,4.032,0.108,0.996,2.5769714063873153,,0.5066840790095739,3.5161926049768226,0.2634537140620523,0.061182442943390924,9.834018402012589
33,mt-bench,Qwen/Qwen3-4B,mgoin/Qwen3-4B-speculator.dflash2,0.0,8,dflash2_unary_k16_tb32,32,1204,976,69.31673399958527,13.284909084013336,75.27337926635646,12.966071265997016,227,4.295154185022026,3.299559471365639,4.295154185022026,0.15859030837004406,0.9955947136563876,2.734204677126537,,0.4596767699695192,3.190836692956509,0.35467916597553995,0.05533761595870601,8.867222549029975
33,mt-bench,Qwen/Qwen3-4B,mgoin/Qwen3-4B-speculator.dflash2,0.0,8,dflash2_unary_k16_tb64,64,1186,958,69.02257500041742,12.74620342798218,78.45473404297515,12.210862884006929,210,4.557142857142857,3.5619047619047617,4.557142857142857,0.12857142857142856,0.9952380952380953,2.8497631281301765,,0.42231762396841077,2.9304562519901083,0.5301530500073568,0.0500752680527512,8.239800540948636
33,mt-bench,Qwen/Qwen3-4B,mgoin/Qwen3-4B-speculator.dflash2,0.0,8,dflash2_pairwise_k16_tb8,8,1209,903,69.28432299901033,14.212287891473931,70.36164814814286,12.83369596600096,227,3.973568281938326,2.9779735682819384,3.973568281938326,0.09691629955947137,0.9955947136563876,2.5557926232623633,,0.4552194630232407,3.1666824500643997,0.21824717788695125,0.055109172986703925,8.901885822000622
33,mt-bench,Qwen/Qwen3-4B,mgoin/Qwen3-4B-speculator.dflash2,0.0,8,dflash2_pairwise_k16_tb16,16,1083,1122,66.49699799891096,14.059227904638027,71.12766126154823,15.774453709003867,277,4.046931407942238,3.050541516245487,4.046931407942238,0.12274368231046931,0.9963898916967509,2.583617023572624,,0.5593338450125884,3.8938779859163333,0.3501223630228196,0.06756670604954707,10.85789730999386
33,mt-bench,Qwen/Qwen3-4B,mgoin/Qwen3-4B-speculator.dflash2,0.0,8,dflash2_pairwise_k16_tb32,32,1222,952,69.61433999822475,12.869455383400489,77.70336585414779,12.251721524997265,212,4.485849056603773,3.490566037735849,4.485849056603773,0.16981132075471697,0.9952830188679245,2.8224706850891077,,0.43346920300245984,2.9986101780159515,0.39388957593473606,0.053427954990183935,8.33601182502025
33,mt-bench,Qwen/Qwen3-4B,mgoin/Qwen3-4B-speculator.dflash2,0.0,8,dflash2_pairwise_k16_tb64,64,1259,848,70.33304600190604,12.542260985853472,79.73044103674042,10.635837316003744,179,4.731843575418995,3.7374301675977653,4.731843575418995,0.18435754189944134,0.994413407821229,2.8961014759364248,,0.36878207403060514,2.5362194340559654,0.5317444049724145,0.04572581996762892,7.121315279015107
34,mt-bench,Qwen/Qwen3-4B,mgoin/Qwen3-4B-speculator.dflash2,0.0,8,baseline,,52,141,38.953488001425285,36.27306755319657,27.56866367955899,5.114502525000717,140,1,,,,,1.0,True,0.03632493600161979,0.0,0.0,0.0,5.0541460700915195
34,mt-bench,Qwen/Qwen3-4B,mgoin/Qwen3-4B-speculator.dflash2,0.0,8,dflash2,,52,134,37.48718399583595,25.07125040297544,39.88632333556529,3.359547553998709,62,2.1451612903225805,1.1451612903225807,2.1451612903225805,0,1,1.4467993007996005,False,0.04267644203355303,0.77902213800553,0.0,0.0,2.5285413230376435
34,mt-bench,Qwen/Qwen3-4B,mgoin/Qwen3-4B-speculator.dflash2,0.0,8,dflash2_unary_k16_tb8,8,52,137,38.27986000396777,23.961312591255876,41.73394075101406,3.282699825002055,58,2.3448275862068964,1.3448275862068966,2.3448275862068964,0,1,1.5138180521226363,False,0.11621305796143133,0.8024036759888986,0.04703023896581726,0.014124338966212235,2.293500233994564
34,mt-bench,Qwen/Qwen3-4B,mgoin/Qwen3-4B-speculator.dflash2,0.0,8,dflash2_unary_k16_tb16,16,52,148,37.366780001320876,20.868407668908855,47.91932455344289,3.0885243349985103,54,2.7222222222222223,1.7222222222222223,2.7222222222222223,0,1,1.7381808966305852,False,0.10968987700471189,0.7541806919762166,0.06062534399825381,0.013623958991956897,2.141470645998197
34,mt-bench,Qwen/Qwen3-4B,mgoin/Qwen3-4B-speculator.dflash2,0.0,8,dflash2_unary_k16_tb32,32,52,137,37.34826899744803,20.3998992408636,49.01984996067395,2.794786195998313,49,2.7755102040816326,1.7755102040816326,2.7755102040816326,0,1,1.7781003290710864,False,0.09815965598681942,0.6775340899985167,0.07942407097289106,0.012010575970634818,1.919394194985216
34,mt-bench,Qwen/Qwen3-4B,mgoin/Qwen3-4B-speculator.dflash2,0.0,8,dflash2_unary_k16_tb64,64,52,136,37.6333460008027,19.510350176460634,51.254846322876695,2.653407623998646,45,3,2,3,0,1,1.8591705030984154,False,0.09167918098683003,0.6245816849914263,0.12409664498409256,0.011257603036938235,1.7937916480295826
34,mt-bench,Qwen/Qwen3-4B,mgoin/Qwen3-4B-speculator.dflash2,0.0,8,dflash2_pairwise_k16_tb8,8,52,136,37.48680399439763,22.174926852986733,45.09597739057752,3.0157900520061958,53,2.547169811320755,1.5471698113207548,2.547169811320755,0,1,1.6357694342658435,False,0.10642676100542303,0.7353946980147157,0.05330004701681901,0.012929417986015324,2.0991853090527
34,mt-bench,Qwen/Qwen3-4B,mgoin/Qwen3-4B-speculator.dflash2,0.0,8,dflash2_pairwise_k16_tb16,16,52,136,37.366220996773336,20.56172656616314,48.63404815652122,2.7963948129981873,49,2.7551020408163267,1.7755102040816326,2.7551020408163267,0,0.9795918367346939,1.7641061141669094,False,0.09879530598118436,0.6806226409680676,0.06377594798686914,0.01216077202843735,1.9330050009812112
34,mt-bench,Qwen/Qwen3-4B,mgoin/Qwen3-4B-speculator.dflash2,0.0,8,dflash2_pairwise_k16_tb32,32,52,137,37.45053199963877,19.70555979562422,50.74709931468469,2.699661692000518,47,2.893617021276596,1.8936170212765957,2.893617021276596,0,1,1.840752961570333,False,0.09493504398415098,0.6520656909851823,0.08814314098708564,0.011616048970608972,1.8449368929650518
34,mt-bench,Qwen/Qwen3-4B,mgoin/Qwen3-4B-speculator.dflash2,0.0,8,dflash2_pairwise_k16_tb64,64,52,141,37.43875100190053,16.804558184416468,59.50766387463489,2.369442704002722,40,3.5,2.525,3.5,0,0.975,2.1585255116575466,True,0.08177654498285847,0.5549312420043861,0.12065342098503606,0.009962630007066764,1.5949895969897625
35,mt-bench,Qwen/Qwen3-4B,mgoin/Qwen3-4B-speculator.dflash2,0.0,8,baseline,,219,212,36.945441002899315,36.33798991510082,27.51940881530253,7.703653862001374,211,1,,,,,1.0,True,0.0537365149721154,0.0,0.0,0.0,7.61425444897759
35,mt-bench,Qwen/Qwen3-4B,mgoin/Qwen3-4B-speculator.dflash2,0.0,8,dflash2,,212,381,37.03752199362498,25.340441188965514,39.46261205726164,9.654708092995861,178,2.134831460674157,1.1404494382022472,2.134831460674157,0.0056179775280898875,0.9943820224719101,1.4339919989603096,,0.12224255201726919,2.257745963986963,0.0,0.0,7.247884096032067
35,mt-bench,Qwen/Qwen3-4B,mgoin/Qwen3-4B-speculator.dflash2,0.0,8,dflash2_unary_k16_tb8,8,215,292,37.75842000322882,21.72250332876825,46.035209886498095,6.34297097200033,113,2.575221238938053,1.575221238938053,2.575221238938053,0,1,1.6728269925951174,,0.22770777401456144,1.5835353140282677,0.08968077100871596,0.02792678199330112,4.395710883974971
35,mt-bench,Qwen/Qwen3-4B,mgoin/Qwen3-4B-speculator.dflash2,0.0,8,dflash2_unary_k16_tb16,16,226,347,37.3698589974083,19.30499610087082,51.80006226237422,6.698833647002174,118,2.9322033898305087,1.9322033898305084,2.9322033898305087,0,1,1.882310140091749,,0.23727805801900104,1.6485543160015368,0.12478493299568072,0.028562242972839158,4.640324460997363
35,mt-bench,Qwen/Qwen3-4B,mgoin/Qwen3-4B-speculator.dflash2,0.0,8,dflash2_unary_k16_tb32,32,215,367,37.037623005744535,18.20191286646774,54.93928068638534,6.680102021993661,118,3.1016949152542375,2.1016949152542375,3.1016949152542375,0,1,1.9963830275247638,,0.24083633902773727,1.6575226810382446,0.19223099096416263,0.02930181000556331,4.54020574005699
35,mt-bench,Qwen/Qwen3-4B,mgoin/Qwen3-4B-speculator.dflash2,0.0,8,dflash2_unary_k16_tb64,64,214,281,37.286708000465296,17.890035576518297,55.89703808708786,5.027099997001641,85,3.2941176470588234,2.2941176470588234,3.2941176470588234,0,1,2.031186006292605,,0.1738734929531347,1.1939665200115996,0.23277519101975486,0.021512107974558603,3.3897017810377292
35,mt-bench,Qwen/Qwen3-4B,mgoin/Qwen3-4B-speculator.dflash2,0.0,8,dflash2_pairwise_k16_tb8,8,214,295,37.602714997774456,20.736968715258843,48.22305582513475,6.1174057710013585,107,2.7476635514018692,1.7570093457943925,2.7476635514018692,0,0.9906542056074766,1.7523289162490905,,0.21658122498047305,1.5013434279971989,0.10894978801661637,0.026588910979626235,4.246604113970534
35,mt-bench,Qwen/Qwen3-4B,mgoin/Qwen3-4B-speculator.dflash2,0.0,8,dflash2_pairwise_k16_tb16,16,214,281,38.26089199719718,19.181909355874758,52.13245362843582,5.390116529000807,94,2.978723404255319,1.9787234042553192,2.978723404255319,0,1,1.894388574199562,,0.19135215495771263,1.3210290160423028,0.12386894605879206,0.023453470013919286,3.715013258057297
35,mt-bench,Qwen/Qwen3-4B,mgoin/Qwen3-4B-speculator.dflash2,0.0,8,dflash2_pairwise_k16_tb32,32,215,316,37.23460600303952,16.837171541150774,59.39239839399134,5.320546207003645,93,3.3870967741935485,2.3978494623655915,3.3870967741935485,0.010752688172043012,0.989247311827957,2.1582003738745077,,0.19114390297909267,1.3134832310170168,0.1803340779733844,0.023573936938191764,3.5960096399794566
35,mt-bench,Qwen/Qwen3-4B,mgoin/Qwen3-4B-speculator.dflash2,0.0,8,dflash2_pairwise_k16_tb64,64,219,328,38.46131400496233,18.896455844497257,52.91997654106154,6.1980375169951,103,3.174757281553398,2.174757281553398,3.174757281553398,0.02912621359223301,1,1.9230055738564662,,0.21447061702929204,1.4678988509622286,0.32736996100720717,0.027076238984591328,4.1422950179476175
36,mt-bench,Qwen/Qwen3-4B,mgoin/Qwen3-4B-speculator.dflash2,0.0,8,baseline,,52,51,38.96804800024256,35.82179674512921,27.915964325155542,1.8269116340015898,50,1,,,,,1.0,True,0.013516062972485088,0.0,0.0,0.0,1.804391249017499
36,mt-bench,Qwen/Qwen3-4B,mgoin/Qwen3-4B-speculator.dflash2,0.0,8,dflash2,,52,72,37.452971999300644,29.64096827771654,33.73708951174106,2.1341497159955907,39,1.8205128205128205,0.8461538461538461,1.8205128205128205,0,0.9743589743589743,1.2085231632618187,False,0.027975818025879562,0.4901069260376971,0.0,0.0,1.6101587750163162
36,mt-bench,Qwen/Qwen3-4B,mgoin/Qwen3-4B-speculator.dflash2,0.0,8,dflash2_unary_k16_tb8,8,52,51,37.84357199765509,26.888183039166808,37.19105893259299,1.3712973349975073,24,2.0833333333333335,1.0833333333333333,2.0833333333333335,0,1,1.3322505538194682,True,0.04910559400013881,0.3288476359884953,0.020911899984639604,0.006222325027920306,0.9623052999813808
36,mt-bench,Qwen/Qwen3-4B,mgoin/Qwen3-4B-speculator.dflash2,0.0,8,dflash2_unary_k16_tb16,16,52,51,37.55608499341179,23.412406843157903,42.712396324696634,1.1940327490010532,21,2.380952380952381,1.380952380952381,2.380952380952381,0,1,1.5300347796406868,True,0.042976868971891236,0.28523860999848694,0.023769577994244173,0.005320634998497553,0.8332623240130488
36,mt-bench,Qwen/Qwen3-4B,mgoin/Qwen3-4B-speculator.dflash2,0.0,8,dflash2_unary_k16_tb32,32,52,51,38.22157000104198,21.30392988228956,46.93969636237503,1.0865004239967675,19,2.6315789473684212,1.6842105263157894,2.6315789473684212,0,0.9473684210526315,1.6814642623710794,True,0.03879279398097424,0.25689470098586753,0.03236382201430388,0.004858499982219655,0.7503503269836074
36,mt-bench,Qwen/Qwen3-4B,mgoin/Qwen3-4B-speculator.dflash2,0.0,8,dflash2_unary_k16_tb64,64,52,51,37.84433999680914,20.828407254942015,48.011352368901235,1.0622487700020429,18,2.7777777777777777,1.8333333333333333,2.7777777777777777,0,0.9444444444444444,1.7198529060175578,True,0.037154682984692045,0.24322565000329632,0.05109498898673337,0.004661330000089947,0.7228881070186617
36,mt-bench,Qwen/Qwen3-4B,mgoin/Qwen3-4B-speculator.dflash2,0.0,8,dflash2_pairwise_k16_tb8,8,52,79,38.16795800230466,27.090827050645355,36.91286346225366,2.140175337000983,37,2.108108108108108,1.135135135135135,2.108108108108108,0,0.972972972972973,1.3222850922255571,False,0.07639926701085642,0.5168765220150817,0.04136866501357872,0.009710950020235032,1.4895722460059915
36,mt-bench,Qwen/Qwen3-4B,mgoin/Qwen3-4B-speculator.dflash2,0.0,8,dflash2_pairwise_k16_tb16,16,52,90,38.072996998380404,24.335022666653256,41.093037540923234,2.190152039998793,38,2.3421052631578947,1.368421052631579,2.3421052631578947,0,0.9736842105263158,1.4720264384309163,False,0.07791277801879914,0.5297447910052142,0.052909829981217626,0.009809318980842363,1.5133789769679424
36,mt-bench,Qwen/Qwen3-4B,mgoin/Qwen3-4B-speculator.dflash2,0.0,8,dflash2_pairwise_k16_tb32,32,52,77,37.80142000323394,22.289659973939234,44.86385172179326,1.716303817993321,30,2.533333333333333,1.5666666666666667,2.533333333333333,0,0.9666666666666667,1.6071037775816932,False,0.06056022700795438,0.4099902659872896,0.056112229998689145,0.007375582019449212,1.177163293985359
36,mt-bench,Qwen/Qwen3-4B,mgoin/Qwen3-4B-speculator.dflash2,0.0,8,dflash2_pairwise_k16_tb64,64,52,72,38.01575500256149,20.524525333409354,48.72219862606142,1.4777658240054734,25,2.84,1.88,2.84,0,0.96,1.7453166961585858,False,0.05118273200787371,0.34148957701108884,0.07663832802063553,0.00640738800575491,0.9975490529832314
37,mt-bench,Qwen/Qwen3-4B,mgoin/Qwen3-4B-speculator.dflash2,0.0,8,baseline,,120,78,38.11625700473087,36.20721844876803,27.61880207436994,2.8241630390039063,77,1,,,,,1.0,True,0.02042842200899031,0.0,0.0,0.0,2.790189557999838
37,mt-bench,Qwen/Qwen3-4B,mgoin/Qwen3-4B-speculator.dflash2,0.0,8,dflash2,,141,85,37.466542002221104,30.802665470572027,32.46472292975331,2.618226564998622,48,1.75,0.7708333333333334,1.75,0,0.9791666666666666,1.1754573149963063,,0.033965264992730226,0.6061247960096807,0.0,0.0,1.9708656160146347
37,mt-bench,Qwen/Qwen3-4B,mgoin/Qwen3-4B-speculator.dflash2,0.0,8,dflash2_unary_k16_tb8,8,120,80,37.88726300263079,27.28777978754806,36.64644056004583,2.183022383003845,38,2.0789473684210527,1.105263157894737,2.0789473684210527,0,0.9736842105263158,1.3268656787273723,,0.07813535298919305,0.5317957690058392,0.03190519400232006,0.009877293021418154,1.525042584980838
37,mt-bench,Qwen/Qwen3-4B,mgoin/Qwen3-4B-speculator.dflash2,0.0,8,dflash2_unary_k16_tb16,16,120,81,38.43962500104681,25.39478171604936,39.37816875850544,2.056977318999998,36,2.2222222222222223,1.25,2.2222222222222223,0,0.9722222222222222,1.425773958351659,,0.07341333899239544,0.49926605001382995,0.03972495703055756,0.009098783004446886,1.4294567119941348
37,mt-bench,Qwen/Qwen3-4B,mgoin/Qwen3-4B-speculator.dflash2,0.0,8,dflash2_unary_k16_tb32,32,120,80,37.75309900083812,23.027509487474163,43.42632018212612,1.842200758997933,32,2.46875,1.5,2.46875,0,0.96875,1.5723462612603842,,0.06532059699384263,0.44338039200374624,0.05317561599804321,0.008137874006933998,1.2667781500204
37,mt-bench,Qwen/Qwen3-4B,mgoin/Qwen3-4B-speculator.dflash2,0.0,8,dflash2_unary_k16_tb64,64,120,78,37.21181600121781,21.983101807657082,45.48948591284253,1.7146819409972525,29,2.6551724137931036,1.6896551724137931,2.6551724137931036,0,0.9655172413793104,1.6470477535684456,,0.05973017098585842,0.4000101770143374,0.08033369199256413,0.0073767969879554585,1.1620364339760272
37,mt-bench,Qwen/Qwen3-4B,mgoin/Qwen3-4B-speculator.dflash2,0.0,8,dflash2_pairwise_k16_tb8,8,148,91,38.12804700282868,21.97595031867712,45.504289257066205,1.999811478999618,35,2.5714285714285716,1.6,2.5714285714285716,0,0.9714285714285714,1.6475837414865244,,0.0713921850110637,0.4836713690237957,0.03645775699260412,0.008677652978803962,1.393935837004392
37,mt-bench,Qwen/Qwen3-4B,mgoin/Qwen3-4B-speculator.dflash2,0.0,8,dflash2_pairwise_k16_tb16,16,159,127,38.15937900071731,20.492136771696725,48.79920581933541,2.602501370005484,46,2.739130434782609,1.7391304347826086,2.739130434782609,0.021739130434782608,1,1.7668835052270693,,0.09430316599173239,0.6418463060108479,0.062323642006958835,0.011536638994584791,1.784920904035971
37,mt-bench,Qwen/Qwen3-4B,mgoin/Qwen3-4B-speculator.dflash2,0.0,8,dflash2_pairwise_k16_tb32,32,146,77,38.599728999543004,23.280762259768288,42.95392001524408,1.792618694002158,31,2.4516129032258065,1.4838709677419355,2.4516129032258065,0,0.967741935483871,1.5552419652228517,,0.06342369499179767,0.4290505879907869,0.060262532977503724,0.007928322018415201,1.22670687000209
37,mt-bench,Qwen/Qwen3-4B,mgoin/Qwen3-4B-speculator.dflash2,0.0,8,dflash2_pairwise_k16_tb64,64,141,84,37.96121400228003,21.809164773783,45.85228322003919,1.8319698409977718,31,2.6774193548387095,1.7096774193548387,2.6774193548387095,0,0.967741935483871,1.6601836349227397,,0.06317836601374438,0.42618336697341874,0.09344517997669755,0.007815138000296429,1.2359163490109495
38,mt-bench,Qwen/Qwen3-4B,mgoin/Qwen3-4B-speculator.dflash2,0.0,8,baseline,,63,414,38.8695759975235,36.41947074395386,27.457839984289556,15.077660887996897,413,1,,,,,1.0,True,0.10202866800682386,0.0,0.0,0.0,14.907602494982712
38,mt-bench,Qwen/Qwen3-4B,mgoin/Qwen3-4B-speculator.dflash2,0.0,8,dflash2,,63,376,37.69371700036572,26.96292264892613,37.087967540485735,10.138058915996226,187,2.0053475935828877,1.0106951871657754,2.0053475935828877,0,0.9946524064171123,1.3507241487934305,False,0.12253574400529033,2.3719473690507584,0.0,0.0,7.61586711693235
38,mt-bench,Qwen/Qwen3-4B,mgoin/Qwen3-4B-speculator.dflash2,0.0,8,dflash2_unary_k16_tb8,8,63,352,37.462501997652,23.365309059644545,42.798492305293436,8.224588788994879,147,2.3877551020408165,1.3877551020408163,2.3877551020408165,0,1,1.5586984383979687,False,0.29274288999295095,2.0591947450084263,0.10919387703324901,0.03453762296703644,5.705491557964706
38,mt-bench,Qwen/Qwen3-4B,mgoin/Qwen3-4B-speculator.dflash2,0.0,8,dflash2_unary_k16_tb16,16,63,414,37.51716300030239,22.063148852658053,45.324446056099795,9.134143625000434,163,2.5337423312883436,1.5337423312883436,2.5337423312883436,0,1,1.6506923371260414,False,0.3250050159986131,2.287825210005394,0.16475527096918086,0.038812520004285034,6.2911974439557525
38,mt-bench,Qwen/Qwen3-4B,mgoin/Qwen3-4B-speculator.dflash2,0.0,8,dflash2_unary_k16_tb32,32,63,349,37.43263099750038,19.40017045845553,51.545938843241025,6.77065949000098,120,2.9,1.9,2.9,0,1,1.8772758116710513,False,0.2397928110367502,1.6834597470224253,0.1846756140294019,0.028299316050834022,4.613917493967165
38,mt-bench,Qwen/Qwen3-4B,mgoin/Qwen3-4B-speculator.dflash2,0.0,8,dflash2_unary_k16_tb64,64,63,412,37.39506100100698,19.15109520874484,52.21633484143384,7.890251226002874,136,3.0220588235294117,2.0220588235294117,3.0220588235294117,0,1,1.9016912791140985,False,0.27358629203081364,1.9105802630001563,0.35180605201458093,0.03213231900008395,5.298574147018371
38,mt-bench,Qwen/Qwen3-4B,mgoin/Qwen3-4B-speculator.dflash2,0.0,8,dflash2_pairwise_k16_tb8,8,63,419,37.32863000186626,22.538626326978353,44.36827628678581,9.44368443100393,169,2.473372781065089,1.4792899408284024,2.473372781065089,0,0.9940828402366864,1.6158691401862575,False,0.3355116880047717,2.362180695083225,0.15625939905294217,0.03947322806197917,6.523384840984363
38,mt-bench,Qwen/Qwen3-4B,mgoin/Qwen3-4B-speculator.dflash2,0.0,8,dflash2_pairwise_k16_tb16,16,63,386,36.89793899684446,20.139846370464678,49.65281172484571,7.773980698999366,140,2.75,1.7571428571428571,2.75,0,0.9928571428571429,1.8083291239680677,False,0.27638286400178913,1.9420426770084305,0.1679751309711719,0.032565509995038155,5.332535076056956
38,mt-bench,Qwen/Qwen3-4B,mgoin/Qwen3-4B-speculator.dflash2,0.0,8,dflash2_pairwise_k16_tb32,32,63,391,37.28144900378538,18.343179636844642,54.51617548308643,7.172183238006254,128,3.046875,2.046875,3.046875,0,1,1.9854502580785207,False,0.2538290510274237,1.7789339420342003,0.2237193689943524,0.02999835502851056,4.864628690993413
38,mt-bench,Qwen/Qwen3-4B,mgoin/Qwen3-4B-speculator.dflash2,0.0,8,dflash2_pairwise_k16_tb64,64,63,382,37.27675899426686,17.65270302093424,56.6485483166009,6.743332553996879,117,3.2564102564102564,2.264957264957265,3.2564102564102564,0,0.9914529914529915,2.0631101481039034,False,0.2331818159800605,1.624341397000535,0.3337271360505838,0.027529165061423555,4.504309973046475
39,mt-bench,Qwen/Qwen3-4B,mgoin/Qwen3-4B-speculator.dflash2,0.0,8,baseline,,506,514,37.36765000212472,36.17378227042788,27.644330706814188,18.593324086999928,513,1,,,,,1.0,True,0.12702893897949252,0.0,0.0,0.0,18.38190306402248
39,mt-bench,Qwen/Qwen3-4B,mgoin/Qwen3-4B-speculator.dflash2,0.0,8,dflash2,,468,530,37.53866400074912,23.333001050937213,42.857753180439396,12.366490556996721,229,2.3100436681222707,1.3100436681222707,2.3100436681222707,0.017467248908296942,1,1.5503270321489524,,0.15568674005771754,2.892100779026805,0.0,0.0,9.284526291943621
39,mt-bench,Qwen/Qwen3-4B,mgoin/Qwen3-4B-speculator.dflash2,0.0,8,dflash2_unary_k16_tb8,8,444,600,38.08151699922746,19.55635579834052,51.13427114497765,11.733813479004311,205,2.921951219512195,1.9268292682926829,2.921951219512195,0.014634146341463415,0.9951219512195122,1.8497199909554443,,0.4205484259800869,2.906175368989352,0.16829282797698397,0.0518829499851563,8.153143389004981
39,mt-bench,Qwen/Qwen3-4B,mgoin/Qwen3-4B-speculator.dflash2,0.0,8,dflash2_unary_k16_tb16,16,506,665,38.22836900508264,19.703636243606784,50.75205346040982,13.102918101998512,230,2.8869565217391306,1.891304347826087,2.8869565217391306,0.004347826086956522,0.9956521739130435,1.8358937316539805,,0.4671179500146536,3.2429539439981454,0.24716790198726812,0.056993393976881634,9.050592189931194
39,mt-bench,Qwen/Qwen3-4B,mgoin/Qwen3-4B-speculator.dflash2,0.0,8,dflash2_unary_k16_tb32,32,441,504,37.77824000280816,18.46821907142767,54.14707266209052,9.307982411999546,163,3.085889570552147,2.0920245398773005,3.085889570552147,0.012269938650306749,0.9938650306748467,1.9587044170595,,0.328863123053452,2.2861898970222683,0.2595103339481284,0.03982793902832782,6.366325700015295
39,mt-bench,Qwen/Qwen3-4B,mgoin/Qwen3-4B-speculator.dflash2,0.0,8,dflash2_unary_k16_tb64,64,504,497,39.069769001798704,17.300960718298292,57.800258395035485,8.598577476994251,146,3.3972602739726026,2.404109589041096,3.3972602739726026,0.02054794520547945,0.9931506849315068,2.0908539623564844,,0.29784161099087214,2.056930262973765,0.3901222360000247,0.03595337692240719,5.792073293050635
39,mt-bench,Qwen/Qwen3-4B,mgoin/Qwen3-4B-speculator.dflash2,0.0,8,dflash2_pairwise_k16_tb8,8,511,507,37.4681619941839,20.097146998024687,49.75830649486159,10.189253527998517,183,2.7650273224043715,1.7704918032786885,2.7650273224043715,0,0.994535519125683,1.7999461452903407,,0.365234175020305,2.5513813580109854,0.1719250859459862,0.0432471949752653,7.028464129005442
39,mt-bench,Qwen/Qwen3-4B,mgoin/Qwen3-4B-speculator.dflash2,0.0,8,dflash2_pairwise_k16_tb16,16,478,448,37.27071699540829,17.889218647318167,55.89959068167091,8.01436995399854,142,3.147887323943662,2.147887323943662,3.147887323943662,0.007042253521126761,1,2.0220996223248022,,0.2831640589865856,1.974612553967745,0.17126359500252875,0.033200504978594836,5.529376870930719
39,mt-bench,Qwen/Qwen3-4B,mgoin/Qwen3-4B-speculator.dflash2,0.0,8,dflash2_pairwise_k16_tb32,32,483,508,37.33278899744619,16.661174761815,60.0197773743935,8.463876779002021,149,3.402684563758389,2.4093959731543624,3.402684563758389,0.006711409395973154,0.9932885906040269,2.171142358660864,,0.2970059049621341,2.0720034410696826,0.261340372991981,0.03497714901459403,5.774195424019126
39,mt-bench,Qwen/Qwen3-4B,mgoin/Qwen3-4B-speculator.dflash2,0.0,8,dflash2_pairwise_k16_tb64,64,474,660,37.1428940052283,15.627460887877865,63.989921790538254,10.31412418599939,175,3.7657142857142856,2.7657142857142856,3.7657142857142856,0.017142857142857144,1,2.314757498352639,,0.35550351794518065,2.4578390820897766,0.5161328410031274,0.04300926799623994,6.910841619981511
40,mt-bench,Qwen/Qwen3-4B,mgoin/Qwen3-4B-speculator.dflash2,0.0,8,baseline,,50,106,38.64835100102937,36.2450971415284,27.589938470718955,3.84198029700201,105,1,,,,,1.0,True,0.028696980989479925,0.0,0.0,0.0,3.7945016769808717
40,mt-bench,Qwen/Qwen3-4B,mgoin/Qwen3-4B-speculator.dflash2,0.0,8,dflash2,,50,106,37.432851997436956,16.943025113265183,59.02133729454672,1.7959606620061093,33,3.1818181818181817,2.212121212121212,3.1818181818181817,0.030303030303030304,0.9696969696969697,2.1392341036637585,True,0.023418118988047354,0.41276244999608025,0.0,0.0,1.3547784139664145
40,mt-bench,Qwen/Qwen3-4B,mgoin/Qwen3-4B-speculator.dflash2,0.0,8,dflash2_unary_k16_tb8,8,50,106,37.8908419952495,16.800037169851525,59.52367782819839,1.7808039400042617,31,3.3870967741935485,2.4193548387096775,3.3870967741935485,0.06451612903225806,0.967741935483871,2.1574414851040906,True,0.06429929601290496,0.43110510800761404,0.02694601398980012,0.008037017993046902,1.2451979600082268
40,mt-bench,Qwen/Qwen3-4B,mgoin/Qwen3-4B-speculator.dflash2,0.0,8,dflash2_unary_k16_tb16,16,50,106,38.85268499288941,16.221715396208104,61.645761596443386,1.7195018319980593,30,3.5,2.533333333333333,3.5,0.03333333333333333,0.9666666666666667,2.234356617426591,True,0.061820438990253024,0.41590993798308773,0.03438492298300844,0.0077087149693397805,1.194618992994947
40,mt-bench,Qwen/Qwen3-4B,mgoin/Qwen3-4B-speculator.dflash2,0.0,8,dflash2_unary_k16_tb32,32,50,106,37.739717998192646,14.068910650956171,71.07870856597107,1.4913045290013542,26,4.038461538461538,3.076923076923077,4.038461538461538,0.038461538461538464,0.9615384615384616,2.5762546966680078,True,0.05324461299460381,0.35707835802895715,0.04309555097279372,0.006643541004450526,1.0269070739668678
40,mt-bench,Qwen/Qwen3-4B,mgoin/Qwen3-4B-speculator.dflash2,0.0,8,dflash2_unary_k16_tb64,64,50,106,37.79723099432886,14.061755018873264,71.11487852389907,1.490546032000566,25,4.2,3.24,4.2,0.08,0.96,2.577565680306713,True,0.05212945698440308,0.3473403519965359,0.07071568198443856,0.006584991002455354,1.0091828469958273
40,mt-bench,Qwen/Qwen3-4B,mgoin/Qwen3-4B-speculator.dflash2,0.0,8,dflash2_pairwise_k16_tb8,8,50,106,37.88256199914031,15.771121509389113,63.407031605498965,1.671738879995246,29,3.6206896551724137,2.6206896551724137,3.6206896551724137,0.034482758620689655,1,2.298194019997271,True,0.059932767995633185,0.4027474240210722,0.03166084699478233,0.007521271014411468,1.1651402640054584
40,mt-bench,Qwen/Qwen3-4B,mgoin/Qwen3-4B-speculator.dflash2,0.0,8,dflash2_pairwise_k16_tb16,16,50,106,38.27473099954659,14.64623796229442,68.27691879473902,1.5525012240032083,27,3.888888888888889,2.925925925925926,3.888888888888889,0.037037037037037035,0.9629629629629629,2.4747035542395617,True,0.05550378500629449,0.37299342199548846,0.03686592698795721,0.006955837976420298,1.0756980509977438
40,mt-bench,Qwen/Qwen3-4B,mgoin/Qwen3-4B-speculator.dflash2,0.0,8,dflash2_pairwise_k16_tb32,32,50,106,37.59319499658886,13.054778830165851,76.60030192846213,1.3838065559975803,24,4.375,3.375,4.375,0.08333333333333333,1,2.776385384467515,True,0.04919951000192668,0.32904840899573173,0.04595266700198408,0.006151979025162291,0.9492992039886303
40,mt-bench,Qwen/Qwen3-4B,mgoin/Qwen3-4B-speculator.dflash2,0.0,8,dflash2_pairwise_k16_tb64,64,50,106,38.29696200409671,11.890137575460788,84.10331618566207,1.2603545829988434,21,5,4.0476190476190474,5,0.14285714285714285,0.9523809523809523,3.0483328650739994,True,0.04440098399936687,0.29063399601727724,0.06635356500191847,0.005618301009235438,0.8493841039962717
41,mt-bench,Qwen/Qwen3-4B,mgoin/Qwen3-4B-speculator.dflash2,0.0,8,baseline,,189,175,37.93864200270036,36.669601537120926,27.270544485946818,6.417180268996162,174,1,,,,,1.0,True,0.04690933902747929,0.0,0.0,0.0,6.339428778956062
41,mt-bench,Qwen/Qwen3-4B,mgoin/Qwen3-4B-speculator.dflash2,0.0,8,dflash2,,189,175,37.191415001871064,14.629072582881367,68.357033184057,2.560087702004239,47,3.702127659574468,2.723404255319149,3.702127659574468,0.0851063829787234,0.9787234042553191,2.506625169119123,,0.032381594995968044,0.59296502401412,0.0,0.0,1.927723705972312
41,mt-bench,Qwen/Qwen3-4B,mgoin/Qwen3-4B-speculator.dflash2,0.0,8,dflash2_unary_k16_tb8,8,189,173,37.75657000369392,15.536122971111398,64.3661228647229,2.6877492740022717,47,3.6595744680851063,2.6808510638297873,3.6595744680851063,0.06382978723404255,0.9787234042553191,2.360280077938757,,0.09677779099001782,0.6573850260028848,0.03815354500693502,0.011956423986703157,1.8757551450034953
41,mt-bench,Qwen/Qwen3-4B,mgoin/Qwen3-4B-speculator.dflash2,0.0,8,dflash2_unary_k16_tb16,16,189,232,38.15814900008263,14.305396711216448,69.90368880968738,3.318852037002216,58,3.9827586206896552,2.9827586206896552,3.9827586206896552,0.08620689655172414,1,2.5633404146261354,,0.1184651689909515,0.8122475599811878,0.06291390002297703,0.014572384017810691,2.301007865011343
41,mt-bench,Qwen/Qwen3-4B,mgoin/Qwen3-4B-speculator.dflash2,0.0,8,dflash2_unary_k16_tb32,32,189,231,37.459142004081514,13.773047580062189,72.60557216455102,3.181573990994366,55,4.181818181818182,3.1818181818181817,4.181818181818182,0.12727272727272726,1,2.6624174006487644,,0.11349830599647248,0.7731821710258373,0.09073472800810123,0.0141098439853522,2.1806411079815007
41,mt-bench,Qwen/Qwen3-4B,mgoin/Qwen3-4B-speculator.dflash2,0.0,8,dflash2_unary_k16_tb64,64,189,175,38.59217900026124,12.528738085696075,79.8164981309402,2.192529164996813,37,4.702702702702703,3.72972972972973,4.702702702702703,0.13513513513513514,0.972972972972973,2.9268391825499345,,0.07670290702662896,0.515760175017931,0.09884389001672389,0.009589149005478248,1.484847470987006
41,mt-bench,Qwen/Qwen3-4B,mgoin/Qwen3-4B-speculator.dflash2,0.0,8,dflash2_pairwise_k16_tb8,8,189,175,37.618966001900844,14.411001331463922,69.39143068543568,2.5219252330061863,44,3.9545454545454546,2.977272727272727,3.9545454545454546,0.06818181818181818,0.9772727272727273,2.5445561133256724,,0.09022778300277423,0.6134104550146731,0.0459713430100237,0.011182301968801767,1.7538768420126871
41,mt-bench,Qwen/Qwen3-4B,mgoin/Qwen3-4B-speculator.dflash2,0.0,8,dflash2_pairwise_k16_tb16,16,189,175,37.54381399630802,13.167244891436503,75.94603185745892,2.3042678560013883,40,4.35,3.375,4.35,0.125,0.975,2.7849107265385107,,0.08264265998877818,0.5587143170196214,0.053791748970979825,0.0103590699727647,1.592077896995761
41,mt-bench,Qwen/Qwen3-4B,mgoin/Qwen3-4B-speculator.dflash2,0.0,8,dflash2_pairwise_k16_tb32,32,189,231,37.592715001665056,13.597921380943022,73.54065169118145,3.141119838997838,54,4.2592592592592595,3.2777777777777777,4.2592592592592595,0.14814814814814814,0.9814814814814815,2.6967063942958225,,0.11135069101146655,0.7599494050227804,0.10262978802347789,0.013843714994436596,2.1440909939919948
41,mt-bench,Qwen/Qwen3-4B,mgoin/Qwen3-4B-speculator.dflash2,0.0,8,dflash2_pairwise_k16_tb64,64,189,169,38.012494005670305,11.842074272174253,84.44466543751848,2.001310551997449,34,4.9411764705882355,3.9705882352941178,4.9411764705882355,0.23529411764705882,0.9705882352941176,3.09655223352929,,0.06926602599560283,0.46800290800456423,0.0962894810072612,0.008419781988777686,1.3533541730066645
42,mt-bench,Qwen/Qwen3-4B,mgoin/Qwen3-4B-speculator.dflash2,0.0,8,baseline,,48,129,38.60503900068579,36.024168837191034,27.759141495239962,4.647117779997643,128,1,,,,,1.0,True,0.03270988196163671,0.0,0.0,0.0,4.592843432990776
42,mt-bench,Qwen/Qwen3-4B,mgoin/Qwen3-4B-speculator.dflash2,0.0,8,dflash2,,48,128,37.4376920008217,18.925781250004547,52.83797729616894,2.422500000000582,45,2.8222222222222224,1.8222222222222222,2.8222222222222224,0.06666666666666667,1,1.9034442151328563,False,0.029633878017193638,0.5597729139844887,0.0,0.0,1.8264397699895198
42,mt-bench,Qwen/Qwen3-4B,mgoin/Qwen3-4B-speculator.dflash2,0.0,8,dflash2_unary_k16_tb8,8,48,129,37.11418400052935,18.56886424807166,53.85358989329938,2.3953834880012437,42,3.0476190476190474,2.0714285714285716,3.0476190476190474,0.023809523809523808,0.9761904761904762,1.9400308148050616,True,0.0856750310267671,0.583972854023159,0.034528495016274974,0.010638122017553542,1.6736752649958362
42,mt-bench,Qwen/Qwen3-4B,mgoin/Qwen3-4B-speculator.dflash2,0.0,8,dflash2_unary_k16_tb16,16,48,145,37.325038996641524,16.4794891172466,60.6814927869002,2.389525922000757,42,3.4285714285714284,2.4523809523809526,3.4285714285714284,0,0.9761904761904762,2.1860003414480826,False,0.0851592720428016,0.5821552650231752,0.04452393701649271,0.010331771991332062,1.6604725509751006
42,mt-bench,Qwen/Qwen3-4B,mgoin/Qwen3-4B-speculator.dflash2,0.0,8,dflash2_unary_k16_tb32,32,48,145,37.525104999076575,15.461288917215606,64.67766079233762,2.2418868929962628,39,3.6923076923076925,2.717948717948718,3.6923076923076925,0.05128205128205128,0.9743589743589743,2.3299589723777414,False,0.07974270400154637,0.5426082050253171,0.06355837700539269,0.009851198039541487,1.5394890390016371
42,mt-bench,Qwen/Qwen3-4B,mgoin/Qwen3-4B-speculator.dflash2,0.0,8,dflash2_unary_k16_tb64,64,48,129,37.94223300064914,15.517754379845796,64.44231397932059,2.0017903150001075,34,3.764705882352941,2.7941176470588234,3.764705882352941,0.058823529411764705,0.9705882352941176,2.321480799050321,True,0.06934723396261688,0.46927869501087116,0.09103508899715962,0.008566880991565995,1.3576624819615972
42,mt-bench,Qwen/Qwen3-4B,mgoin/Qwen3-4B-speculator.dflash2,0.0,8,dflash2_pairwise_k16_tb8,8,48,129,37.912993000645656,17.141696217049333,58.337283973413804,2.211278811999364,39,3.282051282051282,2.3076923076923075,3.282051282051282,0.02564102564102564,0.9743589743589743,2.1015521673614175,True,0.07809037298284238,0.535760783990554,0.0383133720170008,0.009416464010428172,1.5435496590071125
42,mt-bench,Qwen/Qwen3-4B,mgoin/Qwen3-4B-speculator.dflash2,0.0,8,dflash2_pairwise_k16_tb16,16,48,129,37.19374499632977,16.07451703101162,62.210267224250586,2.073612697000499,36,3.5555555555555554,2.5833333333333335,3.5555555555555554,0.027777777777777776,0.9722222222222222,2.2410731698931747,True,0.07433338599366834,0.5020337360256235,0.048415974008094054,0.009279709986003581,1.4335315289863502
42,mt-bench,Qwen/Qwen3-4B,mgoin/Qwen3-4B-speculator.dflash2,0.0,8,dflash2_pairwise_k16_tb32,32,48,129,38.39442299795337,13.993957581424041,71.45941340621377,1.8052205280037015,31,4.129032258064516,3.161290322580645,4.129032258064516,0.06451612903225806,0.967741935483871,2.574265973552077,True,0.06449627302208683,0.4331980630304315,0.06067633700877195,0.008131908005452715,1.2333687329737586
42,mt-bench,Qwen/Qwen3-4B,mgoin/Qwen3-4B-speculator.dflash2,0.0,8,dflash2_pairwise_k16_tb64,64,48,129,38.62485900026513,13.89793217828084,71.95315009255565,1.7928332509982283,30,4.266666666666667,3.3,4.266666666666667,0.13333333333333333,0.9666666666666667,2.592052427301972,True,0.06244086799415527,0.4180161509793834,0.0928643830047804,0.007949721992190462,1.2060561849939404
43,mt-bench,Qwen/Qwen3-4B,mgoin/Qwen3-4B-speculator.dflash2,0.0,8,baseline,,204,352,37.86955100076739,36.545757110802285,27.36295753753635,12.864106503002404,351,1,,,,,1.0,True,0.0924280500257737,0.0,0.0,0.0,12.711185282052611
43,mt-bench,Qwen/Qwen3-4B,mgoin/Qwen3-4B-speculator.dflash2,0.0,8,dflash2,,203,400,38.04468599992106,15.051506120016711,66.43853392652308,6.020602448006684,110,3.6272727272727274,2.6363636363636362,3.6272727272727274,0.10909090909090909,0.990909090909091,2.4280465236765094,,0.07637110503856093,1.4067522480909247,0.0,0.0,4.5207758320029825
43,mt-bench,Qwen/Qwen3-4B,mgoin/Qwen3-4B-speculator.dflash2,0.0,8,dflash2_unary_k16_tb8,8,204,352,38.52422600175487,14.841620789783601,67.3780858683818,5.224250518003828,91,3.857142857142857,2.868131868131868,3.857142857142857,0.10989010989010989,0.989010989010989,2.462383160736661,,0.1866665329944226,1.2869813780562254,0.07402187201660126,0.023397197990561835,3.6382554290030384
43,mt-bench,Qwen/Qwen3-4B,mgoin/Qwen3-4B-speculator.dflash2,0.0,8,dflash2_unary_k16_tb16,16,220,377,37.16998500021873,13.173400618053945,75.910543449921,4.966372033006337,86,4.372093023255814,3.383720930232558,4.372093023255814,0.11627906976744186,0.9883720930232558,2.774208283069816,,0.17873409899766557,1.223491639997519,0.09644858404499246,0.022547283049789257,3.430558273954375
43,mt-bench,Qwen/Qwen3-4B,mgoin/Qwen3-4B-speculator.dflash2,0.0,8,dflash2_unary_k16_tb32,32,220,383,38.079556994489394,12.477918595289744,80.14157107720573,4.779042821995972,82,4.658536585365853,3.6707317073170733,4.658536585365853,0.15853658536585366,0.9878048780487805,2.9288343910656573,,0.17132222801592434,1.1697389769615256,0.13788168800238054,0.02160497402655892,3.264087312054471
43,mt-bench,Qwen/Qwen3-4B,mgoin/Qwen3-4B-speculator.dflash2,0.0,8,dflash2_unary_k16_tb64,64,204,529,38.46615600195946,12.536159625713974,79.76924591394126,6.631628442002693,111,4.756756756756757,3.7567567567567566,4.756756756756757,0.16216216216216217,1,2.9152274860827547,,0.23186629600968445,1.5826898750310647,0.30914490496797953,0.02922283003863413,4.458252410055138
43,mt-bench,Qwen/Qwen3-4B,mgoin/Qwen3-4B-speculator.dflash2,0.0,8,dflash2_pairwise_k16_tb8,8,204,353,37.676196996471845,13.923812773371038,71.819408683265,4.915105908999976,85,4.141176470588236,3.152941176470588,4.141176470588236,0.1411764705882353,0.9882352941176471,2.624694665580047,,0.17615291698893998,1.205749941036629,0.09329758602689253,0.022155719008878805,3.403587829983735
43,mt-bench,Qwen/Qwen3-4B,mgoin/Qwen3-4B-speculator.dflash2,0.0,8,dflash2_pairwise_k16_tb16,16,204,347,37.736157995823305,12.152635959660271,82.28667453871095,4.216964678002114,73,4.739726027397261,3.7534246575342465,4.739726027397261,0.1917808219178082,0.9863013698630136,3.007228821147369,,0.15069360900088213,1.0327860450051958,0.099780221011315,0.018828101034159772,2.902683430016623
43,mt-bench,Qwen/Qwen3-4B,mgoin/Qwen3-4B-speculator.dflash2,0.0,8,dflash2_pairwise_k16_tb32,32,204,334,37.42465200048173,11.901316568849701,84.024317327831,3.9750397339958,68,4.897058823529412,3.911764705882353,4.897058823529412,0.20588235294117646,0.9852941176470589,3.070732292463887,,0.14169940698047867,0.9668329160049325,0.13255126101284986,0.017800813970097806,2.7043733409955166
43,mt-bench,Qwen/Qwen3-4B,mgoin/Qwen3-4B-speculator.dflash2,0.0,8,dflash2_pairwise_k16_tb64,64,204,510,37.515663003432564,11.183708154895417,89.41578107635726,5.703691158996662,95,5.3578947368421055,4.368421052631579,5.3578947368421055,0.23157894736842105,0.9894736842105263,3.2677674170892237,,0.19904675100406166,1.3542308129835874,0.29021090799506055,0.02507365699420916,3.8175170950053143
44,mt-bench,Qwen/Qwen3-4B,mgoin/Qwen3-4B-speculator.dflash2,0.0,8,baseline,,34,778,38.46401599730598,36.88387555398444,27.112118370976702,28.695655180999893,777,1,,,,,1.0,True,0.216910608120088,0.0,0.0,0.0,28.338924688992847
44,mt-bench,Qwen/Qwen3-4B,mgoin/Qwen3-4B-speculator.dflash2,0.0,8,dflash2,,34,799,37.10007399786264,19.40852538297869,51.52374950015531,15.507411780999973,284,2.8098591549295775,1.8133802816901408,2.8098591549295775,0.014084507042253521,0.9964788732394366,1.9003955646383965,False,0.20228565508296015,3.6399983589581097,0.0,0.0,11.621549976094684
44,mt-bench,Qwen/Qwen3-4B,mgoin/Qwen3-4B-speculator.dflash2,0.0,8,dflash2_unary_k16_tb8,8,34,769,37.66716799873393,18.819351507155442,53.13679377420539,14.472081309002533,249,3.0843373493975905,2.0843373493975905,3.0843373493975905,0.008032128514056224,1,1.9598908889055267,False,0.5234512529350468,3.592052081032307,0.21168687897443306,0.06625319505110383,10.036265547038056
44,mt-bench,Qwen/Qwen3-4B,mgoin/Qwen3-4B-speculator.dflash2,0.0,8,dflash2_unary_k16_tb16,16,34,768,37.774518998048734,16.95000164714126,58.997044414367785,13.017601265004487,224,3.424107142857143,2.4285714285714284,3.424107142857143,0.03125,0.9955357142857143,2.176039644232434,False,0.46935002099053236,3.2249975090308,0.25417664099950343,0.05954915603797417,8.97071078906447
44,mt-bench,Qwen/Qwen3-4B,mgoin/Qwen3-4B-speculator.dflash2,0.0,8,dflash2_unary_k16_tb32,32,34,764,38.77123200072674,15.97587314398503,62.594387861454905,12.205567082004563,210,3.6333333333333333,2.638095238095238,3.6333333333333333,0.0380952380952381,0.9952380952380953,2.3087236122597368,False,0.4354304069056525,2.999836461051018,0.35236603600060334,0.05470038802741328,8.326529142032086
44,mt-bench,Qwen/Qwen3-4B,mgoin/Qwen3-4B-speculator.dflash2,0.0,8,dflash2_unary_k16_tb64,64,34,720,37.55811500013806,15.95724836527855,62.66744598497975,11.489218823000556,193,3.7253886010362693,2.7305699481865284,3.7253886010362693,0.05181347150259067,0.9948186528497409,2.311418278996035,False,0.39968372799194185,2.7466396279560286,0.5311352519929642,0.04994157902547158,7.726736710006662
44,mt-bench,Qwen/Qwen3-4B,mgoin/Qwen3-4B-speculator.dflash2,0.0,8,dflash2_pairwise_k16_tb8,8,34,764,38.38059500412783,18.063460488219935,55.36037796590244,13.80048381300003,239,3.192468619246862,2.196652719665272,3.192468619246862,0.02092050209205021,0.99581589958159,2.0419052915158873,False,0.49193428597209277,3.402839328016853,0.255774064004072,0.06138403298245976,9.548781555007736
44,mt-bench,Qwen/Qwen3-4B,mgoin/Qwen3-4B-speculator.dflash2,0.0,8,dflash2_pairwise_k16_tb16,16,34,724,37.54717500123661,15.591538433703573,64.13735272193166,11.288273826001387,199,3.6331658291457285,2.6381909547738696,3.6331658291457285,0.04020100502512563,0.9949748743718593,2.3656341361577327,False,0.39868141899933107,2.7837772559796576,0.24941219198080944,0.047984683980757836,7.775695988078951
44,mt-bench,Qwen/Qwen3-4B,mgoin/Qwen3-4B-speculator.dflash2,0.0,8,dflash2_pairwise_k16_tb32,32,34,794,36.80609699949855,14.228505716628046,70.28144907946003,11.297433539002668,198,4.005050505050505,3.005050505050505,4.005050505050505,0.06565656565656566,1,2.592252221600498,False,0.39663001902226824,2.7664511120310635,0.352630526998837,0.047389887033205014,7.7012572519961395
44,mt-bench,Qwen/Qwen3-4B,mgoin/Qwen3-4B-speculator.dflash2,0.0,8,dflash2_pairwise_k16_tb64,64,34,709,37.41713199997321,14.449714730613259,69.20551849244424,10.244847744004801,173,4.092485549132948,3.098265895953757,4.092485549132948,0.07514450867052024,0.9942196531791907,2.5525677317242823,False,0.35227067398955114,2.434438652031531,0.5098726309734047,0.04302918897883501,6.874743596985354
45,mt-bench,Qwen/Qwen3-4B,mgoin/Qwen3-4B-speculator.dflash2,0.0,8,baseline,,831,722,53.003164000983816,36.411219096957105,27.464062582940826,26.28890018800303,721,1,,,,,1.0,True,0.1853912630249397,0.0,0.0,0.0,25.98148012607271
45,mt-bench,Qwen/Qwen3-4B,mgoin/Qwen3-4B-speculator.dflash2,0.0,8,dflash2,,852,642,54.075279003882315,21.02514551869068,47.56209649588546,13.498143422999417,250,2.564,1.568,2.564,0.04,0.996,1.7317939162223013,,0.16849202899902593,3.162333866013796,0.0,0.0,10.129927496011078
45,mt-bench,Qwen/Qwen3-4B,mgoin/Qwen3-4B-speculator.dflash2,0.0,8,dflash2_unary_k16_tb8,8,822,572,52.74923799879616,16.822892076923928,59.442811344650224,9.622694268000487,170,3.3588235294117648,2.364705882352941,3.3588235294117648,0.041176470588235294,0.9941176470588236,2.1643852276091464,,0.3418890219836612,2.3781148840644164,0.13495393399352906,0.041236033001041505,6.69908870094514
45,mt-bench,Qwen/Qwen3-4B,mgoin/Qwen3-4B-speculator.dflash2,0.0,8,dflash2_unary_k16_tb16,16,821,707,52.85625999385957,16.453862302689455,60.77600393170579,11.632880648001446,204,3.4607843137254903,2.465686274509804,3.4607843137254903,0.04411764705882353,0.9950980392156863,2.2129283949948655,,0.41552388394484296,2.8785968629381387,0.22144977199059213,0.051262906948977616,8.032198614935623
45,mt-bench,Qwen/Qwen3-4B,mgoin/Qwen3-4B-speculator.dflash2,0.0,8,dflash2_unary_k16_tb32,32,817,735,52.69296599726658,14.185909081632937,70.49248618791304,10.426643175000208,181,4.05524861878453,3.0607734806629834,4.05524861878453,0.06629834254143646,0.994475138121547,2.5667173592773245,,0.37162722995708464,2.561934746008774,0.2984223580278922,0.04590371199446963,7.117409297949052
45,mt-bench,Qwen/Qwen3-4B,mgoin/Qwen3-4B-speculator.dflash2,0.0,8,dflash2_unary_k16_tb64,64,773,551,52.024701006303076,15.513475455527326,64.4600884480536,8.547924975995556,144,3.8194444444444446,2.826388888888889,3.8194444444444446,0.0625,0.9930555555555556,2.3470704034913132,,0.2983200310045504,2.043461750014103,0.3945800750734634,0.03745290302322246,5.747898316003557
45,mt-bench,Qwen/Qwen3-4B,mgoin/Qwen3-4B-speculator.dflash2,0.0,8,dflash2_pairwise_k16_tb8,8,817,776,52.641366004536394,17.282020568299483,57.86360431917933,13.410847961000398,233,3.3261802575107295,2.3304721030042916,3.3261802575107295,0.04721030042918455,0.9957081545064378,2.106884374605272,,0.4784395219539874,3.3114545329954126,0.24454095102555584,0.05947546905372292,9.278558145997522
45,mt-bench,Qwen/Qwen3-4B,mgoin/Qwen3-4B-speculator.dflash2,0.0,8,dflash2_pairwise_k16_tb16,16,777,575,52.10062299738638,15.072598335657107,66.34556151040721,8.666744043002836,154,3.727272727272727,2.7337662337662336,3.727272727272727,0.05194805194805195,0.9935064935064936,2.4157227762660813,,0.3065016600157833,2.137881165042927,0.18493052299891133,0.03601085797708947,5.97660002696648
45,mt-bench,Qwen/Qwen3-4B,mgoin/Qwen3-4B-speculator.dflash2,0.0,8,dflash2_pairwise_k16_tb32,32,847,511,53.960264995112084,13.85314594324049,72.18576950659647,7.07895757699589,127,4.015748031496063,3.015748031496063,4.015748031496063,0.10236220472440945,1,2.6283718691871294,,0.25236238506477093,1.7571342719820677,0.22012088798510376,0.029589847959869076,4.798772557020129
45,mt-bench,Qwen/Qwen3-4B,mgoin/Qwen3-4B-speculator.dflash2,0.0,8,dflash2_pairwise_k16_tb64,64,762,722,49.38181999750668,12.87963291689969,77.64196436746849,9.299094966001576,160,4.50625,3.5125,4.50625,0.15,0.99375,2.8270385757020318,,0.31999952103797114,2.221553374940413,0.44448457405815134,0.03754644499713322,6.247920821951993
46,mt-bench,Qwen/Qwen3-4B,mgoin/Qwen3-4B-speculator.dflash2,0.0,8,baseline,,31,247,38.65441099333111,35.989033020226856,27.78624253221729,8.889291155996034,246,1,,,,,1.0,True,0.06013806802366162,0.0,0.0,0.0,8.788523598079337
46,mt-bench,Qwen/Qwen3-4B,mgoin/Qwen3-4B-speculator.dflash2,0.0,8,dflash2,,31,241,37.343389994930476,15.988724232349146,62.54407703003299,3.8532825399961443,72,3.3333333333333335,2.3472222222222223,3.3333333333333335,0.041666666666666664,0.9861111111111112,2.2509008534534694,False,0.04619184203329496,0.8984322920223349,0.0,0.0,2.898260255016794
46,mt-bench,Qwen/Qwen3-4B,mgoin/Qwen3-4B-speculator.dflash2,0.0,8,dflash2_unary_k16_tb8,8,31,241,37.34827999869594,14.67403889214306,68.14756369055497,3.5364433730064775,64,3.75,2.765625,3.75,0.03125,0.984375,2.4525649199073962,False,0.12673380099295173,0.8813171610017889,0.04847363700537244,0.01484041400544811,2.4549229140175157
46,mt-bench,Qwen/Qwen3-4B,mgoin/Qwen3-4B-speculator.dflash2,0.0,8,dflash2_unary_k16_tb16,16,31,247,37.2942879985203,13.652978101222086,73.24409316312384,3.372285591001855,61,4.032786885245901,3.0491803278688523,4.032786885245901,0.06557377049180328,0.9836065573770492,2.635984087384236,True,0.12158362899208441,0.8396938889782177,0.06330279498070013,0.014317785935418215,2.323618015005195
46,mt-bench,Qwen/Qwen3-4B,mgoin/Qwen3-4B-speculator.dflash2,0.0,8,dflash2_unary_k16_tb32,32,31,259,37.31966899795225,13.10102964477689,76.329878422852,3.3931666779972147,61,4.229508196721311,3.2295081967213113,4.229508196721311,0.06557377049180328,1,2.7470385149899226,False,0.12088393199519487,0.8401255839926307,0.09257182602596004,0.014175066993630026,2.3153678420130746
46,mt-bench,Qwen/Qwen3-4B,mgoin/Qwen3-4B-speculator.dflash2,0.0,8,dflash2_unary_k16_tb64,64,31,241,37.38474099372979,12.863612390060268,77.73866078028762,3.100130586004525,54,4.444444444444445,3.462962962962963,4.444444444444445,0.037037037037037035,0.9814814814814815,2.7977392297699857,False,0.1095686230037245,0.7478062069931184,0.1377427720144624,0.01262061698071193,2.0831595640192972
46,mt-bench,Qwen/Qwen3-4B,mgoin/Qwen3-4B-speculator.dflash2,0.0,8,dflash2_pairwise_k16_tb8,8,31,247,37.325678997149225,14.159611518200682,70.6234064906799,3.4974240449955687,63,3.9047619047619047,2.9206349206349205,3.9047619047619047,0.031746031746031744,0.9841269841269841,2.5416681081939827,True,0.12490209899988258,0.8682316770209582,0.058034485031384975,0.014791839981626254,2.421598269000242
46,mt-bench,Qwen/Qwen3-4B,mgoin/Qwen3-4B-speculator.dflash2,0.0,8,dflash2_pairwise_k16_tb16,16,31,247,38.94172699801857,13.022723591105017,76.78885242431434,3.216612727002939,58,4.241379310344827,3.2586206896551726,4.241379310344827,0.06896551724137931,0.9827586206896551,2.7635565454839757,True,0.1148173999536084,0.7995116869715275,0.06864905900147278,0.013481022004270926,2.2108987680257997
46,mt-bench,Qwen/Qwen3-4B,mgoin/Qwen3-4B-speculator.dflash2,0.0,8,dflash2_pairwise_k16_tb32,32,31,247,37.31967999920016,12.004876983807296,83.29947914908614,2.9652046150004026,53,4.6415094339622645,3.660377358490566,4.6415094339622645,0.07547169811320754,0.9811320754716981,2.9978677056641594,True,0.10694764997606399,0.7297597900032997,0.090452541000559,0.012385873982566409,2.017002977023367
46,mt-bench,Qwen/Qwen3-4B,mgoin/Qwen3-4B-speculator.dflash2,0.0,8,dflash2_pairwise_k16_tb64,64,31,241,37.25690699502593,11.68699121161623,85.56522221100455,2.8165648819995113,49,4.8979591836734695,3.9183673469387754,4.8979591836734695,0.16326530612244897,0.9795918367346939,3.079409607534892,False,0.0988710730089224,0.6741897669999162,0.13419738203810994,0.01161670895817224,1.8892794830098865
47,mt-bench,Qwen/Qwen3-4B,mgoin/Qwen3-4B-speculator.dflash2,0.0,8,baseline,,311,210,37.00840099918423,36.14435549045863,27.666837226188182,7.5903146529963115,209,1,,,,,1.0,True,0.05121722303738352,0.0,0.0,0.0,7.504919577026158
47,mt-bench,Qwen/Qwen3-4B,mgoin/Qwen3-4B-speculator.dflash2,0.0,8,dflash2,,305,205,37.08979299699422,12.00532984391718,83.29633696042734,2.461092618003022,46,4.434782608695652,3.4565217391304346,4.434782608695652,0.17391304347826086,0.9782608695652174,3.010692414150714,,0.027993322000838816,0.5691311309856246,0.0,0.0,1.857349116988189
47,mt-bench,Qwen/Qwen3-4B,mgoin/Qwen3-4B-speculator.dflash2,0.0,8,dflash2_unary_k16_tb8,8,305,205,36.98574099689722,11.729341658526497,85.25627687493122,2.404515039997932,43,4.744186046511628,3.744186046511628,4.744186046511628,0.16279069767441862,1,3.081533179160481,,0.08516232800320722,0.5863421679823659,0.03173930798948277,0.009961794021364767,1.6845002900008694
47,mt-bench,Qwen/Qwen3-4B,mgoin/Qwen3-4B-speculator.dflash2,0.0,8,dflash2_unary_k16_tb16,16,311,210,36.86653799377382,10.756659190485065,92.96566734070763,2.2588984300018637,41,5.097560975609756,4.121951219512195,5.097560975609756,0.21951219512195122,0.975609756097561,3.360184128770256,,0.08146008101175539,0.5596606949911802,0.04111324701079866,0.009414606996870134,1.5606219749970478
47,mt-bench,Qwen/Qwen3-4B,mgoin/Qwen3-4B-speculator.dflash2,0.0,8,dflash2_unary_k16_tb32,32,323,225,37.23588700086111,9.76131071556463,102.44525854560467,2.1962949110020418,39,5.743589743589744,4.769230769230769,5.743589743589744,0.3076923076923077,0.9743589743589743,3.70281784318428,,0.07758233602362452,0.531880930007901,0.05779914099548478,0.009055032009200659,1.5135921119799605
47,mt-bench,Qwen/Qwen3-4B,mgoin/Qwen3-4B-speculator.dflash2,0.0,8,dflash2_unary_k16_tb64,64,305,211,36.99523099930957,10.127739246427886,98.73871904361143,2.136952980996284,37,5.675675675675675,4.702702702702703,5.675675675675675,0.2702702702702703,0.972972972972973,3.568847361784808,,0.07406428198009962,0.5035105149945593,0.09100478298933012,0.008637954990263097,1.4534165170116466
47,mt-bench,Qwen/Qwen3-4B,mgoin/Qwen3-4B-speculator.dflash2,0.0,8,dflash2_pairwise_k16_tb8,8,311,210,36.9601389975287,10.796657009528385,92.62126222195157,2.2672979720009607,41,5.097560975609756,4.097560975609756,5.097560975609756,0.14634146341463414,1,3.3477358277252036,,0.08130800301296404,0.559906633956416,0.03737640399776865,0.009507701979600824,1.5728174479882
47,mt-bench,Qwen/Qwen3-4B,mgoin/Qwen3-4B-speculator.dflash2,0.0,8,dflash2_pairwise_k16_tb16,16,311,210,36.98933000123361,9.466196647623464,105.63904778494697,1.9879012960009277,36,5.805555555555555,4.833333333333333,5.805555555555555,0.3611111111111111,0.9722222222222222,3.8182552968126693,,0.07139878899761243,0.48924655199516565,0.04221819696977036,0.008272328013845254,1.371024737978587
47,mt-bench,Qwen/Qwen3-4B,mgoin/Qwen3-4B-speculator.dflash2,0.0,8,dflash2_pairwise_k16_tb32,32,311,225,37.020431002019905,9.146280551115826,109.33406147026642,2.057913124001061,37,6.054054054054054,5.081081081081081,6.054054054054054,0.4594594594594595,0.972972972972973,3.951809184996965,,0.07377562798501458,0.5039632210100535,0.061671208997722715,0.008689021000463981,1.4037249660104862
47,mt-bench,Qwen/Qwen3-4B,mgoin/Qwen3-4B-speculator.dflash2,0.0,8,dflash2_pairwise_k16_tb64,64,305,205,37.078432003909256,9.330830985372149,107.17159077982338,1.9128203520012905,33,6.181818181818182,5.212121212121212,6.181818181818182,0.45454545454545453,0.9696969696969697,3.8736480756238945,,0.06605079001019476,0.44779044299502857,0.08840121402317891,0.007722139001998585,1.2972164599923417
48,mt-bench,Qwen/Qwen3-4B,mgoin/Qwen3-4B-speculator.dflash2,0.0,8,baseline,,212,1004,38.075174001278356,36.02823216732872,27.756010768322533,36.172345095998025,1003,1,,,,,1.0,True,0.24471369181992486,0.0,0.0,0.0,35.76476354315673
48,mt-bench,Qwen/Qwen3-4B,mgoin/Qwen3-4B-speculator.dflash2,0.0,8,dflash2,,212,1122,36.972709000110626,13.455090265597715,74.32131485262667,15.096611278000637,283,3.96113074204947,2.964664310954064,3.96113074204947,0.1625441696113074,0.9964664310954063,2.6776655864915697,False,0.1728422859669081,3.5478126789894304,0.0,0.0,11.33473473997583
48,mt-bench,Qwen/Qwen3-4B,mgoin/Qwen3-4B-speculator.dflash2,0.0,8,dflash2_unary_k16_tb8,8,212,1049,36.854366000625305,12.977892766448123,77.05411178811016,13.613809512004082,243,4.31275720164609,3.316872427983539,4.31275720164609,0.17695473251028807,0.9958847736625515,2.7761234289493335,False,0.4812994339808938,3.372262108940049,0.17875980694952887,0.056175914949562866,9.486762995031313
48,mt-bench,Qwen/Qwen3-4B,mgoin/Qwen3-4B-speculator.dflash2,0.0,8,dflash2_unary_k16_tb16,16,212,943,36.979980002797674,12.136693729581149,82.39476271553828,11.444902186995023,204,4.617647058823529,3.6176470588235294,4.617647058823529,0.1568627450980392,1,2.968537640487373,False,0.40476072195451707,2.834134867982357,0.20150775394722586,0.047817229977226816,7.923901676018431
48,mt-bench,Qwen/Qwen3-4B,mgoin/Qwen3-4B-speculator.dflash2,0.0,8,dflash2_unary_k16_tb32,32,212,729,36.97322999505559,11.14967065843829,89.68874782352252,8.128109910001513,144,5.055555555555555,4.0625,5.055555555555555,0.25,0.9930555555555556,3.2313270293828675,False,0.28626902396354126,1.9978377319712308,0.21096844394196523,0.033714375967974775,5.575764539949887
48,mt-bench,Qwen/Qwen3-4B,mgoin/Qwen3-4B-speculator.dflash2,0.0,8,dflash2_unary_k16_tb64,64,212,896,36.89355799724581,11.85822261049095,84.32967003969901,10.62496745899989,183,4.890710382513661,3.8961748633879782,4.890710382513661,0.22404371584699453,0.994535519125683,3.0382489307845004,False,0.3659067989719915,2.549789678938396,0.45348996206303127,0.043078148053609766,7.181397788968752
48,mt-bench,Qwen/Qwen3-4B,mgoin/Qwen3-4B-speculator.dflash2,0.0,8,dflash2_pairwise_k16_tb8,8,212,810,36.98766000161413,11.611924871608664,86.1183663395046,9.405659146003018,166,4.873493975903615,3.8795180722891565,4.873493975903615,0.18072289156626506,0.9939759036144579,3.102692496350738,False,0.3319426780290087,2.3211354739323724,0.15337587703834288,0.03869162894989131,6.534168785066868
48,mt-bench,Qwen/Qwen3-4B,mgoin/Qwen3-4B-speculator.dflash2,0.0,8,dflash2_pairwise_k16_tb16,16,212,849,37.16472200176213,11.628790866901088,85.99346324528804,9.872843445999024,174,4.873563218390805,3.8793103448275863,4.873563218390805,0.20689655172413793,0.9942528735632183,3.098192458673886,False,0.3470066530062468,2.4388679059775313,0.20661384995037224,0.04051651196641615,6.811778700015566
48,mt-bench,Qwen/Qwen3-4B,mgoin/Qwen3-4B-speculator.dflash2,0.0,8,dflash2_pairwise_k16_tb32,32,212,680,37.94922299857717,10.74998875735807,93.02335310030234,7.309992355003486,128,5.3046875,4.3125,5.3046875,0.25,0.9921875,3.3514669624810898,False,0.25599405101093,1.7896418450109195,0.21642992398847127,0.030090502004895825,4.99666171996796
48,mt-bench,Qwen/Qwen3-4B,mgoin/Qwen3-4B-speculator.dflash2,0.0,8,dflash2_pairwise_k16_tb64,64,212,756,37.11669299809728,10.383364208998966,96.30789981664405,7.849823342003218,134,5.634328358208955,4.641791044776119,5.634328358208955,0.34328358208955223,0.9925373134328358,3.4698033741418866,False,0.27031289703882067,1.8740568940484081,0.3635504880003282,0.03191583005536813,5.286592582953745
49,mt-bench,Qwen/Qwen3-4B,mgoin/Qwen3-4B-speculator.dflash2,0.0,8,baseline,,1235,112,69.8862349963747,35.70895323212296,28.004181290321966,3.9994027619977714,111,1,,,,,1.0,True,0.027147131993842777,0.0,0.0,0.0,3.953998335018696
49,mt-bench,Qwen/Qwen3-4B,mgoin/Qwen3-4B-speculator.dflash2,0.0,8,dflash2,,1353,106,81.3555409986293,12.02804486792785,83.13903140371944,1.274972756000352,24,4.375,3.4166666666666665,4.375,0.125,0.9583333333333334,2.96880778415942,,0.015019318023405503,0.2898240459835506,0.0,0.0,0.9666724340204382
49,mt-bench,Qwen/Qwen3-4B,mgoin/Qwen3-4B-speculator.dflash2,0.0,8,dflash2_unary_k16_tb8,8,1280,102,69.75600100122392,12.541171509784524,79.73736737591123,1.2791994939980214,23,4.391304347826087,3.391304347826087,4.391304347826087,0.08695652173913043,1,2.8473379224790216,,0.04562239501683507,0.3070936469885055,0.017506307005533017,0.005343775010260288,0.9000736169909942
49,mt-bench,Qwen/Qwen3-4B,mgoin/Qwen3-4B-speculator.dflash2,0.0,8,dflash2_unary_k16_tb16,16,1174,100,68.68494799709879,12.20005258997844,81.96685978398452,1.220005258997844,22,4.5,3.5454545454545454,4.5,0.13636363636363635,0.9545454545454546,2.9269507626102835,,0.043516428013390396,0.2926038020013948,0.022005282015015837,0.0050321780145168304,0.853347918986401
49,mt-bench,Qwen/Qwen3-4B,mgoin/Qwen3-4B-speculator.dflash2,0.0,8,dflash2_unary_k16_tb32,32,960,105,57.60574899613857,11.14871142857564,89.6964646010001,1.170614700000442,21,4.9523809523809526,4,4.9523809523809526,0.23809523809523808,0.9523809523809523,3.202966859523885,,0.04175502200087067,0.27885157199489186,0.031126726004004013,0.004899265986750834,0.8105589890037663
49,mt-bench,Qwen/Qwen3-4B,mgoin/Qwen3-4B-speculator.dflash2,0.0,8,dflash2_unary_k16_tb64,64,1127,104,67.33129599888343,11.403426499992538,87.69294036320174,1.1859563559992239,21,4.904761904761905,3.9047619047619047,4.904761904761905,0.23809523809523808,1,3.1314231062169187,,0.041942458010453265,0.2794829239792307,0.052328138997836504,0.0050018029869534075,0.8036584589790436
49,mt-bench,Qwen/Qwen3-4B,mgoin/Qwen3-4B-speculator.dflash2,0.0,8,dflash2_pairwise_k16_tb8,8,1041,107,65.75019800220616,12.499958869161206,80.00026323823445,1.337495599000249,24,4.416666666666667,3.4583333333333335,4.416666666666667,0.08333333333333333,0.9583333333333334,2.85672565853164,,0.04754456899536308,0.3213378190048388,0.02220740901248064,0.005554620991460979,0.9371162260067649
49,mt-bench,Qwen/Qwen3-4B,mgoin/Qwen3-4B-speculator.dflash2,0.0,8,dflash2_pairwise_k16_tb16,16,1080,103,66.4163239998743,11.880865300925294,84.168953579679,1.2237291259953054,22,4.636363636363637,3.6818181818181817,4.636363636363637,0.13636363636363635,0.9545454545454546,3.0055852269734857,,0.04357384199829539,0.2928148610153585,0.025993066010414623,0.005126307012687903,0.8520204210217344
49,mt-bench,Qwen/Qwen3-4B,mgoin/Qwen3-4B-speculator.dflash2,0.0,8,dflash2_pairwise_k16_tb32,32,911,133,56.73838999791769,9.530653714307817,104.92459698737747,1.2675769440029399,23,5.739130434782608,4.782608695652174,5.739130434782608,0.34782608695652173,0.9565217391304348,3.746747526721612,,0.04580601200723322,0.30664016099763103,0.038748073995520826,0.005353527005354408,0.8673232750006719
49,mt-bench,Qwen/Qwen3-4B,mgoin/Qwen3-4B-speculator.dflash2,0.0,8,dflash2_pairwise_k16_tb64,64,987,111,58.26372400042601,10.382139162125846,96.31926372630514,1.152417446995969,20,5.5,4.55,5.5,0.25,0.95,3.4394600837551477,,0.04002091899747029,0.26556203499785624,0.05409734699060209,0.004731224013085011,0.7846121999900788
50,mt-bench,Qwen/Qwen3-4B,mgoin/Qwen3-4B-speculator.dflash2,0.0,8,baseline,,84,311,38.7750709996908,35.97434825403167,27.797584905181136,11.188022307003848,310,1,,,,,1.0,True,0.07597424698906252,0.0,0.0,0.0,11.061602262998349
50,mt-bench,Qwen/Qwen3-4B,mgoin/Qwen3-4B-speculator.dflash2,0.0,8,dflash2,,84,344,37.71882699948037,13.37833114535728,74.74773864803257,4.602145914002904,86,3.988372093023256,3,3.988372093023256,0.18604651162790697,0.9883720930232558,2.689001181325666,False,0.05224648487637751,1.0760197579947999,0.0,0.0,3.461364867951488
50,mt-bench,Qwen/Qwen3-4B,mgoin/Qwen3-4B-speculator.dflash2,0.0,8,dflash2_unary_k16_tb8,8,84,311,37.7388080014498,11.360175408354818,88.02680980300286,3.5330145519983485,63,4.920634920634921,3.9206349206349205,4.920634920634921,0.2222222222222222,1,3.1667071115446337,True,0.12458451099519152,0.8670880680001574,0.04715560801560059,0.014766956017410848,2.4695889589493163
50,mt-bench,Qwen/Qwen3-4B,mgoin/Qwen3-4B-speculator.dflash2,0.0,8,dflash2_unary_k16_tb16,16,84,310,37.66779500438133,10.148437283867445,98.53733851118724,3.1460155579989078,56,5.517857142857143,4.517857142857143,5.517857142857143,0.2857142857142857,1,3.544816531626856,False,0.11102852296608035,0.7704536970195477,0.05479749399819411,0.013025058957282454,2.1879089849753655
50,mt-bench,Qwen/Qwen3-4B,mgoin/Qwen3-4B-speculator.dflash2,0.0,8,dflash2_unary_k16_tb32,32,84,361,37.654464998922776,10.50359991134723,95.20545417192461,3.7917995679963497,67,5.373134328358209,4.388059701492537,5.373134328358209,0.26865671641791045,0.9850746268656716,3.4249541640640677,False,0.13300975003949134,0.9255922259762883,0.09828692500741454,0.01574647300731158,2.6082650140306214
50,mt-bench,Qwen/Qwen3-4B,mgoin/Qwen3-4B-speculator.dflash2,0.0,8,dflash2_unary_k16_tb64,64,84,311,37.39218899863772,9.704152382647287,103.04867035972909,3.0179913910033065,52,5.961538461538462,4.980769230769231,5.961538461538462,0.36538461538461536,0.9807692307692307,3.7071087546358052,True,0.1041784390254179,0.7155412470019655,0.12443769898527535,0.0130408439799794,2.052009152001119
50,mt-bench,Qwen/Qwen3-4B,mgoin/Qwen3-4B-speculator.dflash2,0.0,8,dflash2_pairwise_k16_tb8,8,84,317,37.79160800331738,11.729171280757406,85.2575153063521,3.7181472960000974,66,4.787878787878788,3.803030303030303,4.787878787878788,0.15151515151515152,0.9848484848484849,3.067083546904146,False,0.13071217598917428,0.9103909199839109,0.06033261697302805,0.015340897996793501,2.5910978250103653
50,mt-bench,Qwen/Qwen3-4B,mgoin/Qwen3-4B-speculator.dflash2,0.0,8,dflash2_pairwise_k16_tb16,16,84,311,37.814699004229624,9.606700273319762,104.09401475522799,2.987683785002446,53,5.849056603773585,4.867924528301887,5.849056603773585,0.37735849056603776,0.9811320754716981,3.7447143379648824,True,0.10535011502361158,0.7295947000020533,0.061771762993885204,0.012398130027577281,2.0701552310129046
50,mt-bench,Qwen/Qwen3-4B,mgoin/Qwen3-4B-speculator.dflash2,0.0,8,dflash2_pairwise_k16_tb32,32,84,349,37.477521000255365,10.252327131802772,97.53883066196695,3.5780621689991676,63,5.523809523809524,4.5396825396825395,5.523809523809524,0.30158730158730157,0.9841269841269841,3.5088958625246214,False,0.1253008760031662,0.8717662009657943,0.10583423599018715,0.014773022994631901,2.4500972369569354
50,mt-bench,Qwen/Qwen3-4B,mgoin/Qwen3-4B-speculator.dflash2,0.0,8,dflash2_pairwise_k16_tb64,64,84,311,37.64353600126924,8.965662035369014,111.53666021037357,2.7883208929997636,48,6.458333333333333,5.479166666666667,6.458333333333333,0.4791666666666667,0.9791666666666666,4.012458657499575,True,0.09636481699271826,0.6584766179948929,0.12754201595816994,0.011417119989346247,1.8863313839538023
51,mt-bench,Qwen/Qwen3-4B,mgoin/Qwen3-4B-speculator.dflash2,0.0,8,baseline,,425,431,36.90713799733203,35.979310900239376,27.79375076895502,15.507082998003172,430,1,,,,,1.0,True,0.10500101101933978,0.0,0.0,0.0,15.331873862043722
51,mt-bench,Qwen/Qwen3-4B,mgoin/Qwen3-4B-speculator.dflash2,0.0,8,dflash2,,458,428,37.09172300295904,13.89299603739074,71.97871483650198,5.946202304003236,112,3.8125,2.8214285714285716,3.8125,0.16964285714285715,0.9910714285714286,2.5897445593021775,,0.06796453597780783,1.3899698330133106,0.0,0.0,4.472031269018771
51,mt-bench,Qwen/Qwen3-4B,mgoin/Qwen3-4B-speculator.dflash2,0.0,8,dflash2_unary_k16_tb8,8,425,388,37.00374000618467,11.938860314443183,83.76008879090726,4.632277802003955,83,4.662650602409639,3.674698795180723,4.662650602409639,0.21686746987951808,0.9879518072289156,3.013630275639708,,0.16399470600299537,1.1418277200282319,0.062448150012642145,0.01922908598498907,3.2317380520544248
51,mt-bench,Qwen/Qwen3-4B,mgoin/Qwen3-4B-speculator.dflash2,0.0,8,dflash2_unary_k16_tb16,16,424,592,37.14694300288102,11.490735810811374,87.02662879596645,6.8025156000003335,122,4.844262295081967,3.8442622950819674,4.844262295081967,0.22131147540983606,1,3.1311581340498016,,0.24084749499888858,1.6813702120052767,0.1195632289382047,0.02845479202369461,4.712617682038399
51,mt-bench,Qwen/Qwen3-4B,mgoin/Qwen3-4B-speculator.dflash2,0.0,8,dflash2_unary_k16_tb32,32,475,473,37.14892499556299,10.735322915430595,93.15043505236655,5.077807738998672,90,5.2444444444444445,4.2444444444444445,5.2444444444444445,0.2777777777777778,1,3.3514884632416515,,0.17950860797282076,1.2440985919820378,0.13670920396543806,0.02128287000959972,3.4813605429881136
51,mt-bench,Qwen/Qwen3-4B,mgoin/Qwen3-4B-speculator.dflash2,0.0,8,dflash2_unary_k16_tb64,64,425,393,37.66629500023555,10.355110946567564,96.57066980354013,4.069558602001052,70,5.6,4.614285714285714,5.6,0.38571428571428573,0.9857142857142858,3.474546152705929,,0.141313666033966,0.9691556000179844,0.17456685204524547,0.016984582995064557,2.755362783005694
51,mt-bench,Qwen/Qwen3-4B,mgoin/Qwen3-4B-speculator.dflash2,0.0,8,dflash2_pairwise_k16_tb8,8,431,473,37.540272998739965,11.048247989425366,90.51208851911471,5.2258212989981985,94,5.0212765957446805,4.0212765957446805,5.0212765957446805,0.1595744680851064,1,3.2565625730592154,,0.18756359997496475,1.3022070919832913,0.08999174903874518,0.02242023404687643,3.6088584280223586
51,mt-bench,Qwen/Qwen3-4B,mgoin/Qwen3-4B-speculator.dflash2,0.0,8,dflash2_pairwise_k16_tb16,16,425,783,37.24648499337491,10.115861444443594,98.85465568029075,7.920719510999334,141,5.546099290780142,4.553191489361702,5.546099290780142,0.3617021276595745,0.9929078014184397,3.556722390657295,,0.28027603102236753,1.9526915529640974,0.1676770150224911,0.03379263592796633,5.463435873942217
51,mt-bench,Qwen/Qwen3-4B,mgoin/Qwen3-4B-speculator.dflash2,0.0,8,dflash2_pairwise_k16_tb32,32,463,593,37.032319996797014,9.543414595278241,104.784298116396,5.659244854999997,102,5.803921568627451,4.813725490196078,5.803921568627451,0.3137254901960784,0.9901960784313726,3.7700668393931793,,0.20240152002224931,1.4039750290103257,0.17059957496530842,0.023797892972652335,3.839860274019884
51,mt-bench,Qwen/Qwen3-4B,mgoin/Qwen3-4B-speculator.dflash2,0.0,8,dflash2_pairwise_k16_tb64,64,425,511,36.96893999585882,9.752443127200616,102.53840878198942,4.983498437999515,86,5.930232558139535,4.941860465116279,5.930232558139535,0.4069767441860465,0.9883720930232558,3.689261288783033,,0.1717927739955485,1.1862259409681428,0.229271803960728,0.020086556010937784,3.361420246983471
52,mt-bench,Qwen/Qwen3-4B,mgoin/Qwen3-4B-speculator.dflash2,0.0,8,baseline,,35,62,39.164420995803084,35.73158312910011,27.98644539165664,2.215358154004207,61,1,,,,,1.0,True,0.015144871023949236,0.0,0.0,0.0,2.189857266981562
52,mt-bench,Qwen/Qwen3-4B,mgoin/Qwen3-4B-speculator.dflash2,0.0,8,dflash2,,35,62,37.139804000617005,11.193535338656323,89.33727993394092,0.693999190996692,13,4.6923076923076925,3.769230769230769,4.6923076923076925,0.3076923076923077,0.9230769230769231,3.192162444487297,True,0.007531595008913428,0.15354262200708035,0.0,0.0,0.5310447479860159
52,mt-bench,Qwen/Qwen3-4B,mgoin/Qwen3-4B-speculator.dflash2,0.0,8,dflash2_unary_k16_tb8,8,35,62,37.19878500123741,10.774086548354393,92.81529301922467,0.6679933659979724,12,5.083333333333333,4.166666666666667,5.083333333333333,0.25,0.9166666666666666,3.3164373581682116,True,0.023905854010081384,0.1553422109936946,0.009153353006695397,0.002811534999636933,0.47494907100190176
52,mt-bench,Qwen/Qwen3-4B,mgoin/Qwen3-4B-speculator.dflash2,0.0,8,dflash2_unary_k16_tb16,16,35,62,37.34951899969019,10.772964274139904,92.82496205807185,0.6679237849966739,12,5.083333333333333,4.166666666666667,5.083333333333333,0.25,0.9166666666666666,3.316782848233558,True,0.024039459007326514,0.15535745600209339,0.011897963981027715,0.0028312669892329723,0.47190129799128044
52,mt-bench,Qwen/Qwen3-4B,mgoin/Qwen3-4B-speculator.dflash2,0.0,8,dflash2_unary_k16_tb32,32,35,62,37.31315699405968,9.91307187101601,100.87690405269987,0.6146104560029926,11,5.545454545454546,4.636363636363637,5.545454545454546,0.36363636363636365,0.9090909090909091,3.604491482965301,True,0.02197591198637383,0.1416070699924603,0.01589837697974872,0.002566602001024876,0.4307714580136235
52,mt-bench,Qwen/Qwen3-4B,mgoin/Qwen3-4B-speculator.dflash2,0.0,8,dflash2_unary_k16_tb64,64,35,62,37.27285700006178,10.183667838704892,98.19644707963835,0.6313874059997033,11,5.545454545454546,4.636363636363637,5.545454545454546,0.36363636363636365,0.9090909090909091,3.5087145118083773,True,0.022157709005114157,0.1414096470180084,0.025860011010081507,0.0026282319959136657,0.4374519079865422
52,mt-bench,Qwen/Qwen3-4B,mgoin/Qwen3-4B-speculator.dflash2,0.0,8,dflash2_pairwise_k16_tb8,8,35,62,37.218855002720375,10.802419806432521,92.57185129988466,0.6697500279988162,12,5.083333333333333,4.166666666666667,5.083333333333333,0.3333333333333333,0.9166666666666666,3.3077388001365224,True,0.02393176400073571,0.15534603199921548,0.010990255010256078,0.0027304030081722885,0.47490717901382595
52,mt-bench,Qwen/Qwen3-4B,mgoin/Qwen3-4B-speculator.dflash2,0.0,8,dflash2_pairwise_k16_tb16,16,35,62,37.30993700446561,9.88397103226875,101.17391043895661,0.6128062040006625,11,5.545454545454546,4.636363636363637,5.545454545454546,0.2727272727272727,0.9090909090909091,3.6151039913457073,True,0.021940986000117846,0.14128384600917343,0.012888383003883064,0.0025211270040017553,0.4324721140001202
52,mt-bench,Qwen/Qwen3-4B,mgoin/Qwen3-4B-speculator.dflash2,0.0,8,dflash2_pairwise_k16_tb32,32,35,62,37.14373299590079,9.955236080713803,100.44965201149692,0.6172246370042558,11,5.545454545454546,4.636363636363637,5.545454545454546,0.36363636363636365,0.9090909090909091,3.58922509113798,True,0.02203124200605089,0.1415987010113895,0.018103078989952337,0.002587803995993454,0.4311228309888975
52,mt-bench,Qwen/Qwen3-4B,mgoin/Qwen3-4B-speculator.dflash2,0.0,8,dflash2_pairwise_k16_tb64,64,35,62,37.306737001927104,9.27989925807079,107.7597905096107,0.575353754000389,10,6.1,5.2,6.1,0.4,0.9,3.8504279125685676,True,0.02017867600079626,0.1273635929901502,0.026012402995547745,0.0023926530120661482,0.397736872000678
53,mt-bench,Qwen/Qwen3-4B,mgoin/Qwen3-4B-speculator.dflash2,0.0,8,baseline,,170,383,37.4084689974552,36.45605613838401,27.430284729760327,13.962669501001074,382,1,,,,,1.0,True,0.09424389102787245,0.0,0.0,0.0,13.805134840949904
53,mt-bench,Qwen/Qwen3-4B,mgoin/Qwen3-4B-speculator.dflash2,0.0,8,dflash2,,170,383,37.09596300177509,10.714252227166542,93.33362504426097,4.103558603004785,77,4.961038961038961,3.9740259740259742,4.961038961038961,0.37662337662337664,0.987012987012987,3.4025758742124617,,0.043143587980011944,0.9566622239944991,0.0,0.0,3.0924900290265214
53,mt-bench,Qwen/Qwen3-4B,mgoin/Qwen3-4B-speculator.dflash2,0.0,8,dflash2_unary_k16_tb8,8,170,383,37.016300004324876,10.648703524799089,93.90814550063898,4.078453449998051,73,5.232876712328767,4.2465753424657535,5.232876712328767,0.4246575342465753,0.9863013698630136,3.423520624222828,,0.14450524198036874,1.002766805999272,0.053348396977526136,0.016833694993692916,2.849416458971973
53,mt-bench,Qwen/Qwen3-4B,mgoin/Qwen3-4B-speculator.dflash2,0.0,8,dflash2_unary_k16_tb16,16,170,430,37.09784200327704,9.880744065120844,101.20695297938272,4.248719948001963,76,5.644736842105263,4.644736842105263,5.644736842105263,0.4342105263157895,1,3.6896063594111665,,0.15032572405471,1.0464415579335764,0.07412902097712504,0.01766087199212052,2.9479455630280427
53,mt-bench,Qwen/Qwen3-4B,mgoin/Qwen3-4B-speculator.dflash2,0.0,8,dflash2_unary_k16_tb32,32,170,383,37.07488300278783,9.335830242820776,107.11420130726957,3.5756229830003576,63,6.063492063492063,5.079365079365079,6.063492063492063,0.5396825396825397,0.9841269841269841,3.9049613360759845,,0.1266507139589521,0.873715720976179,0.09434721399884438,0.01509110102779232,2.4552042570066988
53,mt-bench,Qwen/Qwen3-4B,mgoin/Qwen3-4B-speculator.dflash2,0.0,8,dflash2_unary_k16_tb64,64,170,383,38.20576800353592,9.554783660575307,104.65961716393154,3.6594821420003427,63,6.063492063492063,5.079365079365079,6.063492063492063,0.5079365079365079,0.9841269841269841,3.8154768787500664,,0.12712251500488492,0.871067359985318,0.15493998901365558,0.015206649026367813,2.4802098760046647
53,mt-bench,Qwen/Qwen3-4B,mgoin/Qwen3-4B-speculator.dflash2,0.0,8,dflash2_pairwise_k16_tb8,8,170,383,37.059141002828255,10.096173216708857,99.04742901449339,3.8668343419994926,69,5.536231884057971,4.550724637681159,5.536231884057971,0.36231884057971014,0.9855072463768116,3.610878632514976,,0.13634838401776506,0.9476625679817516,0.06279304802592378,0.01601641198794823,2.6930816789827077
53,mt-bench,Qwen/Qwen3-4B,mgoin/Qwen3-4B-speculator.dflash2,0.0,8,dflash2_pairwise_k16_tb16,16,170,383,36.9717080029659,8.940176292440816,111.85461754770202,3.424087520004832,61,6.262295081967213,5.262295081967213,6.262295081967213,0.5409836065573771,1,4.0777782166564975,,0.12090981698565884,0.83760244701989,0.07136277803510893,0.014318826026283205,2.370150102993648
53,mt-bench,Qwen/Qwen3-4B,mgoin/Qwen3-4B-speculator.dflash2,0.0,8,dflash2_pairwise_k16_tb32,32,170,383,37.36965900316136,8.93524361881242,111.91636654367008,3.422198306005157,60,6.366666666666666,5.383333333333334,6.366666666666666,0.55,0.9833333333333333,4.080029341519999,,0.12036143798468402,0.8309338520120946,0.10471108797355555,0.014638745029515121,2.341468525984965
53,mt-bench,Qwen/Qwen3-4B,mgoin/Qwen3-4B-speculator.dflash2,0.0,8,dflash2_pairwise_k16_tb64,64,170,458,37.26718600228196,9.470291698685624,105.59336837943327,4.337393597998016,74,6.175675675675675,5.175675675675675,6.175675675675675,0.4594594594594595,1,3.849517765481682,,0.14973763105081161,1.0286400260374648,0.20489404797990574,0.01803229200595524,2.923123742068128
54,mt-bench,Qwen/Qwen3-4B,mgoin/Qwen3-4B-speculator.dflash2,0.0,8,baseline,,30,250,39.2293620025157,36.354868352005724,27.506632408004013,9.088717088001431,249,1,,,,,1.0,True,0.06139062210422708,0.0,0.0,0.0,8.986127875061356
54,mt-bench,Qwen/Qwen3-4B,mgoin/Qwen3-4B-speculator.dflash2,0.0,8,dflash2,,30,250,37.730657000793144,18.00771065201843,55.531767436962504,4.501927663004608,84,2.9642857142857144,1.9761904761904763,2.9642857142857144,0.047619047619047616,0.9880952380952381,2.01885009452497,True,0.053881331041338854,1.0497135910045472,0.0,0.0,3.3860260549990926
54,mt-bench,Qwen/Qwen3-4B,mgoin/Qwen3-4B-speculator.dflash2,0.0,8,dflash2_unary_k16_tb8,8,30,250,37.19182399800047,16.567777584015857,60.35812558014859,4.141944396003964,74,3.364864864864865,2.3783783783783785,3.364864864864865,0.02702702702702703,0.9864864864864865,2.194311709440131,True,0.1462594980330323,1.0185696209518937,0.05456172998674447,0.01708531397889601,2.8939475089282496
54,mt-bench,Qwen/Qwen3-4B,mgoin/Qwen3-4B-speculator.dflash2,0.0,8,dflash2_unary_k16_tb16,16,30,211,37.21557399694575,14.83950151660357,67.3877083324614,3.1311348200033535,56,3.75,2.767857142857143,3.75,0.05357142857142857,0.9821428571428571,2.4498712649699934,False,0.110544215021946,0.7673562309937552,0.055603271001018584,0.012928550982906017,2.1757904500118457
54,mt-bench,Qwen/Qwen3-4B,mgoin/Qwen3-4B-speculator.dflash2,0.0,8,dflash2_unary_k16_tb32,32,30,212,37.27634600363672,13.839352009422585,72.25771837576973,2.933942625997588,52,4.0576923076923075,3.076923076923077,4.0576923076923075,0.038461538461538464,0.9807692307692307,2.626919838967413,False,0.10300746599386912,0.7125910780014237,0.07888881599501474,0.012175854004453868,2.018767478002701
54,mt-bench,Qwen/Qwen3-4B,mgoin/Qwen3-4B-speculator.dflash2,0.0,8,dflash2_unary_k16_tb64,64,30,233,37.30668700154638,13.91192328324991,71.88078741089736,3.2414781249972293,56,4.142857142857143,3.1607142857142856,4.142857142857143,0.10714285714285714,0.9821428571428571,2.6132165633616835,False,0.11204431898659095,0.7686066180249327,0.1419396199999028,0.013186486023187172,2.1960472499704338
54,mt-bench,Qwen/Qwen3-4B,mgoin/Qwen3-4B-speculator.dflash2,0.0,8,dflash2_pairwise_k16_tb8,8,30,250,37.21474500343902,16.163239456014708,61.868785816192144,4.040809864003677,72,3.4583333333333335,2.4722222222222223,3.4583333333333335,0.027777777777777776,0.9861111111111112,2.2492315634461044,True,0.1418994369741995,0.9903072219822207,0.06560507103858981,0.016737560974434018,2.814910624998447
54,mt-bench,Qwen/Qwen3-4B,mgoin/Qwen3-4B-speculator.dflash2,0.0,8,dflash2_pairwise_k16_tb16,16,30,230,37.159383995458484,14.881398991280507,67.19798323974327,3.422721767994517,61,3.7540983606557377,2.7704918032786887,3.7540983606557377,0.04918032786885246,0.9836065573770492,2.4429738342011538,False,0.12045203299203422,0.8373682840174297,0.0721179480169667,0.014149256014206912,2.368890564015601
54,mt-bench,Qwen/Qwen3-4B,mgoin/Qwen3-4B-speculator.dflash2,0.0,8,dflash2_pairwise_k16_tb32,32,30,250,37.170663999859244,12.883757631992921,77.61710741257674,3.2209394079982303,57,4.368421052631579,3.3859649122807016,4.368421052631579,0.12280701754385964,0.9824561403508771,2.821759721847715,True,0.11277237196918577,0.7834163309744326,0.09774692401697394,0.013275254008476622,2.204424426985497
54,mt-bench,Qwen/Qwen3-4B,mgoin/Qwen3-4B-speculator.dflash2,0.0,8,dflash2_pairwise_k16_tb64,64,30,248,37.31597799924202,12.869350104841532,77.70400151160653,3.1915988260006998,55,4.490909090909091,3.5090909090909093,4.490909090909091,0.10909090909090909,0.9818181818181818,2.824918745378509,False,0.10940145097993081,0.7536769449870917,0.15228896203188924,0.0129105749874725,2.1538219599897275
55,mt-bench,Qwen/Qwen3-4B,mgoin/Qwen3-4B-speculator.dflash2,0.0,8,baseline,,302,160,36.85334700276144,35.93432851248508,27.82854282785772,5.749492561997613,159,1,,,,,1.0,True,0.03893921402050182,0.0,0.0,0.0,5.684407919019577
55,mt-bench,Qwen/Qwen3-4B,mgoin/Qwen3-4B-speculator.dflash2,0.0,8,dflash2,,302,161,36.90621800342342,16.197776503115097,61.73686862562177,2.607842017001531,49,3.2653061224489797,2.2653061224489797,3.2653061224489797,0.04081632653061224,1,2.218472918525226,,0.031340073051978834,0.6051721749608987,0.0,0.0,1.96424191998085
55,mt-bench,Qwen/Qwen3-4B,mgoin/Qwen3-4B-speculator.dflash2,0.0,8,dflash2_unary_k16_tb8,8,302,161,36.85989700170467,14.565326509299842,68.65620206738986,2.3450175679972745,42,3.8095238095238093,2.8095238095238093,3.8095238095238093,0.023809523809523808,1,2.4671145195091446,,0.08299471899954369,0.5712902389714145,0.03173018302186392,0.009692719002487138,1.6427371699683135
55,mt-bench,Qwen/Qwen3-4B,mgoin/Qwen3-4B-speculator.dflash2,0.0,8,dflash2_unary_k16_tb16,16,263,229,36.83392599486979,14.204360908320565,70.40091465250116,3.2527986480054096,59,3.864406779661017,2.864406779661017,3.864406779661017,0.05084745762711865,1,2.5298095947024013,,0.11668019700300647,0.8091704259786638,0.058436856990738306,0.01367029902030481,2.2454149179684464
55,mt-bench,Qwen/Qwen3-4B,mgoin/Qwen3-4B-speculator.dflash2,0.0,8,dflash2_unary_k16_tb32,32,264,192,36.88614700513426,14.0849366614475,70.99783435570171,2.70430783899792,48,3.9791666666666665,3,3.9791666666666665,0.041666666666666664,0.9791666666666666,2.551259503412785,,0.09511184599250555,0.6569392469973536,0.07240009700763039,0.011128771962830797,1.8608509909900022
55,mt-bench,Qwen/Qwen3-4B,mgoin/Qwen3-4B-speculator.dflash2,0.0,8,dflash2_unary_k16_tb64,64,285,164,36.875327001325786,13.375600536608367,74.76299828654787,2.193598488003772,38,4.2894736842105265,3.3157894736842106,4.2894736842105265,0.13157894736842105,0.9736842105263158,2.68655814100717,,0.07581389696861152,0.5167970469919965,0.09425475100579206,0.00891816398507217,1.4913641549646854
55,mt-bench,Qwen/Qwen3-4B,mgoin/Qwen3-4B-speculator.dflash2,0.0,8,dflash2_pairwise_k16_tb8,8,302,249,37.004450998210814,16.253328036130487,61.52586090535062,4.047078680996492,72,3.4444444444444446,2.4583333333333335,3.4444444444444446,0.041666666666666664,0.9861111111111112,2.210890497786332,,0.14264168901718222,0.9912654059808119,0.06635008897865191,0.016780719997768756,2.8187027919702814
55,mt-bench,Qwen/Qwen3-4B,mgoin/Qwen3-4B-speculator.dflash2,0.0,8,dflash2_pairwise_k16_tb16,16,282,156,37.517470998864155,14.749735019228329,67.79782814378434,2.3009586629996193,41,3.7804878048780486,2.8048780487804876,3.7804878048780486,0.0975609756097561,0.975609756097561,2.4362694289517535,,0.08122813600493828,0.5582610850105993,0.04883232399151893,0.0095680429803906,1.5965354869913426
55,mt-bench,Qwen/Qwen3-4B,mgoin/Qwen3-4B-speculator.dflash2,0.0,8,dflash2_pairwise_k16_tb32,32,302,160,36.808035998546984,13.072814675024347,76.49462069637559,2.0916503480038955,37,4.297297297297297,3.2972972972972974,4.297297297297297,0.08108108108108109,1,2.748782829541501,,0.07356375403469428,0.5031307619865402,0.06328201195719885,0.008618937979917973,1.4369881100210478
55,mt-bench,Qwen/Qwen3-4B,mgoin/Qwen3-4B-speculator.dflash2,0.0,8,dflash2_pairwise_k16_tb64,64,300,165,37.0717620025971,11.977191000010917,83.49203081082105,1.9762365150018013,34,4.823529411764706,3.8529411764705883,4.823529411764706,0.14705882352941177,0.9705882352941176,3.00023006333057,,0.06780939800955821,0.46174156200140715,0.09440716503740987,0.008054345002165064,1.3384096969748498
56,mt-bench,Qwen/Qwen3-4B,mgoin/Qwen3-4B-speculator.dflash2,0.0,8,baseline,,64,2048,38.67233799974201,36.19306839209102,27.629599932414735,74.12340406700241,2048,1,,,,,1.0,True,0.49983472914027516,0.0,0.0,0.0,73.29012757385499
56,mt-bench,Qwen/Qwen3-4B,mgoin/Qwen3-4B-speculator.dflash2,0.0,8,dflash2,,64,776,37.10614400188206,14.177607123707913,70.5337643563131,11.00182312799734,205,3.7804878048780486,2.7853658536585364,3.7804878048780486,0.14634146341463414,0.9951219512195122,2.552833357299672,False,0.12669876795553137,2.584715836987016,0.0,0.0,8.260434087060275
56,mt-bench,Qwen/Qwen3-4B,mgoin/Qwen3-4B-speculator.dflash2,0.0,8,dflash2_unary_k16_tb8,8,64,776,37.379369998234324,14.030700627577954,71.2722783090715,10.887823687000491,192,4.036458333333333,3.0416666666666665,4.036458333333333,0.078125,0.9947916666666666,2.57956244330037,False,0.3835109460123931,2.6944506549916696,0.14265896299184533,0.04491144904750399,7.591744273995573
56,mt-bench,Qwen/Qwen3-4B,mgoin/Qwen3-4B-speculator.dflash2,0.0,8,dflash2_unary_k16_tb16,16,64,2048,37.45972100296058,9.487332600588871,105.40370429702557,19.43005716600601,343,5.967930029154519,4.967930029154519,5.967930029154519,0.4489795918367347,1,3.8148834784019847,False,0.6868948060364346,4.822213149003801,0.33715822613885393,0.08068726298370166,13.44760333600425
56,mt-bench,Qwen/Qwen3-4B,mgoin/Qwen3-4B-speculator.dflash2,0.0,8,dflash2_unary_k16_tb32,32,64,613,37.563963000138756,12.031980407836189,83.11183746182965,7.375603990003583,129,4.744186046511628,3.751937984496124,4.744186046511628,0.15503875968992248,0.9922480620155039,3.008072417448353,False,0.25923778902506456,1.8118545210090815,0.1943133639433654,0.03050306501245359,5.058292695030104
56,mt-bench,Qwen/Qwen3-4B,mgoin/Qwen3-4B-speculator.dflash2,0.0,8,dflash2_unary_k16_tb64,64,64,690,37.459221995959524,11.573488205792366,86.40437370468086,7.985706861996732,136,5.0661764705882355,4.073529411764706,5.0661764705882355,0.19117647058823528,0.9926470588235294,3.1272394068693057,False,0.27491634506441187,1.9119650119755534,0.33853616200212855,0.03247904501768062,5.404062382025586
56,mt-bench,Qwen/Qwen3-4B,mgoin/Qwen3-4B-speculator.dflash2,0.0,8,dflash2_pairwise_k16_tb8,8,64,674,37.43978999409592,13.00328944659077,76.90361766592699,8.76421708700218,154,4.37012987012987,3.3766233766233764,4.37012987012987,0.11688311688311688,0.9935064935064936,2.7833778937821148,False,0.30780479797977023,2.1602361179247964,0.1416628500301158,0.03615692606399534,6.093908376038598
56,mt-bench,Qwen/Qwen3-4B,mgoin/Qwen3-4B-speculator.dflash2,0.0,8,dflash2_pairwise_k16_tb16,16,64,861,37.556424002104905,11.239777147501806,88.9697355095927,9.677448123999056,170,5.0588235294117645,4.064705882352941,5.0588235294117645,0.21176470588235294,0.9941176470588236,3.2200877221249375,False,0.3406478699616855,2.3892837070306996,0.2004956220407621,0.03986229299334809,6.679663534996507
56,mt-bench,Qwen/Qwen3-4B,mgoin/Qwen3-4B-speculator.dflash2,0.0,8,dflash2_pairwise_k16_tb32,32,64,2048,37.468031005118974,8.782823641602988,113.85859955824935,17.98722281800292,314,6.519108280254777,5.522292993630574,6.519108280254777,0.5605095541401274,0.9968152866242038,4.120892080839424,False,0.6310594549358939,4.422891520051053,0.5193264089466538,0.07387870598904556,12.287870712090808
56,mt-bench,Qwen/Qwen3-4B,mgoin/Qwen3-4B-speculator.dflash2,0.0,8,dflash2_pairwise_k16_tb64,64,64,2048,37.48979100055294,9.027085442383509,110.77772625313274,18.487470986001426,315,6.498412698412698,5.501587301587302,6.498412698412698,0.5523809523809524,0.9968253968253968,4.00938582259997,False,0.634729353019793,4.434524225012865,0.8326334100711392,0.07454057997529162,12.456440748013847
57,mt-bench,Qwen/Qwen3-4B,mgoin/Qwen3-4B-speculator.dflash2,0.0,8,baseline,,2137,473,120.65275500208372,36.41548033615542,27.460848813990285,17.224522199001512,472,1,,,,,1.0,True,0.11584005087934202,0.0,0.0,0.0,17.03056886997365
57,mt-bench,Qwen/Qwen3-4B,mgoin/Qwen3-4B-speculator.dflash2,0.0,8,dflash2,,864,555,54.14936799934367,11.153341754958943,89.65922698059396,6.190104674002214,115,4.817391304347826,3.8260869565217392,4.817391304347826,0.23478260869565218,0.991304347826087,3.2649838170667143,,0.06860734102519928,1.44823194694618,0.0,0.0,4.65663242599112
57,mt-bench,Qwen/Qwen3-4B,mgoin/Qwen3-4B-speculator.dflash2,0.0,8,dflash2_unary_k16_tb8,8,864,604,54.10432799544651,10.664745178805095,93.76689111966597,6.4415060879982775,114,5.2894736842105265,4.2894736842105265,5.2894736842105265,0.2894736842105263,1,3.4145663797506223,,0.22810772501543397,1.5910304100252688,0.08645160894957371,0.026497988998016808,4.491397829006019
57,mt-bench,Qwen/Qwen3-4B,mgoin/Qwen3-4B-speculator.dflash2,0.0,8,dflash2_unary_k16_tb16,16,2137,1152,120.74375699739903,9.05867426735717,110.39142930698908,10.435592755995458,185,6.221621621621622,5.227027027027027,6.221621621621622,0.5297297297297298,0.9945945945945946,4.019956923208752,,0.3701193310698727,2.5898586210169015,0.1819634599451092,0.04342315097164828,7.220312461955473
57,mt-bench,Qwen/Qwen3-4B,mgoin/Qwen3-4B-speculator.dflash2,0.0,8,dflash2_unary_k16_tb32,32,701,624,48.283251002430916,10.487417312502565,95.35236085321512,6.5441484030016,115,5.417391304347826,4.426086956521739,5.417391304347826,0.24347826086956523,0.991304347826087,3.4723020216562506,,0.23088191903661937,1.606008557973837,0.1706779040468973,0.02699386794847669,4.490424296942365
57,mt-bench,Qwen/Qwen3-4B,mgoin/Qwen3-4B-speculator.dflash2,0.0,8,dflash2_unary_k16_tb64,64,778,520,52.15226300060749,9.411220601927758,106.25614277867038,4.893834713002434,84,6.178571428571429,5.190476190476191,6.178571428571429,0.5,0.9880952380952381,3.869368477952394,,0.16952985997340875,1.171307916934893,0.2008368689857889,0.01986947098339442,3.3177578669638024
57,mt-bench,Qwen/Qwen3-4B,mgoin/Qwen3-4B-speculator.dflash2,0.0,8,dflash2_pairwise_k16_tb8,8,762,609,49.3157759992755,10.243270034479433,97.62507447660198,6.238151450997975,110,5.527272727272727,4.527272727272727,5.527272727272727,0.3,1,3.5550639799184074,,0.2205449550310732,1.5350190170138376,0.10098254404147156,0.025729281005624216,4.3383828139994876
57,mt-bench,Qwen/Qwen3-4B,mgoin/Qwen3-4B-speculator.dflash2,0.0,8,dflash2_pairwise_k16_tb16,16,949,618,57.51771700306563,10.53736030258486,94.9004277432457,6.5120886669974425,115,5.3652173913043475,4.3652173913043475,5.3652173913043475,0.28695652173913044,1,3.4558446603769015,,0.23041531602939358,1.6046573789717513,0.1349968350114068,0.026978947964380495,4.496497968008043
57,mt-bench,Qwen/Qwen3-4B,mgoin/Qwen3-4B-speculator.dflash2,0.0,8,dflash2_pairwise_k16_tb32,32,2137,2048,120.69661600253312,7.6417548227531995,130.85999527523657,15.650313876998553,275,7.443636363636363,6.443636363636363,7.443636363636363,0.8327272727272728,1,4.7653295847347685,,0.552128458963125,3.8595898640560335,0.4441570939379744,0.06487561607355019,10.684082200976263
57,mt-bench,Qwen/Qwen3-4B,mgoin/Qwen3-4B-speculator.dflash2,0.0,8,dflash2_pairwise_k16_tb64,64,2137,2048,120.7005050018779,7.760803660154636,128.85263482881035,15.894125895996694,272,7.525735294117647,6.529411764705882,7.525735294117647,0.8492647058823529,0.9963235294117647,4.692230589870357,,0.5487153740468784,3.826855347993842,0.6978877980218385,0.06438755997805856,10.709173446019122
58,mt-bench,Qwen/Qwen3-4B,mgoin/Qwen3-4B-speculator.dflash2,0.0,8,baseline,,147,243,39.18361099931644,36.483650995883615,27.40953749702376,8.865527191999718,242,1,,,,,1.0,True,0.05982489801681368,0.0,0.0,0.0,8.76574823691044
58,mt-bench,Qwen/Qwen3-4B,mgoin/Qwen3-4B-speculator.dflash2,0.0,8,dflash2,,147,253,37.78929799591424,18.177666513840787,55.01256166398381,4.598949628001719,85,2.9647058823529413,1.9764705882352942,2.9647058823529413,0.03529411764705882,0.9882352941176471,2.007059100138312,False,0.05493095795827685,1.0717916060311836,0.0,0.0,3.459742900042329
58,mt-bench,Qwen/Qwen3-4B,mgoin/Qwen3-4B-speculator.dflash2,0.0,8,dflash2_unary_k16_tb8,8,147,274,37.76026799459942,17.586765503663788,56.860938970936616,4.818773748003878,85,3.211764705882353,2.223529411764706,3.211764705882353,0.03529411764705882,0.9882352941176471,2.0744946527138888,False,0.1698798190409434,1.1858835499660927,0.06491515402740333,0.01992197301296983,3.3645585349513567
58,mt-bench,Qwen/Qwen3-4B,mgoin/Qwen3-4B-speculator.dflash2,0.0,8,dflash2_unary_k16_tb16,16,147,250,37.80072899826337,15.654149904003136,63.88082432660725,3.913537476000784,69,3.608695652173913,2.6231884057971016,3.608695652173913,0.057971014492753624,0.9855072463768116,2.3306057000612905,False,0.13799670097068883,0.9613814370313776,0.07065358099498553,0.016162676976819057,2.7162892120395554
58,mt-bench,Qwen/Qwen3-4B,mgoin/Qwen3-4B-speculator.dflash2,0.0,8,dflash2_unary_k16_tb32,32,147,273,37.90584099624539,15.08397321611103,66.29553007505415,4.117924687998311,72,3.7777777777777777,2.7916666666666665,3.7777777777777777,0.06944444444444445,0.9861111111111112,2.418702981845381,False,0.14438325599621749,1.0058253230163245,0.11097033900296083,0.016979098007141147,2.8278868620545836
58,mt-bench,Qwen/Qwen3-4B,mgoin/Qwen3-4B-speculator.dflash2,0.0,8,dflash2_unary_k16_tb64,64,147,251,37.82333900016965,13.805512290843808,72.43483464668148,3.465183585001796,59,4.237288135593221,3.2542372881355934,4.237288135593221,0.06779661016949153,0.9830508474576272,2.6426872271940653,False,0.11895885603007628,0.8214206760239904,0.15128919400740415,0.01424844900611788,2.3489986739878077
58,mt-bench,Qwen/Qwen3-4B,mgoin/Qwen3-4B-speculator.dflash2,0.0,8,dflash2_pairwise_k16_tb8,8,147,253,37.80748900317121,16.96379941105571,58.949058272186136,4.291841250997095,75,3.36,2.3733333333333335,3.36,0.05333333333333334,0.9866666666666667,2.1506768685384445,False,0.15064492101373617,1.0524030979941017,0.07026210696494672,0.01757884298422141,2.9888757249937044
58,mt-bench,Qwen/Qwen3-4B,mgoin/Qwen3-4B-speculator.dflash2,0.0,8,dflash2_pairwise_k16_tb16,16,147,253,37.87890999956289,15.255940581029769,65.54823641902914,3.8597529670005315,67,3.7611940298507465,2.7761194029850746,3.7611940298507465,0.05970149253731343,0.9850746268656716,2.3914389809075267,False,0.1355092919548042,0.9448171510084649,0.08120812497509178,0.01594405297510093,2.671390203999181
58,mt-bench,Qwen/Qwen3-4B,mgoin/Qwen3-4B-speculator.dflash2,0.0,8,dflash2_pairwise_k16_tb32,32,147,234,37.783327999932226,14.477179076928799,69.07423018574285,3.387659904001339,59,3.9491525423728815,2.9661016949152543,3.9491525423728815,0.05084745762711865,0.9830508474576272,2.520080106905971,False,0.11844905199541245,0.8216931200004183,0.10238996399129974,0.01392199700785568,2.321459719998529
58,mt-bench,Qwen/Qwen3-4B,mgoin/Qwen3-4B-speculator.dflash2,0.0,8,dflash2_pairwise_k16_tb64,64,147,253,37.8560600001947,14.10253685770815,70.90922789919325,3.5679418250001618,60,4.2,3.216666666666667,4.2,0.1,0.9833333333333333,2.58702752306174,False,0.1220354619945283,0.8440212729692576,0.16846531299961498,0.014311194980109576,2.4086670960168703
59,mt-bench,Qwen/Qwen3-4B,mgoin/Qwen3-4B-speculator.dflash2,0.0,8,baseline,,449,746,37.57863399368944,36.60126240080458,27.321462004491345,27.304541751000215,745,1,,,,,1.0,True,0.18359773995325668,0.0,0.0,0.0,26.99771530595899
59,mt-bench,Qwen/Qwen3-4B,mgoin/Qwen3-4B-speculator.dflash2,0.0,8,dflash2,,459,722,37.61741399648599,18.734829963983515,53.3765185978434,13.526547233996098,251,2.8725099601593627,1.8764940239043826,2.8725099601593627,0.0398406374501992,0.9960159362549801,1.9536479632410921,,0.1621335139425355,3.1740977558729355,0.0,0.0,10.15329997605295
59,mt-bench,Qwen/Qwen3-4B,mgoin/Qwen3-4B-speculator.dflash2,0.0,8,dflash2_unary_k16_tb8,8,480,671,37.73393599840347,18.902416746638682,52.90328815641126,12.683521636994556,224,2.9910714285714284,1.9955357142857142,2.9910714285714284,0.026785714285714284,0.9955357142857143,1.9363271316781854,,0.44747167904279195,3.139343163027661,0.16726847500831354,0.052588431964977644,8.841117080999538
59,mt-bench,Qwen/Qwen3-4B,mgoin/Qwen3-4B-speculator.dflash2,0.0,8,dflash2_unary_k16_tb16,16,456,680,37.80941900186008,14.736541157349969,67.85852862774668,10.020847986997978,177,3.8361581920903953,2.84180790960452,3.8361581920903953,0.12429378531073447,0.9943502824858758,2.483707812436666,,0.35379777801426826,2.48190066004463,0.17667222793534165,0.04129887401359156,6.938646684058767
59,mt-bench,Qwen/Qwen3-4B,mgoin/Qwen3-4B-speculator.dflash2,0.0,8,dflash2_unary_k16_tb32,32,479,688,37.65065500192577,15.265508161339609,65.50715439218278,10.50266961500165,187,3.6737967914438503,2.6737967914438503,3.6737967914438503,0.08021390374331551,1,2.3976445470383,,0.3748850799674983,2.62183117200766,0.2844329830186325,0.044103687985625584,7.146429770968098
59,mt-bench,Qwen/Qwen3-4B,mgoin/Qwen3-4B-speculator.dflash2,0.0,8,dflash2_unary_k16_tb64,64,457,679,37.63174499908928,13.720321229748862,72.88459091116368,9.316098114999477,159,4.264150943396227,3.270440251572327,4.264150943396227,0.11949685534591195,0.9937106918238994,2.6676680369147987,,0.3214114480288117,2.233355557989853,0.40357100494293263,0.03760592097387416,6.292675043019699
59,mt-bench,Qwen/Qwen3-4B,mgoin/Qwen3-4B-speculator.dflash2,0.0,8,dflash2_pairwise_k16_tb8,8,459,686,37.50207200209843,18.41245797959478,54.31105402158848,12.63094617400202,222,3.0855855855855854,2.09009009009009,3.0855855855855854,0.009009009009009009,0.9954954954954955,1.9878531395084327,,0.44390937798743835,3.118306264979765,0.20548531300300965,0.05210850795992883,8.775582364913134
59,mt-bench,Qwen/Qwen3-4B,mgoin/Qwen3-4B-speculator.dflash2,0.0,8,dflash2_pairwise_k16_tb16,16,459,704,37.73250700032804,16.64466361079452,60.07931571242285,11.717843181999342,206,3.412621359223301,2.412621359223301,3.412621359223301,0.024271844660194174,1,2.19897879925117,,0.4129141569210333,2.8921440690537565,0.24755211990122916,0.04825525795604335,8.083612337053637
59,mt-bench,Qwen/Qwen3-4B,mgoin/Qwen3-4B-speculator.dflash2,0.0,8,dflash2_pairwise_k16_tb32,32,440,639,37.546431994996965,14.964831837239611,66.82333693262927,9.562527543996111,167,3.820359281437126,2.8263473053892216,3.820359281437126,0.09580838323353294,0.9940119760479041,2.4458184895685395,,0.3352750470658066,2.3419018749555107,0.29064770998229505,0.03932717195129953,6.527745000908908
59,mt-bench,Qwen/Qwen3-4B,mgoin/Qwen3-4B-speculator.dflash2,0.0,8,dflash2_pairwise_k16_tb64,64,459,746,37.441339998622425,13.014321542898116,76.83842732053117,9.708683871001995,165,4.515151515151516,3.521212121212121,4.515151515151516,0.15757575757575756,0.9939393939393939,2.812383440823913,,0.3329029100059415,2.319209899957059,0.4592488370471983,0.03896257000451442,6.529754438066448
60,mt-bench,Qwen/Qwen3-4B,mgoin/Qwen3-4B-speculator.dflash2,0.0,8,baseline,,47,386,39.02831699815579,36.52421537303945,27.37909602674601,14.09834713399323,385,1,,,,,1.0,True,0.09521432698238641,0.0,0.0,0.0,13.939472779005882
60,mt-bench,Qwen/Qwen3-4B,mgoin/Qwen3-4B-speculator.dflash2,0.0,8,dflash2,,47,386,37.71990600216668,8.380203132129786,119.32884969888016,3.2347584090020973,60,6.416666666666667,5.433333333333334,6.416666666666667,0.5666666666666667,0.9833333333333333,4.358392606618954,True,0.031030145015392918,0.7544644089794019,0.0,0.0,2.4405862519997754
60,mt-bench,Qwen/Qwen3-4B,mgoin/Qwen3-4B-speculator.dflash2,0.0,8,dflash2_unary_k16_tb8,8,47,386,37.77508900384419,8.969338562173968,111.49094139642133,3.462164684999152,62,6.209677419354839,5.225806451612903,6.209677419354839,0.5,0.9838709677419355,4.0721191557058125,True,0.12416026093706023,0.861738505998801,0.04676089701388264,0.014520935015752912,2.4051554089746787
60,mt-bench,Qwen/Qwen3-4B,mgoin/Qwen3-4B-speculator.dflash2,0.0,8,dflash2_unary_k16_tb16,16,47,386,37.6034839937347,8.391049163207326,119.17460862757814,3.238944976998028,58,6.637931034482759,5.655172413793103,6.637931034482759,0.6206896551724138,0.9827586206896551,4.35275907251135,True,0.11596089199156268,0.8062437829939881,0.05624682200868847,0.013549454954045359,2.237743928038981
60,mt-bench,Qwen/Qwen3-4B,mgoin/Qwen3-4B-speculator.dflash2,0.0,8,dflash2_unary_k16_tb32,32,47,386,37.6164740009699,8.292534049233021,120.59040023989895,3.200918143003946,57,6.754385964912281,5.771929824561403,6.754385964912281,0.631578947368421,0.9824561403508771,4.404469750283098,True,0.11433410001336597,0.792318969972257,0.08093933300551726,0.01341515002422966,2.1905271280484158
60,mt-bench,Qwen/Qwen3-4B,mgoin/Qwen3-4B-speculator.dflash2,0.0,8,dflash2_unary_k16_tb64,64,47,386,37.662925002223346,8.511236829007162,117.49173711062747,3.2853374159967643,57,6.754385964912281,5.771929824561403,6.754385964912281,0.6491228070175439,0.9824561403508771,4.29129351078109,True,0.11484462701628217,0.792746510989673,0.13365339300071355,0.013413280983513687,2.2208750560021144
60,mt-bench,Qwen/Qwen3-4B,mgoin/Qwen3-4B-speculator.dflash2,0.0,8,dflash2_pairwise_k16_tb8,8,47,386,37.65090600063559,8.559311443011348,116.83182773031317,3.30389421700238,59,6.52542372881356,5.5423728813559325,6.52542372881356,0.6101694915254238,0.9830508474576272,4.267190838447801,True,0.11807087098713964,0.8195322859974112,0.0538686729996698,0.013735156979237217,2.2893150910313125
60,mt-bench,Qwen/Qwen3-4B,mgoin/Qwen3-4B-speculator.dflash2,0.0,8,dflash2_pairwise_k16_tb16,16,47,386,37.779657999635674,7.831082987051531,127.6962588256913,3.022798033001891,54,7.12962962962963,6.148148148148148,7.12962962962963,0.7037037037037037,0.9814814814814815,4.664005659680939,True,0.10803013899567304,0.7509597449679859,0.062064671990810893,0.01269860096363118,2.080439049001143
60,mt-bench,Qwen/Qwen3-4B,mgoin/Qwen3-4B-speculator.dflash2,0.0,8,dflash2_pairwise_k16_tb32,32,47,386,37.696475999837276,7.746425471492528,129.09179900846925,2.9901202319961158,53,7.264150943396227,6.283018867924528,7.264150943396227,0.7169811320754716,0.9811320754716981,4.714976669878451,True,0.10637378299725242,0.7369831919568242,0.08613767999486299,0.012544649034680333,2.0393394609636744
60,mt-bench,Qwen/Qwen3-4B,mgoin/Qwen3-4B-speculator.dflash2,0.0,8,dflash2_pairwise_k16_tb64,64,47,386,37.62320399982855,7.939348582909268,125.95491803353511,3.0645885530029777,53,7.264150943396227,6.283018867924528,7.264150943396227,0.7358490566037735,0.9811320754716981,4.6004045535503675,True,0.10705195298214676,0.7373278390223277,0.13534257498395164,0.012536812020698562,2.0632417059969157
61,mt-bench,Qwen/Qwen3-4B,mgoin/Qwen3-4B-speculator.dflash2,0.0,8,baseline,,454,632,37.436451006215066,36.81009971835378,27.16645724003276,23.263983021999593,631,1,,,,,1.0,True,0.15634971590043278,0.0,0.0,0.0,23.00295646010636
61,mt-bench,Qwen/Qwen3-4B,mgoin/Qwen3-4B-speculator.dflash2,0.0,8,dflash2,,454,629,37.4839409996639,8.890485729728749,112.47979361308872,5.592115523999382,103,6.097087378640777,5.106796116504855,6.097087378640777,0.5048543689320388,0.9902912621359223,4.140392419197648,,0.05537727300543338,1.3094115059866454,0.0,0.0,4.212297600963211
61,mt-bench,Qwen/Qwen3-4B,mgoin/Qwen3-4B-speculator.dflash2,0.0,8,dflash2_unary_k16_tb8,8,454,629,37.96643199893879,9.442885756752746,105.8998303865834,5.939575140997476,105,5.980952380952381,4.9904761904761905,5.980952380952381,0.42857142857142855,0.9904761904761905,3.8981833166868873,,0.2105412649907521,1.4640615380048985,0.07788030799565604,0.024561136015108787,4.145801548023883
61,mt-bench,Qwen/Qwen3-4B,mgoin/Qwen3-4B-speculator.dflash2,0.0,8,dflash2_unary_k16_tb16,16,454,629,37.55825299595017,8.909492244834688,112.23984179118108,5.604070622001018,99,6.343434343434343,5.353535353535354,6.343434343434343,0.494949494949495,0.98989898989899,4.131559768705628,,0.19831975505076116,1.3825437660198077,0.09582936300284928,0.023209457023767754,3.8882019960219623
61,mt-bench,Qwen/Qwen3-4B,mgoin/Qwen3-4B-speculator.dflash2,0.0,8,dflash2_unary_k16_tb32,32,454,632,37.55621299933409,8.82428650632541,113.32360970863554,5.57694907199766,98,6.438775510204081,5.448979591836735,6.438775510204081,0.5204081632653061,0.9897959183673469,4.17145337381868,,0.1969015119539108,1.3689147500044783,0.13973088702914538,0.022955132990318816,3.832171488997119
61,mt-bench,Qwen/Qwen3-4B,mgoin/Qwen3-4B-speculator.dflash2,0.0,8,dflash2_unary_k16_tb64,64,454,629,37.746647001768,8.734692395872504,114.48600072883397,5.494121517003805,94,6.680851063829787,5.691489361702128,6.680851063829787,0.5851063829787234,0.9893617021276596,4.214241103183903,,0.19027842897048686,1.3173112480071723,0.218246138014365,0.02234461700572865,3.729605493012059
61,mt-bench,Qwen/Qwen3-4B,mgoin/Qwen3-4B-speculator.dflash2,0.0,8,dflash2_pairwise_k16_tb8,8,454,629,37.437390004924964,9.02999571383622,110.74202377170002,5.679867304002983,100,6.28,5.29,6.28,0.47,0.99,4.076424938048583,,0.20044474198948592,1.3961598129753838,0.09132822793617379,0.02362920496670995,3.9524694650317542
61,mt-bench,Qwen/Qwen3-4B,mgoin/Qwen3-4B-speculator.dflash2,0.0,8,dflash2_pairwise_k16_tb16,16,454,629,37.57094399770722,8.387543879172117,119.2244135357899,5.275765099999262,93,6.752688172043011,5.763440860215054,6.752688172043011,0.6344086021505376,0.989247311827957,4.388662551114675,,0.1863073520071339,1.2978174270610907,0.10751066700322554,0.02182041998457862,3.6473824660133687
61,mt-bench,Qwen/Qwen3-4B,mgoin/Qwen3-4B-speculator.dflash2,0.0,8,dflash2_pairwise_k16_tb32,32,454,629,37.58924399880925,8.084937085853117,123.68680045139531,5.08542542700161,89,7.056179775280899,6.067415730337078,7.056179775280899,0.6853932584269663,0.9887640449438202,4.552923458459987,,0.1790932229923783,1.244003924963181,0.14493290105747292,0.02106403400102863,3.481596764009737
61,mt-bench,Qwen/Qwen3-4B,mgoin/Qwen3-4B-speculator.dflash2,0.0,8,dflash2_pairwise_k16_tb64,64,454,629,37.425639005959965,8.107634559611029,123.34053695286137,5.099702137995337,87,7.218390804597701,6.2298850574712645,7.218390804597701,0.7126436781609196,0.9885057471264368,4.540177464550127,,0.17594210593233583,1.2171004480260308,0.22308103499381104,0.02074072600225918,3.447825901013857
62,mt-bench,Qwen/Qwen3-4B,mgoin/Qwen3-4B-speculator.dflash2,0.0,8,baseline,,62,74,39.3832059999113,36.05772489194154,27.733308271578935,2.668271642003674,73,1,,,,,1.0,True,0.018063322961097583,0.0,0.0,0.0,2.6378241020283895
62,mt-bench,Qwen/Qwen3-4B,mgoin/Qwen3-4B-speculator.dflash2,0.0,8,dflash2,,62,74,37.55199199804338,11.675304351327313,85.6508721236303,0.863972521998221,16,4.5625,3.5625,4.5625,0.125,1,3.088375583788726,True,0.010153039009310305,0.19329518100130372,0.0,0.0,0.6582421089915442
62,mt-bench,Qwen/Qwen3-4B,mgoin/Qwen3-4B-speculator.dflash2,0.0,8,dflash2_unary_k16_tb8,8,62,74,37.96883200266166,13.693319918938624,73.02830912589316,1.013305674001458,18,4.055555555555555,3.111111111111111,4.055555555555555,0.16666666666666666,0.9444444444444444,2.633234679785119,True,0.036086282998439856,0.24033300898736343,0.013775039995380212,0.004171888991550077,0.7160532329944544
62,mt-bench,Qwen/Qwen3-4B,mgoin/Qwen3-4B-speculator.dflash2,0.0,8,dflash2_unary_k16_tb16,16,62,74,37.60215399961453,12.128631229692523,82.4495345815994,0.8975187109972467,16,4.5625,3.625,4.5625,0.25,0.9375,2.9729426354119313,True,0.03203592498175567,0.2118673459990532,0.01604530299664475,0.0036883259963360615,0.6312273110015667
62,mt-bench,Qwen/Qwen3-4B,mgoin/Qwen3-4B-speculator.dflash2,0.0,8,dflash2_unary_k16_tb32,32,62,74,37.55850299785379,9.85765805406216,101.44397325568809,0.7294666960005998,13,5.615384615384615,4.6923076923076925,5.615384615384615,0.3076923076923077,0.9230769230769231,3.6578388795990766,True,0.026000231002399232,0.1694545860082144,0.0188992010007496,0.0030731329970876686,0.5099455050003598
62,mt-bench,Qwen/Qwen3-4B,mgoin/Qwen3-4B-speculator.dflash2,0.0,8,dflash2_unary_k16_tb64,64,62,74,37.4528000029386,10.116715297339692,98.84631232658704,0.7486369320031372,13,5.615384615384615,4.6923076923076925,5.615384615384615,0.3076923076923077,0.9230769230769231,3.5641731364550053,True,0.02614377500140108,0.16967544498766074,0.030894579002051614,0.003051500993024092,0.5166753619923838
62,mt-bench,Qwen/Qwen3-4B,mgoin/Qwen3-4B-speculator.dflash2,0.0,8,dflash2_pairwise_k16_tb8,8,62,74,37.48759099835297,12.185966648708877,82.0616065042285,0.901761532004457,16,4.5625,3.625,4.5625,0.125,0.9375,2.9589548315202316,True,0.03199397399293957,0.2122845150224748,0.014692874996399041,0.0037609879873343743,0.6365393830201356
62,mt-bench,Qwen/Qwen3-4B,mgoin/Qwen3-4B-speculator.dflash2,0.0,8,dflash2_pairwise_k16_tb16,16,62,74,38.104115999885835,10.617874621636252,94.18080695380225,0.7857227220010826,14,5.214285714285714,4.285714285714286,5.214285714285714,0.21428571428571427,0.9285714285714286,3.3959456272412565,True,0.027921012006117962,0.18366648799565155,0.016305787008604966,0.0032621689824736677,0.5523470109910704
62,mt-bench,Qwen/Qwen3-4B,mgoin/Qwen3-4B-speculator.dflash2,0.0,8,dflash2_pairwise_k16_tb32,32,62,74,37.48651099886047,10.696112540490748,93.49191084278915,0.7915123279963153,14,5.214285714285714,4.285714285714286,5.214285714285714,0.2857142857142857,0.9285714285714286,3.3711056007912177,True,0.02806289301952347,0.1841647510009352,0.023296616011066362,0.0033549289946677163,0.5503923680080334
62,mt-bench,Qwen/Qwen3-4B,mgoin/Qwen3-4B-speculator.dflash2,0.0,8,dflash2_pairwise_k16_tb64,64,62,74,37.61272400151938,9.3824263243044,106.5822384780771,0.6942995479985257,12,6.083333333333333,5.166666666666667,6.083333333333333,0.25,0.9166666666666666,3.8431130334098103,True,0.02415437998570269,0.15595235500950366,0.031288338999729604,0.002851917983207386,0.478023587995267
63,mt-bench,Qwen/Qwen3-4B,mgoin/Qwen3-4B-speculator.dflash2,0.0,8,baseline,,179,75,37.54130199376959,36.2718457733475,27.569592301663306,2.7203884330010624,74,1,,,,,1.0,True,0.01825598302821163,0.0,0.0,0.0,2.689621201985574
63,mt-bench,Qwen/Qwen3-4B,mgoin/Qwen3-4B-speculator.dflash2,0.0,8,dflash2,,179,86,38.015712998458184,9.993602290748195,100.06401804940474,0.8594497970043448,16,5.3125,4.3125,5.3125,0.3125,1,3.6295066301494696,,0.009335786002338864,0.1935529120019055,0.0,0.0,0.6542400009784615
63,mt-bench,Qwen/Qwen3-4B,mgoin/Qwen3-4B-speculator.dflash2,0.0,8,dflash2_unary_k16_tb8,8,179,75,37.4943809947581,11.9658872000097,83.57090312527679,0.8974415400007275,16,4.625,3.625,4.625,0.1875,1,3.031270909299404,,0.032032945011451375,0.21225771499302937,0.012172305992862675,0.0037637020213878714,0.6346405989897903
63,mt-bench,Qwen/Qwen3-4B,mgoin/Qwen3-4B-speculator.dflash2,0.0,8,dflash2_unary_k16_tb16,16,179,86,37.685135001083836,9.763534151208532,102.42192883365085,0.8396639370039338,15,5.666666666666667,4.733333333333333,5.666666666666667,0.3333333333333333,0.9333333333333333,3.7150324064629574,,0.029993236996233463,0.19814988601137884,0.01495128501119325,0.0035066590062342584,0.5906691389900516
63,mt-bench,Qwen/Qwen3-4B,mgoin/Qwen3-4B-speculator.dflash2,0.0,8,dflash2_unary_k16_tb32,32,179,75,37.39919899817323,9.780809479998425,102.24102637363315,0.7335607109998818,13,5.6923076923076925,4.6923076923076925,5.6923076923076925,0.3076923076923077,1,3.708470740333176,,0.026211880009213928,0.1706776379942312,0.019005972004379146,0.0030533599929185584,0.5124910609883955
63,mt-bench,Qwen/Qwen3-4B,mgoin/Qwen3-4B-speculator.dflash2,0.0,8,dflash2_unary_k16_tb64,64,179,75,37.474702003237326,9.98906591994455,100.10946048552566,0.7491799439958413,13,5.6923076923076925,4.6923076923076925,5.6923076923076925,0.38461538461538464,1,3.6311549111840122,,0.026324951002607122,0.17014552500040736,0.03132557700155303,0.0030228030154830776,0.5161668549990281
63,mt-bench,Qwen/Qwen3-4B,mgoin/Qwen3-4B-speculator.dflash2,0.0,8,dflash2_pairwise_k16_tb8,8,179,75,37.459680999745615,11.983397613318326,83.44878741973827,0.8987548209988745,16,4.625,3.6875,4.625,0.1875,0.9375,3.0268415472616077,,0.031917574982799124,0.21222844499425264,0.014733304000401404,0.0036924860178260133,0.6335797020146856
63,mt-bench,Qwen/Qwen3-4B,mgoin/Qwen3-4B-speculator.dflash2,0.0,8,dflash2_pairwise_k16_tb16,16,179,75,37.52916200028267,10.477301279994816,95.44442536069697,0.7857975959996112,14,5.285714285714286,4.285714285714286,5.285714285714286,0.2857142857142857,1,3.4619454766089777,,0.02807293601654237,0.1843921059917193,0.016358861983462702,0.003275007984484546,0.5514683090004837
63,mt-bench,Qwen/Qwen3-4B,mgoin/Qwen3-4B-speculator.dflash2,0.0,8,dflash2_pairwise_k16_tb32,32,179,86,37.52511300262995,9.209574418576288,108.58265046242934,0.7920233999975608,14,6.071428571428571,5.142857142857143,6.071428571428571,0.5,0.9285714285714286,3.9384931512345367,,0.028104391996748745,0.1841987210282241,0.023469218976970296,0.0033151330062537454,0.5506651670075371
63,mt-bench,Qwen/Qwen3-4B,mgoin/Qwen3-4B-speculator.dflash2,0.0,8,dflash2_pairwise_k16_tb64,64,179,75,37.47124100482324,10.059207666587707,99.41140824854061,0.7544405749940779,13,5.6923076923076925,4.6923076923076925,5.6923076923076925,0.3076923076923077,1,3.6058352681023504,,0.026200627005891874,0.17006088900234317,0.03472693099320168,0.0030828089802525938,0.5181778359983582
64,mt-bench,Qwen/Qwen3-4B,mgoin/Qwen3-4B-speculator.dflash2,0.0,8,baseline,,81,312,39.30915400269441,36.912320397417574,27.091225618803445,11.516643963994284,311,1,,,,,1.0,True,0.07751584297511727,0.0,0.0,0.0,11.386978545015154
64,mt-bench,Qwen/Qwen3-4B,mgoin/Qwen3-4B-speculator.dflash2,0.0,8,dflash2,,81,318,37.99972200067714,9.840262534596361,101.6233049153113,3.129203486001643,58,5.4655172413793105,4.482758620689655,5.4655172413793105,0.3275862068965517,0.9827586206896551,3.751151990878431,False,0.03334708198963199,0.7282543560213526,0.0,0.0,2.359122080015368
64,mt-bench,Qwen/Qwen3-4B,mgoin/Qwen3-4B-speculator.dflash2,0.0,8,dflash2_unary_k16_tb8,8,81,312,38.07664600026328,10.157493445522285,98.44948513757878,3.169137955002953,56,5.553571428571429,4.571428571428571,5.553571428571429,0.35714285714285715,0.9821428571428571,3.633998938359108,True,0.1123285119610955,0.7761214090060093,0.041531132032105234,0.013043845036008861,2.2173029690238764
64,mt-bench,Qwen/Qwen3-4B,mgoin/Qwen3-4B-speculator.dflash2,0.0,8,dflash2_unary_k16_tb16,16,81,312,38.1072150048567,9.796745041664204,102.07471928146931,3.056584452999232,54,5.7592592592592595,4.777777777777778,5.7592592592592595,0.4444444444444444,0.9814814814814815,3.767814742594053,True,0.1082320260029519,0.7490534880053019,0.05224801901204046,0.012607828997715842,2.125794878003944
64,mt-bench,Qwen/Qwen3-4B,mgoin/Qwen3-4B-speculator.dflash2,0.0,8,dflash2_unary_k16_tb32,32,81,312,38.04059699905338,9.311180326921413,107.39776965855772,2.9050882619994804,51,6.098039215686274,5.117647058823529,6.098039215686274,0.5294117647058824,0.9803921568627451,3.9643008836047344,True,0.10252678899269085,0.7078227740057628,0.0729428839913453,0.011951854976359755,2.001435541002138
64,mt-bench,Qwen/Qwen3-4B,mgoin/Qwen3-4B-speculator.dflash2,0.0,8,dflash2_unary_k16_tb64,64,81,312,38.04614800174022,9.360542858979525,106.83141085569677,2.9204893720016116,50,6.22,5.24,6.22,0.52,0.98,3.9433952660136335,True,0.10086975200829329,0.694058336019225,0.11723789001553087,0.011700607028615195,1.9880031000066083
64,mt-bench,Qwen/Qwen3-4B,mgoin/Qwen3-4B-speculator.dflash2,0.0,8,dflash2_pairwise_k16_tb8,8,81,318,38.038607002818026,9.468839295590465,105.60956509903902,3.011090895997768,53,5.981132075471698,5,5.981132075471698,0.37735849056603776,0.9811320754716981,3.8982941039676575,False,0.10612345106346766,0.7353448349822429,0.048499491036636755,0.012349461001576856,2.1002584480156656
64,mt-bench,Qwen/Qwen3-4B,mgoin/Qwen3-4B-speculator.dflash2,0.0,8,dflash2_pairwise_k16_tb16,16,81,312,38.11339000094449,8.557356554471577,116.85851742118402,2.669895244995132,47,6.617021276595745,5.617021276595745,6.617021276595745,0.5531914893617021,1,4.313519036217948,True,0.09418808900227305,0.651594730981742,0.05478462103201309,0.01113304698083084,1.8505872830282897
64,mt-bench,Qwen/Qwen3-4B,mgoin/Qwen3-4B-speculator.dflash2,0.0,8,dflash2_pairwise_k16_tb32,32,81,318,38.07655900163809,8.815130424535132,113.44131644572181,2.803211475002172,49,6.469387755102041,5.489795918367347,6.469387755102041,0.6122448979591837,0.9795918367346939,4.1873822189493195,False,0.09836450398142915,0.6802154750112095,0.08042483900499064,0.011626847997831646,1.9245344919836498
64,mt-bench,Qwen/Qwen3-4B,mgoin/Qwen3-4B-speculator.dflash2,0.0,8,dflash2_pairwise_k16_tb64,64,81,312,38.072039002145175,8.461521689101712,118.18205244193629,2.6399947669997346,45,6.911111111111111,5.933333333333334,6.911111111111111,0.6666666666666666,0.9777777777777777,4.362373784961159,True,0.09080757298943354,0.623580239029252,0.11629495799570577,0.010669986004359089,1.7908534520174726
65,mt-bench,Qwen/Qwen3-4B,mgoin/Qwen3-4B-speculator.dflash2,0.0,8,baseline,,423,354,37.69235099753132,36.36398933051199,27.499733071391272,12.872852223001246,353,1,,,,,1.0,True,0.08679661496717017,0.0,0.0,0.0,12.727858117032156
65,mt-bench,Qwen/Qwen3-4B,mgoin/Qwen3-4B-speculator.dflash2,0.0,8,dflash2,,429,243,37.6252390051377,13.047847892981745,76.64099154143926,3.1706270379945636,59,4.101694915254237,3.1016949152542375,4.101694915254237,0.22033898305084745,1,2.7869721986927574,,0.03566196896281326,0.73754520300281,0.0,0.0,2.388948192980024
65,mt-bench,Qwen/Qwen3-4B,mgoin/Qwen3-4B-speculator.dflash2,0.0,8,dflash2_unary_k16_tb8,8,423,354,37.430103999213316,10.871640692099485,91.98243653570236,3.8485608050032174,69,5.115942028985507,4.130434782608695,5.115942028985507,0.2463768115942029,0.9855072463768116,3.344848340778777,,0.13811151796835475,0.9595634360230179,0.05101471800298896,0.016273603978333995,2.6725552750358474
65,mt-bench,Qwen/Qwen3-4B,mgoin/Qwen3-4B-speculator.dflash2,0.0,8,dflash2_unary_k16_tb16,16,423,243,37.838292999367695,10.730315423860414,93.19390535122153,2.6074666479980806,47,5.148936170212766,4.148936170212766,5.148936170212766,0.23404255319148937,1,3.388902179860564,,0.0939985059958417,0.6479788729920983,0.04643616102839587,0.010933983016002458,1.8005485529938596
65,mt-bench,Qwen/Qwen3-4B,mgoin/Qwen3-4B-speculator.dflash2,0.0,8,dflash2_unary_k16_tb32,32,423,243,37.51007500250125,10.589975069986977,94.42892862270257,2.5733639420068357,46,5.260869565217392,4.260869565217392,5.260869565217392,0.2608695652173913,1,3.433812552927635,,0.09235242503200425,0.6356116000242764,0.06820911698014243,0.010739210985775571,1.7589475929707987
65,mt-bench,Qwen/Qwen3-4B,mgoin/Qwen3-4B-speculator.dflash2,0.0,8,dflash2_unary_k16_tb64,64,423,354,37.56736699870089,9.409348299429393,106.27728596895948,3.330909297998005,58,6.086206896551724,5.103448275862069,6.086206896551724,0.4482758620689655,0.9827586206896551,3.864666093051014,,0.11684717100433772,0.8052657529842691,0.1381129039946245,0.013725500983127858,2.246940635028295
65,mt-bench,Qwen/Qwen3-4B,mgoin/Qwen3-4B-speculator.dflash2,0.0,8,dflash2_pairwise_k16_tb8,8,429,354,37.3939019991667,10.563341776850583,94.66701173973999,3.739422989005106,66,5.348484848484849,4.363636363636363,5.348484848484849,0.2878787878787879,0.9848484848484849,3.4424702048553586,,0.13206135000655195,0.9155108299892163,0.06052385798830073,0.015540739987045527,2.6053103979938896
65,mt-bench,Qwen/Qwen3-4B,mgoin/Qwen3-4B-speculator.dflash2,0.0,8,dflash2_pairwise_k16_tb16,16,423,354,37.58462800033158,9.459509728810193,105.71372393162905,3.3486664439988085,60,5.883333333333334,4.9,5.883333333333334,0.43333333333333335,0.9833333333333333,3.8441727291384487,,0.12020915701577906,0.8322952890812303,0.07019871398370015,0.015811541998118628,2.300505339022493
65,mt-bench,Qwen/Qwen3-4B,mgoin/Qwen3-4B-speculator.dflash2,0.0,8,dflash2_pairwise_k16_tb32,32,429,243,37.360472000727896,11.012342456779,90.80720145825268,2.6759992169972975,47,5.148936170212766,4.148936170212766,5.148936170212766,0.23404255319148937,1,3.3021121049615534,,0.09425112497410737,0.6494358459822251,0.07871406595950248,0.011040567005693447,1.8347785029836814
65,mt-bench,Qwen/Qwen3-4B,mgoin/Qwen3-4B-speculator.dflash2,0.0,8,dflash2_pairwise_k16_tb64,64,423,354,37.50344599393429,9.122650785319701,109.61726186090716,3.229418378003174,56,6.303571428571429,5.321428571428571,6.303571428571429,0.5,0.9821428571428571,3.986120940749967,,0.11298267002712237,0.7766891650098842,0.147696089996316,0.013282894993608352,2.1690524740188266
66,mt-bench,Qwen/Qwen3-4B,mgoin/Qwen3-4B-speculator.dflash2,0.0,8,baseline,,34,483,38.735674002964515,36.484592799168404,27.40882995473073,17.622058321998338,482,1,,,,,1.0,True,0.11903549103590194,0.0,0.0,0.0,17.42331097193528
66,mt-bench,Qwen/Qwen3-4B,mgoin/Qwen3-4B-speculator.dflash2,0.0,8,dflash2,,34,378,37.20158700161846,11.597228023799804,86.2275017743725,4.383752192996326,81,4.654320987654321,3.6666666666666665,4.654320987654321,0.20987654320987653,0.9876543209876543,3.1459752903275513,False,0.049209479955607094,1.0226503509911709,0.0,0.0,3.3000271770506515
66,mt-bench,Qwen/Qwen3-4B,mgoin/Qwen3-4B-speculator.dflash2,0.0,8,dflash2_unary_k16_tb8,8,34,483,37.21967899764422,11.87345512837025,84.22148306356213,5.734878827002831,101,4.772277227722772,3.782178217821782,4.772277227722772,0.13861386138613863,0.9900990099009901,3.0727865145161224,True,0.2019831149809761,1.4134341880489956,0.0755940539893345,0.023851750018366147,4.003870724060107
66,mt-bench,Qwen/Qwen3-4B,mgoin/Qwen3-4B-speculator.dflash2,0.0,8,dflash2_unary_k16_tb16,16,34,483,37.358392000896856,11.045500407864674,90.53460351040093,5.334976696998638,94,5.127659574468085,4.138297872340425,5.127659574468085,0.23404255319148937,0.9893617021276596,3.30311814331114,True,0.188144509025733,1.314547814996331,0.09300555797381094,0.02199744203244336,3.7021719649928855
66,mt-bench,Qwen/Qwen3-4B,mgoin/Qwen3-4B-speculator.dflash2,0.0,8,dflash2_unary_k16_tb32,32,34,378,37.47499399469234,10.273202285716444,97.34063169284327,3.883270464000816,68,5.544117647058823,4.5588235294117645,5.544117647058823,0.23529411764705882,0.9852941176470589,3.551433310127213,False,0.13665255998057546,0.9487190050058416,0.10069617398403352,0.016008447026251815,2.6699434670008486
66,mt-bench,Qwen/Qwen3-4B,mgoin/Qwen3-4B-speculator.dflash2,0.0,8,dflash2_unary_k16_tb64,64,34,379,37.393022001197096,9.935485509233912,100.64933405323907,3.765549007999652,65,5.815384615384615,4.8307692307692305,5.815384615384615,0.3230769230769231,0.9846153846153847,3.6721499684399013,False,0.13007942003605422,0.8962131199805299,0.15750068800116424,0.015292762960598338,2.555187146012031
66,mt-bench,Qwen/Qwen3-4B,mgoin/Qwen3-4B-speculator.dflash2,0.0,8,dflash2_pairwise_k16_tb8,8,34,383,36.82495900284266,11.13350880417399,89.81894365818408,4.264133871998638,76,5.026315789473684,4.0394736842105265,5.026315789473684,0.15789473684210525,0.9868421052631579,3.277007585020295,False,0.1501543930498883,1.0461251480301144,0.0691201239824295,0.01769229499041103,2.969048563965771
66,mt-bench,Qwen/Qwen3-4B,mgoin/Qwen3-4B-speculator.dflash2,0.0,8,dflash2_pairwise_k16_tb16,16,34,483,36.87283000181196,9.653841706007158,103.58570509580079,4.662805544001458,83,5.807228915662651,4.819277108433735,5.807228915662651,0.3614457831325301,0.9879518072289156,3.7792822702350355,True,0.1642062960381736,1.1446271649911068,0.09651579001365462,0.019279210035165306,3.2250938049692195
66,mt-bench,Qwen/Qwen3-4B,mgoin/Qwen3-4B-speculator.dflash2,0.0,8,dflash2_pairwise_k16_tb32,32,34,483,36.951811001927126,9.247040867503115,108.14270363120175,4.466320739004004,79,6.10126582278481,5.10126582278481,6.10126582278481,0.43037974683544306,1,3.945542506185546,True,0.15655794697522651,1.089359913028602,0.13098575799085665,0.018382688002020586,3.0580942790184054
66,mt-bench,Qwen/Qwen3-4B,mgoin/Qwen3-4B-speculator.dflash2,0.0,8,dflash2_pairwise_k16_tb64,64,34,379,36.80705899751047,8.883163464367131,112.57250910796378,3.3667189529951425,58,6.517241379310345,5.5344827586206895,6.517241379310345,0.46551724137931033,0.9827586206896551,4.107162155184735,False,0.11558799304475542,0.796710629008885,0.15294918900326593,0.013588557012553792,2.2780074790134677
67,mt-bench,Qwen/Qwen3-4B,mgoin/Qwen3-4B-speculator.dflash2,0.0,8,baseline,,549,1058,38.04590800427832,36.050429426274256,27.73892061521965,38.14135433299816,1057,1,,,,,1.0,True,0.2598826060202555,0.0,0.0,0.0,37.70881461188401
67,mt-bench,Qwen/Qwen3-4B,mgoin/Qwen3-4B-speculator.dflash2,0.0,8,dflash2,,444,907,37.456065001606476,10.374954475193936,96.38596510384275,9.4100837090009,173,5.236994219653179,4.236994219653179,5.236994219653179,0.42196531791907516,1,3.4747554326594163,,0.09635764094855404,2.2119905129948165,0.0,0.0,7.076227355035371
67,mt-bench,Qwen/Qwen3-4B,mgoin/Qwen3-4B-speculator.dflash2,0.0,8,dflash2_unary_k16_tb8,8,549,924,38.07341899664607,10.492941501078038,95.30216097147408,9.695477946996107,170,5.429411764705883,4.429411764705883,5.429411764705883,0.3764705882352941,1,3.435683828273555,,0.3445697709757951,2.396267038973747,0.1258889759919839,0.03993903197260806,6.761560056977032
67,mt-bench,Qwen/Qwen3-4B,mgoin/Qwen3-4B-speculator.dflash2,0.0,8,dflash2_unary_k16_tb16,16,549,881,38.05108800588641,9.581818071504653,104.3643275772369,8.4415817209956,150,5.866666666666666,4.873333333333333,5.866666666666666,0.47333333333333333,0.9933333333333333,3.7623788259437467,,0.29975457303225994,2.0865212070202688,0.1475858720295946,0.03505279799719574,5.848516201986058
67,mt-bench,Qwen/Qwen3-4B,mgoin/Qwen3-4B-speculator.dflash2,0.0,8,dflash2_unary_k16_tb32,32,444,922,37.21450900047785,9.276582972888876,107.79831355171764,8.553009501003544,148,6.222972972972973,5.222972972972973,6.222972972972973,0.5472972972972973,1,3.8861754949675804,,0.3025208480175934,2.1064534499964793,0.21612235505017452,0.03522400300425943,5.868003528012196
67,mt-bench,Qwen/Qwen3-4B,mgoin/Qwen3-4B-speculator.dflash2,0.0,8,dflash2_unary_k16_tb64,64,445,912,37.51190599723486,8.828189073459438,113.27351415777248,8.051308434995008,139,6.553956834532374,5.553956834532374,6.553956834532374,0.6115107913669064,1,4.083558828010855,,0.28015675600181567,1.9339409149688436,0.3251357660192298,0.03277120400161948,5.455389193986775
67,mt-bench,Qwen/Qwen3-4B,mgoin/Qwen3-4B-speculator.dflash2,0.0,8,dflash2_pairwise_k16_tb8,8,449,884,44.202381002833135,10.285514306560305,97.22411249403251,9.09239464699931,159,5.553459119496855,4.553459119496855,5.553459119496855,0.41509433962264153,1,3.504971005998268,,0.32191077601601137,2.240443891932955,0.14552049598569283,0.0374894829801633,6.3215314370027045
67,mt-bench,Qwen/Qwen3-4B,mgoin/Qwen3-4B-speculator.dflash2,0.0,8,dflash2_pairwise_k16_tb16,16,549,779,38.04498800309375,8.879868842106427,112.61427592919111,6.917417828000906,123,6.32520325203252,5.333333333333333,6.32520325203252,0.5284552845528455,0.991869918699187,4.05979300677628,,0.24551809603872243,1.7047632870744565,0.14151986794604454,0.028779203006706666,4.7772174289566465
67,mt-bench,Qwen/Qwen3-4B,mgoin/Qwen3-4B-speculator.dflash2,0.0,8,dflash2_pairwise_k16_tb32,32,549,893,42.185513993899804,8.772801329226109,113.98867505052857,7.834111586998914,136,6.5588235294117645,5.5661764705882355,6.5588235294117645,0.6102941176470589,0.9926470588235294,4.109340685303589,,0.27674933293747017,1.9227511310309637,0.22584230999927968,0.03231488295568852,5.3536666779837105
67,mt-bench,Qwen/Qwen3-4B,mgoin/Qwen3-4B-speculator.dflash2,0.0,8,dflash2_pairwise_k16_tb64,64,445,901,37.12758599431254,8.579611458383631,116.5553947111256,7.730229924003651,133,6.7669172932330826,5.7669172932330826,6.7669172932330826,0.6390977443609023,1,4.201872031284973,,0.2667797399844858,1.8474386720190523,0.3459037569409702,0.031414867960847914,5.215737910009921
68,mt-bench,Qwen/Qwen3-4B,mgoin/Qwen3-4B-speculator.dflash2,0.0,8,baseline,,88,381,40.07010499481112,36.5278076010506,27.37640350392227,13.917094696000277,380,1,,,,,1.0,True,0.09406878305162536,0.0,0.0,0.0,13.760153413990338
68,mt-bench,Qwen/Qwen3-4B,mgoin/Qwen3-4B-speculator.dflash2,0.0,8,dflash2,,88,382,37.78131199942436,10.42305680628164,95.9411445783671,3.9816076999995857,74,5.148648648648648,4.162162162162162,5.148648648648648,0.3108108108108108,0.9864864864864865,3.504519670183172,False,0.043105238990392536,0.9288415729824919,0.0,0.0,2.99880906999897
68,mt-bench,Qwen/Qwen3-4B,mgoin/Qwen3-4B-speculator.dflash2,0.0,8,dflash2_unary_k16_tb8,8,88,382,37.90580500208307,10.393467159696923,96.21428389919117,3.970304455004225,70,5.442857142857143,4.457142857142857,5.442857142857143,0.2714285714285714,0.9857142857142858,3.5144968507425154,False,0.13945279401377775,0.982875560024695,0.05317772000853438,0.01631856802123366,2.7673764959472464
68,mt-bench,Qwen/Qwen3-4B,mgoin/Qwen3-4B-speculator.dflash2,0.0,8,dflash2_unary_k16_tb16,16,88,372,37.920775001111906,10.246328209666567,97.59593676265244,3.8116340939959628,67,5.537313432835821,4.552238805970149,5.537313432835821,0.3582089552238806,0.9850746268656716,3.564965600710469,False,0.13395669600140536,0.9474128570218454,0.06743493400426814,0.015629669025656767,2.636354137037415
68,mt-bench,Qwen/Qwen3-4B,mgoin/Qwen3-4B-speculator.dflash2,0.0,8,dflash2_unary_k16_tb32,32,88,390,37.86984299949836,9.976052687181015,100.24004797859334,3.8906605480005965,68,5.720588235294118,4.720588235294118,5.720588235294118,0.4117647058823529,1,3.6615491864821377,False,0.1362737539820955,0.9585558020116878,0.09949927699199179,0.016050398975494318,2.6690295549560688
68,mt-bench,Qwen/Qwen3-4B,mgoin/Qwen3-4B-speculator.dflash2,0.0,8,dflash2_unary_k16_tb64,64,88,372,37.65971899701981,9.588399309152049,104.292694511117,3.566884543004562,61,6.081967213114754,5.081967213114754,6.081967213114754,0.4098360655737705,1,3.8095834792972276,False,0.12324517501110677,0.8506540719827171,0.14683572899957653,0.014407203045266215,2.421270507009467
68,mt-bench,Qwen/Qwen3-4B,mgoin/Qwen3-4B-speculator.dflash2,0.0,8,dflash2_pairwise_k16_tb8,8,88,370,37.88697499840055,10.30014178647213,97.08604218568792,3.811052460994688,67,5.507462686567164,4.522388059701493,5.507462686567164,0.2835820895522388,0.9850746268656716,3.5463402697062896,False,0.13373461303854128,0.9338686440169113,0.06140034503187053,0.01559554703271715,2.655733274979866
68,mt-bench,Qwen/Qwen3-4B,mgoin/Qwen3-4B-speculator.dflash2,0.0,8,dflash2_pairwise_k16_tb16,16,88,384,37.876424998103175,9.360467669277265,106.83226899892828,3.59441958500247,63,6.079365079365079,5.095238095238095,6.079365079365079,0.47619047619047616,0.9841269841269841,3.902348567576534,False,0.1270019150324515,0.874490162008442,0.0739802240204881,0.014703997985634487,2.4941507360199466
68,mt-bench,Qwen/Qwen3-4B,mgoin/Qwen3-4B-speculator.dflash2,0.0,8,dflash2_pairwise_k16_tb32,32,88,372,38.074158001109026,8.906806231196594,112.27368981009637,3.313331918005133,58,6.396551724137931,5.413793103448276,6.396551724137931,0.5689655172413793,0.9827586206896551,4.101111740043235,False,0.11621335901872953,0.8051669320120709,0.09562088298844174,0.01358196695218794,2.27319226902182
68,mt-bench,Qwen/Qwen3-4B,mgoin/Qwen3-4B-speculator.dflash2,0.0,8,dflash2_pairwise_k16_tb64,64,88,382,37.70612100197468,8.789533246057907,113.7716841162753,3.3576016999941207,57,6.684210526315789,5.701754385964913,6.684210526315789,0.6140350877192983,0.9824561403508771,4.155830187846807,False,0.11505142696842086,0.8050375440070638,0.1505664519718266,0.01345350001793122,2.263675501984835
69,mt-bench,Qwen/Qwen3-4B,mgoin/Qwen3-4B-speculator.dflash2,0.0,8,baseline,,498,102,37.47988399845781,36.24512646081926,27.589916152754864,3.6970028990035644,101,1,,,,,1.0,True,0.024766559989075176,0.0,0.0,0.0,3.655309251975268
69,mt-bench,Qwen/Qwen3-4B,mgoin/Qwen3-4B-speculator.dflash2,0.0,8,dflash2,,499,91,37.36594099609647,10.491053241731695,95.3193141773567,0.9546858449975844,18,5,4.055555555555555,5,0.2777777777777778,0.9444444444444444,3.454860596516856,,0.010489653002878185,0.21532593699521385,0.0,0.0,0.7263004370106501
69,mt-bench,Qwen/Qwen3-4B,mgoin/Qwen3-4B-speculator.dflash2,0.0,8,dflash2_unary_k16_tb8,8,499,91,37.405732000479475,11.041732351689031,90.56549897689126,1.0047976440037019,18,5,4.055555555555555,5,0.16666666666666666,0.9444444444444444,3.282557963404621,,0.03582255400397116,0.2387739510013489,0.013708050013519824,0.00415464195975801,0.7095312059900607
69,mt-bench,Qwen/Qwen3-4B,mgoin/Qwen3-4B-speculator.dflash2,0.0,8,dflash2_unary_k16_tb16,16,489,79,37.48915500182193,10.596507113969212,94.37071944978128,0.8371240620035678,15,5.2,4.266666666666667,5.2,0.3333333333333333,0.9333333333333333,3.420478660655818,,0.02986798000347335,0.1971846230007941,0.014802477999182884,0.003455920967098791,0.5894535549959983
69,mt-bench,Qwen/Qwen3-4B,mgoin/Qwen3-4B-speculator.dflash2,0.0,8,dflash2_unary_k16_tb32,32,507,79,37.43841299728956,9.907796227776952,100.93061837469519,0.7827159019943792,14,5.571428571428571,4.642857142857143,5.571428571428571,0.21428571428571427,0.9285714285714286,3.6582430267595147,,0.028137872999650426,0.1841176779998932,0.021078602978377603,0.003295135982625652,0.5438463869868428
69,mt-bench,Qwen/Qwen3-4B,mgoin/Qwen3-4B-speculator.dflash2,0.0,8,dflash2_unary_k16_tb64,64,489,79,37.079295005241875,9.657559632891022,103.54582710463127,0.7629472109983908,13,6,5.076923076923077,6,0.46153846153846156,0.9230769230769231,3.753031597897487,,0.026347813989559654,0.1720647350011859,0.031636795996746514,0.003054832006455399,0.5276294170034816
69,mt-bench,Qwen/Qwen3-4B,mgoin/Qwen3-4B-speculator.dflash2,0.0,8,dflash2_pairwise_k16_tb8,8,487,79,37.49842499382794,10.457035493679621,95.62939712736119,0.8261058040006901,15,5.2,4.266666666666667,5.2,0.2,0.9333333333333333,3.4660995922531126,,0.03007329799584113,0.19688954098091926,0.01363639801274985,0.0034574279925436713,0.5797542159853037
69,mt-bench,Qwen/Qwen3-4B,mgoin/Qwen3-4B-speculator.dflash2,0.0,8,dflash2_pairwise_k16_tb16,16,501,91,37.322870004572906,10.442874318719227,95.75907642663707,0.9503015630034497,17,5.294117647058823,4.352941176470588,5.294117647058823,0.35294117647058826,0.9411764705882353,3.470799834854717,,0.0337462760071503,0.22491915898717707,0.019662217011500616,0.00394036500074435,0.6653517640006612
69,mt-bench,Qwen/Qwen3-4B,mgoin/Qwen3-4B-speculator.dflash2,0.0,8,dflash2_pairwise_k16_tb32,32,489,79,37.29295000084676,9.22747770887269,108.3719767795753,0.7289707390009426,13,6,5.076923076923077,6,0.38461538461538464,0.9230769230769231,3.927956003184675,,0.026125427008082625,0.16895796101016458,0.021573195022938307,0.002995870992890559,0.5071939679983188
69,mt-bench,Qwen/Qwen3-4B,mgoin/Qwen3-4B-speculator.dflash2,0.0,8,dflash2_pairwise_k16_tb64,64,499,91,37.21695800049929,8.909742505488543,112.23668915055447,0.8107865679994575,14,6.428571428571429,5.5,6.428571428571429,0.5,0.9285714285714286,4.068032991805508,,0.028124884018325247,0.18613338600698626,0.03705479398922762,0.003284355996584054,0.5538231429891312
70,mt-bench,Qwen/Qwen3-4B,mgoin/Qwen3-4B-speculator.dflash2,0.0,8,baseline,,33,236,38.370746005966794,36.299538737277885,27.5485594248901,8.56669114199758,235,1,,,,,1.0,True,0.057927346060751006,0.0,0.0,0.0,8.46977849702671
70,mt-bench,Qwen/Qwen3-4B,mgoin/Qwen3-4B-speculator.dflash2,0.0,8,dflash2,,33,235,37.33769099926576,11.227923936174658,89.06366000380112,2.6385621250010445,49,4.775510204081633,3.795918367346939,4.775510204081633,0.3469387755102041,0.9795918367346939,3.2329697763917253,False,0.027980169987131376,0.6128086689932388,0.0,0.0,1.9905307620138046
70,mt-bench,Qwen/Qwen3-4B,mgoin/Qwen3-4B-speculator.dflash2,0.0,8,dflash2_unary_k16_tb8,8,33,234,37.3408509985893,10.406044547015236,96.09799338085956,2.435014424001565,43,5.4186046511627906,4.441860465116279,5.4186046511627906,0.2558139534883721,0.9767441860465116,3.4883128333031856,False,0.08588648499426199,0.5936807219914044,0.032596347969956696,0.010034674996859394,1.7060661130090011
70,mt-bench,Qwen/Qwen3-4B,mgoin/Qwen3-4B-speculator.dflash2,0.0,8,dflash2_unary_k16_tb16,16,33,237,37.328379999962635,9.780202877625747,102.247367719509,2.3179080819973024,41,5.7560975609756095,4.780487804878049,5.7560975609756095,0.34146341463414637,0.975609756097561,3.7115322853190134,False,0.081780130014522,0.5648542539856862,0.040335288977075834,0.009557954981573857,1.6148486110105296
70,mt-bench,Qwen/Qwen3-4B,mgoin/Qwen3-4B-speculator.dflash2,0.0,8,dflash2_unary_k16_tb32,32,33,234,37.13901699666167,8.990739307692921,111.2255584081223,2.1038329980001436,37,6.297297297297297,5.324324324324325,6.297297297297297,0.5135135135135135,0.972972972972973,4.037436466010999,False,0.07396937799057923,0.5087654090020806,0.05260198500036495,0.008696851975400932,1.453715619034483
70,mt-bench,Qwen/Qwen3-4B,mgoin/Qwen3-4B-speculator.dflash2,0.0,8,dflash2_unary_k16_tb64,64,33,237,37.49961499852361,9.110318890277627,109.76564180065996,2.1591455769957975,37,6.378378378378378,5.405405405405405,6.378378378378378,0.5135135135135135,0.972972972972973,3.984442166565225,False,0.07454719900852069,0.509789087001991,0.08708824800851289,0.008712183967872988,1.4726623570240918
70,mt-bench,Qwen/Qwen3-4B,mgoin/Qwen3-4B-speculator.dflash2,0.0,8,dflash2_pairwise_k16_tb8,8,33,237,37.337640998885036,10.06536964978065,99.35054894102103,2.385492606998014,42,5.619047619047619,4.642857142857143,5.619047619047619,0.35714285714285715,0.9761904761904762,3.606379099854415,False,0.08360358402569545,0.5794402830069885,0.038324562992784195,0.009670077008195221,1.6678059190089698
70,mt-bench,Qwen/Qwen3-4B,mgoin/Qwen3-4B-speculator.dflash2,0.0,8,dflash2_pairwise_k16_tb16,16,33,234,37.445893001859076,9.219138478616731,108.47000533937562,2.1572784039963153,38,6.131578947368421,5.157894736842105,6.131578947368421,0.47368421052631576,0.9736842105263158,3.937411160649404,False,0.07599979398219148,0.523367445995973,0.04418420900037745,0.008983426028862596,1.498671099980129
70,mt-bench,Qwen/Qwen3-4B,mgoin/Qwen3-4B-speculator.dflash2,0.0,8,dflash2_pairwise_k16_tb32,32,33,234,37.39122200204292,8.791588034171612,113.74509316327683,2.0572315999961575,36,6.472222222222222,5.5,6.472222222222222,0.4722222222222222,0.9722222222222222,4.128894415455649,False,0.07222031499259174,0.496352829009993,0.05859966498246649,0.00841353798750788,1.4156855439796345
70,mt-bench,Qwen/Qwen3-4B,mgoin/Qwen3-4B-speculator.dflash2,0.0,8,dflash2_pairwise_k16_tb64,64,33,234,37.7377400000114,8.254910213680008,121.14002140723511,1.931648990001122,33,7.0606060606060606,6.090909090909091,7.0606060606060606,0.696969696969697,0.9696969696969697,4.397326899706603,False,0.06672866100416286,0.45285884401528165,0.08454450799763435,0.007789704010065179,1.3140628330074833
71,mt-bench,Qwen/Qwen3-4B,mgoin/Qwen3-4B-speculator.dflash2,0.0,8,baseline,,283,271,37.17681700072717,36.368928678967166,27.4959982689377,9.855979672000103,270,1,,,,,1.0,True,0.06697376299416646,0.0,0.0,0.0,9.744432140018034
71,mt-bench,Qwen/Qwen3-4B,mgoin/Qwen3-4B-speculator.dflash2,0.0,8,dflash2,,282,456,37.437133003550116,9.919001519735678,100.81659913150693,4.523064692999469,84,5.416666666666667,4.428571428571429,5.416666666666667,0.4166666666666667,0.9880952380952381,3.6665917034697992,,0.04626743394328514,1.0554552469984628,0.0,0.0,3.4091785619821167
71,mt-bench,Qwen/Qwen3-4B,mgoin/Qwen3-4B-speculator.dflash2,0.0,8,dflash2_unary_k16_tb8,8,281,219,37.13368500029901,9.812710141525477,101.90864558081616,2.1489835209940793,38,5.7368421052631575,4.7631578947368425,5.7368421052631575,0.3684210526315789,0.9736842105263158,3.7063082628988453,,0.07598301403049845,0.5222821450079209,0.028239183979167137,0.009019133991387207,1.5073276070397696
71,mt-bench,Qwen/Qwen3-4B,mgoin/Qwen3-4B-speculator.dflash2,0.0,8,dflash2_unary_k16_tb16,16,284,791,37.345330994867254,9.88637748672446,101.14928358165682,7.820124591999047,138,5.72463768115942,4.731884057971015,5.72463768115942,0.3695652173913043,0.9927536231884058,3.678691080509902,,0.2760450370333274,1.9330104940236197,0.13695230402663583,0.03244839297258295,5.419271648970607
71,mt-bench,Qwen/Qwen3-4B,mgoin/Qwen3-4B-speculator.dflash2,0.0,8,dflash2_unary_k16_tb32,32,281,341,37.16829699988011,8.193736425221998,122.04444323127056,2.7940641210007016,49,6.938775510204081,5.959183673469388,6.938775510204081,0.6122448979591837,0.9795918367346939,4.438625651542337,,0.09823369401419768,0.6782948150139418,0.0695337519646273,0.011479352033347823,1.9285025379940635
71,mt-bench,Qwen/Qwen3-4B,mgoin/Qwen3-4B-speculator.dflash2,0.0,8,dflash2_unary_k16_tb64,64,284,608,37.12729700055206,8.745396518083668,114.34587304671744,5.31720108299487,91,6.670329670329671,5.670329670329671,6.670329670329671,0.5934065934065934,1,4.1586369015703015,,0.18360292896977626,1.2727109330226085,0.21069670101132942,0.02156962000299245,3.6130516579942196
71,mt-bench,Qwen/Qwen3-4B,mgoin/Qwen3-4B-speculator.dflash2,0.0,8,dflash2_pairwise_k16_tb8,8,284,597,37.08197500236565,9.540296934677738,104.81854043401208,5.69555727000261,100,5.96,4.97,5.96,0.44,0.99,3.8121380212780216,,0.20000530693505425,1.3978517039940925,0.09143563098768936,0.023382012004731223,3.9670983639734914
71,mt-bench,Qwen/Qwen3-4B,mgoin/Qwen3-4B-speculator.dflash2,0.0,8,dflash2_pairwise_k16_tb16,16,281,606,37.26616999483667,8.25647376567047,121.11708077580195,5.0034231019963045,88,6.875,5.886363636363637,6.875,0.625,0.9886363636363636,4.404898472539847,,0.1761999909504084,1.2278811730066082,0.10160679000546224,0.020557460964482743,3.463012476961012
71,mt-bench,Qwen/Qwen3-4B,mgoin/Qwen3-4B-speculator.dflash2,0.0,8,dflash2_pairwise_k16_tb32,32,281,560,37.237659002130385,8.071682457141703,123.88990836913004,4.520142175999354,79,7.075949367088608,6.0886075949367084,7.075949367088608,0.6708860759493671,0.9873417721518988,4.505743241520668,,0.1583793519748724,1.1020882860320853,0.12833663698256714,0.018785818996548187,3.099487765968661
71,mt-bench,Qwen/Qwen3-4B,mgoin/Qwen3-4B-speculator.dflash2,0.0,8,dflash2_pairwise_k16_tb64,64,281,215,37.14826700161211,8.451931804640566,118.31614631000053,1.8171653379977215,31,6.903225806451613,5.935483870967742,6.903225806451613,0.6451612903225806,0.967741935483871,4.3030314867186545,,0.06279993800126249,0.4244069270280306,0.08012815400434192,0.007400470996799413,1.2371156310036895
72,mt-bench,Qwen/Qwen3-4B,mgoin/Qwen3-4B-speculator.dflash2,0.0,8,baseline,,32,328,39.01456799940206,36.28608946646858,27.5587701707037,11.901837345001693,327,1,,,,,1.0,True,0.08063152406248264,0.0,0.0,0.0,11.767128680890892
72,mt-bench,Qwen/Qwen3-4B,mgoin/Qwen3-4B-speculator.dflash2,0.0,8,dflash2,,32,323,37.5199350019102,11.196032099082673,89.31735735930349,3.6163183680037037,67,4.8059701492537314,3.8208955223880596,4.8059701492537314,0.208955223880597,0.9850746268656716,3.2409776200482323,False,0.040459456999087706,0.8420755569823086,0.0,0.0,2.7239506730329595
72,mt-bench,Qwen/Qwen3-4B,mgoin/Qwen3-4B-speculator.dflash2,0.0,8,dflash2_unary_k16_tb8,8,32,338,37.85285300546093,11.077004547345249,90.27711379243438,3.744027537002694,66,5.106060606060606,4.121212121212121,5.106060606060606,0.19696969696969696,0.9848484848484849,3.275803427846838,False,0.13184097499470226,0.9166907269973308,0.049154137988807634,0.01543413198669441,2.6204506709909765
72,mt-bench,Qwen/Qwen3-4B,mgoin/Qwen3-4B-speculator.dflash2,0.0,8,dflash2_unary_k16_tb16,16,32,314,37.57687599863857,10.13624841400354,98.65582996352667,3.182782001997111,56,5.589285714285714,4.607142857142857,5.589285714285714,0.2857142857142857,0.9821428571428571,3.5798342724452406,False,0.11230930902820546,0.7780974629858974,0.05456337397481548,0.01305816599051468,2.215660959998786
72,mt-bench,Qwen/Qwen3-4B,mgoin/Qwen3-4B-speculator.dflash2,0.0,8,dflash2_unary_k16_tb32,32,32,328,37.54891700373264,9.912078499992942,100.88701375808434,3.2511617479976853,57,5.7368421052631575,4.754385964912281,5.7368421052631575,0.3157894736842105,0.9824561403508771,3.660795207230695,True,0.11400356000376632,0.7918834180163685,0.08251020401803544,0.013392946995736565,2.240091898056562
72,mt-bench,Qwen/Qwen3-4B,mgoin/Qwen3-4B-speculator.dflash2,0.0,8,dflash2_unary_k16_tb64,64,32,323,37.67025900015142,10.326349572747104,96.83964240753197,3.3354109119973145,57,5.649122807017544,4.666666666666667,5.649122807017544,0.3333333333333333,0.9824561403508771,3.5139319283005297,False,0.11472141597914742,0.7917540880007436,0.13671082198561635,0.01339605099929031,2.2690828579870868
72,mt-bench,Qwen/Qwen3-4B,mgoin/Qwen3-4B-speculator.dflash2,0.0,8,dflash2_pairwise_k16_tb8,8,32,325,37.72133999882499,10.859026812316957,92.08928362399291,3.529183714003011,62,5.225806451612903,4.241935483870968,5.225806451612903,0.24193548387096775,0.9838709677419355,3.3415599844832067,False,0.12365351602784358,0.8610147070139647,0.05672887999389786,0.0144619100537966,2.4635163659695536
72,mt-bench,Qwen/Qwen3-4B,mgoin/Qwen3-4B-speculator.dflash2,0.0,8,dflash2_pairwise_k16_tb16,16,32,323,37.57954700267874,10.229490569660413,97.75657870646015,3.3041254540003133,58,5.551724137931035,4.568965517241379,5.551724137931035,0.3103448275862069,0.9827586206896551,3.54720396087849,False,0.11572166796395322,0.8059100830432726,0.067532465000113,0.013561632971686777,2.2920278960009455
72,mt-bench,Qwen/Qwen3-4B,mgoin/Qwen3-4B-speculator.dflash2,0.0,8,dflash2_pairwise_k16_tb32,32,32,314,37.74078900460154,9.848050445864708,101.54294045273802,3.092287840001518,54,5.796296296296297,4.814814814814815,5.796296296296297,0.46296296296296297,0.9814814814814815,3.684596221956343,False,0.10823186198831536,0.7501071530205081,0.08894494201376801,0.012792592999176122,2.123321101993497
72,mt-bench,Qwen/Qwen3-4B,mgoin/Qwen3-4B-speculator.dflash2,0.0,8,dflash2_pairwise_k16_tb64,64,32,325,37.67689800588414,9.220902403086745,108.44925542919148,2.9967932810031925,51,6.352941176470588,5.372549019607843,6.352941176470588,0.5294117647058824,0.9803921568627451,3.935199385075545,False,0.1028269609741983,0.7074524889540044,0.1333221640015836,0.01211092300945893,2.0322451850079233
73,mt-bench,Qwen/Qwen3-4B,mgoin/Qwen3-4B-speculator.dflash2,0.0,8,baseline,,381,262,37.14606699941214,36.171029679398785,27.64643442178673,9.476809776002483,261,1,,,,,1.0,True,0.06463965798320714,0.0,0.0,0.0,9.369030806963565
73,mt-bench,Qwen/Qwen3-4B,mgoin/Qwen3-4B-speculator.dflash2,0.0,8,dflash2,,376,254,37.13795600197045,8.5796595905533,116.55474083156605,2.179233536000538,41,6.170731707317073,5.195121951219512,6.170731707317073,0.5609756097560976,0.975609756097561,4.215904989893209,,0.021480486015207134,0.5048502199861105,0.0,0.0,1.6469931750107207
73,mt-bench,Qwen/Qwen3-4B,mgoin/Qwen3-4B-speculator.dflash2,0.0,8,dflash2_unary_k16_tb8,8,391,259,37.48736600391567,9.042428513503639,110.58976009670808,2.3419889849974425,42,6.142857142857143,5.166666666666667,6.142857142857143,0.5476190476190477,0.9761904761904762,4.000145494695619,,0.08462335301737767,0.5776186760049313,0.0334306419827044,0.010297072010871489,1.6292050610209117
73,mt-bench,Qwen/Qwen3-4B,mgoin/Qwen3-4B-speculator.dflash2,0.0,8,dflash2_unary_k16_tb16,16,367,259,37.228157998470124,8.58278489189243,116.51229904930176,2.2229412870001397,40,6.45,5.475,6.45,0.575,0.975,4.214369826927281,,0.08060389300226234,0.5499781370017445,0.04101968698523706,0.009861097016255371,1.5350017780147027
73,mt-bench,Qwen/Qwen3-4B,mgoin/Qwen3-4B-speculator.dflash2,0.0,8,dflash2_unary_k16_tb32,32,381,262,37.21953799686162,8.257377629770627,121.10382313080407,2.163432938999904,38,6.868421052631579,5.868421052631579,6.868421052631579,0.6052631578947368,1,4.380449980752975,,0.07704752096469747,0.522807394983829,0.05676081799174426,0.00945918705110671,1.491040940010862
73,mt-bench,Qwen/Qwen3-4B,mgoin/Qwen3-4B-speculator.dflash2,0.0,8,dflash2_unary_k16_tb64,64,376,257,37.02727500058245,8.340141128386048,119.9020477718842,2.143416269995214,37,6.918918918918919,5.918918918918919,6.918918918918919,0.6486486486486487,1,4.336980528577515,,0.0746761419941322,0.5052006479818374,0.08764544100267813,0.008849252961226739,1.4606016090037883
73,mt-bench,Qwen/Qwen3-4B,mgoin/Qwen3-4B-speculator.dflash2,0.0,8,dflash2_pairwise_k16_tb8,8,378,283,36.83861899480689,8.523560851585495,117.32185848288825,2.4121677209986956,43,6.558139534883721,5.5813953488372094,6.558139534883721,0.5581395348837209,0.9767441860465116,4.2436524252267755,,0.08521090995782288,0.5850875649775844,0.03895690603530966,0.010026202980952803,1.6860885770147434
73,mt-bench,Qwen/Qwen3-4B,mgoin/Qwen3-4B-speculator.dflash2,0.0,8,dflash2_pairwise_k16_tb16,16,376,257,36.95153100125026,7.847683455245587,127.42613864370065,2.016854647998116,36,7.111111111111111,6.138888888888889,7.111111111111111,0.7777777777777778,0.9722222222222222,4.6091346428124815,,0.0714396890180069,0.48854016398399835,0.04131799702736316,0.008378866004932206,1.4013625379957375
73,mt-bench,Qwen/Qwen3-4B,mgoin/Qwen3-4B-speculator.dflash2,0.0,8,dflash2_pairwise_k16_tb32,32,367,257,36.672175003332086,8.62876805835263,115.8913987764455,2.217593390996626,35,7.314285714285714,6.3428571428571425,7.314285714285714,0.7428571428571429,0.9714285714285714,4.19191122472985,,0.0697887290007202,0.4748617410004954,0.05679978496482363,0.008266423967143055,1.6021658350146026
73,mt-bench,Qwen/Qwen3-4B,mgoin/Qwen3-4B-speculator.dflash2,0.0,8,dflash2_pairwise_k16_tb64,64,378,283,36.91067099862266,7.553899219084173,132.38196208305237,2.1377534790008212,37,7.621621621621622,6.648648648648648,7.621621621621622,0.8648648648648649,0.972972972972973,4.788391879523132,,0.07384985998942284,0.501805478008464,0.09334604899049737,0.008689085007063113,1.4537844860024052
74,mt-bench,Qwen/Qwen3-4B,mgoin/Qwen3-4B-speculator.dflash2,0.0,8,baseline,,42,282,38.219482004933525,36.06678846808017,27.72633889721066,10.170834347998607,281,1,,,,,1.0,True,0.07082666594942566,0.0,0.0,0.0,10.053276248960174
74,mt-bench,Qwen/Qwen3-4B,mgoin/Qwen3-4B-speculator.dflash2,0.0,8,dflash2,,42,282,37.12173600069946,10.103495989346973,98.97564180303434,2.8491858689958462,53,5.30188679245283,4.320754716981132,5.30188679245283,0.37735849056603776,0.9811320754716981,3.569733536402512,False,0.030631227033154573,0.6604458540023188,0.0,0.0,2.1502806399730616
74,mt-bench,Qwen/Qwen3-4B,mgoin/Qwen3-4B-speculator.dflash2,0.0,8,dflash2_unary_k16_tb8,8,42,282,37.3072209986276,10.62875277658343,94.08441620762261,2.9973082829965274,53,5.30188679245283,4.320754716981132,5.30188679245283,0.24528301886792453,0.9811320754716981,3.393322737503138,False,0.1059362440064433,0.7318302130006487,0.04181758296181215,0.012687446011113934,2.0965264240076067
74,mt-bench,Qwen/Qwen3-4B,mgoin/Qwen3-4B-speculator.dflash2,0.0,8,dflash2_unary_k16_tb16,16,42,282,37.62070900120307,9.414687400691191,106.2170157584397,2.654941846994916,47,5.9787234042553195,4.9787234042553195,5.9787234042553195,0.3829787234042553,1,3.8309066390703825,False,0.0939957389709889,0.6477603809835273,0.04823580900847446,0.011232812015805393,1.8461126090187463
74,mt-bench,Qwen/Qwen3-4B,mgoin/Qwen3-4B-speculator.dflash2,0.0,8,dflash2_unary_k16_tb32,32,42,298,36.922571998729836,9.6668631644414,103.44617307488132,2.8807252230035374,51,5.823529411764706,4.8431372549019605,5.823529411764706,0.35294117647058826,0.9803921568627451,3.7309712421241543,False,0.10127150497282855,0.6997476110118441,0.07416196100530215,0.011880100020789541,1.985214805979922
74,mt-bench,Qwen/Qwen3-4B,mgoin/Qwen3-4B-speculator.dflash2,0.0,8,dflash2_unary_k16_tb64,64,42,298,37.29170999577036,9.522581815426808,105.01353722999536,2.837729380997189,49,6.061224489795919,5.081632653061225,6.061224489795919,0.3673469387755102,0.9795918367346939,3.787501033559104,False,0.09791322497767396,0.6722279120003805,0.11559045804460766,0.011521908010763582,1.9320487709410372
74,mt-bench,Qwen/Qwen3-4B,mgoin/Qwen3-4B-speculator.dflash2,0.0,8,dflash2_pairwise_k16_tb8,8,42,299,37.164567002037074,10.185834581938995,98.17555861089177,3.0455645399997593,54,5.518518518518518,4.537037037037037,5.518518518518518,0.2777777777777778,0.9814814814814815,3.5408771051546397,False,0.10690137903293362,0.7434799609836773,0.04979687402374111,0.012686054986261297,2.1240766999981133
74,mt-bench,Qwen/Qwen3-4B,mgoin/Qwen3-4B-speculator.dflash2,0.0,8,dflash2_pairwise_k16_tb16,16,42,282,37.13345700089121,9.03698195391029,110.65641218496638,2.548428911002702,45,6.2444444444444445,5.266666666666667,6.2444444444444445,0.5111111111111111,0.9777777777777777,3.991021410911871,False,0.0896648239940987,0.6191892949937028,0.05386052399262553,0.010583063020021655,1.7678718120150734
74,mt-bench,Qwen/Qwen3-4B,mgoin/Qwen3-4B-speculator.dflash2,0.0,8,dflash2_pairwise_k16_tb32,32,42,282,37.0892159990035,7.865629939712066,127.13539890189732,2.2181076429988025,39,7.205128205128205,6.230769230769231,7.205128205128205,0.7435897435897436,0.9743589743589743,4.585365538999722,True,0.07738651701220078,0.5346930629675626,0.06507269001303939,0.009097217996895779,1.52541361200565
74,mt-bench,Qwen/Qwen3-4B,mgoin/Qwen3-4B-speculator.dflash2,0.0,8,dflash2_pairwise_k16_tb64,64,42,282,37.03584399772808,8.063817968077467,124.0107358522646,2.273996666997846,39,7.205128205128205,6.230769230769231,7.205128205128205,0.717948717948718,0.9743589743589743,4.4726689777545925,True,0.07829558799130609,0.5339638559889863,0.10117601698584622,0.009130516038567293,1.5446768379915738
75,mt-bench,Qwen/Qwen3-4B,mgoin/Qwen3-4B-speculator.dflash2,0.0,8,baseline,,345,271,36.97278199979337,36.250959435409975,27.58547678666951,9.824010006996104,270,1,,,,,1.0,True,0.06691430498176487,0.0,0.0,0.0,9.712484431060147
75,mt-bench,Qwen/Qwen3-4B,mgoin/Qwen3-4B-speculator.dflash2,0.0,8,dflash2,,345,270,36.99594299541786,8.043048625916493,124.33096534786293,2.171623128997453,41,6.560975609756097,5.585365853658536,6.560975609756097,0.6097560975609756,0.975609756097561,4.507116781390742,,0.020675694991950877,0.5048292589635821,0.0,0.0,1.6401987909994205
75,mt-bench,Qwen/Qwen3-4B,mgoin/Qwen3-4B-speculator.dflash2,0.0,8,dflash2_unary_k16_tb8,8,345,270,36.948752000171226,8.707348644465027,114.8455219644463,2.3509841340055573,42,6.404761904761905,5.428571428571429,6.404761904761905,0.5476190476190477,0.9761904761904762,4.1632603580716285,,0.08319724502507597,0.5719546640029876,0.03159461898758309,0.009721644011733588,1.647956258013437
75,mt-bench,Qwen/Qwen3-4B,mgoin/Qwen3-4B-speculator.dflash2,0.0,8,dflash2_unary_k16_tb16,16,345,270,37.10060599405551,8.282641514799453,120.73442973635844,2.2363132089958526,40,6.725,5.75,6.725,0.6,0.975,4.376738914830086,,0.0792198409762932,0.5448024159995839,0.039530922964331694,0.009431646001758054,1.5568192119899322
75,mt-bench,Qwen/Qwen3-4B,mgoin/Qwen3-4B-speculator.dflash2,0.0,8,dflash2_unary_k16_tb32,32,361,286,36.861989996396005,7.8585443706243545,127.25002911964864,2.2475436899985652,40,7.125,6.15,7.125,0.725,0.975,4.612935643771121,,0.0794534969900269,0.5439311410445953,0.056624544005899224,0.009327162035333458,1.5516072120226454
75,mt-bench,Qwen/Qwen3-4B,mgoin/Qwen3-4B-speculator.dflash2,0.0,8,dflash2_unary_k16_tb64,64,361,286,36.89993100124411,8.057203412587572,124.11254237887607,2.3043601760000456,40,7.125,6.15,7.125,0.75,0.975,4.499198739202239,,0.07997444201464532,0.5443933209971874,0.09239579600398429,0.009375752008054405,1.5713098280102713
75,mt-bench,Qwen/Qwen3-4B,mgoin/Qwen3-4B-speculator.dflash2,0.0,8,dflash2_pairwise_k16_tb8,8,362,283,36.76173800340621,8.131143780900931,122.98392783914097,2.3011136899949634,41,6.878048780487805,5.902439024390244,6.878048780487805,0.5609756097560976,0.975609756097561,4.458285379304087,,0.08105363399954513,0.5576538419845747,0.037420452004880644,0.009568552020937204,1.6088292140047997
75,mt-bench,Qwen/Qwen3-4B,mgoin/Qwen3-4B-speculator.dflash2,0.0,8,dflash2_pairwise_k16_tb16,16,345,270,36.936831995262764,7.715901625919354,129.60248179432296,2.0832934389982256,37,7.27027027027027,6.297297297297297,7.27027027027027,0.7567567567567568,0.972972972972973,4.698214310254461,,0.07386041297286283,0.5049179920097231,0.04437861801125109,0.008865867006534245,1.4453339210376726
75,mt-bench,Qwen/Qwen3-4B,mgoin/Qwen3-4B-speculator.dflash2,0.0,8,dflash2_pairwise_k16_tb32,32,345,271,37.27919900120469,7.551141092261623,132.43031586640538,2.0463592360028997,36,7.5,6.527777777777778,7.5,0.8055555555555556,0.9722222222222222,4.8007260084915915,,0.07235512397892307,0.4917818319881917,0.061208876002638135,0.008681635990797076,1.4063351930162753
75,mt-bench,Qwen/Qwen3-4B,mgoin/Qwen3-4B-speculator.dflash2,0.0,8,dflash2_pairwise_k16_tb64,64,345,271,37.27573999640299,7.571035059038129,132.08233645757892,2.051750500999333,35,7.714285714285714,6.742857142857143,7.714285714285714,0.8857142857142857,0.9714285714285714,4.788111421057866,,0.07109414097794797,0.4803730019921204,0.09373736500128871,0.008749337001063395,1.3916011689871084
76,mt-bench,Qwen/Qwen3-4B,mgoin/Qwen3-4B-speculator.dflash2,0.0,8,baseline,,80,166,39.11283100023866,35.93748909639017,27.826095399092512,5.96562319000077,165,1,,,,,1.0,True,0.04089800001383992,0.0,0.0,0.0,5.897430661003455
76,mt-bench,Qwen/Qwen3-4B,mgoin/Qwen3-4B-speculator.dflash2,0.0,8,dflash2,,80,166,37.62471899972297,10.937248204809514,91.43067627927314,1.815583201998379,34,4.852941176470588,3.8823529411764706,4.852941176470588,0.29411764705882354,0.9705882352941176,3.285788931861959,True,0.0196420919673983,0.4174445040116552,0.0,0.0,1.3735464970159228
76,mt-bench,Qwen/Qwen3-4B,mgoin/Qwen3-4B-speculator.dflash2,0.0,8,dflash2_unary_k16_tb8,8,80,166,37.529676003032364,11.483705656629978,87.0799052066144,1.9062951390005765,34,4.852941176470588,3.8823529411764706,4.852941176470588,0.29411764705882354,0.9705882352941176,3.129433143877395,True,0.06706512800883502,0.4613173340112553,0.02563696599099785,0.007886847022746224,1.3390211440055282
76,mt-bench,Qwen/Qwen3-4B,mgoin/Qwen3-4B-speculator.dflash2,0.0,8,dflash2_unary_k16_tb16,16,80,166,37.42954199697124,11.139398765068568,89.7714518611045,1.8491401950013826,33,5,4.03030303030303,5,0.3333333333333333,0.9696969696969697,3.2261605724255586,True,0.06539425501978258,0.4478013730258681,0.03311225704237586,0.007658033006009646,1.2898764480050886
76,mt-bench,Qwen/Qwen3-4B,mgoin/Qwen3-4B-speculator.dflash2,0.0,8,dflash2_unary_k16_tb32,32,80,166,37.5724870027625,9.82748513855636,101.75543243272695,1.631362533000356,29,5.689655172413793,4.724137931034483,5.689655172413793,0.41379310344827586,0.9655172413793104,3.656834743549592,True,0.0574933990064892,0.39177484501124127,0.041997565036581364,0.006722206977428868,1.1286365760242916
76,mt-bench,Qwen/Qwen3-4B,mgoin/Qwen3-4B-speculator.dflash2,0.0,8,dflash2_unary_k16_tb64,64,80,169,37.52410499873804,9.889158485231704,101.12083869354329,1.671267784004158,29,5.793103448275862,4.827586206896552,5.793103448275862,0.4827586206896552,0.9655172413793104,3.6340290379670415,False,0.0579208839990315,0.39212651699926937,0.06824744297773577,0.006863548005640041,1.1411704500133055
76,mt-bench,Qwen/Qwen3-4B,mgoin/Qwen3-4B-speculator.dflash2,0.0,8,dflash2_pairwise_k16_tb8,8,80,166,37.548025997239165,11.148628493985202,89.69713185254223,1.8506723300015435,33,5,4.03030303030303,5,0.2727272727272727,0.9696969696969697,3.2234896979282084,True,0.06531520700082183,0.4466150179869146,0.030086969971307553,0.007698373003222514,1.2957454139686888
76,mt-bench,Qwen/Qwen3-4B,mgoin/Qwen3-4B-speculator.dflash2,0.0,8,dflash2_pairwise_k16_tb16,16,80,166,37.48435500165215,9.791990879541599,102.124278127066,1.6254704860039055,29,5.689655172413793,4.724137931034483,5.689655172413793,0.3793103448275862,0.9655172413793104,3.6700901316681525,True,0.057477472990285605,0.39180002001376124,0.033820153010310605,0.006735457973263692,1.131056106001779
76,mt-bench,Qwen/Qwen3-4B,mgoin/Qwen3-4B-speculator.dflash2,0.0,8,dflash2_pairwise_k16_tb32,32,80,166,37.52652500406839,9.58724417472125,104.30526038303131,1.5914825330037274,28,5.892857142857143,4.928571428571429,5.892857142857143,0.4642857142857143,0.9642857142857143,3.748469157711326,True,0.056358307992923073,0.3805396160169039,0.04795886499050539,0.00678184897697065,1.095184056997823
76,mt-bench,Qwen/Qwen3-4B,mgoin/Qwen3-4B-speculator.dflash2,0.0,8,dflash2_pairwise_k16_tb64,64,80,169,37.92020500259241,9.303339378718498,107.48828558135932,1.5722643550034263,27,6.222222222222222,5.2592592592592595,6.222222222222222,0.5185185185185185,0.9629629629629629,3.862859091069774,False,0.05432493198895827,0.36524254801042844,0.0728564459932386,0.006553712984896265,1.0685284909995971
77,mt-bench,Qwen/Qwen3-4B,mgoin/Qwen3-4B-speculator.dflash2,0.0,8,baseline,,294,404,37.32865100027993,36.186113982658206,27.63490991265984,14.619190048993914,403,1,,,,,1.0,True,0.10363628106279066,0.0,0.0,0.0,14.448088886048936
77,mt-bench,Qwen/Qwen3-4B,mgoin/Qwen3-4B-speculator.dflash2,0.0,8,dflash2,,294,392,37.133676996745635,10.833546880107582,92.30587277341154,4.246750377002172,79,4.949367088607595,3.962025316455696,4.949367088607595,0.3291139240506329,0.9873417721518988,3.3401908334474166,,0.04860991799796466,0.988722162983322,0.0,0.0,3.1975950940104667
77,mt-bench,Qwen/Qwen3-4B,mgoin/Qwen3-4B-speculator.dflash2,0.0,8,dflash2_unary_k16_tb8,8,294,399,36.84367999812821,10.900387764409595,91.7398556467008,4.349254717999429,77,5.1688311688311686,4.181818181818182,5.1688311688311686,0.36363636363636365,0.987012987012987,3.3197088731841253,,0.1541238380377763,1.065467928056023,0.058435969018319156,0.01854694398934953,3.040363906970015
77,mt-bench,Qwen/Qwen3-4B,mgoin/Qwen3-4B-speculator.dflash2,0.0,8,dflash2_unary_k16_tb16,16,294,407,36.924440995790064,10.125482614251958,98.7607246090637,4.121071424000547,73,5.561643835616438,4.575342465753424,5.561643835616438,0.410958904109589,0.9863013698630136,3.573766837713496,,0.14589023397275014,1.0122048730409006,0.0731170959843439,0.017630526970606297,2.8604127330181655
77,mt-bench,Qwen/Qwen3-4B,mgoin/Qwen3-4B-speculator.dflash2,0.0,8,dflash2_unary_k16_tb32,32,294,407,37.1817880004528,9.718460636367164,102.8969543034346,3.9554134790014355,69,5.884057971014493,4.898550724637682,5.884057971014493,0.4927536231884058,0.9855072463768116,3.723440916892457,,0.14052747501409613,0.9648357659680187,0.10580954301985912,0.017156038993562106,2.71520147301635
77,mt-bench,Qwen/Qwen3-4B,mgoin/Qwen3-4B-speculator.dflash2,0.0,8,dflash2_unary_k16_tb64,64,297,398,36.93295200355351,9.24964814823315,108.11222048386976,3.681359962996794,63,6.301587301587301,5.301587301587301,6.301587301587301,0.5873015873015873,1,3.912161133347586,,0.12768947499716887,0.875870194970048,0.1535076290165307,0.015384699996502604,2.4977295890421374
77,mt-bench,Qwen/Qwen3-4B,mgoin/Qwen3-4B-speculator.dflash2,0.0,8,dflash2_pairwise_k16_tb8,8,294,387,37.40286300308071,9.79824897932287,102.05905178673132,3.7919223549979506,67,5.7611940298507465,4.776119402985074,5.7611940298507465,0.417910447761194,0.9850746268656716,3.6931204809166758,,0.13500536401988938,0.9265362019723398,0.06355390301177977,0.015823872046894394,2.640244466972945
77,mt-bench,Qwen/Qwen3-4B,mgoin/Qwen3-4B-speculator.dflash2,0.0,8,dflash2_pairwise_k16_tb16,16,294,407,36.808058997849,9.19204906633991,108.78967168069958,3.7411639700003434,66,6.151515151515151,5.166666666666667,6.151515151515151,0.5,0.9848484848484849,3.9366754595737588,,0.1327219690210768,0.9156137050376856,0.07998752398998477,0.01587829702475574,2.5860367270433926
77,mt-bench,Qwen/Qwen3-4B,mgoin/Qwen3-4B-speculator.dflash2,0.0,8,dflash2_pairwise_k16_tb32,32,294,407,37.22041800210718,8.678150439815978,115.23192723324179,3.532007229005103,62,6.548387096774194,5.564516129032258,6.548387096774194,0.5806451612903226,0.9838709677419355,4.1697956533034635,,0.1244993409854942,0.8579547350018402,0.10447327298606979,0.01477673103363486,2.419995662996371
77,mt-bench,Qwen/Qwen3-4B,mgoin/Qwen3-4B-speculator.dflash2,0.0,8,dflash2_pairwise_k16_tb64,64,297,399,37.21628799394239,8.825175962401385,113.31218825101973,3.521245208998153,60,6.633333333333334,5.65,6.633333333333334,0.6,0.9833333333333333,4.100327759675824,,0.12160689198208274,0.8326059880055254,0.16095999200479127,0.01467511904775165,2.3809569139775704
78,mt-bench,Qwen/Qwen3-4B,mgoin/Qwen3-4B-speculator.dflash2,0.0,8,baseline,,40,212,38.223240997467656,36.25187414149448,27.58478075083527,7.685397317996831,211,1,,,,,1.0,True,0.05436314603139181,0.0,0.0,0.0,7.595079768012511
78,mt-bench,Qwen/Qwen3-4B,mgoin/Qwen3-4B-speculator.dflash2,0.0,8,dflash2,,40,212,37.31883099680999,9.161851268868734,109.14824642459796,1.9423124690001714,36,5.861111111111111,4.888888888888889,5.861111111111111,0.4166666666666667,0.9722222222222222,3.956828492149351,False,0.020764146982401144,0.44760477297677426,0.0,0.0,1.4686227179990965
78,mt-bench,Qwen/Qwen3-4B,mgoin/Qwen3-4B-speculator.dflash2,0.0,8,dflash2_unary_k16_tb8,8,40,212,37.382751994300634,9.897342580205866,101.03722205190152,2.0982366270036437,37,5.702702702702703,4.72972972972973,5.702702702702703,0.35135135135135137,0.972972972972973,3.662788657431765,False,0.07475663101649843,0.5093588330273633,0.029572611005278304,0.008988058005343191,1.4696107039781054
78,mt-bench,Qwen/Qwen3-4B,mgoin/Qwen3-4B-speculator.dflash2,0.0,8,dflash2_unary_k16_tb16,16,40,212,37.350980994233396,9.03528779246081,110.67716081323012,1.9154810120016916,34,6.205882352941177,5.235294117647059,6.205882352941177,0.4411764705882353,0.9705882352941176,4.012254504139164,False,0.06785106602183077,0.46515022798848804,0.03382112501276424,0.008128606001264416,1.3350995600048918
78,mt-bench,Qwen/Qwen3-4B,mgoin/Qwen3-4B-speculator.dflash2,0.0,8,dflash2_unary_k16_tb32,32,40,205,36.95024199987529,8.7838996780281,113.84465176684377,1.8006994339957603,32,6.375,5.40625,6.375,0.46875,0.96875,4.127081987533888,False,0.06333993299631402,0.4346426189804333,0.045044412996503524,0.007525674984208308,1.2448953540006187
78,mt-bench,Qwen/Qwen3-4B,mgoin/Qwen3-4B-speculator.dflash2,0.0,8,dflash2_unary_k16_tb64,64,40,212,37.00216300057946,8.975324231148576,111.416587774014,1.902768737003498,33,6.393939393939394,5.424242424242424,6.393939393939394,0.48484848484848486,0.9696969696969697,4.0390601172583285,False,0.06575222801620839,0.44800320298963925,0.0762951090146089,0.007789723000314552,1.299283405962342
78,mt-bench,Qwen/Qwen3-4B,mgoin/Qwen3-4B-speculator.dflash2,0.0,8,dflash2_pairwise_k16_tb8,8,40,212,37.48573499615304,8.734851537739369,114.483914887328,1.851788526000746,33,6.393939393939394,5.424242424242424,6.393939393939394,0.42424242424242425,0.9696969696969697,4.150256473720981,False,0.06517002500186209,0.4470561530033592,0.029848161961126607,0.007713189006608445,1.2968182749755215
78,mt-bench,Qwen/Qwen3-4B,mgoin/Qwen3-4B-speculator.dflash2,0.0,8,dflash2_pairwise_k16_tb16,16,40,212,36.82707099505933,8.279569783004469,120.77922237610788,1.7552687939969474,31,6.806451612903226,5.838709677419355,6.806451612903226,0.6129032258064516,0.967741935483871,4.378473168486237,True,0.06187399096961599,0.42438040899287444,0.03677869299281156,0.007481041000573896,1.2198046979829087
78,mt-bench,Qwen/Qwen3-4B,mgoin/Qwen3-4B-speculator.dflash2,0.0,8,dflash2_pairwise_k16_tb32,32,40,212,37.36431099969195,8.31354901884141,120.28557211049699,1.7624723919943792,31,6.806451612903226,5.838709677419355,6.806451612903226,0.6451612903225806,0.967741935483871,4.360577421187396,False,0.06204448100470472,0.42343733101006364,0.05113379498652648,0.00735898098355392,1.2133852719998686
78,mt-bench,Qwen/Qwen3-4B,mgoin/Qwen3-4B-speculator.dflash2,0.0,8,dflash2_pairwise_k16_tb64,64,40,212,37.27251999953296,8.227443853787197,121.54443321295804,1.7442180970028855,30,7.033333333333333,6.066666666666666,7.033333333333333,0.7333333333333333,0.9666666666666667,4.406213495435437,False,0.06020610598352505,0.4076159880060004,0.07675371401273878,0.007134277009754442,1.1873414159927052
79,mt-bench,Qwen/Qwen3-4B,mgoin/Qwen3-4B-speculator.dflash2,0.0,8,baseline,,272,767,36.80425899801776,36.20192227509889,27.622842577280476,27.766874385000847,766,1,,,,,1.0,True,0.1900387960486114,0.0,0.0,0.0,27.451164491889358
79,mt-bench,Qwen/Qwen3-4B,mgoin/Qwen3-4B-speculator.dflash2,0.0,8,dflash2,,272,767,36.80020899628289,9.71087610821171,102.97732036292585,7.448241974998382,139,5.510791366906475,4.510791366906475,5.510791366906475,0.4460431654676259,1,3.7279769478766,,0.07655318296747282,1.745269551043748,0.0,0.0,5.605908107885625
79,mt-bench,Qwen/Qwen3-4B,mgoin/Qwen3-4B-speculator.dflash2,0.0,8,dflash2_unary_k16_tb8,8,272,772,37.380342997494154,10.247348018141084,97.58622408741073,7.910952670004916,139,5.546762589928058,4.553956834532374,5.546762589928058,0.37410071942446044,0.9928057553956835,3.5328088995328257,,0.27962400207616156,1.950918427974102,0.10773343897017185,0.03386405601486331,5.516363972965337
79,mt-bench,Qwen/Qwen3-4B,mgoin/Qwen3-4B-speculator.dflash2,0.0,8,dflash2_unary_k16_tb16,16,272,772,37.799012003233656,9.802508455963709,102.01470414357195,7.567536528003983,132,5.840909090909091,4.848484848484849,5.840909090909091,0.42424242424242425,0.9924242424242424,3.6931283903227996,,0.2697991270106286,1.8690675090474542,0.13812061096541584,0.0333339400094701,5.235350605966232
79,mt-bench,Qwen/Qwen3-4B,mgoin/Qwen3-4B-speculator.dflash2,0.0,8,dflash2_unary_k16_tb32,32,265,776,36.92559000046458,9.301981481961043,107.50397664618657,7.21833763000177,127,6.102362204724409,5.110236220472441,6.102362204724409,0.4881889763779528,0.9921259842519685,3.8918506068092924,,0.2538669610003126,1.7694134220364504,0.18477287902351236,0.03008679304184625,4.95903713201551
79,mt-bench,Qwen/Qwen3-4B,mgoin/Qwen3-4B-speculator.dflash2,0.0,8,dflash2_unary_k16_tb64,64,272,817,37.233718001516536,8.777279678089236,113.93051568087827,7.171037496998906,123,6.634146341463414,5.642276422764228,6.634146341463414,0.5853658536585366,0.991869918699187,4.12450367344109,,0.24799090599117335,1.7169600919951336,0.2937670159735717,0.029514005007513333,4.861335364053957
79,mt-bench,Qwen/Qwen3-4B,mgoin/Qwen3-4B-speculator.dflash2,0.0,8,dflash2_pairwise_k16_tb8,8,272,772,36.84462000092026,9.658885738338732,103.5316109011135,7.456659789997502,130,5.930769230769231,4.930769230769231,5.930769230769231,0.46923076923076923,1,3.7480433308578913,,0.2640287350441213,1.8322038349651848,0.1293486129870871,0.03217566799139604,5.177789321052842
79,mt-bench,Qwen/Qwen3-4B,mgoin/Qwen3-4B-speculator.dflash2,0.0,8,dflash2_pairwise_k16_tb16,16,272,772,37.155595993681345,9.037547615285341,110.64948618458007,6.976986759000284,122,6.319672131147541,5.327868852459017,6.319672131147541,0.5245901639344263,0.9918032786885246,4.005724098633796,,0.2474379170089378,1.7164427409588825,0.15155133200460114,0.02998190603830153,4.811558415996842
79,mt-bench,Qwen/Qwen3-4B,mgoin/Qwen3-4B-speculator.dflash2,0.0,8,dflash2_pairwise_k16_tb32,32,272,841,36.83612900204025,8.371299804991105,119.45576234216145,7.040263135997519,123,6.829268292682927,5.837398373983739,6.829268292682927,0.6504065040650406,0.991869918699187,4.324528223623613,,0.2484248739638133,1.7198764279528405,0.20696585899713682,0.029398355953162536,4.815043488997617
79,mt-bench,Qwen/Qwen3-4B,mgoin/Qwen3-4B-speculator.dflash2,0.0,8,dflash2_pairwise_k16_tb64,64,272,767,36.759636997885536,8.235064319420225,121.43195987452873,6.316294332995312,108,7.092592592592593,6.101851851851852,7.092592592592593,0.7222222222222222,0.9907407407407407,4.396070373090616,,0.21794546899036504,1.503936706991226,0.2827566410487634,0.02578976099175634,4.267270109965466
80,mt-bench,Qwen/Qwen3-4B,mgoin/Qwen3-4B-speculator.dflash2,0.0,8,baseline,,39,503,39.53299199929461,36.51040075546157,27.389455588224696,18.36473157999717,502,1,,,,,1.0,True,0.12439487898518564,0.0,0.0,0.0,18.157566521062108
80,mt-bench,Qwen/Qwen3-4B,mgoin/Qwen3-4B-speculator.dflash2,0.0,8,dflash2,,39,574,37.46742400107905,16.98223947212885,58.88504879707968,9.74780545700196,180,3.183333333333333,2.188888888888889,3.183333333333333,0.05,0.9944444444444445,2.1499167300862894,False,0.1159088409767719,2.2805332070493023,0.0,0.0,7.324772894971829
80,mt-bench,Qwen/Qwen3-4B,mgoin/Qwen3-4B-speculator.dflash2,0.0,8,dflash2_unary_k16_tb8,8,39,560,37.3337819983135,15.713321698214193,63.64026774260271,8.799460150999948,157,3.5605095541401273,2.56687898089172,3.5605095541401273,0.03184713375796178,0.9936305732484076,2.3235316794672984,False,0.31354198799090227,2.200603016084642,0.11705542202980723,0.03643950101104565,6.106938309989346
80,mt-bench,Qwen/Qwen3-4B,mgoin/Qwen3-4B-speculator.dflash2,0.0,8,dflash2_unary_k16_tb16,16,39,518,37.5184949953109,13.198347330122262,75.7670619652299,6.836743917003332,122,4.237704918032787,3.2459016393442623,4.237704918032787,0.06557377049180328,0.9918032786885246,2.766285796414433,False,0.24402321501838742,1.7109836480158265,0.12209933500707848,0.02842504194995854,4.7115250489950995
80,mt-bench,Qwen/Qwen3-4B,mgoin/Qwen3-4B-speculator.dflash2,0.0,8,dflash2_unary_k16_tb32,32,39,501,37.37696199823404,12.845017628740992,77.85119716476522,6.435353831999237,114,4.385964912280702,3.3947368421052633,4.385964912280702,0.08771929824561403,0.9912280701754386,2.8423784077780314,False,0.22897144800663227,1.6002393499802565,0.17220351105788723,0.026642707030987367,4.3885048890297185
80,mt-bench,Qwen/Qwen3-4B,mgoin/Qwen3-4B-speculator.dflash2,0.0,8,dflash2_unary_k16_tb64,64,39,531,37.35070199763868,12.78030373258126,78.24540174664756,6.786341282000649,117,4.52991452991453,3.5384615384615383,4.52991452991453,0.1282051282051282,0.9914529914529915,2.856770975042195,False,0.23632118900422938,1.6431021149328444,0.29374282000935636,0.02784262495697476,4.565166896994924
80,mt-bench,Qwen/Qwen3-4B,mgoin/Qwen3-4B-speculator.dflash2,0.0,8,dflash2_pairwise_k16_tb8,8,39,549,37.30349000397837,14.862521602918491,67.28333365743497,8.159524360002251,145,3.779310344827586,2.786206896551724,3.779310344827586,0.041379310344827586,0.993103448275862,2.4565414759963864,False,0.290734953028732,2.03674338998826,0.13381071006006096,0.034019970036752056,5.6411885869456455
80,mt-bench,Qwen/Qwen3-4B,mgoin/Qwen3-4B-speculator.dflash2,0.0,8,dflash2_pairwise_k16_tb16,16,39,518,37.47478500008583,12.49086182818678,80.05852708605005,6.470266427000753,115,4.495652173913044,3.5043478260869567,4.495652173913044,0.12173913043478261,0.991304347826087,2.922968907803662,False,0.23103692702716216,1.6133896460014512,0.13757216097292257,0.026907188032055274,4.4426646279898705
80,mt-bench,Qwen/Qwen3-4B,mgoin/Qwen3-4B-speculator.dflash2,0.0,8,dflash2_pairwise_k16_tb32,32,39,525,37.30088099837303,12.325401085725476,81.13326236159071,6.470835570005875,114,4.5964912280701755,3.6052631578947367,4.5964912280701755,0.12280701754385964,0.9912280701754386,2.962207923419683,False,0.22981742997217225,1.6012076660481398,0.1951904880334041,0.027079755993327126,4.398602710061823
80,mt-bench,Qwen/Qwen3-4B,mgoin/Qwen3-4B-speculator.dflash2,0.0,8,dflash2_pairwise_k16_tb64,64,39,508,37.28743999818107,11.235034007868522,89.0072962217688,5.707397275997209,98,5.173469387755102,4.183673469387755,5.173469387755102,0.21428571428571427,0.9897959183673469,3.249692055216859,False,0.1987441749733989,1.3744955429792753,0.2692717830213951,0.023085996006557252,3.8249260030133883
81,mt-bench,Qwen/Qwen3-4B,mgoin/Qwen3-4B-speculator.dflash2,0.0,8,baseline,,557,652,38.27177199855214,36.96176974846787,27.05498158787301,24.099073876001057,651,1,,,,,1.0,True,0.16187479108339176,0.0,0.0,0.0,23.82828257403162
81,mt-bench,Qwen/Qwen3-4B,mgoin/Qwen3-4B-speculator.dflash2,0.0,8,dflash2,,628,669,39.29481500381371,14.738653183859297,67.84880460414982,9.86015898000187,180,3.7111111111111112,2.716666666666667,3.7111111111111112,0.1388888888888889,0.9944444444444445,2.5078118934873728,,0.11317279202194186,2.3112900289779645,0.0,0.0,7.409037608966173
81,mt-bench,Qwen/Qwen3-4B,mgoin/Qwen3-4B-speculator.dflash2,0.0,8,dflash2_unary_k16_tb8,8,614,697,39.12277199560776,14.335304691542776,69.75784760193885,9.991707370005315,175,3.9771428571428573,2.9828571428571427,3.9771428571428573,0.14285714285714285,0.9942857142857143,2.578373501211576,,0.353302922914736,2.4655199059925508,0.13089664801373146,0.0411550220233039,6.9727388579485705
81,mt-bench,Qwen/Qwen3-4B,mgoin/Qwen3-4B-speculator.dflash2,0.0,8,dflash2_unary_k16_tb16,16,572,764,38.38929499761434,14.106492984293915,70.88934160413889,10.777360640000552,189,4.037037037037037,3.0423280423280423,4.037037037037037,0.14285714285714285,0.9947089947089947,2.620195521992666,,0.3816525720030768,2.6645644860036555,0.18916170499869622,0.04428331099188654,7.467103286973725
81,mt-bench,Qwen/Qwen3-4B,mgoin/Qwen3-4B-speculator.dflash2,0.0,8,dflash2_unary_k16_tb32,32,555,698,38.21255200455198,12.38423449713525,80.74782500535842,8.644195679000404,152,4.5855263157894735,3.5921052631578947,4.5855263157894735,0.21052631578947367,0.993421052631579,2.984582515537635,,0.30467538400989724,2.1198928149678977,0.22657298097328749,0.03558537996286759,5.932210732076783
81,mt-bench,Qwen/Qwen3-4B,mgoin/Qwen3-4B-speculator.dflash2,0.0,8,dflash2_unary_k16_tb64,64,585,662,38.66242100048112,12.45778004833477,80.27112343612696,8.247050391997618,139,4.755395683453237,3.762589928057554,4.755395683453237,0.2158273381294964,0.9928057553956835,2.966962781896968,,0.28691577396239154,1.9778404939497705,0.34949028600385645,0.033219462988199666,5.575430154996866
81,mt-bench,Qwen/Qwen3-4B,mgoin/Qwen3-4B-speculator.dflash2,0.0,8,dflash2_pairwise_k16_tb8,8,603,653,38.95938899950124,13.855929477795923,72.17126801940616,9.047921949000738,158,4.1265822784810124,3.132911392405063,4.1265822784810124,0.1518987341772152,0.9936708860759493,2.6675777909882536,,0.3194871340165264,2.229012507988955,0.14627765496697975,0.03726268999889726,6.290689251974982
81,mt-bench,Qwen/Qwen3-4B,mgoin/Qwen3-4B-speculator.dflash2,0.0,8,dflash2_pairwise_k16_tb16,16,572,660,38.323243003105745,12.636250862124143,79.13739691552,8.339925569001934,143,4.608391608391608,3.6153846153846154,4.608391608391608,0.1958041958041958,0.993006993006993,2.9250582432845618,,0.29471971697785193,2.0556909449369414,0.17229533699719468,0.03408216303068912,5.759651079017203
81,mt-bench,Qwen/Qwen3-4B,mgoin/Qwen3-4B-speculator.dflash2,0.0,8,dflash2_pairwise_k16_tb32,32,579,644,38.594100005866494,10.648315110256872,93.91157095236233,6.857514931005425,120,5.358333333333333,4.366666666666666,5.358333333333333,0.325,0.9916666666666667,3.47113786225812,,0.24187782200897345,1.6692252139910124,0.20417710701440228,0.028250900984858163,4.694283596021705
81,mt-bench,Qwen/Qwen3-4B,mgoin/Qwen3-4B-speculator.dflash2,0.0,8,dflash2_pairwise_k16_tb64,64,562,760,40.08818500005873,12.114946393424026,82.54266816589453,9.20735925900226,154,4.928571428571429,3.9285714285714284,4.928571428571429,0.24025974025974026,1,3.050923095171983,,0.31718524007010274,2.1972513319924474,0.42831511503027286,0.03691107703343732,6.200668881938327
82,mt-bench,Qwen/Qwen3-4B,mgoin/Qwen3-4B-speculator.dflash2,0.0,8,baseline,,26,367,38.75354299816536,36.39489745776574,27.476379103978644,13.356927367000026,366,1,,,,,1.0,True,0.08994599499419564,0.0,0.0,0.0,13.206698424102797
82,mt-bench,Qwen/Qwen3-4B,mgoin/Qwen3-4B-speculator.dflash2,0.0,8,dflash2,,26,367,37.313751003239304,13.193565629430118,75.79452197284397,4.842038586000854,89,4.112359550561798,3.1235955056179776,4.112359550561798,0.15730337078651685,0.9887640449438202,2.758533855062028,True,0.055411901012121234,1.1286405169739737,0.0,0.0,3.644603153981734
82,mt-bench,Qwen/Qwen3-4B,mgoin/Qwen3-4B-speculator.dflash2,0.0,8,dflash2_unary_k16_tb8,8,26,374,37.468394002644345,12.646442395712768,79.07362155375863,4.729769455996575,83,4.493975903614458,3.5060240963855422,4.493975903614458,0.10843373493975904,0.9879518072289156,2.87787634806322,False,0.16723501901287818,1.1603572810345213,0.06330369901843369,0.019484211945382413,3.3060828739980934
82,mt-bench,Qwen/Qwen3-4B,mgoin/Qwen3-4B-speculator.dflash2,0.0,8,dflash2_unary_k16_tb16,16,26,374,44.549738995556254,12.231720927821032,81.75464482070561,4.574663627005066,81,4.604938271604938,3.617283950617284,4.604938271604938,0.14814814814814814,0.9876543209876543,2.975451914945639,False,0.16133163905033143,1.12369499696797,0.0817930279954453,0.018820455014065374,3.175939080014359
82,mt-bench,Qwen/Qwen3-4B,mgoin/Qwen3-4B-speculator.dflash2,0.0,8,dflash2_unary_k16_tb32,32,26,374,37.42773399426369,11.394539497323324,87.76133517593306,4.261557771998923,74,5.04054054054054,4.054054054054054,5.04054054054054,0.20270270270270271,0.9864864864864865,3.1940647944846927,False,0.14942829797655577,1.040353011994739,0.11093945794709725,0.017469140999310184,2.931016964954324
82,mt-bench,Qwen/Qwen3-4B,mgoin/Qwen3-4B-speculator.dflash2,0.0,8,dflash2_unary_k16_tb64,64,26,390,37.359431000368204,11.246164502573755,88.9192043892959,4.386004156003764,74,5.256756756756757,4.27027027027027,5.256756756756757,0.24324324324324326,0.9864864864864865,3.2362053257745376,False,0.1510184669677983,1.0434686990265618,0.18297867096407572,0.01755582604528172,2.9780078549520113
82,mt-bench,Qwen/Qwen3-4B,mgoin/Qwen3-4B-speculator.dflash2,0.0,8,dflash2_pairwise_k16_tb8,8,26,374,37.355861997639295,12.074538812838602,82.81889813768466,4.515877516001638,79,4.7215189873417724,3.7341772151898733,4.7215189873417724,0.12658227848101267,0.9873417721518988,3.0141853052861785,False,0.15849883799819509,1.1056371710074018,0.07294075995014282,0.018547225983638782,3.14754531399376
82,mt-bench,Qwen/Qwen3-4B,mgoin/Qwen3-4B-speculator.dflash2,0.0,8,dflash2_pairwise_k16_tb16,16,26,374,37.399023000034504,10.969106013362762,91.16513221604222,4.102445648997673,71,5.253521126760563,4.267605633802817,5.253521126760563,0.28169014084507044,0.9859154929577465,3.3179456387265125,False,0.14455284702125937,1.0026416039909236,0.08485069299058523,0.016842658005771227,2.841985072969692
82,mt-bench,Qwen/Qwen3-4B,mgoin/Qwen3-4B-speculator.dflash2,0.0,8,dflash2_pairwise_k16_tb32,32,26,374,42.202024000289384,10.447365307470287,95.71791265736249,3.9073146249938873,67,5.567164179104478,4.582089552238806,5.567164179104478,0.3582089552238806,0.9850746268656716,3.483643616036085,False,0.13742162004928105,0.9486253209761344,0.11493232801149134,0.01623907197790686,2.6788122259968077
82,mt-bench,Qwen/Qwen3-4B,mgoin/Qwen3-4B-speculator.dflash2,0.0,8,dflash2_pairwise_k16_tb64,64,26,374,37.330231003579684,9.685515449191712,103.24695729884498,3.6223827779977005,62,6.016129032258065,5.032258064516129,6.016129032258065,0.4032258064516129,0.9838709677419355,3.7576624237177807,False,0.12433950100239599,0.8560999560213531,0.16585379905154696,0.014536924980347976,2.4508127809967846
83,mt-bench,Qwen/Qwen3-4B,mgoin/Qwen3-4B-speculator.dflash2,0.0,8,baseline,,445,571,37.09048499877099,36.95036153939902,27.063334655974373,21.09865643899684,570,1,,,,,1.0,True,0.14227864101121668,0.0,0.0,0.0,20.861257164986455
83,mt-bench,Qwen/Qwen3-4B,mgoin/Qwen3-4B-speculator.dflash2,0.0,8,dflash2,,445,594,37.34573099791305,10.133226296296288,98.68525292536907,6.019136419999995,110,5.390909090909091,4.390909090909091,5.390909090909091,0.4,1,3.6464557741994215,,0.06165710403001867,1.405360396944161,0.0,0.0,4.535881321055058
83,mt-bench,Qwen/Qwen3-4B,mgoin/Qwen3-4B-speculator.dflash2,0.0,8,dflash2_unary_k16_tb8,8,452,543,37.56859799614176,11.06112115653802,90.40674863315449,6.006188788000145,106,5.113207547169812,4.122641509433962,5.113207547169812,0.3018867924528302,0.9905660377358491,3.340562047596627,,0.21341832295729546,1.4771285159440595,0.08088993497949559,0.025366598929394968,4.192573593005363
83,mt-bench,Qwen/Qwen3-4B,mgoin/Qwen3-4B-speculator.dflash2,0.0,8,dflash2_unary_k16_tb16,16,452,557,37.82740199676482,9.635478479350784,103.78311799907394,5.366961512998387,93,5.978494623655914,4.978494623655914,5.978494623655914,0.4731182795698925,1,3.834823731751892,,0.19434073199954582,1.3182706869629328,0.10079897199466359,0.02437705805641599,3.7133508999759215
83,mt-bench,Qwen/Qwen3-4B,mgoin/Qwen3-4B-speculator.dflash2,0.0,8,dflash2_unary_k16_tb32,32,452,486,37.990476994309574,9.357624858029837,106.86472424056343,4.547805681002501,80,6.0625,5.075,6.0625,0.4625,0.9875,3.948690196496997,,0.16095737299474422,1.111335637033335,0.11940190501627512,0.019398425029066857,3.123357759010105
83,mt-bench,Qwen/Qwen3-4B,mgoin/Qwen3-4B-speculator.dflash2,0.0,8,dflash2_unary_k16_tb64,64,468,564,37.024933997599874,9.127618145386599,109.55760682269921,5.1479766339980415,88,6.3977272727272725,5.409090909090909,6.3977272727272725,0.5227272727272727,0.9886363636363636,4.048193181490064,,0.17882156703126384,1.231349749949004,0.21239771900582127,0.021283376976498403,3.4888043579703663
83,mt-bench,Qwen/Qwen3-4B,mgoin/Qwen3-4B-speculator.dflash2,0.0,8,dflash2_pairwise_k16_tb8,8,452,489,37.402711997856386,10.261951437625168,97.44735258963777,5.018094252998708,86,5.674418604651163,4.686046511627907,5.674418604651163,0.4069767441860465,0.9883720930232558,3.600714909244407,,0.1801079849974485,1.2270053180109244,0.09757147398340749,0.022640489027253352,3.476453319992288
83,mt-bench,Qwen/Qwen3-4B,mgoin/Qwen3-4B-speculator.dflash2,0.0,8,dflash2_pairwise_k16_tb16,16,452,486,37.10540600150125,9.019498574083245,110.87090837548487,4.383476307004457,78,6.217948717948718,5.230769230769231,6.217948717948718,0.48717948717948717,0.9871794871794872,4.096720148675749,,0.1543416740387329,1.0738052690285258,0.09058666600321885,0.018151745971408673,3.0341418550233357
83,mt-bench,Qwen/Qwen3-4B,mgoin/Qwen3-4B-speculator.dflash2,0.0,8,dflash2_pairwise_k16_tb32,32,452,484,37.1819170031813,8.761659202478347,114.13363346946173,4.24064305399952,73,6.616438356164384,5.63013698630137,6.616438356164384,0.589041095890411,0.9863013698630136,4.217279020501864,,0.1505942540243268,1.029646741983015,0.1368771710258443,0.01874127499468159,2.892295805970207
83,mt-bench,Qwen/Qwen3-4B,mgoin/Qwen3-4B-speculator.dflash2,0.0,8,dflash2_pairwise_k16_tb64,64,452,547,38.036607002140954,8.83131753747729,113.23338740299162,4.830730693000078,81,6.7407407407407405,5.753086419753086,6.7407407407407405,0.5925925925925926,0.9876543209876543,4.184014602871371,,0.16858920104277786,1.1453449369873852,0.23370737695950083,0.02115471797878854,3.247270524960186
84,mt-bench,Qwen/Qwen3-4B,mgoin/Qwen3-4B-speculator.dflash2,0.0,8,baseline,,39,498,38.76446499634767,36.38837295983535,27.481305666064735,18.121409733998007,497,1,,,,,1.0,True,0.1226023839408299,0.0,0.0,0.0,17.916938946058508
84,mt-bench,Qwen/Qwen3-4B,mgoin/Qwen3-4B-speculator.dflash2,0.0,8,dflash2,,39,498,37.30131999327568,14.950188813256764,66.8887873250986,7.445194029001868,138,3.601449275362319,2.601449275362319,3.601449275362319,0.14492753623188406,1,2.4339741400167956,True,0.08563794203655561,1.7415440869663144,0.0,0.0,5.597584799004835
84,mt-bench,Qwen/Qwen3-4B,mgoin/Qwen3-4B-speculator.dflash2,0.0,8,dflash2_unary_k16_tb8,8,39,499,37.34696200262988,14.278065082158676,70.03750117721215,7.124754475997179,128,3.890625,2.8984375,3.890625,0.109375,0.9921875,2.5485507140113035,False,0.2546617809930467,1.7794433749950258,0.09579591904912377,0.030272748008428607,4.94422996098001
84,mt-bench,Qwen/Qwen3-4B,mgoin/Qwen3-4B-speculator.dflash2,0.0,8,dflash2_unary_k16_tb16,16,39,498,37.36667100019986,13.360959022084062,74.8449268010717,6.653757592997863,118,4.211864406779661,3.2203389830508473,4.211864406779661,0.16101694915254236,0.9915254237288136,2.7234851105889732,True,0.2408406859904062,1.6629262309652404,0.126248416978342,0.029972704003739636,4.574171352032863
84,mt-bench,Qwen/Qwen3-4B,mgoin/Qwen3-4B-speculator.dflash2,0.0,8,dflash2_unary_k16_tb32,32,39,494,37.33477000059793,12.330754696361359,81.09803695106243,6.091392820002511,107,4.607476635514018,3.616822429906542,4.607476635514018,0.22429906542056074,0.9906542056074766,2.951025614885768,False,0.22041904698562576,1.5124100530083524,0.17091387800610391,0.0272417339583626,4.141989115028991
84,mt-bench,Qwen/Qwen3-4B,mgoin/Qwen3-4B-speculator.dflash2,0.0,8,dflash2_unary_k16_tb64,64,39,499,37.56863599846838,12.32466630461273,81.13809942470668,6.150008486001752,105,4.742857142857143,3.7523809523809524,4.742857142857143,0.23809523809523808,0.9904761904761905,2.9524834231184287,False,0.21723148099408718,1.485837451989937,0.2783104090121924,0.027226192018133588,4.122482436985592
84,mt-bench,Qwen/Qwen3-4B,mgoin/Qwen3-4B-speculator.dflash2,0.0,8,dflash2_pairwise_k16_tb8,8,39,498,37.405941999168135,13.766212226902686,72.6416230926431,6.855573688997538,120,4.141666666666667,3.15,4.141666666666667,0.16666666666666666,0.9916666666666667,2.643310473502886,True,0.24796602501010057,1.7058923350050463,0.12868850005907007,0.03107099298358662,4.721987984987209
84,mt-bench,Qwen/Qwen3-4B,mgoin/Qwen3-4B-speculator.dflash2,0.0,8,dflash2_pairwise_k16_tb16,16,39,498,37.47729500173591,12.522464530117858,79.85648492713985,6.236187335998693,111,4.4774774774774775,3.4864864864864864,4.4774774774774775,0.21621621621621623,0.990990990990991,2.905847556790235,True,0.2242390169776627,1.553023534041131,0.13872539100702852,0.02708779598469846,4.274756841994531
84,mt-bench,Qwen/Qwen3-4B,mgoin/Qwen3-4B-speculator.dflash2,0.0,8,dflash2_pairwise_k16_tb32,32,39,498,36.88284000236308,11.919365885532386,83.89708056649143,5.935844210995128,106,4.688679245283019,3.69811320754717,4.688679245283019,0.2641509433962264,0.9905660377358491,3.0528782578948443,True,0.21200733501609648,1.4687969429869554,0.17899375901470194,0.024813062998873647,4.033834938003565
84,mt-bench,Qwen/Qwen3-4B,mgoin/Qwen3-4B-speculator.dflash2,0.0,8,dflash2_pairwise_k16_tb64,64,39,498,36.82995800045319,10.862832473895216,92.05702126062688,5.409690571999818,94,5.287234042553192,4.297872340425532,5.287234042553192,0.32978723404255317,0.9893617021276596,3.3498052232031834,True,0.18751125798007706,1.2997241010234575,0.2538492459934787,0.021868472031201236,3.630664481970598
85,mt-bench,Qwen/Qwen3-4B,mgoin/Qwen3-4B-speculator.dflash2,0.0,8,baseline,,559,604,38.21087200049078,36.084860740069516,27.71245279851047,21.79525588700199,603,1,,,,,1.0,True,0.14817737491830485,0.0,0.0,0.0,21.54831265097164
85,mt-bench,Qwen/Qwen3-4B,mgoin/Qwen3-4B-speculator.dflash2,0.0,8,dflash2,,559,319,38.18966199469287,12.358835570533909,80.9137717135919,3.942468547000317,71,4.47887323943662,3.492957746478873,4.47887323943662,0.2535211267605634,0.9859154929577465,2.91976218423874,,0.0472626730115735,0.9199149599735392,0.0,0.0,2.964372948044911
85,mt-bench,Qwen/Qwen3-4B,mgoin/Qwen3-4B-speculator.dflash2,0.0,8,dflash2_unary_k16_tb8,8,560,310,38.164319994393736,12.639738848402857,79.11555863564055,3.9183190430048853,70,4.414285714285715,3.4285714285714284,4.414285714285715,0.22857142857142856,0.9857142857142858,2.8548739157398937,,0.13881533301173477,0.9607803460457944,0.05257222801446915,0.01630735299841035,2.738698022956669
85,mt-bench,Qwen/Qwen3-4B,mgoin/Qwen3-4B-speculator.dflash2,0.0,8,dflash2_unary_k16_tb16,16,559,319,38.19805099919904,12.285232978062243,81.39853772294764,3.918989320001856,68,4.676470588235294,3.6911764705882355,4.676470588235294,0.2647058823529412,0.9852941176470589,2.937254898177861,,0.1444351959580672,0.9761441029695561,0.07978951501718257,0.01806263993785251,2.6887461749865906
85,mt-bench,Qwen/Qwen3-4B,mgoin/Qwen3-4B-speculator.dflash2,0.0,8,dflash2_unary_k16_tb32,32,555,312,38.24307199829491,11.104082310899125,90.05696932005428,3.464473681000527,61,5.098360655737705,4.114754098360656,5.098360655737705,0.29508196721311475,0.9836065573770492,3.249693196586872,,0.12328207596874563,0.8445583669890766,0.0932719209959032,0.01464174197462853,2.378342383010022
85,mt-bench,Qwen/Qwen3-4B,mgoin/Qwen3-4B-speculator.dflash2,0.0,8,dflash2_unary_k16_tb64,64,560,599,38.089018999016844,10.296247651080837,97.12276101818765,6.1674523429974215,104,5.75,4.759615384615385,5.75,0.4807692307692308,0.9903846153846154,3.5046613060323533,,0.21553083395701833,1.474029123026412,0.2669760860298993,0.02643501296552131,4.165782568998111
85,mt-bench,Qwen/Qwen3-4B,mgoin/Qwen3-4B-speculator.dflash2,0.0,8,dflash2_pairwise_k16_tb8,8,559,311,38.36206500272965,11.599714810288267,86.20901602796808,3.607511305999651,64,4.84375,3.859375,4.84375,0.25,0.984375,3.110840337907649,,0.13035132198274368,0.8936971789953532,0.0651777170060086,0.015803874972334597,2.4921185359780793
85,mt-bench,Qwen/Qwen3-4B,mgoin/Qwen3-4B-speculator.dflash2,0.0,8,dflash2_pairwise_k16_tb16,16,559,319,38.17179099860368,10.433194865200736,95.847917432793,3.3281891619990347,60,5.3,4.316666666666666,5.3,0.31666666666666665,0.9833333333333333,3.4586587527880166,,0.11961460000020452,0.8253371749524376,0.07054846898972755,0.013986557023599744,2.2890957739800797
85,mt-bench,Qwen/Qwen3-4B,mgoin/Qwen3-4B-speculator.dflash2,0.0,8,dflash2_pairwise_k16_tb32,32,559,319,38.17479999997886,10.424225250795319,95.9303905989277,3.3253278550037066,58,5.482758620689655,4.5,5.482758620689655,0.3448275862068966,0.9827586206896551,3.46163478550278,,0.119874236996111,0.8194042980321683,0.10912388702126918,0.014935307975974865,2.252067781002552
85,mt-bench,Qwen/Qwen3-4B,mgoin/Qwen3-4B-speculator.dflash2,0.0,8,dflash2_pairwise_k16_tb64,64,559,310,38.21673100173939,9.71044228062965,102.98192101865389,3.0102371069951914,51,6.0588235294117645,5.078431372549019,6.0588235294117645,0.39215686274509803,0.9803921568627451,3.716088278702964,,0.10617291299422504,0.7188531139254337,0.1521615300080157,0.013371425979130436,2.0104898620047607
86,mt-bench,Qwen/Qwen3-4B,mgoin/Qwen3-4B-speculator.dflash2,0.0,8,baseline,,191,273,38.91048600053182,36.817077926727656,27.161308183940417,10.051062273996651,272,1,,,,,1.0,True,0.07152140606194735,0.0,0.0,0.0,9.932226647077186
86,mt-bench,Qwen/Qwen3-4B,mgoin/Qwen3-4B-speculator.dflash2,0.0,8,dflash2,,191,319,38.11540799506474,13.328125420059143,75.02930595888424,4.251672008998867,78,4.076923076923077,3.08974358974359,4.076923076923077,0.1794871794871795,0.9871794871794872,2.762359804276533,False,0.0495802450022893,0.9913057449739426,0.0,0.0,3.199128380008915
86,mt-bench,Qwen/Qwen3-4B,mgoin/Qwen3-4B-speculator.dflash2,0.0,8,dflash2_unary_k16_tb8,8,191,319,37.4193120005657,14.202121971786346,70.41201321792477,4.5304769089998445,81,3.925925925925926,2.9382716049382718,3.925925925925926,0.1111111111111111,0.9876543209876543,2.592364577622114,False,0.16370719502447173,1.1289558830540045,0.06525622103072237,0.019655695010442287,3.1397231930022826
86,mt-bench,Qwen/Qwen3-4B,mgoin/Qwen3-4B-speculator.dflash2,0.0,8,dflash2_unary_k16_tb16,16,191,523,36.9336209987523,13.222560697898713,75.62831609152052,6.915399245001026,125,4.176,3.184,4.176,0.152,0.992,2.784413607008702,False,0.24732157600374194,1.727672078020987,0.12554581699805567,0.02884352301043691,4.766064517003542
86,mt-bench,Qwen/Qwen3-4B,mgoin/Qwen3-4B-speculator.dflash2,0.0,8,dflash2_unary_k16_tb32,32,191,414,37.506634995224886,10.989603661837991,90.99509234100549,4.549695916000928,81,5.098765432098766,4.111111111111111,5.098765432098766,0.2962962962962963,0.9876543209876543,3.3501734056685777,False,0.16319401303189807,1.1270303540004534,0.12408588403923204,0.01956713298568502,3.102205017967208
86,mt-bench,Qwen/Qwen3-4B,mgoin/Qwen3-4B-speculator.dflash2,0.0,8,dflash2_unary_k16_tb64,64,191,347,37.530204994254746,11.853568896248511,84.36277789016657,4.113188406998233,71,4.873239436619718,3.887323943661972,4.873239436619718,0.19718309859154928,0.9859154929577465,3.1059909676974793,False,0.14437057705799816,0.9898808099678718,0.18374603103438858,0.01759668200975284,2.7650289390221587
86,mt-bench,Qwen/Qwen3-4B,mgoin/Qwen3-4B-speculator.dflash2,0.0,8,dflash2_pairwise_k16_tb8,8,191,414,36.91785100090783,10.719337628031367,93.28934629178691,4.437805778004986,80,5.1625,4.175,5.1625,0.275,0.9875,3.434641132158201,False,0.15836355298233684,1.1022345060046064,0.07285271402361104,0.018563286008429714,3.0732023770033265
86,mt-bench,Qwen/Qwen3-4B,mgoin/Qwen3-4B-speculator.dflash2,0.0,8,dflash2_pairwise_k16_tb16,16,191,477,37.22260799986543,10.695496815508397,93.49729304299422,5.101751980997506,92,5.173913043478261,4.173913043478261,5.173913043478261,0.29347826086956524,1,3.4422971239020095,False,0.18227651804045308,1.2717931549923378,0.10803068496170454,0.021390941998106427,3.50355984797352
86,mt-bench,Qwen/Qwen3-4B,mgoin/Qwen3-4B-speculator.dflash2,0.0,8,dflash2_pairwise_k16_tb32,32,191,414,36.960931996873114,9.435303408215564,105.98493304722707,3.906215611001244,70,5.9,4.914285714285715,5.9,0.38571428571428573,0.9857142857142858,3.902055539058772,False,0.13893437896331307,0.9636808000141173,0.11682918602309655,0.01648313797340961,2.658815865019278
86,mt-bench,Qwen/Qwen3-4B,mgoin/Qwen3-4B-speculator.dflash2,0.0,8,dflash2_pairwise_k16_tb64,64,191,523,36.97588300565258,10.206463994262103,97.97712513973326,5.33798066899908,93,5.612903225806452,4.612903225806452,5.612903225806452,0.3225806451612903,1,3.607231451306307,False,0.1854133530141553,1.2849650690404815,0.2527357710278011,0.021795324952108786,3.577191419011797
87,mt-bench,Qwen/Qwen3-4B,mgoin/Qwen3-4B-speculator.dflash2,0.0,8,baseline,,647,606,47.27650299901143,35.916055881184114,27.842700860811533,21.765129863997572,605,1,,,,,1.0,True,0.14870386010443326,0.0,0.0,0.0,21.514903248062183
87,mt-bench,Qwen/Qwen3-4B,mgoin/Qwen3-4B-speculator.dflash2,0.0,8,dflash2,,693,655,48.15926199808018,12.170996357249594,82.16254205058199,7.972002613998485,149,4.389261744966443,3.389261744966443,4.389261744966443,0.2953020134228188,1,2.950954451628842,,0.0885379209430539,1.8650217150061508,0.0,0.0,5.99649724001938
87,mt-bench,Qwen/Qwen3-4B,mgoin/Qwen3-4B-speculator.dflash2,0.0,8,dflash2_unary_k16_tb8,8,693,699,48.05974100599997,12.196756111586101,81.98901337791506,8.525532521998684,152,4.592105263157895,3.598684210526316,4.592105263157895,0.24342105263157895,0.993421052631579,2.9447219861243488,,0.3001339360125712,2.101161987033265,0.11283354104671162,0.03512318101275014,5.95237826895027
87,mt-bench,Qwen/Qwen3-4B,mgoin/Qwen3-4B-speculator.dflash2,0.0,8,dflash2_unary_k16_tb16,16,897,679,56.574858994281385,11.242410842411903,88.94889308150064,7.633596961997682,136,4.985294117647059,3.9926470588235294,4.985294117647059,0.3235294117647059,0.9926470588235294,3.194693414484648,,0.2694347730430309,1.8839364030209254,0.13606665802217321,0.031451577044208534,5.2910797300355625
87,mt-bench,Qwen/Qwen3-4B,mgoin/Qwen3-4B-speculator.dflash2,0.0,8,dflash2_unary_k16_tb32,32,788,732,52.23317799391225,10.864814441258522,92.04022815176265,7.953044171001237,137,5.335766423357664,4.343065693430657,5.335766423357664,0.3795620437956204,0.9927007299270073,3.305721977615643,,0.284388214990031,1.9495834790141089,0.22471833801682806,0.035445333043753635,5.434905305977736
87,mt-bench,Qwen/Qwen3-4B,mgoin/Qwen3-4B-speculator.dflash2,0.0,8,dflash2_unary_k16_tb64,64,721,598,48.96858199936105,11.303791058534776,88.46589562932195,6.7596670530037954,116,5.146551724137931,4.146551724137931,5.146551724137931,0.3017241379310345,1,3.1773460510017286,,0.23398963599902345,1.6150517669811961,0.2923873430117965,0.027760820048570167,4.57036036503996
87,mt-bench,Qwen/Qwen3-4B,mgoin/Qwen3-4B-speculator.dflash2,0.0,8,dflash2_pairwise_k16_tb8,8,788,1087,52.12047499662731,11.353878226314766,88.07563196180053,12.341665632004151,215,5.051162790697674,4.055813953488372,5.051162790697674,0.3302325581395349,0.9953488372093023,3.1633293193106335,,0.43825207199552096,3.041430964054598,0.22005279702716507,0.053770178943523206,8.55313544497767
87,mt-bench,Qwen/Qwen3-4B,mgoin/Qwen3-4B-speculator.dflash2,0.0,8,dflash2_pairwise_k16_tb16,16,851,707,54.03395999746863,12.522094951914735,79.85884181840447,8.853121131003718,153,4.61437908496732,3.6209150326797386,4.61437908496732,0.20915032679738563,0.9934640522875817,2.8682146253564578,,0.3163895940160728,2.180168847044115,0.20809712600748753,0.03967418802494649,6.0829937439993955
87,mt-bench,Qwen/Qwen3-4B,mgoin/Qwen3-4B-speculator.dflash2,0.0,8,dflash2_pairwise_k16_tb32,32,788,1012,52.11747500288766,9.542132381417328,104.79837839469026,9.656637969994335,167,6.053892215568863,5.059880239520958,6.053892215568863,0.49101796407185627,0.9940119760479041,3.763944414681173,,0.3424949309992371,2.364924310000788,0.3012297870373004,0.04208925702550914,6.577103542986151
87,mt-bench,Qwen/Qwen3-4B,mgoin/Qwen3-4B-speculator.dflash2,0.0,8,dflash2_pairwise_k16_tb64,64,897,700,56.629710998095106,10.526075962854001,95.00216448455724,7.3682531739978,123,5.682926829268292,4.691056910569106,5.682926829268292,0.4065040650406504,0.991869918699187,3.4121030484608026,,0.2570292490127031,1.754052053009218,0.3625528030170244,0.03166753999539651,4.940628586024104
88,mt-bench,Qwen/Qwen3-4B,mgoin/Qwen3-4B-speculator.dflash2,0.0,8,baseline,,34,698,38.78929399797926,36.40668801433373,27.4674806894351,25.41186823400494,697,1,,,,,1.0,True,0.17236294684698805,0.0,0.0,0.0,25.124246096973366
88,mt-bench,Qwen/Qwen3-4B,mgoin/Qwen3-4B-speculator.dflash2,0.0,8,dflash2,,34,670,37.31770000013057,14.566708525378646,68.64968831206885,9.759694712003693,181,3.696132596685083,2.701657458563536,3.696132596685083,0.1270718232044199,0.994475138121547,2.499307784658743,False,0.1126391720463289,2.2875930639420403,0.0,0.0,7.332752130001609
88,mt-bench,Qwen/Qwen3-4B,mgoin/Qwen3-4B-speculator.dflash2,0.0,8,dflash2_unary_k16_tb8,8,34,760,37.35824099567253,14.747650963162366,67.80740895603405,11.208214732003398,199,3.814070351758794,2.819095477386935,3.814070351758794,0.11557788944723618,0.9949748743718593,2.46864318292267,False,0.3952954940323252,2.7667446810155525,0.1490147719232482,0.046271272069134284,7.819364658927952
88,mt-bench,Qwen/Qwen3-4B,mgoin/Qwen3-4B-speculator.dflash2,0.0,8,dflash2_unary_k16_tb16,16,34,670,37.650238002242986,12.715049583580843,78.64696031475306,8.519083220999164,151,4.430463576158941,3.4304635761589406,4.430463576158941,0.15894039735099338,1,2.8632753474549006,False,0.3009259940299671,2.1017540589673445,0.1520852569155977,0.035591624975495506,5.904188080028689
88,mt-bench,Qwen/Qwen3-4B,mgoin/Qwen3-4B-speculator.dflash2,0.0,8,dflash2_unary_k16_tb32,32,34,775,37.002002994995564,12.415693966444628,80.54322236861329,9.622162823994586,170,4.552941176470588,3.5588235294117645,4.552941176470588,0.16470588235294117,0.9941176470588236,2.9323119684432095,False,0.33899018902593525,2.3607271800210583,0.25395561501500197,0.039552433001517784,6.600864440049918
88,mt-bench,Qwen/Qwen3-4B,mgoin/Qwen3-4B-speculator.dflash2,0.0,8,dflash2_unary_k16_tb64,64,34,628,36.96555299393367,11.995744528663218,83.3628957011006,7.533327564000501,129,4.8604651162790695,3.868217054263566,4.8604651162790695,0.1937984496124031,0.9922480620155039,3.0349669357614117,False,0.26040433301386656,1.7987612150172936,0.32512850397324655,0.0312725739859161,5.0951581909976085
88,mt-bench,Qwen/Qwen3-4B,mgoin/Qwen3-4B-speculator.dflash2,0.0,8,dflash2_pairwise_k16_tb8,8,34,791,36.85388800658984,14.249494227554013,70.17792940793059,11.271349933995225,199,3.969849246231156,2.9748743718592965,3.969849246231156,0.09045226130653267,0.9949748743718593,2.554945981446465,False,0.3973505949907121,2.7763002850406338,0.1878200659484719,0.04879904702102067,7.829125431999273
88,mt-bench,Qwen/Qwen3-4B,mgoin/Qwen3-4B-speculator.dflash2,0.0,8,dflash2_pairwise_k16_tb16,16,34,767,36.88877999957185,12.349671561927705,80.97381335086342,9.47219808799855,168,4.559523809523809,3.5654761904761907,4.559523809523809,0.19642857142857142,0.9940476190476191,2.947988359995776,False,0.3345788850347162,2.3341328159731347,0.1972408959918539,0.03913551406003535,6.539944160962477
88,mt-bench,Qwen/Qwen3-4B,mgoin/Qwen3-4B-speculator.dflash2,0.0,8,dflash2_pairwise_k16_tb32,32,34,688,36.8635010017897,10.552528027621817,94.76402217387583,7.260139283003809,127,5.409448818897638,4.417322834645669,5.409448818897638,0.2677165354330709,0.9921259842519685,3.450044190267701,False,0.25479064001410734,1.7723017140160664,0.22031687698472524,0.030399181960092392,4.961116863029019
88,mt-bench,Qwen/Qwen3-4B,mgoin/Qwen3-4B-speculator.dflash2,0.0,8,dflash2_pairwise_k16_tb64,64,34,638,37.26992999872891,10.31176030877058,96.97665287559667,6.57890307699563,112,5.6875,4.6875,5.6875,0.32142857142857145,1,3.5305987459161874,False,0.22543132201826666,1.5629935509714414,0.3100217029787018,0.026951363070111256,4.434013335921918
89,mt-bench,Qwen/Qwen3-4B,mgoin/Qwen3-4B-speculator.dflash2,0.0,8,baseline,,750,856,49.277778998657595,36.43932693458422,27.442877904830603,31.192063856004097,855,1,,,,,1.0,True,0.21421222903882153,0.0,0.0,0.0,30.83637569779239
89,mt-bench,Qwen/Qwen3-4B,mgoin/Qwen3-4B-speculator.dflash2,0.0,8,dflash2,,722,739,48.79724799684482,14.882302583216614,67.1939032557866,10.998021608997078,204,3.6176470588235294,2.622549019607843,3.6176470588235294,0.11274509803921569,0.9950980392156863,2.448500608748431,,0.12825529601832386,2.5817418200313114,0.0,0.0,8.258080567982688
89,mt-bench,Qwen/Qwen3-4B,mgoin/Qwen3-4B-speculator.dflash2,0.0,8,dflash2_unary_k16_tb8,8,812,756,52.55441599729238,13.900713748678937,71.93875207271537,10.508939594001276,185,4.081081081081081,3.0864864864864865,4.081081081081081,0.11351351351351352,0.9945945945945946,2.621399706043674,,0.3700881979748374,2.594959781061334,0.1382456460123649,0.04348521201609401,7.3325836489966605
89,mt-bench,Qwen/Qwen3-4B,mgoin/Qwen3-4B-speculator.dflash2,0.0,8,dflash2_unary_k16_tb16,16,722,771,48.71023599844193,12.586563333324124,79.44980480512936,9.7042403299929,171,4.502923976608187,3.508771929824561,4.502923976608187,0.1695906432748538,0.9941520467836257,2.8950974121830093,,0.3420335550181335,2.3988138639906538,0.1706110749655636,0.0401361889889813,6.72502698199969
89,mt-bench,Qwen/Qwen3-4B,mgoin/Qwen3-4B-speculator.dflash2,0.0,8,dflash2_unary_k16_tb32,32,827,759,52.81506099709077,12.126733843217682,82.4624348920865,9.204190987002221,161,4.708074534161491,3.7142857142857144,4.708074534161491,0.16149068322981366,0.9937888198757764,3.0048756248546056,,0.32330371599528007,2.2597363520326326,0.2414541430043755,0.037976936997438315,6.3150679099489935
89,mt-bench,Qwen/Qwen3-4B,mgoin/Qwen3-4B-speculator.dflash2,0.0,8,dflash2_unary_k16_tb64,64,680,891,47.92409799847519,12.117578894506885,82.52473606368001,10.796762795005634,184,4.836956521739131,3.842391304347826,4.836956521739131,0.22282608695652173,0.9945652173913043,3.007145837614709,,0.3715245929925004,2.5892303889850155,0.456326802042895,0.043644505021802615,7.30400271005783
89,mt-bench,Qwen/Qwen3-4B,mgoin/Qwen3-4B-speculator.dflash2,0.0,8,dflash2_pairwise_k16_tb8,8,843,787,53.879456005233806,14.483876271919112,69.04229097418961,11.39881062600034,200,3.93,2.935,3.93,0.085,0.995,2.515854613121189,,0.40055173593282234,2.8097584909992293,0.1845126659827656,0.046654154029965866,7.9254891099990346
89,mt-bench,Qwen/Qwen3-4B,mgoin/Qwen3-4B-speculator.dflash2,0.0,8,dflash2_pairwise_k16_tb16,16,819,858,52.71455900219735,11.610793601392496,86.12675707886744,9.962060909994761,175,4.897142857142857,3.902857142857143,4.897142857142857,0.2,0.9942857142857143,3.138401059012367,,0.35068368387874216,2.458188406060799,0.20594815497315722,0.04158071302663302,6.877448944986099
89,mt-bench,Qwen/Qwen3-4B,mgoin/Qwen3-4B-speculator.dflash2,0.0,8,dflash2_pairwise_k16_tb32,32,740,817,49.00486300175544,10.314675908195309,96.94924095535286,8.427090216995566,147,5.551020408163265,4.557823129251701,5.551020408163265,0.3741496598639456,0.9931972789115646,3.5327650872318856,,0.29530986900499556,2.0638615579518955,0.24817037805041764,0.03462727597798221,5.760756579984445
89,mt-bench,Qwen/Qwen3-4B,mgoin/Qwen3-4B-speculator.dflash2,0.0,8,dflash2_pairwise_k16_tb64,64,690,815,48.125182001967914,11.129996185274894,89.84729045307408,9.07094689099904,154,5.285714285714286,4.292207792207792,5.285714285714286,0.3051948051948052,0.9935064935064936,3.2739747910061148,,0.31090849405154586,2.1653479549931944,0.41997931398509536,0.03653630700864596,6.111394669038418
90,mt-bench,Qwen/Qwen3-4B,mgoin/Qwen3-4B-speculator.dflash2,0.0,8,baseline,,40,836,38.655383003060706,36.65944389115285,27.27810064356523,30.64729509300378,835,1,,,,,1.0,True,0.2059799249545904,0.0,0.0,0.0,30.30320501492679
90,mt-bench,Qwen/Qwen3-4B,mgoin/Qwen3-4B-speculator.dflash2,0.0,8,dflash2,,40,921,37.962266003887635,14.367680944618705,69.60065468147396,13.232634149993828,242,3.8016528925619837,2.8057851239669422,3.8016528925619837,0.1322314049586777,0.9958677685950413,2.551521295082999,False,0.15191909393615788,3.104600944025151,0.0,0.0,9.940056884937803
90,mt-bench,Qwen/Qwen3-4B,mgoin/Qwen3-4B-speculator.dflash2,0.0,8,dflash2_unary_k16_tb8,8,40,930,37.888073005888145,13.953040573116635,71.66896668577766,12.97632773299847,228,4.074561403508772,3.0789473684210527,4.074561403508772,0.10964912280701754,0.9956140350877193,2.6273444629541687,False,0.4558478729450144,3.2101044400624232,0.17127190097380662,0.05334450890950393,9.049226684110181
90,mt-bench,Qwen/Qwen3-4B,mgoin/Qwen3-4B-speculator.dflash2,0.0,8,dflash2_unary_k16_tb16,16,40,832,37.47426399786491,12.464250925474447,80.22945028779861,10.37025676999474,182,4.565934065934066,3.5714285714285716,4.565934065934066,0.16483516483516483,0.9945054945054945,2.94116703124359,False,0.365688118043181,2.566565578978043,0.18257593501766678,0.0427236320101656,7.183100559952436
90,mt-bench,Qwen/Qwen3-4B,mgoin/Qwen3-4B-speculator.dflash2,0.0,8,dflash2_unary_k16_tb32,32,40,918,37.57452699937858,11.615363055559115,86.09287503255439,10.662903285003267,186,4.93010752688172,3.935483870967742,4.93010752688172,0.23118279569892472,0.9946236559139785,3.1561169216839615,False,0.3745331809477648,2.623929583984136,0.2787310649146093,0.043700320027710404,7.310841703940241
90,mt-bench,Qwen/Qwen3-4B,mgoin/Qwen3-4B-speculator.dflash2,0.0,8,dflash2_unary_k16_tb64,64,40,837,37.39268200297374,11.323123250898737,88.3148560553404,9.477454161002242,161,5.192546583850931,4.198757763975156,5.192546583850931,0.2422360248447205,0.9937888198757764,3.2375735103159915,False,0.3260961319683702,2.2716022949971375,0.39912439099134644,0.03797707908961456,6.41474457494769
90,mt-bench,Qwen/Qwen3-4B,mgoin/Qwen3-4B-speculator.dflash2,0.0,8,dflash2_pairwise_k16_tb8,8,40,964,37.38790199713549,13.042235228212993,76.67397363274033,12.572714759997325,220,4.377272727272727,3.381818181818182,4.377272727272727,0.11818181818181818,0.9954545454545455,2.8108252343011766,False,0.4408061250287574,3.1014312360348413,0.20408289800980128,0.05201445394777693,8.73922979406052
90,mt-bench,Qwen/Qwen3-4B,mgoin/Qwen3-4B-speculator.dflash2,0.0,8,dflash2_pairwise_k16_tb16,16,40,962,37.60920800414169,11.331463798338374,88.24985172230248,10.900868174001516,191,5.031413612565445,4.036649214659686,5.031413612565445,0.24083769633507854,0.9947643979057592,3.2351904876163062,False,0.3833209840231575,2.68880046299455,0.22677291798027,0.04475666097278008,7.526285978965461
90,mt-bench,Qwen/Qwen3-4B,mgoin/Qwen3-4B-speculator.dflash2,0.0,8,dflash2_pairwise_k16_tb32,32,40,911,37.321870993764605,10.972682805711127,91.1354148941145,9.996114036002837,174,5.2298850574712645,4.235632183908046,5.2298850574712645,0.25287356321839083,0.9942528735632183,3.340973628807726,False,0.35024917800183175,2.4512343810201855,0.2975329380496987,0.040983262995723635,6.827120198991906
90,mt-bench,Qwen/Qwen3-4B,mgoin/Qwen3-4B-speculator.dflash2,0.0,8,dflash2_pairwise_k16_tb64,64,40,927,37.38442200119607,10.751602900755252,93.0093874588462,9.96673588900012,169,5.479289940828402,4.479289940828402,5.479289940828402,0.28402366863905326,1,3.4096724208980675,False,0.34166089297650615,2.3816519379615784,0.45890272696124157,0.04025825100688962,6.714919514968642
91,mt-bench,Qwen/Qwen3-4B,mgoin/Qwen3-4B-speculator.dflash2,0.0,8,baseline,,895,525,54.782757004431915,36.46976009713918,27.419977464519803,19.14662405099807,524,1,,,,,1.0,True,0.1292971140355803,0.0,0.0,0.0,18.930852488963865
91,mt-bench,Qwen/Qwen3-4B,mgoin/Qwen3-4B-speculator.dflash2,0.0,8,dflash2,,980,558,58.17648700030986,16.651879317206653,60.053281731791316,9.291748659001314,173,3.2196531791907512,2.2254335260115607,3.2196531791907512,0.09826589595375723,0.9942196531791907,2.19012877780434,,0.1090719929561601,2.1758858040338964,0.0,0.0,6.981673703070555
91,mt-bench,Qwen/Qwen3-4B,mgoin/Qwen3-4B-speculator.dflash2,0.0,8,dflash2_unary_k16_tb8,8,989,627,59.25025200122036,15.981634885168424,62.571821167560195,10.020485073000602,179,3.4972067039106145,2.5027932960893855,3.4972067039106145,0.0335195530726257,0.994413407821229,2.2819793068220156,,0.35600302700913744,2.480027616060397,0.13263951896078652,0.041941022012906615,6.981174807988282
91,mt-bench,Qwen/Qwen3-4B,mgoin/Qwen3-4B-speculator.dflash2,0.0,8,dflash2_unary_k16_tb16,16,891,605,54.68622499756748,14.723289257862167,67.91960563200949,8.90759000100661,159,3.79874213836478,2.8050314465408803,3.79874213836478,0.0440251572327044,0.9937106918238994,2.4770117232916893,,0.3155609510577051,2.203382969935774,0.159891790986876,0.03688581300957594,6.166555172094377
91,mt-bench,Qwen/Qwen3-4B,mgoin/Qwen3-4B-speculator.dflash2,0.0,8,dflash2_unary_k16_tb32,32,977,589,58.09923500055447,13.300589589132882,75.18463698910313,7.834047267999267,139,4.23021582733813,3.237410071942446,4.23021582733813,0.1223021582733813,0.9928057553956835,2.741965673983088,,0.27622855996742146,1.9238713259037468,0.21036858900333755,0.032392298060585745,5.368277636014682
91,mt-bench,Qwen/Qwen3-4B,mgoin/Qwen3-4B-speculator.dflash2,0.0,8,dflash2_unary_k16_tb64,64,896,529,54.082102004031185,12.662925274104838,78.97069423958135,6.69868747000146,115,4.591304347826087,3.6,4.591304347826087,0.1565217391304348,0.991304347826087,2.8800422736220628,,0.2310884439648362,1.6025384920358192,0.29115479894244345,0.02702035297988914,4.527138314995682
91,mt-bench,Qwen/Qwen3-4B,mgoin/Qwen3-4B-speculator.dflash2,0.0,8,dflash2_pairwise_k16_tb8,8,1019,611,58.82197100436315,15.608639584286172,64.06708250261215,9.536878785998852,168,3.630952380952381,2.636904761904762,3.630952380952381,0.05357142857142857,0.9940476190476191,2.3365111289938887,,0.3354833509947639,2.354882526997244,0.15453529297519708,0.039329599945631344,6.625807832009741
91,mt-bench,Qwen/Qwen3-4B,mgoin/Qwen3-4B-speculator.dflash2,0.0,8,dflash2_pairwise_k16_tb16,16,1017,704,58.769470000697765,12.51610518039053,79.89705947555785,8.811338046994933,154,4.564935064935065,3.5714285714285716,4.564935064935065,0.11038961038961038,0.9935064935064936,2.913826591540456,,0.3119930609827861,2.1732764480184414,0.1843760079864296,0.03633172801346518,6.080117100063944
91,mt-bench,Qwen/Qwen3-4B,mgoin/Qwen3-4B-speculator.dflash2,0.0,8,dflash2_pairwise_k16_tb32,32,970,463,57.80713899730472,13.808859643632859,72.4172759957837,6.393502015002014,111,4.162162162162162,3.171171171171171,4.162162162162162,0.09009009009009009,0.990990990990991,2.6410406824545474,,0.225069689025986,1.5644058409379795,0.19243710701994132,0.026344007936131675,4.366488569961803
91,mt-bench,Qwen/Qwen3-4B,mgoin/Qwen3-4B-speculator.dflash2,0.0,8,dflash2_pairwise_k16_tb64,64,986,558,58.27876900002593,11.02581794265621,90.69621911053356,6.152406412002166,105,5.304761904761905,4.314285714285714,5.304761904761905,0.19047619047619047,0.9904761904761905,3.307669352678729,,0.21236069805308944,1.4664799929742003,0.2895586109589203,0.024838050005200785,4.140962798977853
92,mt-bench,Qwen/Qwen3-4B,mgoin/Qwen3-4B-speculator.dflash2,0.0,8,baseline,,35,365,38.18138100177748,37.109291317796156,26.94742918791444,13.544891330995595,364,1,,,,,1.0,True,0.09101980895502493,0.0,0.0,0.0,13.392745767931046
92,mt-bench,Qwen/Qwen3-4B,mgoin/Qwen3-4B-speculator.dflash2,0.0,8,dflash2,,35,329,36.97080200072378,15.698769583575935,63.69925965702438,5.164895192996482,96,3.4166666666666665,2.4270833333333335,3.4166666666666665,0.09375,0.9895833333333334,2.3638343833404574,False,0.0604359719727654,1.2059428429565742,0.0,0.0,3.8845286410069093
92,mt-bench,Qwen/Qwen3-4B,mgoin/Qwen3-4B-speculator.dflash2,0.0,8,dflash2_unary_k16_tb8,8,35,430,36.94214199640555,15.295011046505667,65.38079619291692,6.5768547499974375,116,3.6982758620689653,2.706896551724138,3.6982758620689653,0.06896551724137931,0.9913793103448276,2.4262350125124117,False,0.23167440803081263,1.623014861048432,0.08847828094440047,0.027080465995823033,4.588125069007219
92,mt-bench,Qwen/Qwen3-4B,mgoin/Qwen3-4B-speculator.dflash2,0.0,8,dflash2_unary_k16_tb16,16,35,339,37.02273400267586,14.362682162229094,69.62487846662755,4.868949252995662,84,4.023809523809524,3.0357142857142856,4.023809523809524,0.047619047619047616,0.9880952380952381,2.583729897984234,False,0.17168849000154296,1.199462795004365,0.08652089098177385,0.020028682993142866,3.3776428279888933
92,mt-bench,Qwen/Qwen3-4B,mgoin/Qwen3-4B-speculator.dflash2,0.0,8,dflash2_unary_k16_tb32,32,35,342,37.06085399608128,12.841436356716763,77.87290862341472,4.391771233997133,77,4.428571428571429,3.4415584415584415,4.428571428571429,0.12987012987012986,0.987012987012987,2.8898084518704166,False,0.15431149206415284,1.0753077939516515,0.1154566560217063,0.018041947041638196,3.0159187450044556
92,mt-bench,Qwen/Qwen3-4B,mgoin/Qwen3-4B-speculator.dflash2,0.0,8,dflash2_unary_k16_tb64,64,35,438,37.0509040003526,11.903404317346117,84.00958022930969,5.2136910909975995,89,4.910112359550562,3.9213483146067416,4.910112359550562,0.21348314606741572,0.9887640449438202,3.1175359862152217,False,0.1794624859758187,1.2485677649674471,0.22255816702818265,0.021028904993727338,3.5266722950618714
92,mt-bench,Qwen/Qwen3-4B,mgoin/Qwen3-4B-speculator.dflash2,0.0,8,dflash2_pairwise_k16_tb8,8,35,563,36.89837999991141,12.386563946713187,80.73263935841975,6.973635501999524,124,4.532258064516129,3.5403225806451615,4.532258064516129,0.1774193548387097,0.9919354838709677,2.995931032806174,False,0.24625101005949546,1.715448772047239,0.11345160804194165,0.028726158998324536,4.850160181027604
92,mt-bench,Qwen/Qwen3-4B,mgoin/Qwen3-4B-speculator.dflash2,0.0,8,dflash2_pairwise_k16_tb16,16,35,557,36.8380790023366,11.411184382400663,87.63332240449014,6.356029700997169,113,4.920353982300885,3.9292035398230087,4.920353982300885,0.25663716814159293,0.9911504424778761,3.2520104902545772,False,0.2238316779548768,1.5648760379554005,0.13269854098325595,0.026191413009655662,4.390225917995849
92,mt-bench,Qwen/Qwen3-4B,mgoin/Qwen3-4B-speculator.dflash2,0.0,8,dflash2_pairwise_k16_tb32,32,35,348,36.973262001993135,11.395602864938374,87.75314582756899,3.965669796998554,70,4.957142857142857,3.9714285714285715,4.957142857142857,0.2,0.9857142857142858,3.2564570525683054,False,0.13903096703143092,0.9648446189894457,0.11909356603428023,0.01646620699466439,2.7146558049935265
92,mt-bench,Qwen/Qwen3-4B,mgoin/Qwen3-4B-speculator.dflash2,0.0,8,dflash2_pairwise_k16_tb64,64,35,531,36.89165000105277,10.52229852354399,95.03626966698074,5.587340516001859,96,5.520833333333333,4.53125,5.520833333333333,0.2708333333333333,0.9895833333333334,3.5267286168286223,False,0.19188937100261683,1.3284172039784607,0.2599531260857475,0.02249537601164775,3.768168290022004
93,mt-bench,Qwen/Qwen3-4B,mgoin/Qwen3-4B-speculator.dflash2,0.0,8,baseline,,420,769,36.817518004681915,36.3845780325078,27.48417197820874,27.979740506998496,768,1,,,,,1.0,True,0.18789512897637906,0.0,0.0,0.0,27.665602652792586
93,mt-bench,Qwen/Qwen3-4B,mgoin/Qwen3-4B-speculator.dflash2,0.0,8,dflash2,,384,417,36.90311100217514,14.76238768345233,67.73971944395787,6.155915663999622,115,3.617391304347826,2.626086956521739,3.617391304347826,0.06086956521739131,0.991304347826087,2.464681108008871,,0.07333299700258067,1.4412065809883643,0.0,0.0,4.6246869069873355
93,mt-bench,Qwen/Qwen3-4B,mgoin/Qwen3-4B-speculator.dflash2,0.0,8,dflash2_unary_k16_tb8,8,485,444,37.04783400462475,14.992991231993729,66.6978313084108,6.656888107005216,119,3.722689075630252,2.73109243697479,3.722689075630252,0.04201680672268908,0.9915966386554622,2.4267724478399146,,0.23571094805083703,1.643591423991893,0.08974981299979845,0.027744780032662675,4.641193628012843
93,mt-bench,Qwen/Qwen3-4B,mgoin/Qwen3-4B-speculator.dflash2,0.0,8,dflash2_unary_k16_tb16,16,394,360,37.26877900044201,12.729230175015498,78.55934618597487,4.582522863005579,82,4.378048780487805,3.3902439024390243,4.378048780487805,0.13414634146341464,0.9878048780487805,2.858348661486396,,0.1627222250099294,1.1287852690002182,0.08195191000413615,0.019128705018374603,3.1769484939795802
93,mt-bench,Qwen/Qwen3-4B,mgoin/Qwen3-4B-speculator.dflash2,0.0,8,dflash2_unary_k16_tb32,32,397,486,37.322320000384934,12.510739522638785,79.93132605714091,6.080219408002449,108,4.4907407407407405,3.5,4.4907407407407405,0.1388888888888889,0.9907407407407407,2.9082675701678666,,0.21473559791775187,1.49032246896968,0.16278593902825378,0.025042872031917796,4.169454403039708
93,mt-bench,Qwen/Qwen3-4B,mgoin/Qwen3-4B-speculator.dflash2,0.0,8,dflash2_unary_k16_tb64,64,493,433,37.271428998792544,11.094486639732372,90.13485999602075,4.803912715004117,83,5.204819277108434,4.204819277108434,5.204819277108434,0.24096385542168675,1,3.279518846974382,,0.1662588300241623,1.1468749749983544,0.20556575601221994,0.01963795600750018,3.2512731900278595
93,mt-bench,Qwen/Qwen3-4B,mgoin/Qwen3-4B-speculator.dflash2,0.0,8,dflash2_pairwise_k16_tb8,8,618,795,39.10320199793205,13.140203115719212,76.1023243852092,10.446461476996774,186,4.268817204301075,3.274193548387097,4.268817204301075,0.13978494623655913,0.9946236559139785,2.7689509600488647,,0.36901041299279314,2.5800481389596825,0.1712244419977651,0.04339057596371276,7.253154659039865
93,mt-bench,Qwen/Qwen3-4B,mgoin/Qwen3-4B-speculator.dflash2,0.0,8,dflash2_pairwise_k16_tb16,16,612,660,39.1050219986937,11.817809178793333,84.61805270933523,7.799754058003599,139,4.741007194244604,3.7482014388489207,4.741007194244604,0.14388489208633093,0.9928057553956835,3.0787921417616655,,0.2757222010041005,1.924339840945322,0.1646527080447413,0.032418868999229744,5.380175930004043
93,mt-bench,Qwen/Qwen3-4B,mgoin/Qwen3-4B-speculator.dflash2,0.0,8,dflash2_pairwise_k16_tb32,32,403,736,37.46510400378611,10.984691077441234,91.03578725610728,8.084732632996747,143,5.13986013986014,4.146853146853147,5.13986013986014,0.26573426573426573,0.993006993006993,3.312298705170614,,0.28445235794060864,1.9790106569998898,0.24180570196040208,0.033373700018273667,5.522444292953878
93,mt-bench,Qwen/Qwen3-4B,mgoin/Qwen3-4B-speculator.dflash2,0.0,8,dflash2_pairwise_k16_tb64,64,586,515,38.68590199999744,11.269313551457847,88.73654951863821,5.803696479000791,100,5.14,4.15,5.14,0.24,0.99,3.228641910296384,,0.19993192503170576,1.3825247680069879,0.27200575503957225,0.023697768039710354,3.9083545980247436
94,mt-bench,Qwen/Qwen3-4B,mgoin/Qwen3-4B-speculator.dflash2,0.0,8,baseline,,51,1095,39.40372799843317,36.730784081279026,27.225119882743822,40.22020856900053,1094,1,,,,,1.0,True,0.27130548999411985,0.0,0.0,0.0,39.767029696035024
94,mt-bench,Qwen/Qwen3-4B,mgoin/Qwen3-4B-speculator.dflash2,0.0,8,dflash2,,51,1105,38.14669900020817,13.605169013574006,73.50147572604871,15.033711759999278,275,4.014545454545455,3.0145454545454546,4.014545454545455,0.16,1,2.699766834548867,False,0.17065434305550298,3.530436140972597,0.0,0.0,11.291628813953139
94,mt-bench,Qwen/Qwen3-4B,mgoin/Qwen3-4B-speculator.dflash2,0.0,8,dflash2_unary_k16_tb8,8,51,744,38.28924299887149,13.825916756720671,72.32793438553777,10.286482067000179,181,4.104972375690608,3.110497237569061,4.104972375690608,0.07734806629834254,0.994475138121547,2.656661740960105,False,0.3621494880571845,2.547322325030109,0.13469690595957218,0.04222110605041962,7.171084618086752
94,mt-bench,Qwen/Qwen3-4B,mgoin/Qwen3-4B-speculator.dflash2,0.0,8,dflash2_unary_k16_tb16,16,51,1357,37.7243089969852,11.611604315399736,86.12074376955502,15.756947055997443,277,4.8953068592057765,3.898916967509025,4.8953068592057765,0.23465703971119134,0.9963898916967509,3.163282444318681,False,0.5547909370725392,3.9103300419956213,0.2768250370500027,0.06533466703695012,10.904783584912366
94,mt-bench,Qwen/Qwen3-4B,mgoin/Qwen3-4B-speculator.dflash2,0.0,8,dflash2_unary_k16_tb32,32,51,773,37.764070999401156,12.29408458343812,81.33993167308627,9.503327382997668,166,4.650602409638554,3.6506024096385543,4.650602409638554,0.18072289156626506,1,2.987679467470121,False,0.33407735794753535,2.3392480869806604,0.2481884150111,0.03916850103269098,6.515158815993345
94,mt-bench,Qwen/Qwen3-4B,mgoin/Qwen3-4B-speculator.dflash2,0.0,8,dflash2_unary_k16_tb64,64,51,1036,37.59198600164382,11.973850556949182,83.5153232658008,12.404909176999354,211,4.9052132701421804,3.909952606635071,4.9052132701421804,0.1943127962085308,0.995260663507109,3.0675833063543485,False,0.42653125205106335,2.9764447950947215,0.52524592197733,0.05030539293511538,8.389561733958544
94,mt-bench,Qwen/Qwen3-4B,mgoin/Qwen3-4B-speculator.dflash2,0.0,8,dflash2_pairwise_k16_tb8,8,51,1333,37.718218998634256,12.444993656410777,80.35359660347204,16.589176543995563,291,4.577319587628866,3.5807560137457046,4.577319587628866,0.140893470790378,0.9965635738831615,2.9514506069963273,False,0.5837225189898163,4.103252214990789,0.26819909711775836,0.0683869580825558,11.519120594959531
94,mt-bench,Qwen/Qwen3-4B,mgoin/Qwen3-4B-speculator.dflash2,0.0,8,dflash2_pairwise_k16_tb16,16,51,774,37.72517999459524,12.236145206719042,81.72508442045014,9.470776390000538,166,4.656626506024097,3.6626506024096384,4.656626506024097,0.1566265060240964,0.9939759036144579,3.001826429871855,False,0.3328846680233255,2.3377272010038723,0.19627757097623544,0.03922675998910563,6.537737496008049
94,mt-bench,Qwen/Qwen3-4B,mgoin/Qwen3-4B-speculator.dflash2,0.0,8,dflash2_pairwise_k16_tb32,32,51,1096,37.92264599906048,10.79588970072899,92.62784520042617,11.832295111998972,206,5.315533980582524,4.320388349514563,5.315533980582524,0.2815533980582524,0.9951456310679612,3.402293381970991,False,0.4142228960045031,2.9045319569850108,0.34819372803031,0.048764896018838044,8.08211600996583
94,mt-bench,Qwen/Qwen3-4B,mgoin/Qwen3-4B-speculator.dflash2,0.0,8,dflash2_pairwise_k16_tb64,64,51,735,37.77651199925458,11.64394137414915,85.88157290280691,8.558296909999626,145,5.062068965517241,4.068965517241379,5.062068965517241,0.18620689655172415,0.993103448275862,3.1544975108536244,False,0.2932257150532678,2.041823934945569,0.3961541159515036,0.03439843396336073,5.767515443993034
95,mt-bench,Qwen/Qwen3-4B,mgoin/Qwen3-4B-speculator.dflash2,0.0,8,baseline,,1170,1278,68.69023299805121,36.82452871596321,27.155812575722276,47.06174769900099,1277,1,,,,,1.0,True,0.31552386395196663,0.0,0.0,0.0,46.53503719086439
95,mt-bench,Qwen/Qwen3-4B,mgoin/Qwen3-4B-speculator.dflash2,0.0,8,dflash2,,1180,1748,68.82555700576631,11.52919612242374,86.73631616475389,20.153034821996698,371,4.708894878706199,3.711590296495957,4.708894878706199,0.30727762803234504,0.9973045822102425,3.1940239653258438,,0.21641327899124008,4.74934358104656,0.0,0.0,15.13250431088818
95,mt-bench,Qwen/Qwen3-4B,mgoin/Qwen3-4B-speculator.dflash2,0.0,8,dflash2_unary_k16_tb8,8,819,1155,52.65836299804505,13.211906628573093,75.68930269589724,15.259752156001923,269,4.289962825278811,3.2936802973977697,4.289962825278811,0.1449814126394052,0.9962825278810409,2.7872229006162996,,0.5382047159873764,3.7856643390259705,0.20098907998908544,0.06334071303717792,10.628751640964765
95,mt-bench,Qwen/Qwen3-4B,mgoin/Qwen3-4B-speculator.dflash2,0.0,8,dflash2_unary_k16_tb16,16,1432,1594,87.21882099780487,11.557059678792942,86.52719876795197,18.42195312799595,325,4.901538461538461,3.9046153846153846,4.901538461538461,0.23692307692307693,0.9969230769230769,3.186323315742304,,0.6504128470187425,4.581870521054952,0.3241106929781381,0.076172388951818,12.736795208045805
95,mt-bench,Qwen/Qwen3-4B,mgoin/Qwen3-4B-speculator.dflash2,0.0,8,dflash2_unary_k16_tb32,32,848,1020,53.94649400113849,11.144761292156295,89.72825651311186,11.367656517999421,199,5.1206030150753765,4.1206030150753765,5.1206030150753765,0.2613065326633166,1,3.304200758600401,,0.3999907460747636,2.801739647969953,0.2955812620057259,0.04719083600502927,7.790278416963702
95,mt-bench,Qwen/Qwen3-4B,mgoin/Qwen3-4B-speculator.dflash2,0.0,8,dflash2_unary_k16_tb64,64,1111,959,67.14099599776091,11.073769117831834,90.30349010886665,10.619744584000728,184,5.206521739130435,4.211956521739131,5.206521739130435,0.30434782608695654,0.9945652173913043,3.32538346466566,,0.37162250895926263,2.5900450290137087,0.45417726301093353,0.043688434998330195,7.128293936017144
95,mt-bench,Qwen/Qwen3-4B,mgoin/Qwen3-4B-speculator.dflash2,0.0,8,dflash2_pairwise_k16_tb8,8,1408,1091,81.457883999974,13.404669857006239,74.60086750867113,14.624494813993806,257,4.2412451361867705,3.245136186770428,4.2412451361867705,0.13229571984435798,0.9961089494163424,2.7471417878088276,,0.5139728369686054,3.616688204994716,0.2362058910439373,0.060611810942646116,10.155945831982535
95,mt-bench,Qwen/Qwen3-4B,mgoin/Qwen3-4B-speculator.dflash2,0.0,8,dflash2_pairwise_k16_tb16,16,849,1018,53.97200399602298,10.62257039882141,94.13917370798988,10.813776666000194,190,5.352631578947369,4.3578947368421055,5.352631578947369,0.28421052631578947,0.9947368421052631,3.4666307055069225,,0.380872286077647,2.672955951959011,0.22269447301368928,0.04462352507835021,7.461726756977441
95,mt-bench,Qwen/Qwen3-4B,mgoin/Qwen3-4B-speculator.dflash2,0.0,8,dflash2_pairwise_k16_tb32,32,1171,1413,68.65922199358465,9.923982482661353,100.76599810077718,14.022587248000493,245,5.763265306122449,4.7673469387755105,5.763265306122449,0.37142857142857144,0.9959183673469387,3.7106603906547644,,0.49191347698069876,3.450911865096714,0.41293701196991606,0.05805943996529095,9.568096732036793
95,mt-bench,Qwen/Qwen3-4B,mgoin/Qwen3-4B-speculator.dflash2,0.0,8,dflash2_pairwise_k16_tb64,64,810,1215,52.48279900115449,10.892722856791387,91.8044104442188,13.234658271001535,225,5.395555555555555,4.395555555555555,5.395555555555555,0.3288888888888889,1,3.3806541486552084,,0.4541081269780989,3.1695371999885538,0.6102044450017274,0.053906968074443284,8.90791888810054
96,mt-bench,Qwen/Qwen3-4B,mgoin/Qwen3-4B-speculator.dflash2,0.0,8,baseline,,45,2048,39.2215079991729,36.77676968310806,27.191077645389562,75.3188243110053,2048,1,,,,,1.0,True,0.5077969098347239,0.0,0.0,0.0,74.47065834883688
96,mt-bench,Qwen/Qwen3-4B,mgoin/Qwen3-4B-speculator.dflash2,0.0,8,dflash2,,45,656,37.92860600515269,15.25412554421076,65.55603578203927,10.006706357002258,181,3.6187845303867405,2.6243093922651934,3.6187845303867405,0.09944751381215469,0.994475138121547,2.4109392292936493,False,0.11650487392034847,2.347816037006851,0.0,0.0,7.51524823395448
96,mt-bench,Qwen/Qwen3-4B,mgoin/Qwen3-4B-speculator.dflash2,0.0,8,dflash2_unary_k16_tb8,8,45,651,37.70409000571817,14.566801932411746,68.64924810812167,9.482988058000046,168,3.869047619047619,2.869047619047619,3.869047619047619,0.08333333333333333,1,2.524697586590932,False,0.33546585700969445,2.3464922020139056,0.125663382030325,0.03913132192246849,6.609759965976991
96,mt-bench,Qwen/Qwen3-4B,mgoin/Qwen3-4B-speculator.dflash2,0.0,8,dflash2_unary_k16_tb16,16,45,728,37.265790000674315,13.363722710162438,74.82944847692404,9.728790132998256,169,4.3017751479289945,3.3076923076923075,4.3017751479289945,0.11834319526627218,0.9940828402366864,2.7519853921498365,False,0.34368258094764315,2.4016014239750803,0.17278411599545507,0.040271621008287184,6.742810019022727
96,mt-bench,Qwen/Qwen3-4B,mgoin/Qwen3-4B-speculator.dflash2,0.0,8,dflash2_unary_k16_tb32,32,45,832,37.14216699881945,13.599481439900256,73.53221550536816,11.314768557997013,196,4.239795918367347,3.2448979591836733,4.239795918367347,0.08673469387755102,0.9948979591836735,2.7042773539295917,False,0.39857933299208526,2.7858181189585594,0.30084544292185456,0.046527333033736795,7.750220098925638
96,mt-bench,Qwen/Qwen3-4B,mgoin/Qwen3-4B-speculator.dflash2,0.0,8,dflash2_unary_k16_tb64,64,45,676,37.829112996405456,12.616849538466147,79.25908896283563,8.528990288003115,143,4.72027972027972,3.727272727272727,4.72027972027972,0.18181818181818182,0.993006993006993,2.914893260079178,False,0.29426356901967665,2.0403317020172835,0.36438925906986697,0.03420023201033473,5.770399393069965
96,mt-bench,Qwen/Qwen3-4B,mgoin/Qwen3-4B-speculator.dflash2,0.0,8,dflash2_pairwise_k16_tb8,8,45,668,37.24242900352692,13.129101699104613,76.1666733123256,8.770239935001882,153,4.359477124183006,3.366013071895425,4.359477124183006,0.10457516339869281,0.9934640522875817,2.8011642019359315,False,0.3085945230050129,2.162845789003768,0.14297751594131114,0.03621361102705123,6.095083872984105
96,mt-bench,Qwen/Qwen3-4B,mgoin/Qwen3-4B-speculator.dflash2,0.0,8,dflash2_pairwise_k16_tb16,16,45,638,37.165417001233436,12.449544442013428,80.324224284489,7.942809354004567,139,4.58273381294964,3.5899280575539567,4.58273381294964,0.1510791366906475,0.9928057553956835,2.954065496484967,False,0.28043284496379783,1.959153745076037,0.1668441049841931,0.03270416599843884,5.481138442970405
96,mt-bench,Qwen/Qwen3-4B,mgoin/Qwen3-4B-speculator.dflash2,0.0,8,dflash2_pairwise_k16_tb32,32,45,779,37.638078996678814,11.366559993575429,87.97736523321188,8.854550234995259,154,5.0519480519480515,4.0519480519480515,5.0519480519480515,0.19480519480519481,1,3.2355232985085114,False,0.311326536044362,2.1692654229627806,0.26420836305624107,0.03660972500802018,6.04737892402045
96,mt-bench,Qwen/Qwen3-4B,mgoin/Qwen3-4B-speculator.dflash2,0.0,8,dflash2_pairwise_k16_tb64,64,45,847,37.18824899988249,10.661965708386516,93.79133523318475,9.03068495500338,151,5.602649006622516,4.6092715231788075,5.602649006622516,0.31125827814569534,0.9933774834437086,3.4493423341420137,False,0.3110904229906737,2.15948132401536,0.41663029402843677,0.0363974050123943,6.08038155700342
97,mt-bench,Qwen/Qwen3-4B,mgoin/Qwen3-4B-speculator.dflash2,0.0,8,baseline,,2119,639,120.1881279994268,37.0447321721416,26.994391411797558,23.671583857998485,638,1,,,,,1.0,True,0.15933012204186525,0.0,0.0,0.0,23.40553780998016
97,mt-bench,Qwen/Qwen3-4B,mgoin/Qwen3-4B-speculator.dflash2,0.0,8,dflash2,,726,844,48.9248059966485,13.282999164691805,75.28420258115722,11.210851294999884,209,4.033492822966507,3.0382775119617227,4.033492822966507,0.19138755980861244,0.9952153110047847,2.788883121412221,,0.12762008493155008,2.6304281879929476,0.0,0.0,8.422176138112263
97,mt-bench,Qwen/Qwen3-4B,mgoin/Qwen3-4B-speculator.dflash2,0.0,8,dflash2_unary_k16_tb8,8,721,947,48.6620879964903,13.263703636743827,75.39372315510323,12.560727343996405,224,4.223214285714286,3.2276785714285716,4.223214285714286,0.12053571428571429,0.9955357142857143,2.79294028174139,,0.4447282770561287,3.1110623739878065,0.16825311502907425,0.05193839900312014,8.749288730046828
97,mt-bench,Qwen/Qwen3-4B,mgoin/Qwen3-4B-speculator.dflash2,0.0,8,dflash2_unary_k16_tb16,16,798,437,52.34898700291524,10.111129272310118,98.90092125896906,4.418563491999521,79,5.518987341772152,4.531645569620253,5.518987341772152,0.4177215189873418,0.9873417721518988,3.6637581396165744,,0.15739691499766195,1.0895471019903198,0.07956411799386842,0.01847049398929812,3.061044027999742
97,mt-bench,Qwen/Qwen3-4B,mgoin/Qwen3-4B-speculator.dflash2,0.0,8,dflash2_unary_k16_tb32,32,902,450,56.72674900415586,10.497926437771335,95.25690677370527,4.724066896997101,84,5.345238095238095,4.357142857142857,5.345238095238095,0.39285714285714285,0.9880952380952381,3.528766598978573,,0.16738426097435877,1.1573581090269727,0.12377853802900063,0.01964595794561319,3.242074227979174
97,mt-bench,Qwen/Qwen3-4B,mgoin/Qwen3-4B-speculator.dflash2,0.0,8,dflash2_unary_k16_tb64,64,746,973,49.014308002369944,11.486312575537312,87.06014166197471,11.176182135997806,193,5.036269430051814,4.041450777202073,5.036269430051814,0.23834196891191708,0.9948186528497409,3.22511963073656,,0.3869056579496828,2.6818965629208833,0.4820655940202414,0.04566640098346397,7.546284351970826
97,mt-bench,Qwen/Qwen3-4B,mgoin/Qwen3-4B-speculator.dflash2,0.0,8,dflash2_pairwise_k16_tb8,8,738,1005,48.987625996232964,13.144283281589699,76.0787011795943,13.210004697997647,234,4.2905982905982905,3.2948717948717947,4.2905982905982905,0.1452991452991453,0.9957264957264957,2.8183151092024645,,0.4687291770896991,3.270626938974601,0.2217030789834098,0.055782197043299675,9.155463702998532
97,mt-bench,Qwen/Qwen3-4B,mgoin/Qwen3-4B-speculator.dflash2,0.0,8,dflash2_pairwise_k16_tb16,16,708,624,48.586987002636306,11.24236696795122,88.94924021344568,7.015236988001561,125,4.984,3.992,4.984,0.272,0.992,3.2951007806225827,,0.24860513003659435,1.7297674869914772,0.14616475400544005,0.02905109203857137,4.841519170004176
97,mt-bench,Qwen/Qwen3-4B,mgoin/Qwen3-4B-speculator.dflash2,0.0,8,dflash2_pairwise_k16_tb32,32,849,423,53.89751300390344,9.045837867607904,110.54807908738712,3.826389417998144,68,6.205882352941177,5.220588235294118,6.205882352941177,0.47058823529411764,0.9852941176470589,4.095223981936984,,0.13535512702947017,0.9336125410118257,0.11304456100333482,0.01591985200502677,2.617360934971657
97,mt-bench,Qwen/Qwen3-4B,mgoin/Qwen3-4B-speculator.dflash2,0.0,8,dflash2_pairwise_k16_tb64,64,917,713,56.950794998556376,10.638778042077197,93.99575741169916,7.585448744001042,131,5.435114503816794,4.435114503816794,5.435114503816794,0.3053435114503817,1,3.4820476586339892,,0.26133735696203075,1.8128183009685017,0.35222225700999843,0.030798678955761716,5.105596893961774
98,mt-bench,Qwen/Qwen3-4B,mgoin/Qwen3-4B-speculator.dflash2,0.0,8,baseline,,30,722,39.59239600226283,36.55029570775663,27.35955976924646,26.38931350100029,721,1,,,,,1.0,True,0.17805409603897715,0.0,0.0,0.0,26.09187129008933
98,mt-bench,Qwen/Qwen3-4B,mgoin/Qwen3-4B-speculator.dflash2,0.0,8,dflash2,,30,504,37.97148599551292,14.65462595834175,68.2378385393574,7.385931483004242,136,3.698529411764706,2.7058823529411766,3.698529411764706,0.09558823529411764,0.9926470588235294,2.494113177071665,False,0.08625702599965734,1.7296691380106495,0.0,0.0,5.549910719055333
98,mt-bench,Qwen/Qwen3-4B,mgoin/Qwen3-4B-speculator.dflash2,0.0,8,dflash2_unary_k16_tb8,8,30,687,37.315841000236105,13.781199339156858,72.56262502195115,9.467683946000761,168,4.083333333333333,3.0892857142857144,4.083333333333333,0.13690476190476192,0.9940476190476191,2.6521854018833753,False,0.33362498699716525,2.341833496990148,0.12583198996435385,0.03933899405092234,6.600407219018962
98,mt-bench,Qwen/Qwen3-4B,mgoin/Qwen3-4B-speculator.dflash2,0.0,8,dflash2_unary_k16_tb16,16,30,492,37.50123699865071,13.649620390246927,73.2621106968316,6.715613232001488,119,4.126050420168068,3.134453781512605,4.126050420168068,0.15966386554621848,0.9915966386554622,2.677751810143595,False,0.23679273499146802,1.6581944110366749,0.12014606400043704,0.02779942096094601,4.653486991977843
98,mt-bench,Qwen/Qwen3-4B,mgoin/Qwen3-4B-speculator.dflash2,0.0,8,dflash2_unary_k16_tb32,32,30,492,37.51366500364384,13.161658884141579,75.97826450318472,6.475536170997657,114,4.307017543859649,3.3157894736842106,4.307017543859649,0.18421052631578946,0.9912280701754386,2.7770280349535508,False,0.22767673902853858,1.588847620980232,0.17051481502858223,0.026842002997000236,4.442849486018531
98,mt-bench,Qwen/Qwen3-4B,mgoin/Qwen3-4B-speculator.dflash2,0.0,8,dflash2_unary_k16_tb64,64,30,681,37.4685339993448,11.637751409692417,85.92725216377772,7.925308710000536,136,5,4.007352941176471,5,0.27205882352941174,0.9926470588235294,3.140666475941047,False,0.273014644975774,1.8987320619926322,0.3352985399469617,0.03200146099698031,5.362868515963783
98,mt-bench,Qwen/Qwen3-4B,mgoin/Qwen3-4B-speculator.dflash2,0.0,8,dflash2_pairwise_k16_tb8,8,30,642,37.3497429973213,12.6717027227432,78.91599273436219,8.135233148001134,144,4.451388888888889,3.4583333333333335,4.451388888888889,0.16666666666666666,0.9930555555555556,2.8844028705121123,False,0.28655512905243086,2.0049875120821525,0.13171470903034788,0.03363715105660958,5.655491533951135
98,mt-bench,Qwen/Qwen3-4B,mgoin/Qwen3-4B-speculator.dflash2,0.0,8,dflash2_pairwise_k16_tb16,16,30,504,37.47999500046717,13.034514460308682,76.71939012727276,6.569395287995576,116,4.336206896551724,3.3448275862068964,4.336206896551724,0.13793103448275862,0.9913793103448276,2.8041163956705644,False,0.232190147980873,1.617299362013,0.13735180297953775,0.02715619304217398,4.536770545018953
98,mt-bench,Qwen/Qwen3-4B,mgoin/Qwen3-4B-speculator.dflash2,0.0,8,dflash2_pairwise_k16_tb32,32,30,641,37.44049400120275,10.569474686421353,94.61208145800322,6.775033273996087,119,5.378151260504202,4.38655462184874,5.378151260504202,0.33613445378151263,0.9915966386554622,3.4580995548163758,False,0.23830383299355162,1.6599468149870518,0.20030549407965736,0.02784233505371958,4.6290838710046955
98,mt-bench,Qwen/Qwen3-4B,mgoin/Qwen3-4B-speculator.dflash2,0.0,8,dflash2_pairwise_k16_tb64,64,30,492,37.42523400433129,11.535251878045322,86.69078149071613,5.675343923998298,97,5.061855670103093,4.072164948453608,5.061855670103093,0.2268041237113402,0.9896907216494846,3.1685736986221906,False,0.1946180439699674,1.3516768599802162,0.2639771879548789,0.022823731997050345,3.8255314469788573
99,mt-bench,Qwen/Qwen3-4B,mgoin/Qwen3-4B-speculator.dflash2,0.0,8,baseline,,781,481,52.050179001525976,36.40677326402964,27.467416371887392,17.51165793999826,480,1,,,,,1.0,True,0.11802410591917578,0.0,0.0,0.0,17.314799040032085
99,mt-bench,Qwen/Qwen3-4B,mgoin/Qwen3-4B-speculator.dflash2,0.0,8,dflash2,,563,475,38.25090300233569,13.493300667369592,74.11085135146119,6.409317817000556,119,3.9831932773109244,2.991596638655462,3.9831932773109244,0.20168067226890757,0.9915966386554622,2.6981369615568527,,0.07209922096808441,1.501513737035566,0.0,0.0,4.818274649041996
99,mt-bench,Qwen/Qwen3-4B,mgoin/Qwen3-4B-speculator.dflash2,0.0,8,dflash2_unary_k16_tb8,8,746,654,49.010597002052236,13.151129623842536,76.03909539352689,8.600838773993019,153,4.26797385620915,3.2745098039215685,4.26797385620915,0.16993464052287582,0.9934640522875817,2.7683381051940543,,0.3046382909597014,2.129372398041596,0.11447937799675856,0.03561881704808911,5.992421437040321
99,mt-bench,Qwen/Qwen3-4B,mgoin/Qwen3-4B-speculator.dflash2,0.0,8,dflash2_unary_k16_tb16,16,551,506,38.09147999709239,11.69540589326924,85.5036592253292,5.917875381994236,107,4.719626168224299,3.7289719626168223,4.719626168224299,0.2523364485981308,0.9906542056074766,3.1129123346614165,,0.21324363099847687,1.484167571994476,0.10675626499869395,0.02504682396829594,4.071646260999842
99,mt-bench,Qwen/Qwen3-4B,mgoin/Qwen3-4B-speculator.dflash2,0.0,8,dflash2_unary_k16_tb32,32,551,507,38.0001169978641,11.082055587770993,90.23596679153064,5.618602182999894,101,5.00990099009901,4.01980198019802,5.00990099009901,0.2376237623762376,0.9900990099009901,3.2852003832397645,,0.20174950604268815,1.401060977979796,0.150566456024535,0.02354333202674752,3.825190142990323
99,mt-bench,Qwen/Qwen3-4B,mgoin/Qwen3-4B-speculator.dflash2,0.0,8,dflash2_unary_k16_tb64,64,740,633,48.95818600198254,10.622758127961474,94.13751004720483,6.7242058949996135,116,5.448275862068965,4.456896551724138,5.448275862068965,0.3448275862068966,0.9913793103448276,3.4272429839288985,,0.23378018900984898,1.6132992289785761,0.2836775269606733,0.027328447984473314,4.5462059730125475
99,mt-bench,Qwen/Qwen3-4B,mgoin/Qwen3-4B-speculator.dflash2,0.0,8,dflash2_pairwise_k16_tb8,8,701,673,48.1680779994349,12.296097780090294,81.32661417341596,8.275273806000769,147,4.571428571428571,3.578231292517007,4.571428571428571,0.25170068027210885,0.9931972789115646,2.9608396025427743,,0.2929520330071682,2.0414468929884606,0.13417933398886817,0.03425128397793742,5.749236587973428
99,mt-bench,Qwen/Qwen3-4B,mgoin/Qwen3-4B-speculator.dflash2,0.0,8,dflash2_pairwise_k16_tb16,16,563,370,38.15686099551385,11.408959089178982,87.6504150977688,4.221314862996223,75,4.92,3.933333333333333,4.92,0.2,0.9866666666666667,3.191068788962549,,0.14990220702020451,1.0363727830408607,0.08849877597094746,0.017516663050628267,2.9170165850009653
99,mt-bench,Qwen/Qwen3-4B,mgoin/Qwen3-4B-speculator.dflash2,0.0,8,dflash2_pairwise_k16_tb32,32,700,584,48.24107999593252,10.665040366441408,93.76429583394713,6.228383574001782,110,5.3,4.3090909090909095,5.3,0.2727272727272727,0.990909090909091,3.4136554586879124,,0.21982769198075403,1.526128091958526,0.1852909859662759,0.02586800699646119,4.253076738023083
99,mt-bench,Qwen/Qwen3-4B,mgoin/Qwen3-4B-speculator.dflash2,0.0,8,dflash2_pairwise_k16_tb64,64,551,500,38.01193900289945,9.965878681992763,100.34238143063983,4.982939340996381,87,5.735632183908046,4.747126436781609,5.735632183908046,0.3793103448275862,0.9885057471264368,3.6531423295180825,,0.17460315200150944,1.2049990460363915,0.23414067201520083,0.020562951991450973,3.333746917982353
100,mt-bench,Qwen/Qwen3-4B,mgoin/Qwen3-4B-speculator.dflash2,0.0,8,baseline,,184,14,38.56172299856553,33.74136692842252,29.637210671439508,0.4723791369979153,13,1,,,,,1.0,True,0.0032485859919688664,0.0,0.0,0.0,0.46668984999269014
100,mt-bench,Qwen/Qwen3-4B,mgoin/Qwen3-4B-speculator.dflash2,0.0,8,dflash2,,184,14,37.072406004881486,14.472442571526958,69.0968366298718,0.20261419600137742,4,3.25,2.5,3.25,0,0.75,2.3314217183217703,True,0.0026795239973580465,0.03815623099217191,0.0,0.0,0.1612368980058818
100,mt-bench,Qwen/Qwen3-4B,mgoin/Qwen3-4B-speculator.dflash2,0.0,8,dflash2_unary_k16_tb8,8,184,14,37.22944000037387,15.11781564269248,66.1471222850486,0.21164941899769474,4,3.25,2.5,3.25,0,0.75,2.2318943242790588,True,0.007917578004708048,0.04210352501104353,0.003139754007861484,0.0009268220019293949,0.15696296699752565
100,mt-bench,Qwen/Qwen3-4B,mgoin/Qwen3-4B-speculator.dflash2,0.0,8,dflash2_unary_k16_tb16,16,184,14,37.27583999716444,11.093143357097038,90.14577453920958,0.15530400699935853,3,4.333333333333333,3.6666666666666665,4.333333333333333,0,0.6666666666666666,3.041641655774319,True,0.0059880420012632385,0.02806846300518373,0.0030149219892336987,0.0006894659964018501,0.11711108598683495
100,mt-bench,Qwen/Qwen3-4B,mgoin/Qwen3-4B-speculator.dflash2,0.0,8,dflash2_unary_k16_tb32,32,184,14,37.110646000655834,11.182865428314212,89.42251933641907,0.15656011599639896,3,4.333333333333333,3.6666666666666665,4.333333333333333,0,0.6666666666666666,3.017238036594074,True,0.006037421990185976,0.028180765999422874,0.004415992996655405,0.0007086639961926267,0.11676940500183264
100,mt-bench,Qwen/Qwen3-4B,mgoin/Qwen3-4B-speculator.dflash2,0.0,8,dflash2_unary_k16_tb64,64,184,14,37.1842780004954,7.3229122858070435,136.55769193605627,0.10252077200129861,2,6.5,5.5,6.5,0.5,1,4.6076431905129605,True,0.004011724995507393,0.014091763005126268,0.004862054993282072,0.00046292100159917027,0.07879319100175053
100,mt-bench,Qwen/Qwen3-4B,mgoin/Qwen3-4B-speculator.dflash2,0.0,8,dflash2_pairwise_k16_tb8,8,184,14,37.239418998069596,15.148239856768798,66.0142702687113,0.21207535799476318,4,3.25,2.5,3.25,0,0.75,2.2274117156486413,True,0.00792825599637581,0.04201972399459919,0.0037405369948828593,0.0009145909862127155,0.1568926649997593
100,mt-bench,Qwen/Qwen3-4B,mgoin/Qwen3-4B-speculator.dflash2,0.0,8,dflash2_pairwise_k16_tb16,16,184,14,37.12852700118674,11.12870921393291,89.85768077649303,0.15580192899506073,3,4.333333333333333,3.6666666666666665,4.333333333333333,0,0.6666666666666666,3.03192097841671,True,0.005998561995511409,0.02800695100449957,0.00355694299651077,0.0006937349971849471,0.1171153850009432
100,mt-bench,Qwen/Qwen3-4B,mgoin/Qwen3-4B-speculator.dflash2,0.0,8,dflash2_pairwise_k16_tb32,32,184,14,37.141398002859205,11.229673714426879,89.04978233831405,0.1572154320019763,3,4.333333333333333,3.6666666666666665,4.333333333333333,0,0.6666666666666666,3.0046613807732134,True,0.006016749997797888,0.02810296400275547,0.005246224005531985,0.0006783969947719015,0.116731374997471
100,mt-bench,Qwen/Qwen3-4B,mgoin/Qwen3-4B-speculator.dflash2,0.0,8,dflash2_pairwise_k16_tb64,64,184,14,37.09601500304416,7.397075499674039,135.18856202617727,0.10355905699543655,2,6.5,6,6.5,0.5,0.5,4.561446875851054,True,0.004003433998150285,0.014111613003478851,0.005618942996079568,0.00044606099982047454,0.07908332900115056
101,mt-bench,Qwen/Qwen3-4B,mgoin/Qwen3-4B-speculator.dflash2,0.0,8,baseline,,223,218,36.86685099819442,36.07569782109024,27.719491524718045,7.864502124997671,217,1,,,,,1.0,True,0.05316626900457777,0.0,0.0,0.0,7.775687196997751
101,mt-bench,Qwen/Qwen3-4B,mgoin/Qwen3-4B-speculator.dflash2,0.0,8,dflash2,,223,218,36.91352200257825,8.813764399062809,113.45889845958813,1.9214006389956924,36,6.027777777777778,5.055555555555555,6.027777777777778,0.4444444444444444,0.9722222222222222,4.093108935941862,,0.01963121397420764,0.4436923600078444,0.0,0.0,1.4528830449926318
101,mt-bench,Qwen/Qwen3-4B,mgoin/Qwen3-4B-speculator.dflash2,0.0,8,dflash2_unary_k16_tb8,8,223,218,36.94414200435858,8.609471036717476,116.15115443622757,1.87686468600441,34,6.382352941176471,5.411764705882353,6.382352941176471,0.5588235294117647,0.9705882352941176,4.19023394901213,,0.0677213420131011,0.4623762879855349,0.025369690003572032,0.007970554972416721,1.3081260639883112
101,mt-bench,Qwen/Qwen3-4B,mgoin/Qwen3-4B-speculator.dflash2,0.0,8,dflash2_unary_k16_tb16,16,223,218,37.658850000298116,8.35715089908613,119.65800451315911,1.8218588960007764,33,6.575757575757576,5.575757575757576,6.575757575757576,0.6060606060606061,1,4.31674601269138,,0.06570328101224732,0.44944804399710847,0.03222238600574201,0.0077118290137150325,1.2615160559871583
101,mt-bench,Qwen/Qwen3-4B,mgoin/Qwen3-4B-speculator.dflash2,0.0,8,dflash2_unary_k16_tb32,32,223,218,36.898571997880936,8.147646045889555,122.73483584924442,1.7761868380039232,32,6.78125,5.78125,6.78125,0.6875,1,4.427744850218454,,0.06380308699590387,0.4354230129974894,0.04445036398828961,0.007441151014063507,1.219909971994639
101,mt-bench,Qwen/Qwen3-4B,mgoin/Qwen3-4B-speculator.dflash2,0.0,8,dflash2_unary_k16_tb64,64,223,218,36.99930300354026,8.107235000018616,123.34661570778493,1.7673772300040582,31,7,6,7,0.7419354838709677,1,4.449815235528192,,0.06224417499470292,0.4215217569944798,0.07124055198801216,0.0072288329974981025,1.1998780749854632
101,mt-bench,Qwen/Qwen3-4B,mgoin/Qwen3-4B-speculator.dflash2,0.0,8,dflash2_pairwise_k16_tb8,8,223,218,36.943742001312785,8.90373683946689,112.31239400151398,1.941014631003782,35,6.2,5.228571428571429,6.2,0.5428571428571428,0.9714285714285714,4.051747987561845,,0.06953700399026275,0.47731217601540266,0.031742099024995696,0.008123328982037492,1.3487966070242692
101,mt-bench,Qwen/Qwen3-4B,mgoin/Qwen3-4B-speculator.dflash2,0.0,8,dflash2_pairwise_k16_tb16,16,223,218,37.03542400035076,8.133730990825534,122.94480861586806,1.7731533559999662,32,6.78125,5.78125,6.78125,0.6875,1,4.435319764297827,,0.06368563901924063,0.435315961993183,0.036411039989616256,0.0074338740087114275,1.2250716570051736
101,mt-bench,Qwen/Qwen3-4B,mgoin/Qwen3-4B-speculator.dflash2,0.0,8,dflash2_pairwise_k16_tb32,32,223,218,37.002213997766376,7.930839825665883,126.09005124070057,1.7289230819951624,31,7,6,7,0.7096774193548387,1,4.5487865868052975,,0.06185021602141205,0.4218261800269829,0.049247618022491224,0.007242636966111604,1.1836816149952938
101,mt-bench,Qwen/Qwen3-4B,mgoin/Qwen3-4B-speculator.dflash2,0.0,8,dflash2_pairwise_k16_tb64,64,223,218,37.05677499965532,8.13433504126055,122.93567881426155,1.7732850389947998,31,7,6,7,0.7096774193548387,1,4.434990400333905,,0.062210085001424886,0.42242487801559037,0.07764172401948599,0.007331224987865426,1.198385555013374
102,mt-bench,Qwen/Qwen3-4B,mgoin/Qwen3-4B-speculator.dflash2,0.0,8,baseline,,211,16,38.32759699434973,34.25065512465153,29.19652182887039,0.5480104819944245,15,1,,,,,1.0,True,0.003732047996891197,0.0,0.0,0.0,0.5414970380006707
102,mt-bench,Qwen/Qwen3-4B,mgoin/Qwen3-4B-speculator.dflash2,0.0,8,dflash2,,211,16,36.974802998884115,12.713033374893712,78.65943323761317,0.2034085339982994,4,3.75,2.75,3.75,0,1,2.6941371201220403,True,0.002669052002602257,0.03817198100296082,0.0,0.0,0.16205989799345843
102,mt-bench,Qwen/Qwen3-4B,mgoin/Qwen3-4B-speculator.dflash2,0.0,8,dflash2_unary_k16_tb8,8,211,16,36.97650400135899,9.70155481263646,103.07626141507555,0.15522487700218335,3,5,4,5,0,1,3.5304294812661783,True,0.005996171006700024,0.02799316200253088,0.002326275993254967,0.0007006270025158301,0.11776527100300882
102,mt-bench,Qwen/Qwen3-4B,mgoin/Qwen3-4B-speculator.dflash2,0.0,8,dflash2_unary_k16_tb16,16,211,16,37.04083499906119,9.802718437640578,102.01251891110019,0.15684349500224926,3,5,4,5,0,1,3.4939956036210846,True,0.005990251993353013,0.028805170994019136,0.0030219799955375493,0.0006756670045433566,0.11792542600596789
102,mt-bench,Qwen/Qwen3-4B,mgoin/Qwen3-4B-speculator.dflash2,0.0,8,dflash2_unary_k16_tb32,32,211,16,37.09727600653423,9.764590000031603,102.41085391160955,0.15623344000050565,3,5,4,5,0,1,3.5076388383476087,True,0.005983401002595201,0.02810108300036518,0.004475515001104213,0.000691715998982545,0.11653698299778625
102,mt-bench,Qwen/Qwen3-4B,mgoin/Qwen3-4B-speculator.dflash2,0.0,8,dflash2_unary_k16_tb64,64,211,16,37.03069499897538,10.06535706210343,99.35067318824184,0.1610457129936549,3,5,4,5,0,1,3.402825643772435,True,0.006030042997736018,0.028115002998674754,0.007286344000021927,0.0007006369851296768,0.1184320669999579
102,mt-bench,Qwen/Qwen3-4B,mgoin/Qwen3-4B-speculator.dflash2,0.0,8,dflash2_pairwise_k16_tb8,8,211,16,36.778477995540015,13.259693062536826,75.41652701036817,0.21215508900058921,4,3.75,3,3.75,0,0.75,2.583065457331087,True,0.007961518000229262,0.0420276620061486,0.003688527998747304,0.0009382440039189532,0.1569454150085221
102,mt-bench,Qwen/Qwen3-4B,mgoin/Qwen3-4B-speculator.dflash2,0.0,8,dflash2_pairwise_k16_tb16,16,211,16,36.87112999614328,9.756851749898487,102.49207691511806,0.1561096279983758,3,5,4,5,0,1,3.510420779428967,True,0.006003850998240523,0.028060014003131073,0.0035673339953063987,0.0006945059940335341,0.11733563399320701
102,mt-bench,Qwen/Qwen3-4B,mgoin/Qwen3-4B-speculator.dflash2,0.0,8,dflash2_pairwise_k16_tb32,32,211,16,37.045264994958416,9.833037187490845,101.69797804407328,0.15732859499985352,3,5,4,5,0,1,3.483222372861937,True,0.0059720630015362985,0.0281429040041985,0.005042419987148605,0.000692717992933467,0.11693532200297341
102,mt-bench,Qwen/Qwen3-4B,mgoin/Qwen3-4B-speculator.dflash2,0.0,8,dflash2_pairwise_k16_tb64,64,211,16,36.984393002057914,10.115751374996762,98.85573131737038,0.1618520219999482,3,5,4,5,0,1,3.385873560446467,True,0.006004472001222894,0.02809781399264466,0.008209003004594706,0.000678944998071529,0.11837997599650407
103,mt-bench,Qwen/Qwen3-4B,mgoin/Qwen3-4B-speculator.dflash2,0.0,8,baseline,,253,30,36.96431299613323,35.13403973338427,28.462425829438644,1.054021192001528,29,1,,,,,1.0,True,0.0070889270209590904,0.0,0.0,0.0,1.0418696600027033
103,mt-bench,Qwen/Qwen3-4B,mgoin/Qwen3-4B-speculator.dflash2,0.0,8,dflash2,,253,30,36.955522002244834,12.114089433210514,82.54850729915545,0.3634226829963154,7,4.142857142857143,3.142857142857143,4.142857142857143,0.14285714285714285,1,2.900262535380089,,0.004353484000603203,0.07591299100022297,0.0,0.0,0.28221898699121084
103,mt-bench,Qwen/Qwen3-4B,mgoin/Qwen3-4B-speculator.dflash2,0.0,8,dflash2_unary_k16_tb8,8,253,30,36.85147099895403,12.65909229987301,78.99460532490403,0.3797727689961903,7,4.142857142857143,3.2857142857142856,4.142857142857143,0,0.8571428571428571,2.7753996022081866,,0.013909504996263422,0.08392042198829586,0.005259435005427804,0.00164274300186662,0.2739897040009964
103,mt-bench,Qwen/Qwen3-4B,mgoin/Qwen3-4B-speculator.dflash2,0.0,8,dflash2_unary_k16_tb16,16,253,30,36.84567000163952,10.810100633292071,92.506076855592,0.3243030189987621,6,4.833333333333333,3.8333333333333335,4.833333333333333,0.16666666666666666,1,3.250112179823868,,0.011938921998080332,0.0700196940015303,0.005677024004398845,0.001380754001729656,0.2343137359857792
103,mt-bench,Qwen/Qwen3-4B,mgoin/Qwen3-4B-speculator.dflash2,0.0,8,dflash2_unary_k16_tb32,32,253,30,36.93108199513517,8.971730233315611,111.46122029913488,0.26915190699946834,5,5.8,4.8,5.8,0.4,1,3.9160829427213018,,0.009986684992327355,0.05603921200236073,0.006696358999761287,0.0011565570021048188,0.19446960200730246
103,mt-bench,Qwen/Qwen3-4B,mgoin/Qwen3-4B-speculator.dflash2,0.0,8,dflash2_unary_k16_tb64,64,253,30,37.05995500058634,9.207515099842567,108.60693565597283,0.276225452995277,5,5.8,4.8,5.8,0.4,1,3.815800392658058,,0.0100818169885315,0.05617536800855305,0.01093930700153578,0.001183447995572351,0.1970255030100816
103,mt-bench,Qwen/Qwen3-4B,mgoin/Qwen3-4B-speculator.dflash2,0.0,8,dflash2_pairwise_k16_tb8,8,253,30,36.87861999787856,12.726969233335694,78.57330222663731,0.38180907700007083,7,4.142857142857143,3.142857142857143,4.142857142857143,0.14285714285714285,1,2.7605975224138857,,0.013898920988140162,0.083924851998745,0.006372158000885975,0.0016429450115538202,0.2748782300113817
103,mt-bench,Qwen/Qwen3-4B,mgoin/Qwen3-4B-speculator.dflash2,0.0,8,dflash2_pairwise_k16_tb16,16,253,30,37.15980700508226,10.877880600067632,91.9296724027089,0.32633641800202895,6,4.833333333333333,3.8333333333333335,4.833333333333333,0.16666666666666666,1,3.229860762873774,,0.012019643989333417,0.07025993899878813,0.006963726002140902,0.001374093997583259,0.2347926760048722
103,mt-bench,Qwen/Qwen3-4B,mgoin/Qwen3-4B-speculator.dflash2,0.0,8,dflash2_pairwise_k16_tb32,32,253,30,37.097595995874144,9.020619400204547,110.8571324910709,0.2706185820061364,5,5.8,4.8,5.8,0.4,1,3.8948588976703293,,0.009996998007409275,0.056061804010823835,0.008106029003101867,0.0011885179992532358,0.19447766299708746
103,mt-bench,Qwen/Qwen3-4B,mgoin/Qwen3-4B-speculator.dflash2,0.0,8,dflash2_pairwise_k16_tb64,64,253,30,36.88751099980436,9.314465999826401,107.35988515269018,0.279433979994792,5,5.8,4.8,5.8,0.4,1,3.7719864707261888,,0.010068529001728166,0.05632739900465822,0.012936646991875023,0.0011585379834286869,0.19811228899197886
104,mt-bench,Qwen/Qwen3-4B,mgoin/Qwen3-4B-speculator.dflash2,0.0,8,baseline,,368,80,41.696776999742724,36.00123898750098,27.776821801804736,2.8800991190000786,79,1,,,,,1.0,True,0.019522998030879535,0.0,0.0,0.0,2.847412653027277
104,mt-bench,Qwen/Qwen3-4B,mgoin/Qwen3-4B-speculator.dflash2,0.0,8,dflash2,,368,80,36.92087200033711,8.594567862473923,116.3525631540191,0.6875654289979138,13,6.076923076923077,5.153846153846154,6.076923076923077,0.3076923076923077,0.9230769230769231,4.188836432916142,True,0.007554190990049392,0.15285436998965451,0.0,0.0,0.5253319340117741
104,mt-bench,Qwen/Qwen3-4B,mgoin/Qwen3-4B-speculator.dflash2,0.0,8,dflash2_unary_k16_tb8,8,368,80,37.0284150048974,9.699556449959346,103.09749782467541,0.7759645159967477,14,5.642857142857143,4.714285714285714,5.642857142857143,0.2857142857142857,0.9285714285714286,3.711637658199502,True,0.027874331011844333,0.18245662198751234,0.010582896997220814,0.0032419349954579957,0.5496314230113057
104,mt-bench,Qwen/Qwen3-4B,mgoin/Qwen3-4B-speculator.dflash2,0.0,8,dflash2_unary_k16_tb16,16,368,80,36.87032000016188,9.711292224983481,102.97290791305592,0.7769033779986785,14,5.642857142857143,4.714285714285714,5.642857142857143,0.42857142857142855,0.9285714285714286,3.707152267015857,True,0.0279832430096576,0.1824923480016878,0.013649893997353502,0.0032197809850913472,0.5473585380022996
104,mt-bench,Qwen/Qwen3-4B,mgoin/Qwen3-4B-speculator.dflash2,0.0,8,dflash2_unary_k16_tb32,32,368,80,36.958922995836474,9.771908762468229,102.3341523450139,0.7817527009974583,14,5.642857142857143,4.714285714285714,5.642857142857143,0.42857142857142855,0.9285714285714286,3.68415627515618,True,0.0280278529971838,0.18239240699040238,0.01949728897307068,0.0032524940033908933,0.5463218940058141
104,mt-bench,Qwen/Qwen3-4B,mgoin/Qwen3-4B-speculator.dflash2,0.0,8,dflash2_unary_k16_tb64,64,368,80,36.996914001065306,9.266679237498465,107.91352267308537,0.7413343389998772,13,6.076923076923077,5.153846153846154,6.076923076923077,0.46153846153846156,0.9230769230769231,3.8850205197368517,True,0.026083155011292547,0.1681518719997257,0.02904990901151905,0.0030010549889993854,0.5128376410139026
104,mt-bench,Qwen/Qwen3-4B,mgoin/Qwen3-4B-speculator.dflash2,0.0,8,dflash2_pairwise_k16_tb8,8,368,80,37.03644399502082,9.005979437552014,111.03733990667625,0.7204783550041611,13,6.076923076923077,5.153846153846154,6.076923076923077,0.23076923076923078,0.9230769230769231,3.9974818105166317,True,0.02592587698745774,0.16813204602658516,0.011868392983160447,0.0030153339757816866,0.5095229320068029
104,mt-bench,Qwen/Qwen3-4B,mgoin/Qwen3-4B-speculator.dflash2,0.0,8,dflash2_pairwise_k16_tb16,16,368,80,37.03311400022358,8.322427037455782,120.15725647090879,0.6657941629964625,12,6.583333333333333,5.666666666666667,6.583333333333333,0.5833333333333334,0.9166666666666666,4.3258101062916365,True,0.023890709002444055,0.1545576309945318,0.013672680979652796,0.0028269470058148727,0.4689976460140315
104,mt-bench,Qwen/Qwen3-4B,mgoin/Qwen3-4B-speculator.dflash2,0.0,8,dflash2_pairwise_k16_tb32,32,368,80,36.84086099383421,8.35649336249844,119.66741988783416,0.6685194689998752,12,6.583333333333333,5.666666666666667,6.583333333333333,0.5833333333333334,0.9166666666666666,4.308175382399545,True,0.023975899996003136,0.15417305199662223,0.018885666991991457,0.002796458975353744,0.4667458979965886
104,mt-bench,Qwen/Qwen3-4B,mgoin/Qwen3-4B-speculator.dflash2,0.0,8,dflash2_pairwise_k16_tb64,64,368,80,36.91702299693134,8.582764462425985,116.51257638233524,0.6866211569940788,12,6.583333333333333,5.666666666666667,6.583333333333333,0.5833333333333334,0.9166666666666666,4.194597107389914,True,0.02404645599744981,0.15440352199948393,0.03002283300884301,0.002800607995595783,0.47331916900293436
105,mt-bench,Qwen/Qwen3-4B,mgoin/Qwen3-4B-speculator.dflash2,0.0,8,baseline,,481,173,37.23460900073405,36.05859765898695,27.732637010934013,6.238137395004742,172,1,,,,,1.0,True,0.04223568601446459,0.0,0.0,0.0,6.167456544993911
105,mt-bench,Qwen/Qwen3-4B,mgoin/Qwen3-4B-speculator.dflash2,0.0,8,dflash2,,481,173,37.196488003246486,8.586551109825145,116.46119462979168,1.4854733419997501,28,6.142857142857143,5.142857142857143,6.142857142857143,0.5714285714285714,1,4.199427360040629,,0.014281967996794265,0.3409370370063698,0.0,0.0,1.1262346079820418
105,mt-bench,Qwen/Qwen3-4B,mgoin/Qwen3-4B-speculator.dflash2,0.0,8,dflash2_unary_k16_tb8,8,481,173,37.167859001783654,8.716013757199066,114.73134713377908,1.5078703799954383,27,6.37037037037037,5.37037037037037,6.37037037037037,0.6296296296296297,1,4.137051485170505,,0.053782080009114,0.36368773797585163,0.02039638801215915,0.006206236968864687,1.0596413989842404
105,mt-bench,Qwen/Qwen3-4B,mgoin/Qwen3-4B-speculator.dflash2,0.0,8,dflash2_unary_k16_tb16,16,481,173,37.25073800160317,8.367581774587972,119.50884101748034,1.4475916470037193,26,6.615384615384615,5.615384615384615,6.615384615384615,0.6538461538461539,1,4.30932121494116,,0.05188013300357852,0.34982751902134623,0.02606792301958194,0.006020810011250433,1.0096536460114294
105,mt-bench,Qwen/Qwen3-4B,mgoin/Qwen3-4B-speculator.dflash2,0.0,8,dflash2_unary_k16_tb32,32,481,173,37.31896100362064,8.404484959511016,118.98409061561118,1.4539758979954058,26,6.615384615384615,5.615384615384615,6.615384615384615,0.6538461538461539,1,4.290399451328768,,0.05189315502502723,0.35012626500974875,0.036973827009205706,0.006051269010640681,1.0045602450263686
105,mt-bench,Qwen/Qwen3-4B,mgoin/Qwen3-4B-speculator.dflash2,0.0,8,dflash2_unary_k16_tb64,64,481,173,37.12663699843688,8.303362572268917,120.43313673182735,1.4364817250025226,25,6.88,5.88,6.88,0.72,1,4.342650022222724,,0.050165557993750554,0.3362627650349168,0.0583148279984016,0.005890297987207305,0.9815632879908662
105,mt-bench,Qwen/Qwen3-4B,mgoin/Qwen3-4B-speculator.dflash2,0.0,8,dflash2_pairwise_k16_tb8,8,481,173,37.188848000369035,9.057314132947226,110.4080067580258,1.5669153449998703,28,6.142857142857143,5.142857142857143,6.142857142857143,0.6071428571428571,1,3.9811578940183643,,0.05565685096371453,0.37764913801220246,0.02541200802079402,0.006558679022418801,1.097227253994788
105,mt-bench,Qwen/Qwen3-4B,mgoin/Qwen3-4B-speculator.dflash2,0.0,8,dflash2_pairwise_k16_tb16,16,481,173,37.217598997813184,8.39104481502214,119.17467038309,1.4516507529988303,26,6.615384615384615,5.615384615384615,6.615384615384615,0.6923076923076923,1,4.29727149048623,,0.05172025099454913,0.350449868987198,0.029517439019400626,0.00603906898322748,1.009768631978659
105,mt-bench,Qwen/Qwen3-4B,mgoin/Qwen3-4B-speculator.dflash2,0.0,8,dflash2_pairwise_k16_tb32,32,481,173,37.09568700287491,8.113950184940743,123.24453283629607,1.4037133819947485,25,6.88,5.88,6.88,0.72,1,4.444025023213805,,0.04992080600641202,0.336607252000249,0.04017788200144423,0.005876607989193872,0.9670405279903207
105,mt-bench,Qwen/Qwen3-4B,mgoin/Qwen3-4B-speculator.dflash2,0.0,8,dflash2_pairwise_k16_tb64,64,481,173,37.24277899891604,8.341758450850874,119.87880084180551,1.4431242119972012,25,6.88,5.88,6.88,0.72,1,4.322661447396491,,0.05013533499732148,0.33664367297751596,0.06409898897254607,0.005891908978810534,0.9821113030120614
106,mt-bench,Qwen/Qwen3-4B,mgoin/Qwen3-4B-speculator.dflash2,0.0,8,baseline,,221,162,38.931810995563865,36.35449370990556,27.506915870692723,5.889427981004701,161,1,,,,,1.0,True,0.03998476197011769,0.0,0.0,0.0,5.822797485001502
106,mt-bench,Qwen/Qwen3-4B,mgoin/Qwen3-4B-speculator.dflash2,0.0,8,dflash2,,221,165,37.03956500248751,11.38574331518171,87.82913616773739,1.878647647004982,35,4.685714285714286,3.7142857142857144,4.685714285714286,0.22857142857142856,0.9714285714285714,3.1929837783564476,False,0.021220860988250934,0.43595757499861065,0.0,0.0,1.4164848709988291
106,mt-bench,Qwen/Qwen3-4B,mgoin/Qwen3-4B-speculator.dflash2,0.0,8,dflash2_unary_k16_tb8,8,221,165,37.08394400018733,11.675806412125839,85.64718912789236,1.9265080580007634,34,4.823529411764706,3.823529411764706,4.823529411764706,0.29411764705882354,1,3.1136601984210546,False,0.06839260002743686,0.4657764339935966,0.025886364994221367,0.007995570973434951,1.3531326920128777
106,mt-bench,Qwen/Qwen3-4B,mgoin/Qwen3-4B-speculator.dflash2,0.0,8,dflash2_unary_k16_tb16,16,221,159,36.93262299930211,10.616921308187186,94.18926362662734,1.6880904880017624,30,5.266666666666667,4.3,5.266666666666667,0.36666666666666664,0.9666666666666667,3.4242029920548602,False,0.06008206700789742,0.40882989799865754,0.030393623957934324,0.006915286008734256,1.1770022860146128
106,mt-bench,Qwen/Qwen3-4B,mgoin/Qwen3-4B-speculator.dflash2,0.0,8,dflash2_unary_k16_tb32,32,221,162,37.212598996120505,10.597253413576299,94.36407349841093,1.7167550529993605,30,5.366666666666666,4.4,5.366666666666666,0.3333333333333333,0.9666666666666667,3.430558116439046,True,0.060701304020767566,0.4088820570104872,0.04457510899374029,0.007010837005509529,1.1906753469957039
106,mt-bench,Qwen/Qwen3-4B,mgoin/Qwen3-4B-speculator.dflash2,0.0,8,dflash2_unary_k16_tb64,64,221,162,37.08723700401606,9.663040246924078,103.48709872323239,1.5654125200017006,27,5.962962962962963,5,5.962962962962963,0.37037037037037035,0.9629629629629629,3.7622210795901276,True,0.05465105098846834,0.3653828899768996,0.06523401498270687,0.006418811004550662,1.0691698810260277
106,mt-bench,Qwen/Qwen3-4B,mgoin/Qwen3-4B-speculator.dflash2,0.0,8,dflash2_pairwise_k16_tb8,8,221,162,37.17587800201727,11.150109074038976,89.68522131575557,1.8063176699943142,32,5.03125,4.0625,5.03125,0.28125,0.96875,3.260460814195124,True,0.06539324201730778,0.435905509024451,0.0291634400273324,0.007471345023077447,1.2632817090125172
106,mt-bench,Qwen/Qwen3-4B,mgoin/Qwen3-4B-speculator.dflash2,0.0,8,dflash2_pairwise_k16_tb16,16,221,160,36.749408005562145,10.316866774974187,96.92865303114299,1.65069868399587,29,5.482758620689655,4.517241379310345,5.482758620689655,0.27586206896551724,0.9655172413793104,3.523792106930306,False,0.05806740100524621,0.3947070939975674,0.03404153699375456,0.006837720997282304,1.1524933440159657
106,mt-bench,Qwen/Qwen3-4B,mgoin/Qwen3-4B-speculator.dflash2,0.0,8,dflash2_pairwise_k16_tb32,32,221,161,37.089345001732,9.149451857134093,109.29616501782793,1.4730617489985889,26,6.153846153846154,5.1923076923076925,6.153846153846154,0.5,0.9615384615384616,3.9734067436574256,False,0.05217323800025042,0.3523205220262753,0.04282570102805039,0.006029197007592302,1.0154688349939534
106,mt-bench,Qwen/Qwen3-4B,mgoin/Qwen3-4B-speculator.dflash2,0.0,8,dflash2_pairwise_k16_tb64,64,221,160,37.21885900449706,9.486801050024951,105.40961012325329,1.5178881680039922,26,6.115384615384615,5.153846153846154,6.115384615384615,0.5,0.9615384615384616,3.8321130081894093,False,0.052189784990332555,0.3526655739842681,0.06841825301671633,0.0061430819987435825,1.0339968049956951
107,mt-bench,Qwen/Qwen3-4B,mgoin/Qwen3-4B-speculator.dflash2,0.0,8,baseline,,405,577,37.56948599766474,36.36802629635978,27.496680514116708,20.984351172999595,576,1,,,,,1.0,True,0.14115949295228347,0.0,0.0,0.0,20.748404270081664
107,mt-bench,Qwen/Qwen3-4B,mgoin/Qwen3-4B-speculator.dflash2,0.0,8,dflash2,,408,575,37.57474700250896,8.69711912000481,114.98060291020218,5.0008434940027655,93,6.172043010752688,5.182795698924731,6.172043010752688,0.5483870967741935,0.989247311827957,4.181617590209535,,0.04849438898963854,1.1657071870431537,0.0,0.0,3.7710983679789933
107,mt-bench,Qwen/Qwen3-4B,mgoin/Qwen3-4B-speculator.dflash2,0.0,8,dflash2_unary_k16_tb8,8,408,575,37.54938600468449,9.030288257383054,110.73843619359684,5.1924157479952555,92,6.239130434782608,5.239130434782608,6.239130434782608,0.532608695652174,1,4.02733835950649,,0.1847666109315469,1.2768952030019136,0.0673843089825823,0.021512326988158748,3.6273119559773477
107,mt-bench,Qwen/Qwen3-4B,mgoin/Qwen3-4B-speculator.dflash2,0.0,8,dflash2_unary_k16_tb16,16,402,574,37.63795900158584,8.256360372826165,121.11874419765648,4.739150854002219,84,6.821428571428571,5.833333333333333,6.821428571428571,0.6071428571428571,0.9880952380952381,4.4048496739624445,,0.1684819179790793,1.1654259019851452,0.08218792101979489,0.01955167100095423,3.2899532759620342
107,mt-bench,Qwen/Qwen3-4B,mgoin/Qwen3-4B-speculator.dflash2,0.0,8,dflash2_unary_k16_tb32,32,405,577,37.2169690017472,7.99535960658884,125.07254822858961,4.613322493001761,82,7.024390243902439,6.036585365853658,7.024390243902439,0.6585365853658537,0.9878048780487805,4.548641722930074,,0.16367876296135364,1.1314674879977247,0.11768557600589702,0.019091621972620487,3.1678744229939184
107,mt-bench,Qwen/Qwen3-4B,mgoin/Qwen3-4B-speculator.dflash2,0.0,8,dflash2_unary_k16_tb64,64,405,577,37.18655899865553,8.193331440204842,122.05047571894626,4.727552240998193,82,7.024390243902439,6.036585365853658,7.024390243902439,0.6707317073170732,0.9878048780487805,4.438734910429859,,0.16436599601001944,1.1328945769491838,0.1910588500177255,0.019173887980286963,3.206018974982726
107,mt-bench,Qwen/Qwen3-4B,mgoin/Qwen3-4B-speculator.dflash2,0.0,8,dflash2_pairwise_k16_tb8,8,405,577,37.31010000046808,8.252710863084136,121.17230526919106,4.761814167999546,85,6.776470588235294,5.788235294117647,6.776470588235294,0.5764705882352941,0.9882352941176471,4.406797584420475,,0.16819777600903763,1.1701840479945531,0.07700856093288166,0.019815886043943465,3.313210275962774
107,mt-bench,Qwen/Qwen3-4B,mgoin/Qwen3-4B-speculator.dflash2,0.0,8,dflash2_pairwise_k16_tb16,16,403,600,37.17299900017679,8.03204790832145,124.5012494215789,4.81922874499287,86,6.965116279069767,5.976744186046512,6.965116279069767,0.6744186046511628,0.9883720930232558,4.52786471289363,,0.17052501103898976,1.1856186450604582,0.10111486799723934,0.01994877502147574,3.328166794992285
107,mt-bench,Qwen/Qwen3-4B,mgoin/Qwen3-4B-speculator.dflash2,0.0,8,dflash2_pairwise_k16_tb32,32,404,577,37.39083300024504,7.811880766033688,128.01014633352221,4.507455202001438,80,7.2,6.2125,7.2,0.7125,0.9875,4.655476368058399,,0.15906885501317447,1.1018737610211247,0.12960940105404006,0.018627004996233154,3.0852171949736658
107,mt-bench,Qwen/Qwen3-4B,mgoin/Qwen3-4B-speculator.dflash2,0.0,8,dflash2_pairwise_k16_tb64,64,403,600,37.19778700178722,7.982250048335117,125.27795971620472,4.78935002900107,83,7.216867469879518,6.228915662650603,7.216867469879518,0.7590361445783133,0.9879518072289156,4.556112133313235,,0.16559713900642237,1.1420434519968694,0.21260543601965765,0.019527898977685254,3.235303022993321
108,mt-bench,Qwen/Qwen3-4B,mgoin/Qwen3-4B-speculator.dflash2,0.0,8,baseline,,170,103,38.108720000309404,35.78257866991284,27.946560509928613,3.6856056030010222,102,1,,,,,1.0,True,0.024851044989190996,0.0,0.0,0.0,3.643902084964793
108,mt-bench,Qwen/Qwen3-4B,mgoin/Qwen3-4B-speculator.dflash2,0.0,8,dflash2,,170,103,36.98091400292469,8.153753446624727,122.64290385355635,0.8398366050023468,16,6.375,5.4375,6.375,0.5,0.9375,4.388479355446436,True,0.008502069009409752,0.1890873339943937,0.0,0.0,0.6399468559975503
108,mt-bench,Qwen/Qwen3-4B,mgoin/Qwen3-4B-speculator.dflash2,0.0,8,dflash2_unary_k16_tb8,8,170,103,37.02694499952486,9.113049009719917,109.73275782160357,0.9386440480011515,17,6,5,6,0.47058823529411764,1,3.926521039418023,True,0.03362308400392067,0.22257423598784953,0.012766192012350075,0.0039226110020536,0.6630870609951671
108,mt-bench,Qwen/Qwen3-4B,mgoin/Qwen3-4B-speculator.dflash2,0.0,8,dflash2_unary_k16_tb16,16,170,103,36.93045199906919,9.125036767003516,109.58859953485761,0.9398787870013622,17,6,5.0588235294117645,6,0.35294117647058826,0.9411764705882353,3.921362684181615,True,0.03357399300148245,0.22315150100621395,0.01674964700214332,0.003968344011809677,0.659780223017151
108,mt-bench,Qwen/Qwen3-4B,mgoin/Qwen3-4B-speculator.dflash2,0.0,8,dflash2_unary_k16_tb32,32,170,103,37.008143997809384,9.187535621359768,108.8431154133581,0.9463161690000561,17,6,5.0588235294117645,6,0.5294117647058824,0.9411764705882353,3.894687339956889,True,0.033696170001348946,0.2238244760010275,0.024285792002046946,0.003912858992407564,0.6578248780060676
108,mt-bench,Qwen/Qwen3-4B,mgoin/Qwen3-4B-speculator.dflash2,0.0,8,dflash2_unary_k16_tb64,64,170,103,36.87340099713765,8.87209322324443,112.71297255759792,0.9138256019941764,16,6.375,5.4375,6.375,0.5,0.9375,4.033160807661974,True,0.03193684099096572,0.2097515210043639,0.037317376998544205,0.0036866280061076395,0.6284059380050167
108,mt-bench,Qwen/Qwen3-4B,mgoin/Qwen3-4B-speculator.dflash2,0.0,8,dflash2_pairwise_k16_tb8,8,170,103,36.93179200490704,8.60872854367328,116.16117234117218,0.8866990399983478,16,6.375,5.4375,6.375,0.5,0.9375,4.156546287687297,True,0.03155665599479107,0.20936974301730515,0.014391162003448699,0.0036735969988512807,0.6252322760046809
108,mt-bench,Qwen/Qwen3-4B,mgoin/Qwen3-4B-speculator.dflash2,0.0,8,dflash2_pairwise_k16_tb16,16,170,103,36.99436299939407,8.084816961166068,123.68863819716836,0.832736147000105,15,6.8,5.866666666666666,6.8,0.7333333333333333,0.9333333333333333,4.4258984268645625,True,0.029611015983391553,0.1958672950277105,0.01728998502221657,0.003503064981487114,0.5841004139947472
108,mt-bench,Qwen/Qwen3-4B,mgoin/Qwen3-4B-speculator.dflash2,0.0,8,dflash2_pairwise_k16_tb32,32,170,103,36.95537200110266,8.12999452424724,123.00131285667632,0.8373894359974656,15,6.8,5.866666666666666,6.8,0.7333333333333333,0.9333333333333333,4.401304153796581,True,0.029811227999744006,0.19601795299968217,0.02442451399838319,0.003509066977130715,0.5811156350027886
108,mt-bench,Qwen/Qwen3-4B,mgoin/Qwen3-4B-speculator.dflash2,0.0,8,dflash2_pairwise_k16_tb64,64,170,103,38.489489001221955,8.353662029125172,119.70797914896299,0.8604271889998928,15,6.8,5.866666666666666,6.8,0.6666666666666666,0.9333333333333333,4.283460181314053,True,0.029948216993943788,0.19591662198945414,0.03917251499660779,0.003499654012557585,0.5893524280036218
109,mt-bench,Qwen/Qwen3-4B,mgoin/Qwen3-4B-speculator.dflash2,0.0,8,baseline,,294,60,36.91809299925808,35.52105024997824,28.152320749598687,2.1312630149986944,59,1,,,,,1.0,True,0.014479355981166009,0.0,0.0,0.0,2.106948280968936
109,mt-bench,Qwen/Qwen3-4B,mgoin/Qwen3-4B-speculator.dflash2,0.0,8,dflash2,,294,60,36.81675100233406,12.268294733318422,81.51092077077222,0.7360976839991054,14,4.214285714285714,3.2857142857142856,4.214285714285714,0.14285714285714285,0.9285714285714286,2.895353512620595,,0.008733292008400895,0.163719495976693,0.0,0.0,0.5616645450063515
109,mt-bench,Qwen/Qwen3-4B,mgoin/Qwen3-4B-speculator.dflash2,0.0,8,dflash2_unary_k16_tb8,8,294,60,36.73613700084388,12.862249099998735,77.74690042351135,0.7717349459999241,14,4.214285714285714,3.2857142857142856,4.214285714285714,0.07142857142857142,0.9285714285714286,2.7616515567236006,,0.0277367219896405,0.1810824270141893,0.010443059989484027,0.0032691989981685765,0.5469913520064438
109,mt-bench,Qwen/Qwen3-4B,mgoin/Qwen3-4B-speculator.dflash2,0.0,8,dflash2_unary_k16_tb16,16,294,60,36.75000699877273,12.865530350003004,77.72707170208234,0.7719318210001802,14,4.214285714285714,3.2857142857142856,4.214285714285714,0.07142857142857142,0.9285714285714286,2.7609472197133282,,0.027750774002925027,0.1812705779884709,0.013531561999116093,0.003225091000786051,0.5439918680058327
109,mt-bench,Qwen/Qwen3-4B,mgoin/Qwen3-4B-speculator.dflash2,0.0,8,dflash2_unary_k16_tb32,32,294,60,36.85571000096388,12.011326333352674,83.25475241008408,0.7206795800011605,13,4.538461538461538,3.6153846153846154,4.538461538461538,0.07692307692307693,0.9230769230769231,2.9572962439080936,,0.025820437018410303,0.16748896700300975,0.01888672100903932,0.0029949669988127425,0.5033845319921966
109,mt-bench,Qwen/Qwen3-4B,mgoin/Qwen3-4B-speculator.dflash2,0.0,8,dflash2_unary_k16_tb64,64,294,60,36.75286799989408,12.340246766689233,81.03565665310356,0.740414806001354,13,4.538461538461538,3.6153846153846154,4.538461538461538,0.15384615384615385,0.9230769230769231,2.8784716320148744,,0.02594682500784984,0.16752702398662223,0.031100224005058408,0.0031023139963508584,0.5105679980042623
109,mt-bench,Qwen/Qwen3-4B,mgoin/Qwen3-4B-speculator.dflash2,0.0,8,dflash2_pairwise_k16_tb8,8,294,60,36.84256999986246,11.986345416638263,83.42826484975967,0.7191807249982958,13,4.538461538461538,3.6153846153846154,4.538461538461538,0.07692307692307693,0.9230769230769231,2.9634595879968066,,0.025826700002653524,0.16763726000499446,0.011850305992993526,0.0030152980107231997,0.5088760589933372
109,mt-bench,Qwen/Qwen3-4B,mgoin/Qwen3-4B-speculator.dflash2,0.0,8,dflash2_pairwise_k16_tb16,16,294,60,36.89978100010194,11.975473483350168,83.50400519781766,0.71852840900101,13,4.538461538461538,3.6153846153846154,4.538461538461538,0.07692307692307693,0.9230769230769231,2.9661499647061254,,0.02583599001809489,0.16731038999569137,0.014907827018760145,0.0030028379915165715,0.5054173379903659
109,mt-bench,Qwen/Qwen3-4B,mgoin/Qwen3-4B-speculator.dflash2,0.0,8,dflash2_pairwise_k16_tb32,32,294,60,36.831978999543935,12.063633233386403,82.89376679924878,0.7238179940031841,13,4.538461538461538,3.6153846153846154,4.538461538461538,0.23076923076923078,0.9230769230769231,2.9444736558860938,,0.025831030012341216,0.16778503599198302,0.02116262998606544,0.0030114639885141514,0.5038663219966111
109,mt-bench,Qwen/Qwen3-4B,mgoin/Qwen3-4B-speculator.dflash2,0.0,8,dflash2_pairwise_k16_tb64,64,294,60,36.8199089934933,12.412266283232992,80.5654646122797,0.7447359769939794,13,4.538461538461538,3.6153846153846154,4.538461538461538,0.23076923076923078,0.9230769230769231,2.8617699169056308,,0.025943564003682695,0.16838248699059477,0.033678632993542124,0.0030330799927469343,0.5114911000055145
110,mt-bench,Qwen/Qwen3-4B,mgoin/Qwen3-4B-speculator.dflash2,0.0,8,baseline,,273,15,39.013180998153985,34.354007999839574,29.108685076998,0.5153101199975936,14,1,,,,,1.0,True,0.0036258690161048435,0.0,0.0,0.0,0.5089575519959908
110,mt-bench,Qwen/Qwen3-4B,mgoin/Qwen3-4B-speculator.dflash2,0.0,8,dflash2,,273,15,38.98836100415792,21.207718866935465,47.1526431614048,0.318115783004032,6,2.3333333333333335,1.3333333333333333,2.3333333333333335,0,1,1.619882280380481,True,0.00432031400850974,0.06485886800510343,0.0,0.0,0.24805283900059294
110,mt-bench,Qwen/Qwen3-4B,mgoin/Qwen3-4B-speculator.dflash2,0.0,8,dflash2_unary_k16_tb8,8,273,15,36.86704100255156,17.841422666970175,56.04934195361561,0.2676213400045526,5,2.8,2,2.8,0,0.8,1.9255195418602544,True,0.009995966007409152,0.0559385519954958,0.00394023099943297,0.0011643969992292114,0.19580860499991104
110,mt-bench,Qwen/Qwen3-4B,mgoin/Qwen3-4B-speculator.dflash2,0.0,8,dflash2_unary_k16_tb16,16,273,15,36.879301005683374,17.97328579996247,55.63812933982767,0.269599286999437,5,2.8,2,2.8,0,0.8,1.9113927404365487,False,0.01017060001322534,0.05613438499858603,0.005103001989482436,0.0011500559921842068,0.19625473500491353
110,mt-bench,Qwen/Qwen3-4B,mgoin/Qwen3-4B-speculator.dflash2,0.0,8,dflash2_unary_k16_tb32,32,273,15,39.110434998292476,10.843273999732142,92.22306842238817,0.16264910999598214,3,4.666666666666667,3.6666666666666665,4.666666666666667,0,1,3.168232030352475,True,0.006440209996071644,0.029273451000335626,0.005284035003569443,0.0007997290013008751,0.12033712100674165
110,mt-bench,Qwen/Qwen3-4B,mgoin/Qwen3-4B-speculator.dflash2,0.0,8,dflash2_unary_k16_tb64,64,273,15,37.479525002709124,11.329943599897282,88.26169267153864,0.16994915399845922,3,4.666666666666667,3.6666666666666665,4.666666666666667,0,1,3.03214289611742,True,0.006508856000436936,0.029737551994912792,0.008413110008405056,0.0008083799912128597,0.12393347700708546
110,mt-bench,Qwen/Qwen3-4B,mgoin/Qwen3-4B-speculator.dflash2,0.0,8,dflash2_pairwise_k16_tb8,8,273,15,38.623781998467166,18.89064146671444,52.93626485696704,0.2833596220007166,5,2.8,2,2.8,0,0.8,1.8185728663778722,True,0.010716384007537272,0.05913502600014908,0.006044932997610886,0.0013704229932045564,0.2052750180082512
110,mt-bench,Qwen/Qwen3-4B,mgoin/Qwen3-4B-speculator.dflash2,0.0,8,dflash2_pairwise_k16_tb16,16,273,15,38.10973000508966,14.45065253356006,69.2010272669424,0.2167597880034009,4,3.5,2.5,3.5,0,1,2.3773326443256555,False,0.008271523998701014,0.042741299999761395,0.005330805004632566,0.0010197120063821785,0.15878565100865671
110,mt-bench,Qwen/Qwen3-4B,mgoin/Qwen3-4B-speculator.dflash2,0.0,8,dflash2_pairwise_k16_tb32,32,273,15,39.310528998612426,14.712265333218966,67.97049790436354,0.22068397999828449,4,3.5,2.5,3.5,0,1,2.335059028759584,True,0.008291427002404816,0.04336726500332588,0.008080281004367862,0.001086291995306965,0.15919916700659087
110,mt-bench,Qwen/Qwen3-4B,mgoin/Qwen3-4B-speculator.dflash2,0.0,8,dflash2_pairwise_k16_tb64,64,273,15,37.038094000308774,10.82793446694268,92.35371741978734,0.1624190170041402,3,4.666666666666667,3.6666666666666665,4.666666666666667,0,1,3.1727203470542977,True,0.006049013005394954,0.028069343003153335,0.008556092005164828,0.0006885969996801578,0.11857279000105336
111,mt-bench,Qwen/Qwen3-4B,mgoin/Qwen3-4B-speculator.dflash2,0.0,8,baseline,,315,18,36.82911999931093,34.74010649976359,28.785173701376106,0.6253219169957447,17,1,,,,,1.0,True,0.004542620001302566,0.0,0.0,0.0,0.6174998940114165
111,mt-bench,Qwen/Qwen3-4B,mgoin/Qwen3-4B-speculator.dflash2,0.0,8,dflash2,,315,18,37.73183100565802,14.341639778043222,69.7270336918503,0.258149516004778,5,3.4,2.4,3.4,0,1,2.422324576367483,,0.003396988999156747,0.05078367899841396,0.0,0.0,0.2033094029975473
111,mt-bench,Qwen/Qwen3-4B,mgoin/Qwen3-4B-speculator.dflash2,0.0,8,dflash2_unary_k16_tb8,8,315,18,36.8467300068005,14.858904277692394,67.29971344531073,0.2674602769984631,5,3.4,2.4,3.4,0,1,2.3379992124936666,,0.009930742002325132,0.055995652997808065,0.003901980999216903,0.001147577990195714,0.19572336100100074
111,mt-bench,Qwen/Qwen3-4B,mgoin/Qwen3-4B-speculator.dflash2,0.0,8,dflash2_unary_k16_tb16,16,315,18,37.007313992944546,11.822946388646313,84.58128516596416,0.21281303499563364,4,4.25,3.25,4.25,0,1,2.9383628545524694,,0.008208942999772262,0.04207470399705926,0.004002362002211157,0.0009424489981029183,0.1569785159881576
111,mt-bench,Qwen/Qwen3-4B,mgoin/Qwen3-4B-speculator.dflash2,0.0,8,dflash2_unary_k16_tb32,32,315,18,38.845937997393776,12.253683277877927,81.60811548029324,0.2205662990018027,4,4.25,3.5,4.25,0.25,0.75,2.8350746230303927,,0.008395541008212604,0.04342643499694532,0.006886120994749945,0.0010438569952384569,0.16014103099587373
111,mt-bench,Qwen/Qwen3-4B,mgoin/Qwen3-4B-speculator.dflash2,0.0,8,dflash2_unary_k16_tb64,64,315,18,37.2012790030567,8.972800833160163,111.4479211780082,0.1615104149968829,3,5.666666666666667,4.666666666666667,5.666666666666667,0,1,3.871712650901263,,0.00606252300349297,0.028000991005683318,0.007525727000029292,0.0006809769984101877,0.11875796500680735
111,mt-bench,Qwen/Qwen3-4B,mgoin/Qwen3-4B-speculator.dflash2,0.0,8,dflash2_pairwise_k16_tb8,8,315,18,36.92575199966086,14.903749722482948,67.0972083281469,0.26826749500469305,5,3.4,2.4,3.4,0,1,2.330964163156648,,0.009908665997500066,0.05594989299424924,0.0045946200043545105,0.0011465040079201572,0.1959034370011068
111,mt-bench,Qwen/Qwen3-4B,mgoin/Qwen3-4B-speculator.dflash2,0.0,8,dflash2_pairwise_k16_tb16,16,315,18,36.940383004548494,12.088419388924699,82.72380100546404,0.2175915490006446,4,4.25,3.5,4.25,0.25,0.75,2.873833656995071,,0.00839075700059766,0.043154278995643836,0.005121933005284518,0.0009463930109632201,0.15934939199360088
111,mt-bench,Qwen/Qwen3-4B,mgoin/Qwen3-4B-speculator.dflash2,0.0,8,dflash2_pairwise_k16_tb32,32,315,18,38.425766993896104,12.113777777509918,82.5506310555383,0.21804799999517854,4,4.25,3.5,4.25,0.25,0.75,2.867817714492092,,0.00820607399509754,0.042781138996360824,0.007711821002885699,0.0010251960047753528,0.15766625400283374
111,mt-bench,Qwen/Qwen3-4B,mgoin/Qwen3-4B-speculator.dflash2,0.0,8,dflash2_pairwise_k16_tb64,64,315,18,37.071114995342214,12.308608444679217,81.24395251457376,0.22155495200422592,4,4.25,3.5,4.25,0.25,0.75,2.8224235628180288,,0.008039349995669909,0.041962961993704084,0.011374098998203408,0.0009331230030511506,0.15857623500050977
112,mt-bench,Qwen/Qwen3-4B,mgoin/Qwen3-4B-speculator.dflash2,0.0,8,baseline,,218,73,38.36446800414706,36.28173673974768,27.56207640149903,2.6485667820015806,72,1,,,,,1.0,True,0.01893214306619484,0.0,0.0,0.0,2.6170146849981393
112,mt-bench,Qwen/Qwen3-4B,mgoin/Qwen3-4B-speculator.dflash2,0.0,8,dflash2,,218,73,37.73960200487636,11.65561923280371,85.79552746417696,0.8508602039946709,16,4.5,3.5625,4.5,0.25,0.9375,3.1128107409030603,True,0.009708688005048316,0.19034175500564743,0.0,0.0,0.6485092140210327
112,mt-bench,Qwen/Qwen3-4B,mgoin/Qwen3-4B-speculator.dflash2,0.0,8,dflash2_unary_k16_tb8,8,218,73,38.931008995859884,11.525565493123906,86.7636386775638,0.8413662809980451,15,4.8,3.8666666666666667,4.8,0.13333333333333333,0.9333333333333333,3.1479354970819595,True,0.030305254011182114,0.19789312101784162,0.012242353994224686,0.0036950590074411593,0.5948383390132221
112,mt-bench,Qwen/Qwen3-4B,mgoin/Qwen3-4B-speculator.dflash2,0.0,8,dflash2_unary_k16_tb16,16,218,73,37.034435001260135,11.60276689038816,86.18633895234154,0.8470019829983357,15,4.8,3.8666666666666667,4.8,0.3333333333333333,0.9333333333333333,3.1269900604315173,True,0.0306901230069343,0.1999730500174337,0.01639450999937253,0.0037340880080591887,0.5937726709744311
112,mt-bench,Qwen/Qwen3-4B,mgoin/Qwen3-4B-speculator.dflash2,0.0,8,dflash2_unary_k16_tb32,32,218,73,36.853869998594746,11.645579561694806,85.86949191341644,0.8501273080037209,15,4.8,3.8666666666666667,4.8,0.3333333333333333,0.9333333333333333,3.115494299578468,True,0.0305986190069234,0.1990830800132244,0.023652213007153478,0.003708928998094052,0.5905726680139196
112,mt-bench,Qwen/Qwen3-4B,mgoin/Qwen3-4B-speculator.dflash2,0.0,8,dflash2_unary_k16_tb64,64,218,73,36.859990999801084,11.948439438328185,83.69293790720499,0.8722360789979575,15,4.8,3.8666666666666667,4.8,0.3333333333333333,0.9333333333333333,3.036525140125261,True,0.030676503010909073,0.19927869700768497,0.038936402001127135,0.003705795999849215,0.597035238002718
112,mt-bench,Qwen/Qwen3-4B,mgoin/Qwen3-4B-speculator.dflash2,0.0,8,dflash2_pairwise_k16_tb8,8,218,73,36.82012899662368,11.572551397265459,86.41136821706365,0.8447962520003784,15,4.8,3.8666666666666667,4.8,0.2,0.9333333333333333,3.1351545129729033,True,0.030375686998013407,0.19892065701424144,0.015082845995493699,0.0037037660003989004,0.5942986360023497
112,mt-bench,Qwen/Qwen3-4B,mgoin/Qwen3-4B-speculator.dflash2,0.0,8,dflash2_pairwise_k16_tb16,16,218,73,36.962493002647534,11.60182071240118,86.19336781606188,0.8469329120052862,15,4.8,3.8666666666666667,4.8,0.3333333333333333,0.9333333333333333,3.127245079814598,True,0.030536025020410307,0.19912746499903733,0.01919186300074216,0.0036526160110952333,0.5919773769710446
112,mt-bench,Qwen/Qwen3-4B,mgoin/Qwen3-4B-speculator.dflash2,0.0,8,dflash2_pairwise_k16_tb32,32,218,73,37.027844999101944,11.61248780817291,86.11419159434523,0.8477116099966224,15,4.8,3.8666666666666667,4.8,0.3333333333333333,0.9333333333333333,3.124372428982226,True,0.030303820989502128,0.19744296400313033,0.026581858001009095,0.0036149029838270508,0.5872757439792622
112,mt-bench,Qwen/Qwen3-4B,mgoin/Qwen3-4B-speculator.dflash2,0.0,8,dflash2_pairwise_k16_tb64,64,218,73,37.44380499847466,11.057756630080268,90.43425655432797,0.8072162339958595,14,5.142857142857143,4.214285714285714,5.142857142857143,0.35714285714285715,0.9285714285714286,3.2811118885589288,True,0.027992012990580406,0.18220810001366772,0.03850220901222201,0.0033578209986444563,0.5527447199856397
113,mt-bench,Qwen/Qwen3-4B,mgoin/Qwen3-4B-speculator.dflash2,0.0,8,baseline,,330,33,38.82301600242499,35.661608878978186,28.041359642343007,1.1768330930062803,32,1,,,,,1.0,True,0.008587929012719542,0.0,0.0,0.0,1.162425634014653
113,mt-bench,Qwen/Qwen3-4B,mgoin/Qwen3-4B-speculator.dflash2,0.0,8,dflash2,,330,33,37.73920000094222,14.32747506072646,69.79596863798666,0.47280667700397316,9,3.5555555555555554,2.6666666666666665,3.5555555555555554,0.2222222222222222,0.8888888888888888,2.4890365348973083,,0.005673154002579395,0.10180220599431777,0.0,0.0,0.3640486379954382
113,mt-bench,Qwen/Qwen3-4B,mgoin/Qwen3-4B-speculator.dflash2,0.0,8,dflash2_unary_k16_tb8,8,330,33,37.035124994872604,13.370960939386295,74.78894034117927,0.44124171099974774,8,4,3.125,4,0.125,0.875,2.6670939389203685,,0.01628331299434649,0.09885825600940734,0.006410941983631346,0.0018988150040968321,0.31656132599164266
113,mt-bench,Qwen/Qwen3-4B,mgoin/Qwen3-4B-speculator.dflash2,0.0,8,dflash2_unary_k16_tb16,16,330,33,37.959827001031954,11.636674818212422,85.93520190449182,0.3840102690010099,7,4.571428571428571,3.7142857142857144,4.571428571428571,0.2857142857142857,0.8571428571428571,3.0645875592540084,,0.014072052996198181,0.0845903060035198,0.0076076519981143065,0.0017261939938180149,0.2749166629946558
113,mt-bench,Qwen/Qwen3-4B,mgoin/Qwen3-4B-speculator.dflash2,0.0,8,dflash2_unary_k16_tb32,32,330,33,36.92426099587465,11.585417000098845,86.31540841313421,0.3823187610032619,7,4.571428571428571,3.7142857142857144,4.571428571428571,0.14285714285714285,0.8571428571428571,3.0781463350584555,,0.013958842995634768,0.08402795400616014,0.010425087995827198,0.0016102960071293637,0.27117050800006837
113,mt-bench,Qwen/Qwen3-4B,mgoin/Qwen3-4B-speculator.dflash2,0.0,8,dflash2_unary_k16_tb64,64,330,33,37.03379399667028,10.543022939325029,94.84945691145586,0.3479197569977259,6,5.333333333333333,4.5,5.333333333333333,0.3333333333333333,0.8333333333333334,3.382484234759833,,0.012617748005141038,0.07250504201510921,0.016618364010355435,0.0015588860114803538,0.24354658100492088
113,mt-bench,Qwen/Qwen3-4B,mgoin/Qwen3-4B-speculator.dflash2,0.0,8,dflash2_pairwise_k16_tb8,8,330,33,37.28660100023262,13.255048818378285,75.44295111259703,0.43741661100648344,8,4,3.125,4,0.25,0.875,2.6904170152533076,,0.01585541801614454,0.09770708801079309,0.007378318019618746,0.001832309011660982,0.31344175199774327
113,mt-bench,Qwen/Qwen3-4B,mgoin/Qwen3-4B-speculator.dflash2,0.0,8,dflash2_pairwise_k16_tb16,16,330,33,37.01946399814915,11.879413606066286,84.17923924202324,0.3920206490001874,7,4.571428571428571,3.7142857142857144,4.571428571428571,0.2857142857142857,0.8571428571428571,3.001967105578965,,0.014706649002619088,0.08687324300262844,0.009582227001374122,0.0017968589963857085,0.2779380269930698
113,mt-bench,Qwen/Qwen3-4B,mgoin/Qwen3-4B-speculator.dflash2,0.0,8,dflash2_pairwise_k16_tb32,32,330,33,37.360692003858276,9.952187454583703,100.48042247630974,0.32842218600126216,6,5.333333333333333,4.5,5.333333333333333,0.3333333333333333,0.8333333333333334,3.583293526344647,,0.011994121996394824,0.07012883601419162,0.010453777002112474,0.0013814229969284497,0.23353193599905353
113,mt-bench,Qwen/Qwen3-4B,mgoin/Qwen3-4B-speculator.dflash2,0.0,8,dflash2_pairwise_k16_tb64,64,330,33,36.90117000223836,10.222090787878685,97.82734479190854,0.33732899599999655,6,5.333333333333333,4.5,5.333333333333333,0.3333333333333333,0.8333333333333334,3.488680507637986,,0.012083071989763994,0.07000339098885888,0.01642316600191407,0.0014400429936358705,0.23639761600497877
114,mt-bench,Qwen/Qwen3-4B,mgoin/Qwen3-4B-speculator.dflash2,0.0,8,baseline,,345,41,41.41086999879917,35.894887243956894,27.859120804686622,1.4716903770022327,40,1,,,,,1.0,True,0.010562085015408229,0.0,0.0,0.0,1.4539526559892693
114,mt-bench,Qwen/Qwen3-4B,mgoin/Qwen3-4B-speculator.dflash2,0.0,8,dflash2,,345,41,37.12000599625753,18.2173372925651,54.89276418064248,0.7469108289951691,14,2.857142857142857,1.9285714285714286,2.857142857142857,0,0.9285714285714286,1.9703695807732777,True,0.009711277991300449,0.166122678994725,0.0,0.0,0.5690213470006711
114,mt-bench,Qwen/Qwen3-4B,mgoin/Qwen3-4B-speculator.dflash2,0.0,8,dflash2_unary_k16_tb8,8,345,41,37.823903003300074,18.93688017067999,52.807008915243706,0.7764120869978797,14,2.857142857142857,1.9285714285714286,2.857142857142857,0,0.9285714285714286,1.8955016307032995,True,0.027843808973557316,0.18222107501060236,0.010984552005538717,0.0032889989888644777,0.5499125659989659
114,mt-bench,Qwen/Qwen3-4B,mgoin/Qwen3-4B-speculator.dflash2,0.0,8,dflash2_unary_k16_tb16,16,345,41,37.27911999885691,17.785274682931384,56.22628932235187,0.7291962620001868,13,3.076923076923077,2.1538461538461537,3.076923076923077,0,0.9230769230769231,2.018236315371918,True,0.026512733013078105,0.1700986489886418,0.014276576992415357,0.003272825022577308,0.5128909019913408
114,mt-bench,Qwen/Qwen3-4B,mgoin/Qwen3-4B-speculator.dflash2,0.0,8,dflash2_unary_k16_tb32,32,345,41,37.02191400225274,16.545930536600146,60.437821722263784,0.6783831520006061,12,3.3333333333333335,2.4166666666666665,3.3333333333333335,0,0.9166666666666666,2.1694087959910275,True,0.02470027200615732,0.15706400199997006,0.019547733005310874,0.003024673991603777,0.47203072900447296
114,mt-bench,Qwen/Qwen3-4B,mgoin/Qwen3-4B-speculator.dflash2,0.0,8,dflash2_unary_k16_tb64,64,345,41,37.018915005319286,15.518229682972404,64.44034019532937,0.6362474170018686,11,3.6363636363636362,2.727272727272727,3.6363636363636362,0.09090909090909091,0.9090909090909091,2.3130787452735713,True,0.022693486986099742,0.14206204601214267,0.028204973990796134,0.0026882140009547584,0.43866319202061277
114,mt-bench,Qwen/Qwen3-4B,mgoin/Qwen3-4B-speculator.dflash2,0.0,8,dflash2_pairwise_k16_tb8,8,345,41,37.94105499400757,17.702407829347067,56.48949056196746,0.7257987210032297,13,3.076923076923077,2.1538461538461537,3.076923076923077,0,0.9230769230769231,2.0276838941903894,True,0.026159389002714306,0.16889901898684911,0.01301618100842461,0.00311981700360775,0.5125664009974571
114,mt-bench,Qwen/Qwen3-4B,mgoin/Qwen3-4B-speculator.dflash2,0.0,8,dflash2_pairwise_k16_tb16,16,345,41,37.4223529943265,15.189691902444949,65.83412003498498,0.6227773680002429,11,3.6363636363636362,2.727272727272727,3.6363636363636362,0,0.9090909090909091,2.3631083154609094,True,0.022626937003224157,0.1434327900133212,0.014927054005966056,0.00281042700225953,0.4372013669999433
114,mt-bench,Qwen/Qwen3-4B,mgoin/Qwen3-4B-speculator.dflash2,0.0,8,dflash2_pairwise_k16_tb32,32,345,41,37.173627999436576,13.751412829151377,72.71980067968853,0.5638079259952065,10,4,3.1,4,0,0.9,2.61026904580044,True,0.020445214002393186,0.1279691009913222,0.018285384016053285,0.002441888012981508,0.3929999729953124
114,mt-bench,Qwen/Qwen3-4B,mgoin/Qwen3-4B-speculator.dflash2,0.0,8,dflash2_pairwise_k16_tb64,64,345,41,37.9283160000341,14.079052487831198,71.0275070615952,0.5772411520010792,10,4,3.1,4,0.1,0.9,2.549524357195312,True,0.02013733900821535,0.12685326399514452,0.028634939997573383,0.0024227010071626864,0.39746814802492736
115,mt-bench,Qwen/Qwen3-4B,mgoin/Qwen3-4B-speculator.dflash2,0.0,8,baseline,,417,31,37.117847001354676,35.40073022586218,28.248004875036305,1.0974226370017277,30,1,,,,,1.0,True,0.007695342996157706,0.0,0.0,0.0,1.0843641449901043
115,mt-bench,Qwen/Qwen3-4B,mgoin/Qwen3-4B-speculator.dflash2,0.0,8,dflash2,,417,31,37.235388001136016,13.794438967682167,72.49298085575036,0.42762760799814714,8,3.75,2.875,3.75,0.125,0.875,2.5663044585430104,,0.005743728004745208,0.09116963300766656,0.0,0.0,0.32953588400414446
115,mt-bench,Qwen/Qwen3-4B,mgoin/Qwen3-4B-speculator.dflash2,0.0,8,dflash2_unary_k16_tb8,8,417,31,37.255658993672114,14.077378290230332,71.03595423687645,0.43639872699714033,8,3.75,2.875,3.75,0.125,0.875,2.514724652276355,,0.015915205993223935,0.09787479199439986,0.006118037010310218,0.0018746650021057576,0.31338797000353225
115,mt-bench,Qwen/Qwen3-4B,mgoin/Qwen3-4B-speculator.dflash2,0.0,8,dflash2_unary_k16_tb16,16,417,31,37.128267002117354,12.619987741814956,79.23937966172572,0.39121961999626365,7,4.285714285714286,3.2857142857142856,4.285714285714286,0.14285714285714285,1,2.805131902669423,,0.014558054004737642,0.08666847499989672,0.007697019995248411,0.0017518329914310016,0.2793874800190679
115,mt-bench,Qwen/Qwen3-4B,mgoin/Qwen3-4B-speculator.dflash2,0.0,8,dflash2_unary_k16_tb32,32,417,31,38.22172299987869,12.353724967631992,80.9472448690659,0.38296547399659175,7,4.285714285714286,3.4285714285714284,4.285714285714286,0.14285714285714285,0.8571428571428571,2.8655915781366086,,0.013960180993308313,0.08441542400396429,0.01020987301308196,0.001648447010666132,0.27162410099845147
115,mt-bench,Qwen/Qwen3-4B,mgoin/Qwen3-4B-speculator.dflash2,0.0,8,dflash2_unary_k16_tb64,64,417,31,37.15218700381229,12.965841709604232,77.12572946646932,0.4019410929977312,7,4.285714285714286,3.4285714285714284,4.285714285714286,0.14285714285714285,0.8571428571428571,2.73030714231531,,0.014475550990027841,0.0858212880048086,0.017393100992194377,0.00175732298521325,0.2812821200059261
115,mt-bench,Qwen/Qwen3-4B,mgoin/Qwen3-4B-speculator.dflash2,0.0,8,dflash2_pairwise_k16_tb8,8,417,31,37.79790200496791,12.373629645275463,80.81703014133959,0.38358251900353935,7,4.285714285714286,3.4285714285714284,4.285714285714286,0.14285714285714285,0.8571428571428571,2.860981881688935,,0.013997736990859266,0.08420245000888826,0.006813041982240975,0.001669852004852146,0.27584134800417814
115,mt-bench,Qwen/Qwen3-4B,mgoin/Qwen3-4B-speculator.dflash2,0.0,8,dflash2_pairwise_k16_tb16,16,417,31,37.29846199712483,12.590632515991361,79.42412732083953,0.3903096079957322,7,4.285714285714286,3.4285714285714284,4.285714285714286,0.14285714285714285,0.8571428571428571,2.81167210470957,,0.015134727989789099,0.08583164599258453,0.009205319001921453,0.0017413789973943494,0.27727980801137164
115,mt-bench,Qwen/Qwen3-4B,mgoin/Qwen3-4B-speculator.dflash2,0.0,8,dflash2_pairwise_k16_tb32,32,417,31,37.758621998364106,9.113684258115809,109.72510915215129,0.28252421200159006,5,6,5.2,6,0.4,0.8,3.884348988098589,,0.01062291199923493,0.058765587004018016,0.00989436399686383,0.0013378739968175068,0.20100982599979034
115,mt-bench,Qwen/Qwen3-4B,mgoin/Qwen3-4B-speculator.dflash2,0.0,8,dflash2_pairwise_k16_tb64,64,417,31,37.335960994823836,9.049522741876107,110.50306502602197,0.2805352049981593,5,6,5.2,6,0.6,0.8,3.91188919411711,,0.010087447008118033,0.05639305999648059,0.013550310002756305,0.001180260005639866,0.1985054789984133
116,mt-bench,Qwen/Qwen3-4B,mgoin/Qwen3-4B-speculator.dflash2,0.0,8,baseline,,157,55,38.79429600056028,35.97835661811669,27.79448796436844,1.9788096139964182,54,1,,,,,1.0,True,0.014036153988854494,0.0,0.0,0.0,1.9552583299737307
116,mt-bench,Qwen/Qwen3-4B,mgoin/Qwen3-4B-speculator.dflash2,0.0,8,dflash2,,157,55,39.08303200296359,15.783439145492263,63.35754779309927,0.8680891530020746,16,3.375,2.4375,3.375,0,0.9375,2.2795004489494977,True,0.011638139018032234,0.1947454739929526,0.0,0.0,0.6592884779893211
116,mt-bench,Qwen/Qwen3-4B,mgoin/Qwen3-4B-speculator.dflash2,0.0,8,dflash2_unary_k16_tb8,8,157,55,37.637067995092366,16.525527345418762,60.512441091764735,0.9089040039980318,16,3.375,2.4375,3.375,0,0.9375,2.17713818543229,True,0.03295700901071541,0.2156199539967929,0.0136494109974592,0.004113627008337062,0.6399558569974033
116,mt-bench,Qwen/Qwen3-4B,mgoin/Qwen3-4B-speculator.dflash2,0.0,8,dflash2_unary_k16_tb16,16,157,55,38.55365100025665,14.436553854532328,69.26860870512057,0.794010461999278,14,3.857142857142857,2.9285714285714284,3.857142857142857,0,0.9285714285714286,2.4921707064336105,True,0.02910862799762981,0.18683826200140174,0.016012087020499166,0.0036080929858144373,0.5561209229927044
116,mt-bench,Qwen/Qwen3-4B,mgoin/Qwen3-4B-speculator.dflash2,0.0,8,dflash2_unary_k16_tb32,32,157,55,38.29164399940055,12.20176998176612,81.95532299775881,0.6710973489971366,12,4.5,3.5833333333333335,4.5,0,0.9166666666666666,2.948617837566307,True,0.024023116995522287,0.15505268800188787,0.018406950010103174,0.0028666580037679523,0.4688031919868081
116,mt-bench,Qwen/Qwen3-4B,mgoin/Qwen3-4B-speculator.dflash2,0.0,8,dflash2_unary_k16_tb64,64,157,91,37.38807399349753,16.921409736224323,59.09673104004219,1.5398482859964133,26,3.4615384615384617,2.5,3.4615384615384617,0.07692307692307693,0.9615384615384616,2.1262032643235638,False,0.05407408899918664,0.36091819302237127,0.07107602601899998,0.006714014998578932,1.042309665986977
116,mt-bench,Qwen/Qwen3-4B,mgoin/Qwen3-4B-speculator.dflash2,0.0,8,dflash2_pairwise_k16_tb8,8,157,55,37.5842380017275,15.508975545394193,64.47879146324252,0.8529936549966806,15,3.6,2.6666666666666665,3.6,0,0.9333333333333333,2.3198409535697175,True,0.030834999000944663,0.2001539779957966,0.015701557997090276,0.003724098001839593,0.6001630370155908
116,mt-bench,Qwen/Qwen3-4B,mgoin/Qwen3-4B-speculator.dflash2,0.0,8,dflash2_pairwise_k16_tb16,16,157,55,37.65503899921896,14.391469527221158,69.48560729733133,0.7915308239971637,14,3.857142857142857,2.9285714285714284,3.857142857142857,0,0.9285714285714286,2.499977959169798,True,0.028549371992994566,0.18526402499264805,0.018204609004897065,0.0034304020009585656,0.5538249620076385
116,mt-bench,Qwen/Qwen3-4B,mgoin/Qwen3-4B-speculator.dflash2,0.0,8,dflash2_pairwise_k16_tb32,32,157,55,38.35247499955585,12.290191527228506,81.3656970100534,0.6759605339975678,12,4.5,3.5833333333333335,4.5,0,0.9166666666666666,2.927404063509332,True,0.02404502000717912,0.1553694899994298,0.02201640001294436,0.002932679984951392,0.46961950002150843
116,mt-bench,Qwen/Qwen3-4B,mgoin/Qwen3-4B-speculator.dflash2,0.0,8,dflash2_pairwise_k16_tb64,64,157,91,37.432113000249956,11.718760494489459,85.33325691486165,1.0664072049985407,18,5,4.055555555555555,5,0.2222222222222222,0.9444444444444444,3.0701503486682644,False,0.037462770007550716,0.24521275301958667,0.05422896501113428,0.004692206006438937,0.7215293599947472
117,mt-bench,Qwen/Qwen3-4B,mgoin/Qwen3-4B-speculator.dflash2,0.0,8,baseline,,245,55,38.028759001463186,35.96136983634841,27.807617022120148,1.9778753409991623,54,1,,,,,1.0,True,0.014211316003638785,0.0,0.0,0.0,1.954137542998069
117,mt-bench,Qwen/Qwen3-4B,mgoin/Qwen3-4B-speculator.dflash2,0.0,8,dflash2,,245,55,37.5242160007474,17.664233163602397,56.611571571673174,0.9715328239981318,18,3,2.0555555555555554,3,0,0.9444444444444444,2.0358296623058467,,0.012537075024738442,0.21845449497777736,0.0,0.0,0.7378669450117741
117,mt-bench,Qwen/Qwen3-4B,mgoin/Qwen3-4B-speculator.dflash2,0.0,8,dflash2_unary_k16_tb8,8,245,55,38.747206002881285,14.311183800005397,69.87542148676917,0.7871151090002968,14,3.857142857142857,2.9285714285714284,3.857142857142857,0,0.9285714285714286,2.5128158745564324,,0.028471259007346816,0.18470855000487063,0.011665914003970101,0.003485534012725111,0.5565552009938983
117,mt-bench,Qwen/Qwen3-4B,mgoin/Qwen3-4B-speculator.dflash2,0.0,8,dflash2_unary_k16_tb16,16,245,55,36.99413299909793,13.182928072770169,75.85568202147272,0.7250610440023593,13,4.153846153846154,3.230769230769231,4.153846153846154,0,0.9230769230769231,2.727874235362625,,0.026029175001895055,0.1701302289875457,0.013622333011880983,0.003080731999943964,0.5100852659888915
117,mt-bench,Qwen/Qwen3-4B,mgoin/Qwen3-4B-speculator.dflash2,0.0,8,dflash2_unary_k16_tb32,32,245,55,36.94047199678607,12.134688199942255,82.40838029977225,0.667407850996824,12,4.5,3.5833333333333335,4.5,0.08333333333333333,0.9166666666666666,2.963518241574558,,0.0238354819957749,0.15431730001000687,0.0180664979852736,0.0027628379975794815,0.4665113129885867
117,mt-bench,Qwen/Qwen3-4B,mgoin/Qwen3-4B-speculator.dflash2,0.0,8,dflash2_unary_k16_tb64,64,281,76,36.86490000109188,12.84525851310479,77.84973723804745,0.976239646995964,17,4.411764705882353,3.4705882352941178,4.411764705882353,0.11764705882352941,0.9411764705882353,2.799583192479969,,0.03406698199978564,0.2238518619851675,0.041381365997949615,0.004013376012153458,0.6700198639809969
117,mt-bench,Qwen/Qwen3-4B,mgoin/Qwen3-4B-speculator.dflash2,0.0,8,dflash2_pairwise_k16_tb8,8,245,55,36.83497099700617,14.13046609099679,70.76907396827828,0.7771756350048236,14,3.857142857142857,2.9285714285714284,3.857142857142857,0,0.9285714285714286,2.544952841949152,,0.027786706014012452,0.18170290398120414,0.012893500002974179,0.0032399770061601885,0.5493800140175154
117,mt-bench,Qwen/Qwen3-4B,mgoin/Qwen3-4B-speculator.dflash2,0.0,8,dflash2_pairwise_k16_tb16,16,245,55,36.743777003721334,13.130040999914689,76.16122447801172,0.7221522549953079,13,4.153846153846154,3.230769230769231,4.153846153846154,0,0.9230769230769231,2.7388619606429305,,0.02582569200603757,0.16795620699122082,0.015488335011468735,0.0030682569922646508,0.5077730070115649
117,mt-bench,Qwen/Qwen3-4B,mgoin/Qwen3-4B-speculator.dflash2,0.0,8,dflash2_pairwise_k16_tb32,32,245,55,36.80778000125429,12.173491127296902,82.14570409943263,0.6695420120013296,12,4.5,3.5833333333333335,4.5,0,0.9166666666666666,2.9540720455869387,,0.023922636995848734,0.15397710900288075,0.020635814988054335,0.0028745579984388314,0.4660892760002753
117,mt-bench,Qwen/Qwen3-4B,mgoin/Qwen3-4B-speculator.dflash2,0.0,8,dflash2_pairwise_k16_tb64,64,281,76,36.82685900275828,9.049810565844192,110.49955054022915,0.6877856030041585,12,6.25,5.333333333333333,6.25,0.4166666666666667,0.9166666666666666,3.973715203727453,,0.024040979988058098,0.15392604699445656,0.031418621008924674,0.00281224799255142,0.47355928399338154
118,mt-bench,Qwen/Qwen3-4B,mgoin/Qwen3-4B-speculator.dflash2,0.0,8,baseline,,354,75,41.5134909999324,35.74780717327182,27.973743820227586,2.6810855379953864,74,1,,,,,1.0,True,0.01819252302084351,0.0,0.0,0.0,2.6504238940106006
118,mt-bench,Qwen/Qwen3-4B,mgoin/Qwen3-4B-speculator.dflash2,0.0,8,dflash2,,354,75,36.84274099941831,7.699084746612546,129.88556859826505,0.577431355995941,11,6.7272727272727275,5.818181818181818,6.7272727272727275,0.36363636363636365,0.9090909090909091,4.643124260841549,True,0.006249149009818211,0.12649326800601557,0.0,0.0,0.443150744002196
118,mt-bench,Qwen/Qwen3-4B,mgoin/Qwen3-4B-speculator.dflash2,0.0,8,dflash2_unary_k16_tb8,8,354,75,36.935272997652646,8.065007133409381,123.99245077632838,0.6048755350057036,11,6.7272727272727275,5.818181818181818,6.7272727272727275,0.45454545454545453,0.9090909090909091,4.432458221293585,True,0.02176796499406919,0.13985678099561483,0.008253444997535553,0.002553280988649931,0.4307592569894041
118,mt-bench,Qwen/Qwen3-4B,mgoin/Qwen3-4B-speculator.dflash2,0.0,8,dflash2_unary_k16_tb16,16,354,75,36.73225700185867,8.064152573351748,124.00559028415859,0.6048114430013811,11,6.7272727272727275,5.818181818181818,6.7272727272727275,0.45454545454545453,0.9090909090909091,4.43292792988585,True,0.021813433988427278,0.1397590289998334,0.010721753002144396,0.0025053129938896745,0.4282390330117778
118,mt-bench,Qwen/Qwen3-4B,mgoin/Qwen3-4B-speculator.dflash2,0.0,8,dflash2_unary_k16_tb32,32,354,75,36.88593100378057,7.357899773245057,135.90834760161047,0.5518424829933792,10,7.4,6.5,7.4,0.8,0.9,4.85842540330037,True,0.019858003994158935,0.12580878200242296,0.014078663989494089,0.0023061469983076677,0.38819713000702905
118,mt-bench,Qwen/Qwen3-4B,mgoin/Qwen3-4B-speculator.dflash2,0.0,8,dflash2_unary_k16_tb64,64,354,75,36.864360998151824,7.565985880016039,132.1704819250707,0.5674489410012029,10,7.4,6.5,7.4,0.8,0.9,4.724804901855836,True,0.019989829022961203,0.12677431000338402,0.02305258600972593,0.0023040029918774962,0.39365121300215833
118,mt-bench,Qwen/Qwen3-4B,mgoin/Qwen3-4B-speculator.dflash2,0.0,8,dflash2_pairwise_k16_tb8,8,354,75,36.872431002848316,8.079171079928832,123.77507421328288,0.6059378309946624,11,6.7272727272727275,5.818181818181818,6.7272727272727275,0.45454545454545453,0.9090909090909091,4.424687485833846,True,0.02182768601051066,0.13941506398987258,0.009970200997486245,0.002523750990803819,0.4305272090205108
118,mt-bench,Qwen/Qwen3-4B,mgoin/Qwen3-4B-speculator.dflash2,0.0,8,dflash2_pairwise_k16_tb16,16,354,75,36.991053995734546,8.856718640017789,112.90863361986528,0.6642538980013342,12,6.166666666666667,5.25,6.166666666666667,0.3333333333333333,0.9166666666666666,4.03623606284054,True,0.02376103599817725,0.15391884399286937,0.013866421017155517,0.0027611659970716573,0.4679376670028432
118,mt-bench,Qwen/Qwen3-4B,mgoin/Qwen3-4B-speculator.dflash2,0.0,8,dflash2_pairwise_k16_tb32,32,354,75,36.82625899818959,8.157702266665487,122.58353728920245,0.6118276699999114,11,6.7272727272727275,5.818181818181818,6.7272727272727275,0.5454545454545454,0.9090909090909091,4.382092653631985,True,0.021894438003073446,0.1398418519893312,0.01806360799673712,0.002579552987299394,0.42766636201849906
118,mt-bench,Qwen/Qwen3-4B,mgoin/Qwen3-4B-speculator.dflash2,0.0,8,dflash2_pairwise_k16_tb64,64,354,75,36.89465099887457,7.595710706664249,131.6532499220422,0.5696783029998187,10,7.4,6.5,7.4,0.8,0.9,4.706314991947727,True,0.019993604000774212,0.1257470990094589,0.02559607200237224,0.002354396005102899,0.3943279140148661
119,mt-bench,Qwen/Qwen3-4B,mgoin/Qwen3-4B-speculator.dflash2,0.0,8,baseline,,459,123,37.08246599853737,35.8970593089641,27.857435100548283,4.415338295002584,122,1,,,,,1.0,True,0.029664429028343875,0.0,0.0,0.0,4.365465382019465
119,mt-bench,Qwen/Qwen3-4B,mgoin/Qwen3-4B-speculator.dflash2,0.0,8,dflash2,,459,123,37.03984400635818,8.99614399999174,111.15873645429846,1.1065257119989838,21,5.809523809523809,4.857142857142857,5.809523809523809,0.5238095238095238,0.9523809523809523,3.9902717552094615,,0.011001657003362197,0.25184479602467036,0.0,0.0,0.840702056986629
119,mt-bench,Qwen/Qwen3-4B,mgoin/Qwen3-4B-speculator.dflash2,0.0,8,dflash2_unary_k16_tb8,8,459,123,37.08933600137243,9.030397170697947,110.73710060558845,1.1107388519958477,20,6.1,5.15,6.1,0.55,0.95,3.975136268141533,,0.03968605602130992,0.2649204649787862,0.014859560018521734,0.004558481006824877,0.7836400910236989
119,mt-bench,Qwen/Qwen3-4B,mgoin/Qwen3-4B-speculator.dflash2,0.0,8,dflash2_unary_k16_tb16,16,459,123,37.03520499402657,9.010609552856701,110.98028320214614,1.1083049750013743,20,6.1,5.15,6.1,0.6,0.95,3.983865808233072,,0.0395917260175338,0.2649393090250669,0.019477648012980353,0.004603116001817398,0.7765238200227031
119,mt-bench,Qwen/Qwen3-4B,mgoin/Qwen3-4B-speculator.dflash2,0.0,8,dflash2_unary_k16_tb32,32,459,123,37.046004996227566,9.091904642305533,109.98795514714276,1.1183042710035807,20,6.1,5.15,6.1,0.65,0.95,3.9482441491886666,,0.0398817190216505,0.2654926309987786,0.02841182702104561,0.004614417994162068,0.776662452990422
119,mt-bench,Qwen/Qwen3-4B,mgoin/Qwen3-4B-speculator.dflash2,0.0,8,dflash2_unary_k16_tb64,64,459,123,37.773852003738284,8.856252821153353,112.91457235858017,1.0893190970018622,19,6.421052631578948,5.421052631578948,6.421052631578948,0.6842105263157895,1,4.053301100802271,,0.038138071991852485,0.2525512179854559,0.044388628004526254,0.004465442012588028,0.7465660100060632
119,mt-bench,Qwen/Qwen3-4B,mgoin/Qwen3-4B-speculator.dflash2,0.0,8,dflash2_pairwise_k16_tb8,8,459,123,37.116816005436704,10.395738032501669,96.19326659382513,1.2786757779977052,21,5.809523809523809,4.857142857142857,5.809523809523809,0.47619047619047616,0.9523809523809523,3.4530553960415356,,0.045815013014362194,0.30725872801122023,0.020613759996194858,0.005214761993556749,0.8961600830007228
119,mt-bench,Qwen/Qwen3-4B,mgoin/Qwen3-4B-speculator.dflash2,0.0,8,dflash2_pairwise_k16_tb16,16,459,123,37.3016310040839,9.041776317060542,110.59773709654182,1.1121384869984468,20,6.1,5.15,6.1,0.6,0.95,3.9701335279917807,,0.03972696400160203,0.265059396988363,0.02295482200861443,0.004630916017049458,0.7765873129974352
119,mt-bench,Qwen/Qwen3-4B,mgoin/Qwen3-4B-speculator.dflash2,0.0,8,dflash2_pairwise_k16_tb32,32,459,123,37.07189499982633,9.123802959326962,109.6034191507537,1.1222277639972162,20,6.1,5.15,6.1,0.6,0.95,3.934440437719857,,0.03998245799448341,0.26701716801471775,0.03257651599415112,0.004669689013098832,0.7747186349879485
119,mt-bench,Qwen/Qwen3-4B,mgoin/Qwen3-4B-speculator.dflash2,0.0,8,dflash2_pairwise_k16_tb64,64,459,123,37.260461002006195,7.9448530813078095,125.86765164389787,0.9772169290008605,17,7.176470588235294,6.235294117647059,7.176470588235294,0.7647058823529411,0.9411764705882353,4.518278556141035,,0.034150466992286965,0.22503070197853958,0.0434732579960837,0.003986638024798594,0.6676365209859796
120,mt-bench,Qwen/Qwen3-4B,mgoin/Qwen3-4B-speculator.dflash2,0.0,8,baseline,,38,617,38.345506000041496,36.823517270662165,27.15655847456795,22.720110155998558,616,1,,,,,1.0,True,0.15337603390071308,0.0,0.0,0.0,22.464418851181108
120,mt-bench,Qwen/Qwen3-4B,mgoin/Qwen3-4B-speculator.dflash2,0.0,8,dflash2,,38,737,36.97269300027983,16.636155295791752,60.11004238779606,12.260846452998521,229,3.2139737991266375,2.2183406113537116,3.2139737991266375,0.039301310043668124,0.9956331877729258,2.2134631840072427,False,0.14731835100246826,2.8748973749679863,0.0,0.0,9.205069951087353
120,mt-bench,Qwen/Qwen3-4B,mgoin/Qwen3-4B-speculator.dflash2,0.0,8,dflash2_unary_k16_tb8,8,38,633,36.9159120018594,16.180264843604085,61.80368551849082,10.242107646001386,183,3.453551912568306,2.459016393442623,3.453551912568306,0.03278688524590164,0.994535519125683,2.2758290810807202,False,0.3617891099274857,2.532604246996925,0.13523385502048768,0.042670652976084966,7.140742903029604
120,mt-bench,Qwen/Qwen3-4B,mgoin/Qwen3-4B-speculator.dflash2,0.0,8,dflash2_unary_k16_tb16,16,38,673,36.74670799955493,14.576151939079994,68.60521241679079,9.809750255000836,175,3.84,2.8457142857142856,3.84,0.045714285714285714,0.9942857142857143,2.5262852242871423,False,0.34719126192794647,2.424817554943729,0.17399793203367153,0.0408838310468127,6.794583245951799
120,mt-bench,Qwen/Qwen3-4B,mgoin/Qwen3-4B-speculator.dflash2,0.0,8,dflash2_unary_k16_tb32,32,38,732,36.9047709973529,14.118178754095007,70.83066572662199,10.334506847997545,183,3.9945355191256833,3,3.9945355191256833,0.07650273224043716,0.994535519125683,2.6082342426767635,False,0.3633606380026322,2.5392142689524917,0.2768446889749612,0.04280336904048454,7.081906480052567
120,mt-bench,Qwen/Qwen3-4B,mgoin/Qwen3-4B-speculator.dflash2,0.0,8,dflash2_unary_k16_tb64,64,38,611,36.786607997782994,14.1861077479562,70.49149899091034,8.667711834001238,149,4.093959731543624,3.1006711409395975,4.093959731543624,0.06711409395973154,0.9932885906040269,2.595744930526652,False,0.29787330495310016,2.0782988369392115,0.3778056489973096,0.034933383991301525,5.853088703959656
120,mt-bench,Qwen/Qwen3-4B,mgoin/Qwen3-4B-speculator.dflash2,0.0,8,dflash2_pairwise_k16_tb8,8,38,690,37.03834499901859,15.24196219855356,65.60835061609708,10.516953917001956,187,3.6844919786096257,2.6898395721925135,3.6844919786096257,0.0481283422459893,0.9946524064171123,2.41593023201151,False,0.3700354909306043,2.595254192012362,0.17106434904417256,0.04356838904641336,7.307365114000277
120,mt-bench,Qwen/Qwen3-4B,mgoin/Qwen3-4B-speculator.dflash2,0.0,8,dflash2_pairwise_k16_tb16,16,38,694,36.974162998376414,13.49185184726043,74.11880973204237,9.363345181998739,166,4.174698795180723,3.180722891566265,4.174698795180723,0.07228915662650602,0.9939759036144579,2.729315270248785,False,0.33033997995516984,2.3072043280262733,0.1981016959689441,0.03898363097687252,6.4619123979937285
120,mt-bench,Qwen/Qwen3-4B,mgoin/Qwen3-4B-speculator.dflash2,0.0,8,dflash2_pairwise_k16_tb32,32,38,737,36.87344199715881,12.932699295790712,77.32337829315156,9.531399380997755,168,4.380952380952381,3.386904761904762,4.380952380952381,0.09523809523809523,0.9940476190476191,2.8473187560038107,False,0.3335297520097811,2.332012482009304,0.2871836029444239,0.0392652839582297,6.511544236986083
120,mt-bench,Qwen/Qwen3-4B,mgoin/Qwen3-4B-speculator.dflash2,0.0,8,dflash2_pairwise_k16_tb64,64,38,676,36.826950003160164,12.314266147935479,81.2066255501269,8.324443916004384,143,4.72027972027972,3.727272727272727,4.72027972027972,0.11188811188811189,0.993006993006993,2.990313578437293,False,0.28583118000096874,1.9854571480464074,0.39202345896774204,0.033641044043179136,5.602983472024789
121,mt-bench,Qwen/Qwen3-4B,mgoin/Qwen3-4B-speculator.dflash2,0.0,8,baseline,,677,1032,47.93256300035864,36.07325887112315,27.721365667921557,37.22760315499909,1031,1,,,,,1.0,True,0.25319469603709877,0.0,0.0,0.0,36.80625026010239
121,mt-bench,Qwen/Qwen3-4B,mgoin/Qwen3-4B-speculator.dflash2,0.0,8,dflash2,,797,1194,52.338602996314876,14.06162994304941,71.11551107873485,16.789586152000993,314,3.799363057324841,2.8025477707006368,3.799363057324841,0.1464968152866242,0.9968152866242038,2.565368240895429,,0.19506147893116577,3.944349751029222,0.0,0.0,12.60421911409503
121,mt-bench,Qwen/Qwen3-4B,mgoin/Qwen3-4B-speculator.dflash2,0.0,8,dflash2_unary_k16_tb8,8,693,1037,48.020408998127095,15.995282070397934,62.51843484840288,16.587107507002656,295,3.511864406779661,2.5152542372881355,3.511864406779661,0.07796610169491526,0.9966101694915255,2.255243684503884,,0.588564556070196,4.111366591983824,0.22437399502814515,0.0695949790024315,11.54613076698297
121,mt-bench,Qwen/Qwen3-4B,mgoin/Qwen3-4B-speculator.dflash2,0.0,8,dflash2_unary_k16_tb16,16,733,1019,49.0043340032571,12.564703869483202,79.58802773129987,12.803433243003383,228,4.464912280701754,3.469298245614035,4.464912280701754,0.16228070175438597,0.9956140350877193,2.8709995273933084,,0.4546575329877669,3.172344464030175,0.228910950019781,0.05395627805410186,8.856502128961438
121,mt-bench,Qwen/Qwen3-4B,mgoin/Qwen3-4B-speculator.dflash2,0.0,8,dflash2_unary_k16_tb32,32,792,1075,52.15842799952952,13.102763787908263,76.31977620804236,14.085471072001383,250,4.296,3.3,4.296,0.144,0.996,2.7531030441388973,,0.49777228095626924,3.4682901910709916,0.3753058040092583,0.05826534703373909,9.644402638958127
121,mt-bench,Qwen/Qwen3-4B,mgoin/Qwen3-4B-speculator.dflash2,0.0,8,dflash2_unary_k16_tb64,64,671,1025,47.839067003224045,12.618264009758672,79.25020424573644,12.933720610002638,225,4.551111111111111,3.5555555555555554,4.551111111111111,0.1688888888888889,0.9955555555555555,2.8588131333458335,,0.4561148079301347,3.1494651019820594,0.5789028778817737,0.054396507985075004,8.655341760037118
121,mt-bench,Qwen/Qwen3-4B,mgoin/Qwen3-4B-speculator.dflash2,0.0,8,dflash2_pairwise_k16_tb8,8,750,988,49.18876900046598,14.717942825911804,67.94427807121531,14.541327512000862,256,3.85546875,2.859375,3.85546875,0.1328125,0.99609375,2.4509715316745257,,0.5174705160825397,3.5934885390743148,0.25241175998962717,0.06255326101381797,10.07376839988865
121,mt-bench,Qwen/Qwen3-4B,mgoin/Qwen3-4B-speculator.dflash2,0.0,8,dflash2_pairwise_k16_tb16,16,754,1130,49.32580100285122,13.159562668146771,75.99036724985844,14.87030581500585,262,4.309160305343512,3.312977099236641,4.309160305343512,0.15267175572519084,0.9961832061068703,2.741220189515862,,0.5289613229979295,3.677266535065428,0.32983281603083014,0.06375924297026359,10.227504473979934
121,mt-bench,Qwen/Qwen3-4B,mgoin/Qwen3-4B-speculator.dflash2,0.0,8,dflash2_pairwise_k16_tb32,32,797,1171,52.49006600206485,11.301304035016095,88.48536389266124,13.233827025003848,231,5.064935064935065,4.064935064935065,5.064935064935065,0.2597402597402597,1,3.191955438005502,,0.4691416700516129,3.2474947980372235,0.4150717509110109,0.05664383898692904,9.006375761935487
121,mt-bench,Qwen/Qwen3-4B,mgoin/Qwen3-4B-speculator.dflash2,0.0,8,dflash2_pairwise_k16_tb64,64,736,1266,49.00666300090961,10.757463894155753,92.95871311669228,13.618949290001183,231,5.476190476190476,4.48051948051948,5.476190476190476,0.2943722943722944,0.9956709956709957,3.3533237225849115,,0.4716720789365354,3.252816829008225,0.6601744729850907,0.057301077045849524,9.136040483012039
122,mt-bench,Qwen/Qwen3-4B,mgoin/Qwen3-4B-speculator.dflash2,0.0,8,baseline,,55,748,39.1491810005391,36.50632911764422,27.392510399427714,27.306734179997875,747,1,,,,,1.0,True,0.1848776689512306,0.0,0.0,0.0,26.99872848000814
122,mt-bench,Qwen/Qwen3-4B,mgoin/Qwen3-4B-speculator.dflash2,0.0,8,dflash2,,55,791,37.42094000335783,14.825045508218123,67.45341857100267,11.726610997000535,217,3.640552995391705,2.6451612903225805,3.640552995391705,0.09216589861751152,0.9953917050691244,2.462476698463238,False,0.1380637509864755,2.750612958014244,0.0,0.0,8.805714723064739
122,mt-bench,Qwen/Qwen3-4B,mgoin/Qwen3-4B-speculator.dflash2,0.0,8,dflash2_unary_k16_tb8,8,55,834,37.416189996292815,15.09334517865357,66.25436496438803,12.587849878997076,225,3.7022222222222223,2.7022222222222223,3.7022222222222223,0.08,1,2.4187036528704655,False,0.4498434699708014,3.1583750039862934,0.16766087094583781,0.05278104799072025,8.72341040502215
122,mt-bench,Qwen/Qwen3-4B,mgoin/Qwen3-4B-speculator.dflash2,0.0,8,dflash2_unary_k16_tb16,16,55,780,37.46287200192455,12.76474455256763,78.34077649433651,9.95650075100275,178,4.376404494382022,3.3820224719101124,4.376404494382022,0.11797752808988764,0.9943820224719101,2.8599341700340544,False,0.35542355097277323,2.4994156829998246,0.17773646597925108,0.041857146061374806,6.85333423299744
122,mt-bench,Qwen/Qwen3-4B,mgoin/Qwen3-4B-speculator.dflash2,0.0,8,dflash2_unary_k16_tb32,32,55,929,37.44649099826347,12.796415459630065,78.14688442671971,11.88786996199633,211,4.398104265402844,3.4028436018957344,4.398104265402844,0.11848341232227488,0.995260663507109,2.852855882400335,False,0.42223209601070266,2.9695951620233245,0.31800956605002284,0.04957856891996926,8.093425693004974
122,mt-bench,Qwen/Qwen3-4B,mgoin/Qwen3-4B-speculator.dflash2,0.0,8,dflash2_unary_k16_tb64,64,55,663,37.508254004933406,12.751514435901434,78.42205763297696,8.454254071002651,146,4.534246575342466,3.541095890410959,4.534246575342466,0.1095890410958904,0.9931506849315068,2.86290144603232,False,0.2936742479869281,2.052373638980498,0.3672112940112129,0.03438016601285199,5.681166915070207
122,mt-bench,Qwen/Qwen3-4B,mgoin/Qwen3-4B-speculator.dflash2,0.0,8,dflash2_pairwise_k16_tb8,8,55,658,37.792300994624384,14.678483276592926,68.12692981669653,9.658441995998146,172,3.8197674418604652,2.8255813953488373,3.8197674418604652,0.09302325581395349,0.9941860465116279,2.4870641216629727,False,0.34313658800238045,2.414802377941669,0.15814439305540873,0.04015948795131408,6.6747825930215186
122,mt-bench,Qwen/Qwen3-4B,mgoin/Qwen3-4B-speculator.dflash2,0.0,8,dflash2_pairwise_k16_tb16,16,55,745,37.406071001896635,11.768347183894836,84.97369973657095,8.767418652001652,156,4.769230769230769,3.7756410256410255,4.769230769230769,0.17307692307692307,0.9935897435897436,3.1020778489271366,False,0.3129012420613435,2.197659447992919,0.1862435660441406,0.036989874955907,6.008399023019592
122,mt-bench,Qwen/Qwen3-4B,mgoin/Qwen3-4B-speculator.dflash2,0.0,8,dflash2_pairwise_k16_tb32,32,55,795,37.7242379981908,11.453481748427043,87.30969516211387,9.105517989999498,161,4.931677018633541,3.937888198757764,4.931677018633541,0.2236024844720497,0.9937888198757764,3.1873564667493177,False,0.3222298810069333,2.260349291995226,0.2745572280327906,0.03783343303075526,6.183959639034583
122,mt-bench,Qwen/Qwen3-4B,mgoin/Qwen3-4B-speculator.dflash2,0.0,8,dflash2_pairwise_k16_tb64,64,55,783,37.54893400036963,10.544410563219534,94.836974907649,8.256273471000895,142,5.507042253521127,4.514084507042254,5.507042253521127,0.2887323943661972,0.9929577464788732,3.4621498185004005,False,0.28610384806233924,1.996442959010892,0.3888370780114201,0.033840560936369,5.52634115791443
123,mt-bench,Qwen/Qwen3-4B,mgoin/Qwen3-4B-speculator.dflash2,0.0,8,baseline,,830,1493,52.830402994004544,36.390995612862035,27.479325123123587,54.33175645000302,1492,1,,,,,1.0,True,0.36744144515978405,0.0,0.0,0.0,53.719834034811356
123,mt-bench,Qwen/Qwen3-4B,mgoin/Qwen3-4B-speculator.dflash2,0.0,8,dflash2,,873,1636,54.42043099901639,16.618298517726462,60.17463213416925,27.187536375000494,505,3.237623762376238,2.237623762376238,3.237623762376238,0.06534653465346535,1,2.18981477400014,,0.3233799078807351,6.391297910049616,0.0,0.0,20.39871521401801
123,mt-bench,Qwen/Qwen3-4B,mgoin/Qwen3-4B-speculator.dflash2,0.0,8,dflash2_unary_k16_tb8,8,916,1469,56.95181000191951,15.640481292715142,63.93665139101375,22.975867018998542,406,3.6157635467980294,2.6182266009852215,3.6157635467980294,0.07389162561576355,0.9975369458128078,2.3267184002714703,,0.8106842880079057,5.705865784046182,0.3031330370577052,0.09525244397082133,15.996237952938827
123,mt-bench,Qwen/Qwen3-4B,mgoin/Qwen3-4B-speculator.dflash2,0.0,8,dflash2_unary_k16_tb16,16,862,1393,54.138914005307015,15.334141926058093,65.21395229169288,21.360459702998924,377,3.6923076923076925,2.6949602122015914,3.6923076923076925,0.05570291777188329,0.9973474801061007,2.3732006517443893,,0.7523406619584421,5.305315678968327,0.3798552250373177,0.08834674292302225,14.773654324984818
123,mt-bench,Qwen/Qwen3-4B,mgoin/Qwen3-4B-speculator.dflash2,0.0,8,dflash2_unary_k16_tb32,32,1011,1454,58.62727000203449,14.153024028888453,70.65627797697859,20.57849693800381,361,4.024930747922438,3.027700831024931,4.024930747922438,0.07756232686980609,0.997229916897507,2.571252301881388,,0.7226243509430788,5.078252942083054,0.5478077740117442,0.08545408801001031,14.08443250892742
123,mt-bench,Qwen/Qwen3-4B,mgoin/Qwen3-4B-speculator.dflash2,0.0,8,dflash2_unary_k16_tb64,64,745,1381,49.08653399616014,13.148180385224785,76.0561515511109,18.157637111995427,310,4.451612903225806,3.4548387096774196,4.451612903225806,0.12258064516129032,0.9967741935483871,2.767759077427647,,0.6239162050187588,4.366572390048532,0.7863050759333419,0.0734543120051967,12.253571404973627
123,mt-bench,Qwen/Qwen3-4B,mgoin/Qwen3-4B-speculator.dflash2,0.0,8,dflash2_pairwise_k16_tb8,8,740,1388,49.01864400017075,15.713339739911738,63.64019467230185,21.810115558997495,384,3.6119791666666665,2.6145833333333335,3.6119791666666665,0.046875,0.9973958333333334,2.3159300451214224,,0.7670536130826804,5.399566565909481,0.35387369707314065,0.0900728170236107,15.138488449083525
123,mt-bench,Qwen/Qwen3-4B,mgoin/Qwen3-4B-speculator.dflash2,0.0,8,dflash2_pairwise_k16_tb16,16,827,1324,52.76747199968668,12.796592006043145,78.14580628402886,16.942687816001126,298,4.439597315436242,3.442953020134228,4.439597315436242,0.15771812080536912,0.9966442953020134,2.8438036936456608,,0.5964713189096074,4.189727196971944,0.3544373251206707,0.06984132604702609,11.684032956021838
123,mt-bench,Qwen/Qwen3-4B,mgoin/Qwen3-4B-speculator.dflash2,0.0,8,dflash2_pairwise_k16_tb32,32,877,1309,54.50653300067643,13.4304834293325,74.45748362385645,17.580502808996243,307,4.260586319218241,3.263843648208469,4.260586319218241,0.08794788273615635,0.996742671009772,2.7095819599005067,,0.6141981549808406,4.320938723984,0.5308728140735184,0.07261579900659854,11.990746663977916
123,mt-bench,Qwen/Qwen3-4B,mgoin/Qwen3-4B-speculator.dflash2,0.0,8,dflash2_pairwise_k16_tb64,64,865,1368,54.184976004762575,12.425963958334814,80.47665383169263,16.998718695002026,289,4.730103806228374,3.7335640138408306,4.730103806228374,0.11764705882352941,0.9965397923875432,2.9286255565269435,,0.5815180880090338,4.070952193920675,0.8040157909563277,0.0684701930731535,11.423236979026115
124,mt-bench,Qwen/Qwen3-4B,mgoin/Qwen3-4B-speculator.dflash2,0.0,8,baseline,,54,535,39.25022300245473,36.49285905794556,27.402621384423174,19.523679596000875,534,1,,,,,1.0,True,0.13200589184998535,0.0,0.0,0.0,19.302399305008294
124,mt-bench,Qwen/Qwen3-4B,mgoin/Qwen3-4B-speculator.dflash2,0.0,8,dflash2,,54,551,37.498532998142764,17.769805843912923,56.27523501291106,9.79116301999602,181,3.0386740331491713,2.044198895027624,3.0386740331491713,0.04419889502762431,0.994475138121547,2.0536442197789264,False,0.11705031200835947,2.29641063202871,0.0,0.0,7.351039181012311
124,mt-bench,Qwen/Qwen3-4B,mgoin/Qwen3-4B-speculator.dflash2,0.0,8,dflash2_unary_k16_tb8,8,54,551,37.53179300110787,17.803914323048758,56.167423739251014,9.809956791999866,173,3.179190751445087,2.184971098265896,3.179190751445087,0.04046242774566474,0.9942196531791907,2.0497098781643928,False,0.34461415596160805,2.4267935249736183,0.13029919997643447,0.04067636293621035,6.839976688002935
124,mt-bench,Qwen/Qwen3-4B,mgoin/Qwen3-4B-speculator.dflash2,0.0,8,dflash2_unary_k16_tb16,16,54,552,37.57667399622733,16.66208332609539,60.01650456481909,9.197469996004656,162,3.4012345679012346,2.4074074074074074,3.4012345679012346,0.06172839506172839,0.9938271604938271,2.190173842234489,False,0.32280663604615256,2.275605861002987,0.16207907096395502,0.037843025020265486,6.372771702990576
124,mt-bench,Qwen/Qwen3-4B,mgoin/Qwen3-4B-speculator.dflash2,0.0,8,dflash2_unary_k16_tb32,32,54,552,37.581033997412305,15.333370507255166,65.21723319258724,8.464020520004851,148,3.722972972972973,2.72972972972973,3.722972972972973,0.08783783783783784,0.9932432432432432,2.3799632990462554,False,0.29592719295760617,2.081530187999306,0.2237242610208341,0.03476719696482178,5.803539135966275
124,mt-bench,Qwen/Qwen3-4B,mgoin/Qwen3-4B-speculator.dflash2,0.0,8,dflash2_unary_k16_tb64,64,54,561,37.609995997627266,15.283049402857879,65.43196803466482,8.57379071500327,146,3.835616438356164,2.8424657534246576,3.835616438356164,0.1095890410958904,0.9931506849315068,2.3877995873730224,False,0.29335345995787065,2.051698858042073,0.3694132729942794,0.03463375404680846,5.799283841974102
124,mt-bench,Qwen/Qwen3-4B,mgoin/Qwen3-4B-speculator.dflash2,0.0,8,dflash2_pairwise_k16_tb8,8,54,647,37.57115500047803,16.994912693973514,58.8411378161775,10.995708513000864,193,3.3471502590673574,2.3523316062176165,3.3471502590673574,0.031088082901554404,0.9948186528497409,2.147281349134916,False,0.3846198319879477,2.7140098130039405,0.1777014959952794,0.04552736102050403,7.6430906650202814
124,mt-bench,Qwen/Qwen3-4B,mgoin/Qwen3-4B-speculator.dflash2,0.0,8,dflash2_pairwise_k16_tb16,16,54,655,37.47892300452804,15.294404497704706,65.38338907867083,10.017834945996583,176,3.715909090909091,2.721590909090909,3.715909090909091,0.0625,0.9943181818181818,2.3860268023787516,False,0.3512941180670168,2.472994497002219,0.20975752504455158,0.04170650894229766,6.913700104050804
124,mt-bench,Qwen/Qwen3-4B,mgoin/Qwen3-4B-speculator.dflash2,0.0,8,dflash2_pairwise_k16_tb32,32,54,663,37.57030399719952,14.441554924588791,69.2446211797705,9.574750915002369,167,3.964071856287425,2.970059880239521,3.964071856287425,0.07784431137724551,0.9940119760479041,2.526934201234197,False,0.3337131610387587,2.34878801801824,0.288073552044807,0.039239223006006796,6.53717917999893
124,mt-bench,Qwen/Qwen3-4B,mgoin/Qwen3-4B-speculator.dflash2,0.0,8,dflash2_pairwise_k16_tb64,64,54,548,37.582905002636835,13.657764328476281,73.21842550138398,7.484454852005001,127,4.307086614173229,3.3149606299212597,4.307086614173229,0.11023622047244094,0.9921259842519685,2.671949682266692,False,0.25544930698379176,1.782310787042661,0.3522616239642957,0.030152221988828387,5.042341072978161
125,mt-bench,Qwen/Qwen3-4B,mgoin/Qwen3-4B-speculator.dflash2,0.0,8,baseline,,630,1350,39.28341499704402,36.3841632451847,27.484485303708226,49.118620380999346,1349,1,,,,,1.0,True,0.3311800540686818,0.0,0.0,0.0,48.56547132306878
125,mt-bench,Qwen/Qwen3-4B,mgoin/Qwen3-4B-speculator.dflash2,0.0,8,dflash2,,646,1364,47.372513996378984,16.319017578447678,61.27819859209463,22.259139977002633,413,3.3002421307506054,2.3026634382566584,3.3002421307506054,0.09685230024213075,0.9975786924939467,2.2295559809456185,,0.26064048315311084,5.230205681997177,0.0,0.0,16.70748233100312
125,mt-bench,Qwen/Qwen3-4B,mgoin/Qwen3-4B-speculator.dflash2,0.0,8,dflash2_unary_k16_tb8,8,646,2048,47.278133999498095,13.96194465478473,71.623260564731,28.594062652999128,505,4.0534653465346535,3.0554455445544555,4.0534653465346535,0.1405940594059406,0.998019801980198,2.6059524045395728,,1.0091938800178468,7.096174408055958,0.37431808607652783,0.11804203804786084,19.915991586109158
125,mt-bench,Qwen/Qwen3-4B,mgoin/Qwen3-4B-speculator.dflash2,0.0,8,dflash2_unary_k16_tb16,16,647,1192,47.327644999313634,14.308952122482635,69.88631951802896,17.0562709299993,306,3.892156862745098,2.895424836601307,3.892156862745098,0.08823529411764706,0.9967320261437909,2.5427552579491035,,0.6100969199615065,4.297573816016666,0.3057840910041705,0.071564984980796,11.721666487042967
125,mt-bench,Qwen/Qwen3-4B,mgoin/Qwen3-4B-speculator.dflash2,0.0,8,dflash2_unary_k16_tb32,32,647,1301,47.300464000727516,12.909102701000563,77.46471797164428,16.794742614001734,299,4.3478260869565215,3.351170568561873,4.3478260869565215,0.13043478260869565,0.9966555183946488,2.8184889444224983,,0.5983723279787228,4.202807972971641,0.4478652039761073,0.07054807988606626,11.42574932701973
125,mt-bench,Qwen/Qwen3-4B,mgoin/Qwen3-4B-speculator.dflash2,0.0,8,dflash2_unary_k16_tb64,64,656,1339,47.51274899899727,12.00827185063337,83.27592949582129,16.079076007998083,275,4.865454545454545,3.869090909090909,4.865454545454545,0.19272727272727272,0.9963636363636363,3.0299250131704536,,0.5528384859353537,3.8696820849654614,0.6837906949513126,0.06503638903814135,10.860216523957206
125,mt-bench,Qwen/Qwen3-4B,mgoin/Qwen3-4B-speculator.dflash2,0.0,8,dflash2_pairwise_k16_tb8,8,742,1226,49.04810500011081,14.544974863787248,68.75226732015254,17.832139183003164,314,3.9012738853503186,2.9044585987261144,3.9012738853503186,0.06050955414012739,0.9968152866242038,2.501493717653007,,0.6262604800285771,4.410847365114023,0.28898893999576103,0.07368052407400683,12.382093064908986
125,mt-bench,Qwen/Qwen3-4B,mgoin/Qwen3-4B-speculator.dflash2,0.0,8,dflash2_pairwise_k16_tb16,16,750,1157,49.13147600018419,13.777105581677567,72.5841864295443,15.940111158000946,281,4.1138790035587185,3.113879003558719,4.1138790035587185,0.09608540925266904,1,2.6409148880714604,,0.5605942890397273,3.9471990770252887,0.332880050969834,0.06628654399537481,10.987575297978765
125,mt-bench,Qwen/Qwen3-4B,mgoin/Qwen3-4B-speculator.dflash2,0.0,8,dflash2_pairwise_k16_tb32,32,758,1234,49.31191100331489,11.81512350647806,84.63728707124514,14.579862406993925,255,4.8352941176470585,3.83921568627451,4.8352941176470585,0.21176470588235294,0.996078431372549,3.0794568694297437,,0.5105178940066253,3.5823700151013327,0.43547763588867383,0.05976584707968868,9.949580913082173
125,mt-bench,Qwen/Qwen3-4B,mgoin/Qwen3-4B-speculator.dflash2,0.0,8,dflash2_pairwise_k16_tb64,64,643,1111,47.24506200000178,11.346032523847052,88.13653564787546,12.605442133994075,214,5.186915887850467,4.191588785046729,5.186915887850467,0.2383177570093458,0.9953271028037384,3.2067741008773414,,0.4319562029631925,3.014973619050579,0.5947668610169785,0.051553495024563745,8.474884527997347
126,mt-bench,Qwen/Qwen3-4B,mgoin/Qwen3-4B-speculator.dflash2,0.0,8,baseline,,31,580,39.04106900154147,36.12103199483154,27.684701814252904,20.950198557002295,579,1,,,,,1.0,True,0.1422646481441916,0.0,0.0,0.0,20.71337522200338
126,mt-bench,Qwen/Qwen3-4B,mgoin/Qwen3-4B-speculator.dflash2,0.0,8,dflash2,,31,585,37.33290999662131,20.166955143586396,49.586067548626716,11.797668758998041,220,2.6545454545454548,1.6590909090909092,2.6545454545454548,0.03636363636363636,0.9954545454545455,1.7910999324218235,False,0.14186889000848169,2.765876980010944,0.0,0.0,8.85758604700095
126,mt-bench,Qwen/Qwen3-4B,mgoin/Qwen3-4B-speculator.dflash2,0.0,8,dflash2_unary_k16_tb8,8,31,589,37.50982200290309,18.70501553480415,53.4615968716687,11.017254149999644,198,2.9696969696969697,1.9747474747474747,2.9696969696969697,0.025252525252525252,0.9949494949494949,1.9310880510963309,False,0.39616125399334123,2.771189810016949,0.14785673198639415,0.04633649400057038,7.624276111040672
126,mt-bench,Qwen/Qwen3-4B,mgoin/Qwen3-4B-speculator.dflash2,0.0,8,dflash2_unary_k16_tb16,16,31,584,37.35435099952156,17.362942893831207,57.59392322572719,10.139958649997425,183,3.185792349726776,2.191256830601093,3.185792349726776,0.0273224043715847,0.994535519125683,2.0803519435443634,False,0.3641636109459796,2.5471741880537593,0.18260670200834284,0.04255300400109263,6.973806860994955
126,mt-bench,Qwen/Qwen3-4B,mgoin/Qwen3-4B-speculator.dflash2,0.0,8,dflash2_unary_k16_tb32,32,31,457,37.414730999444146,16.74811871116,59.70819870853055,7.653890251000121,137,3.3284671532846715,2.335766423357664,3.3284671532846715,0.043795620437956206,0.9927007299270073,2.1567217559045915,False,0.27266463197156554,1.905664310012071,0.2082475969727966,0.03205372500087833,5.212360336030542
126,mt-bench,Qwen/Qwen3-4B,mgoin/Qwen3-4B-speculator.dflash2,0.0,8,dflash2_unary_k16_tb64,64,31,457,37.9577230050927,15.969577713352265,62.61906344360588,7.298097015001985,127,3.590551181102362,2.5984251968503935,3.590551181102362,0.047244094488188976,0.9921259842519685,2.261865194132874,False,0.2545889840257587,1.7678332990399213,0.32569220301229507,0.02986551998765208,4.898173149951617
126,mt-bench,Qwen/Qwen3-4B,mgoin/Qwen3-4B-speculator.dflash2,0.0,8,dflash2_pairwise_k16_tb8,8,31,580,37.5676339972415,18.130834255172324,55.15466006285521,10.515883867999948,189,3.0634920634920637,2.068783068783069,3.0634920634920637,0.021164021164021163,0.9947089947089947,1.9922432407944504,True,0.3755893339694012,2.6301641880127136,0.17463899194262922,0.0460078279429581,7.259356799098896
126,mt-bench,Qwen/Qwen3-4B,mgoin/Qwen3-4B-speculator.dflash2,0.0,8,dflash2_pairwise_k16_tb16,16,31,603,37.471021998499054,16.502888752906767,60.59545180075599,9.95124191800278,179,3.363128491620112,2.368715083798883,3.363128491620112,0.0335195530726257,0.994413407821229,2.1887702532363797,False,0.35650411804090254,2.4922096490408876,0.21423825594683876,0.04164797097473638,6.817884541997046
126,mt-bench,Qwen/Qwen3-4B,mgoin/Qwen3-4B-speculator.dflash2,0.0,8,dflash2_pairwise_k16_tb32,32,31,546,37.50607200345257,14.267586772892994,70.08893766813469,7.790102377999574,139,3.920863309352518,2.9280575539568345,3.920863309352518,0.06474820143884892,0.9928057553956835,2.5316847599944468,False,0.27759524100110866,1.934660154976882,0.24066514296282548,0.03264269604551373,5.281544071971439
126,mt-bench,Qwen/Qwen3-4B,mgoin/Qwen3-4B-speculator.dflash2,0.0,8,dflash2_pairwise_k16_tb64,64,31,524,37.43567000492476,14.961072791987949,66.84012663420276,7.8396021430016845,136,3.8455882352941178,2.8529411764705883,3.8455882352941178,0.058823529411764705,0.9926470588235294,2.41433435269263,False,0.27283688697207253,1.892951842972252,0.3814427579927724,0.03199469702667557,5.236946727964096
127,mt-bench,Qwen/Qwen3-4B,mgoin/Qwen3-4B-speculator.dflash2,0.0,8,baseline,,632,324,39.295795002544764,36.00539726852012,27.773613843008757,11.665748715000518,323,1,,,,,1.0,True,0.07858640794438543,0.0,0.0,0.0,11.534436986949004
127,mt-bench,Qwen/Qwen3-4B,mgoin/Qwen3-4B-speculator.dflash2,0.0,8,dflash2,,637,630,39.45100900455145,9.97924341904258,100.2079975413548,6.2869233539968254,118,5.330508474576271,4.338983050847458,5.330508474576271,0.4067796610169492,0.9915254237288136,3.6080287609593666,,0.06508354498510016,1.4743125800741836,0.0,0.0,4.730302975025552
127,mt-bench,Qwen/Qwen3-4B,mgoin/Qwen3-4B-speculator.dflash2,0.0,8,dflash2_unary_k16_tb8,8,641,551,47.31935300515033,10.385062998192307,96.29214576493823,5.722169712003961,102,5.392156862745098,4.401960784313726,5.392156862745098,0.35294117647058826,0.9901960784313726,3.4670369621048476,,0.20279435699194437,1.4139200880090357,0.075719584026956,0.023630199044418987,3.9899455820559524
127,mt-bench,Qwen/Qwen3-4B,mgoin/Qwen3-4B-speculator.dflash2,0.0,8,dflash2_unary_k16_tb16,16,636,471,39.35446600371506,11.195300080681358,89.32319748405877,5.272986338000919,94,5,4.01063829787234,5,0.2127659574468085,0.9893617021276596,3.216117210708013,,0.18724984199070605,1.3009043110359926,0.09367966599529609,0.02181406596355373,3.654315457031771
127,mt-bench,Qwen/Qwen3-4B,mgoin/Qwen3-4B-speculator.dflash2,0.0,8,dflash2_unary_k16_tb32,32,509,638,37.46298199985176,9.461165553290575,105.69522268344643,6.036223622999387,107,5.953271028037383,4.962616822429907,5.953271028037383,0.4672897196261682,0.9906542056074766,3.8055984821021878,,0.2138548240327509,1.4828266099721077,0.1551147870341083,0.024882171048375312,4.142042130988557
127,mt-bench,Qwen/Qwen3-4B,mgoin/Qwen3-4B-speculator.dflash2,0.0,8,dflash2_unary_k16_tb64,64,509,606,37.39009999844711,9.443089981846168,105.89754009783304,5.722512528998777,99,6.111111111111111,5.121212121212121,6.111111111111111,0.5050505050505051,0.98989898989899,3.812883000981518,,0.19879982397105778,1.3715043409974896,0.23663720899639884,0.023246022974490188,3.8753168800176354
127,mt-bench,Qwen/Qwen3-4B,mgoin/Qwen3-4B-speculator.dflash2,0.0,8,dflash2_pairwise_k16_tb8,8,632,323,39.206551999086514,12.497440458197167,80.01638442246727,4.036673267997685,72,4.472222222222222,3.486111111111111,4.472222222222222,0.25,0.9861111111111112,2.881021709121559,,0.14296502794604748,0.9904901039190008,0.06605385902366834,0.01671624497976154,2.8090795790194534
127,mt-bench,Qwen/Qwen3-4B,mgoin/Qwen3-4B-speculator.dflash2,0.0,8,dflash2_pairwise_k16_tb16,16,655,335,47.56450899731135,11.045578862701147,90.53396045876897,3.700268919004884,67,4.985074626865671,4,4.985074626865671,0.23880597014925373,0.9850746268656716,3.2597112126104686,,0.13342043101147283,0.9211600440030452,0.07870345901028486,0.015559704028419219,2.5408127960035927
127,mt-bench,Qwen/Qwen3-4B,mgoin/Qwen3-4B-speculator.dflash2,0.0,8,dflash2_pairwise_k16_tb32,32,598,722,38.89811599947279,8.614239416896543,116.0868593968416,6.219480858999305,110,6.554545454545455,5.5636363636363635,6.554545454545455,0.6090909090909091,0.990909090909091,4.17975349023812,,0.22016646102565574,1.5241623900292325,0.18083100102376193,0.025672056050098035,4.250673323062074
127,mt-bench,Qwen/Qwen3-4B,mgoin/Qwen3-4B-speculator.dflash2,0.0,8,dflash2_pairwise_k16_tb64,64,576,425,38.37331400427502,9.01288744471351,110.95223435709806,3.830477164003242,66,6.424242424242424,5.424242424242424,6.424242424242424,0.5757575757575758,1,3.9948792758572624,,0.13266003898024792,0.9108849360127351,0.17431041701638605,0.015567545990052167,2.5857352539605927
128,mt-bench,Qwen/Qwen3-4B,mgoin/Qwen3-4B-speculator.dflash2,0.0,8,baseline,,69,572,39.39456700027222,36.42662109790241,27.45245015485622,20.83602726800018,571,1,,,,,1.0,True,0.14206523005850613,0.0,0.0,0.0,20.599782658922777
128,mt-bench,Qwen/Qwen3-4B,mgoin/Qwen3-4B-speculator.dflash2,0.0,8,dflash2,,69,572,37.95184299815446,14.856505174822967,67.31058134013111,8.497920959998737,157,3.6369426751592355,2.643312101910828,3.6369426751592355,0.14012738853503184,0.9936305732484076,2.4518970423564963,True,0.09923388400056865,1.9925493500049924,0.0,0.0,6.382931522995932
128,mt-bench,Qwen/Qwen3-4B,mgoin/Qwen3-4B-speculator.dflash2,0.0,8,dflash2_unary_k16_tb8,8,69,572,37.91566300060367,14.880074618882976,67.20396406688641,8.511402682001062,150,3.8066666666666666,2.8133333333333335,3.8066666666666666,0.11333333333333333,0.9933333333333333,2.4480133353415203,True,0.2994752630183939,2.1022768589973566,0.1132274850315298,0.03546677204576554,5.936922226974275
128,mt-bench,Qwen/Qwen3-4B,mgoin/Qwen3-4B-speculator.dflash2,0.0,8,dflash2_unary_k16_tb16,16,69,570,37.98266700323438,14.241967552631028,70.21501743382798,8.117921504999686,143,3.979020979020979,2.986013986013986,3.979020979020979,0.14685314685314685,0.993006993006993,2.5576958354446644,False,0.28562072502973024,2.00578820501687,0.14410786602820735,0.03371475895983167,5.625523738010088
128,mt-bench,Qwen/Qwen3-4B,mgoin/Qwen3-4B-speculator.dflash2,0.0,8,dflash2_unary_k16_tb32,32,69,556,38.00444700027583,13.061643998207074,76.56004099769267,7.262274063003133,127,4.3700787401574805,3.37007874015748,4.3700787401574805,0.16535433070866143,1,2.788823604662826,False,0.25474077802937245,1.7836220149547444,0.19256666801811662,0.03021449798688991,4.980003987948294
128,mt-bench,Qwen/Qwen3-4B,mgoin/Qwen3-4B-speculator.dflash2,0.0,8,dflash2_unary_k16_tb64,64,69,572,37.77689300477505,13.354466232520828,74.88131555305428,7.6387546850019135,130,4.392307692307693,3.3923076923076922,4.392307692307693,0.18461538461538463,1,2.727673308963575,True,0.26216100299643585,1.8271278540341882,0.3263727609955822,0.030977623064245563,5.169437139920774
128,mt-bench,Qwen/Qwen3-4B,mgoin/Qwen3-4B-speculator.dflash2,0.0,8,dflash2_pairwise_k16_tb8,8,69,572,37.928985999315046,14.55997022552307,68.68145913149178,8.328302968999196,146,3.910958904109589,2.9178082191780823,3.910958904109589,0.1095890410958904,0.9931506849315068,2.5018334882339213,True,0.2930513020255603,2.05232867293671,0.14040867603034712,0.034896873992693145,5.784051693044603
128,mt-bench,Qwen/Qwen3-4B,mgoin/Qwen3-4B-speculator.dflash2,0.0,8,dflash2_pairwise_k16_tb16,16,69,565,37.95030499895802,13.128768890260089,76.16860410589415,7.41775442299695,130,4.338461538461538,3.3461538461538463,4.338461538461538,0.16153846153846155,0.9923076923076923,2.7745648813215404,False,0.26082480402692454,1.8258687209672644,0.15859726400958607,0.03093876900675241,5.120185648040206
128,mt-bench,Qwen/Qwen3-4B,mgoin/Qwen3-4B-speculator.dflash2,0.0,8,dflash2_pairwise_k16_tb32,32,69,570,38.094440002168994,12.208435921051557,81.91057449674244,6.958808474999387,121,4.702479338842975,3.7107438016528924,4.702479338842975,0.23140495867768596,0.9917355371900827,2.983725461104346,False,0.24385349496878916,1.7010288409801433,0.21188224296201952,0.028937880000739824,4.7529613719307235
128,mt-bench,Qwen/Qwen3-4B,mgoin/Qwen3-4B-speculator.dflash2,0.0,8,dflash2_pairwise_k16_tb64,64,69,572,38.08045000187121,11.868143566437164,84.25917620578646,6.788578120002057,115,4.965217391304348,3.973913043478261,4.965217391304348,0.26956521739130435,0.991304347826087,3.0692770856695786,True,0.23299707097612554,1.6159550430311356,0.32078466997336363,0.027708213972800877,4.5711893099869485
129,mt-bench,Qwen/Qwen3-4B,mgoin/Qwen3-4B-speculator.dflash2,0.0,8,baseline,,657,627,47.59734099934576,36.413718650714074,27.462177362113216,22.831401593997725,626,1,,,,,1.0,True,0.15457064090878703,0.0,0.0,0.0,22.571857877104776
129,mt-bench,Qwen/Qwen3-4B,mgoin/Qwen3-4B-speculator.dflash2,0.0,8,dflash2,,657,634,47.55283999838866,14.185781105676165,70.49312213057266,8.993785220998689,167,3.7904191616766467,2.7964071856287425,3.7904191616766467,0.16766467065868262,0.9940119760479041,2.566916716073099,,0.10391275293659419,2.11226047094533,0.0,0.0,6.753120215027593
129,mt-bench,Qwen/Qwen3-4B,mgoin/Qwen3-4B-speculator.dflash2,0.0,8,dflash2_unary_k16_tb8,8,657,646,47.571091999998316,12.900025383906291,77.5192273069146,8.333416398003465,147,4.387755102040816,3.3945578231292517,4.387755102040816,0.19047619047619047,0.9931972789115646,2.82276333317474,,0.2952501380132162,2.060410088051867,0.11229430696403142,0.035163135988113936,5.8065793460045825
129,mt-bench,Qwen/Qwen3-4B,mgoin/Qwen3-4B-speculator.dflash2,0.0,8,dflash2_unary_k16_tb16,16,655,692,47.49954900034936,12.590691049130633,79.42375808427516,8.712758205998398,156,4.42948717948718,3.4294871794871793,4.42948717948718,0.20512820512820512,1,2.8921143810631733,,0.31401711997023085,2.186402630090015,0.15899311593966559,0.03714266402676003,5.990681730967481
129,mt-bench,Qwen/Qwen3-4B,mgoin/Qwen3-4B-speculator.dflash2,0.0,8,dflash2_unary_k16_tb32,32,640,613,38.915058998099994,12.58596959379287,79.45355282704469,7.71519936099503,135,4.533333333333333,3.5407407407407407,4.533333333333333,0.2222222222222222,0.9925925925925926,2.8931993184436537,,0.2729654029608355,1.8958396420057397,0.20782133207831066,0.032379836949985474,5.283740390987077
129,mt-bench,Qwen/Qwen3-4B,mgoin/Qwen3-4B-speculator.dflash2,0.0,8,dflash2_unary_k16_tb64,64,657,695,47.556181001709774,11.625473804320896,86.01799950969097,8.079704294003022,137,5.065693430656935,4.072992700729927,5.065693430656935,0.2773722627737226,0.9927007299270073,3.1322352330431484,,0.28052801397279836,1.9378959999521612,0.3542551059726975,0.034142285025154706,5.448419426997134
129,mt-bench,Qwen/Qwen3-4B,mgoin/Qwen3-4B-speculator.dflash2,0.0,8,dflash2_pairwise_k16_tb8,8,657,610,47.55821099388413,12.826638013116355,77.96275212393246,7.824249188000977,137,4.445255474452555,3.4525547445255476,4.445255474452555,0.18248175182481752,0.9927007299270073,2.838913721076238,,0.27864643402426736,1.9313777329734876,0.134344872982183,0.03341370594716864,5.424350903995219
129,mt-bench,Qwen/Qwen3-4B,mgoin/Qwen3-4B-speculator.dflash2,0.0,8,dflash2_pairwise_k16_tb16,16,648,697,47.24278300272999,12.955653743192984,77.18637899885283,9.03009065900551,158,4.405063291139241,3.411392405063291,4.405063291139241,0.189873417721519,0.9936708860759493,2.810643088531613,,0.3213033410065691,2.2293275249612634,0.19828971302194986,0.03850484799477272,6.216523246992438
129,mt-bench,Qwen/Qwen3-4B,mgoin/Qwen3-4B-speculator.dflash2,0.0,8,dflash2_pairwise_k16_tb32,32,655,706,47.606013002223335,11.658709740797821,85.77278465906542,8.231049077003263,145,4.862068965517241,3.8620689655172415,4.862068965517241,0.25517241379310346,1,3.1233060484634927,,0.29625056097575,2.0488600180106005,0.2603128499176819,0.035740347986575216,5.565433774951089
129,mt-bench,Qwen/Qwen3-4B,mgoin/Qwen3-4B-speculator.dflash2,0.0,8,dflash2_pairwise_k16_tb64,64,657,693,47.548650996759534,11.350676685427285,88.10047433417455,7.866018943001109,133,5.203007518796992,4.2105263157894735,5.203007518796992,0.3308270676691729,0.9924812030075187,3.2080658853990887,,0.2721786370020709,1.8779772329871776,0.3778635160269914,0.033050078061933164,5.28130879803939
130,mt-bench,Qwen/Qwen3-4B,mgoin/Qwen3-4B-speculator.dflash2,0.0,8,baseline,,50,902,39.20246600318933,36.60979532705299,27.315093981447223,33.0220353850018,901,1,,,,,1.0,True,0.22881217399117304,0.0,0.0,0.0,32.64182326207083
130,mt-bench,Qwen/Qwen3-4B,mgoin/Qwen3-4B-speculator.dflash2,0.0,8,dflash2,,50,902,37.46006500296062,15.399025348114831,64.939174875923,13.889920863999578,258,3.492248062015504,2.496124031007752,3.492248062015504,0.09689922480620156,0.9961240310077519,2.377409900915243,True,0.16261891705653397,3.262557872047182,0.0,0.0,10.426873567041184
130,mt-bench,Qwen/Qwen3-4B,mgoin/Qwen3-4B-speculator.dflash2,0.0,8,dflash2_unary_k16_tb8,8,50,902,37.40865400322946,15.032712349224747,66.52159482394214,13.559506539000722,240,3.754166666666667,2.7583333333333333,3.754166666666667,0.11666666666666667,0.9958333333333333,2.4353419713336697,False,0.4793932659958955,3.359516856929986,0.17824218598252628,0.056109671015292406,9.448119222055539
130,mt-bench,Qwen/Qwen3-4B,mgoin/Qwen3-4B-speculator.dflash2,0.0,8,dflash2_unary_k16_tb16,16,50,902,37.58632900280645,13.689400211753306,73.04921943486102,12.347838991001481,218,4.13302752293578,3.1376146788990824,4.13302752293578,0.15137614678899083,0.9954128440366973,2.6743169723112437,False,0.4358578620303888,3.0610865409253165,0.21728340698609827,0.051293353993969504,8.547071957975277
130,mt-bench,Qwen/Qwen3-4B,mgoin/Qwen3-4B-speculator.dflash2,0.0,8,dflash2_unary_k16_tb32,32,50,902,37.60764800244942,12.82568081596704,77.9685705849683,11.568764096002269,203,4.438423645320197,3.4433497536945814,4.438423645320197,0.15763546798029557,0.9950738916256158,2.8544134110585744,False,0.40624294599547284,2.848880574980285,0.3036546120347339,0.04766165601176908,7.928785651012731
130,mt-bench,Qwen/Qwen3-4B,mgoin/Qwen3-4B-speculator.dflash2,0.0,8,dflash2_unary_k16_tb64,64,50,905,37.475635996088386,12.228553882865647,81.7758182675366,11.06684126399341,189,4.783068783068783,3.7883597883597884,4.783068783068783,0.21164021164021163,0.9947089947089947,2.993795969476796,False,0.3806259649936692,2.65689690902218,0.4709453970135655,0.04482278404611861,7.480879905968322
130,mt-bench,Qwen/Qwen3-4B,mgoin/Qwen3-4B-speculator.dflash2,0.0,8,dflash2_pairwise_k16_tb8,8,50,901,37.493584997719154,14.575706537179252,68.60730884291829,13.132711589998507,231,3.896103896103896,2.9004329004329006,3.896103896103896,0.11255411255411256,0.9956709956709957,2.5116995346791513,False,0.4621622430277057,3.2462757009488996,0.21622025805118028,0.054340964983566664,9.116695203068957
130,mt-bench,Qwen/Qwen3-4B,mgoin/Qwen3-4B-speculator.dflash2,0.0,8,dflash2_pairwise_k16_tb16,16,50,918,37.53450499789324,12.74886048148581,78.43838290114032,11.703453922003973,206,4.451456310679611,3.4563106796116503,4.451456310679611,0.1553398058252427,0.9951456310679612,2.87161314379576,False,0.41140694898786023,2.8928916620934615,0.24654799404379446,0.048439526006404776,8.0708635010742
130,mt-bench,Qwen/Qwen3-4B,mgoin/Qwen3-4B-speculator.dflash2,0.0,8,dflash2_pairwise_k16_tb32,32,50,901,37.88937499484746,11.765578226417292,84.99369778143982,10.60078598200198,185,4.864864864864865,3.8702702702702703,4.864864864864865,0.21081081081081082,0.9945945945945946,3.11160187986791,False,0.37126169697148725,2.5994098240189487,0.3179049610407674,0.04377759896306088,7.237802603027376
130,mt-bench,Qwen/Qwen3-4B,mgoin/Qwen3-4B-speculator.dflash2,0.0,8,dflash2_pairwise_k16_tb64,64,50,902,38.21501300262753,11.219908881374556,89.12728352545138,10.120357810999849,172,5.238372093023256,4.244186046511628,5.238372093023256,0.26744186046511625,0.9941860465116279,3.2629316079229973,True,0.3463774029441993,2.4180879130217363,0.4716999729644158,0.04277205006656004,6.811472437053453
131,mt-bench,Qwen/Qwen3-4B,mgoin/Qwen3-4B-speculator.dflash2,0.0,8,baseline,,971,410,57.93310300214216,36.212547804869956,27.61473744925281,14.84714459999668,409,1,,,,,1.0,True,0.10008192992972909,0.0,0.0,0.0,14.680365522028296
131,mt-bench,Qwen/Qwen3-4B,mgoin/Qwen3-4B-speculator.dflash2,0.0,8,dflash2,,971,390,57.80597999546444,16.64285313846239,60.08585136697232,6.490712724000332,121,3.2148760330578514,2.2231404958677685,3.2148760330578514,0.08264462809917356,0.9917355371900827,2.175861765022796,,0.07659358399541816,1.5209545239704312,0.0,0.0,4.875424275967816
131,mt-bench,Qwen/Qwen3-4B,mgoin/Qwen3-4B-speculator.dflash2,0.0,8,dflash2_unary_k16_tb8,8,971,375,57.91021199547686,16.086722778660867,62.163065389956614,6.032521041997825,107,3.4953271028037385,2.5046728971962615,3.4953271028037385,0.09345794392523364,0.9906542056074766,2.2510829771310608,,0.2127609799572383,1.4891738909936976,0.08085829299670877,0.024823362989991438,4.20804311199754
131,mt-bench,Qwen/Qwen3-4B,mgoin/Qwen3-4B-speculator.dflash2,0.0,8,dflash2_unary_k16_tb16,16,971,410,57.884971000021324,14.714790917077618,67.95883173843978,6.033064276001824,107,3.822429906542056,2.8317757009345796,3.822429906542056,0.1308411214953271,0.9906542056074766,2.4609624430913644,,0.2136183810143848,1.4914296679853578,0.10903445705480408,0.02496034601063002,4.176937964009994
131,mt-bench,Qwen/Qwen3-4B,mgoin/Qwen3-4B-speculator.dflash2,0.0,8,dflash2_unary_k16_tb32,32,971,407,57.88347199995769,13.38696182802427,74.69954817579294,5.448493464005878,96,4.229166666666667,3.2395833333333335,4.229166666666667,0.14583333333333334,0.9895833333333334,2.7050609593180877,,0.19236588195781223,1.3366699660182348,0.14538256301602814,0.02268101801746525,3.7354130249805166
131,mt-bench,Qwen/Qwen3-4B,mgoin/Qwen3-4B-speculator.dflash2,0.0,8,dflash2_unary_k16_tb64,64,974,488,58.11029699543724,14.121068204926292,70.81617236655927,6.891081284004031,118,4.127118644067797,3.1271186440677967,4.127118644067797,0.1016949152542373,1,2.5644340271819384,,0.23799820001295302,1.6505411699909018,0.2999403579160571,0.0279216439666925,4.654316030959308
131,mt-bench,Qwen/Qwen3-4B,mgoin/Qwen3-4B-speculator.dflash2,0.0,8,dflash2_pairwise_k16_tb8,8,970,384,57.88614199991571,15.9076221328102,62.86294655801851,6.108526898999116,108,3.5462962962962963,2.5555555555555554,3.5462962962962963,0.10185185185185185,0.9907407407407407,2.2764274573872303,,0.21520331499777967,1.5043833399831783,0.09989121097896714,0.025454580027144402,4.246703075004916
131,mt-bench,Qwen/Qwen3-4B,mgoin/Qwen3-4B-speculator.dflash2,0.0,8,dflash2_pairwise_k16_tb16,16,987,471,58.28905099770054,14.165441564745477,70.59434013612183,6.67192297699512,118,3.983050847457627,2.9915254237288136,3.983050847457627,0.1016949152542373,0.9915254237288136,2.5564009169325614,,0.23553231798723573,1.644040829014557,0.140137427020818,0.027447147971543018,4.605821490949893
131,mt-bench,Qwen/Qwen3-4B,mgoin/Qwen3-4B-speculator.dflash2,0.0,8,dflash2_pairwise_k16_tb32,32,970,372,57.79944999812869,13.002948451626693,76.90563441977639,4.83709682400513,85,4.364705882352941,3.376470588235294,4.364705882352941,0.16470588235294117,0.9882352941176471,2.784948962890005,,0.17010360099811805,1.1811597000050824,0.14609752000978915,0.020059459027834237,3.3056352690109634
131,mt-bench,Qwen/Qwen3-4B,mgoin/Qwen3-4B-speculator.dflash2,0.0,8,dflash2_pairwise_k16_tb64,64,971,390,57.89897200156702,12.744269756401012,78.46663787838719,4.9702652049963945,85,4.576470588235294,3.588235294117647,4.576470588235294,0.17647058823529413,0.9882352941176471,2.8414768752585156,,0.170961912976054,1.1831298350007273,0.23480021997966105,0.020049697981448844,3.3466833799975575
132,mt-bench,Qwen/Qwen3-4B,mgoin/Qwen3-4B-speculator.dflash2,0.0,8,baseline,,74,875,39.12464300083229,36.028419509713004,27.755866441224462,31.52486707099888,874,1,,,,,1.0,True,0.21350956314563518,0.0,0.0,0.0,31.169245333869185
132,mt-bench,Qwen/Qwen3-4B,mgoin/Qwen3-4B-speculator.dflash2,0.0,8,dflash2,,74,969,37.43463499995414,21.355393325080826,46.82657840937777,20.693376132003323,388,2.4948453608247423,1.4974226804123711,2.4948453608247423,0.030927835051546393,0.9974226804123711,1.687087611137532,False,0.24941975900583202,4.8610642989806365,0.0,0.0,15.525915339072526
132,mt-bench,Qwen/Qwen3-4B,mgoin/Qwen3-4B-speculator.dflash2,0.0,8,dflash2_unary_k16_tb8,8,74,886,37.43360400403617,19.712088323931045,50.73029217234031,17.464910255002906,312,2.8365384615384617,1.8397435897435896,2.8365384615384617,0.009615384615384616,0.9967948717948718,1.8277322482353868,False,0.617272385970864,4.325999653025065,0.23257840795849916,0.07201646904286463,12.167553155879432
132,mt-bench,Qwen/Qwen3-4B,mgoin/Qwen3-4B-speculator.dflash2,0.0,8,dflash2_unary_k16_tb16,16,74,879,37.49035699729575,18.099728060296375,55.249448868439266,15.909660965000514,284,3.091549295774648,2.0950704225352115,3.091549295774648,0.017605633802816902,0.9964788732394366,1.9905503215125686,False,0.561860753048677,3.9409837320345105,0.28602726100507425,0.06578355992678553,11.009250120012439
132,mt-bench,Qwen/Qwen3-4B,mgoin/Qwen3-4B-speculator.dflash2,0.0,8,dflash2_unary_k16_tb32,32,74,955,37.45399599574739,17.73457570156602,56.38702706102502,16.936519794995547,300,3.18,2.183333333333333,3.18,0.02,0.9966666666666667,2.0315354658601494,False,0.5951232539882767,4.173355964987422,0.4573272340785479,0.06980415103316773,11.591435761918547
132,mt-bench,Qwen/Qwen3-4B,mgoin/Qwen3-4B-speculator.dflash2,0.0,8,dflash2_unary_k16_tb64,64,74,916,37.434484002005775,17.045074259820616,58.66797555451214,15.613288021995684,269,3.4014869888475836,2.4052044609665426,3.4014869888475836,0.03345724907063197,0.9962825278810409,2.113714435063551,False,0.537762801090139,3.7424486840172904,0.6876068059646059,0.06303930803551339,10.535985511938634
132,mt-bench,Qwen/Qwen3-4B,mgoin/Qwen3-4B-speculator.dflash2,0.0,8,dflash2_pairwise_k16_tb8,8,74,954,37.63194899511291,19.19018755869876,52.109964894361234,18.307438930998615,326,2.923312883435583,1.9263803680981595,2.923312883435583,0.012269938650306749,0.9969325153374233,1.8774396758504641,False,0.6444030930797453,4.52536614593555,0.29877684303210117,0.07567566395300673,12.71158006688347
132,mt-bench,Qwen/Qwen3-4B,mgoin/Qwen3-4B-speculator.dflash2,0.0,8,dflash2_pairwise_k16_tb16,16,74,940,37.59070899832295,16.87339461488901,59.26489736200471,15.860990937995668,282,3.3297872340425534,2.3333333333333335,3.3297872340425534,0.024822695035460994,0.9964539007092199,2.135220584358389,False,0.5581163019814994,3.921458104006888,0.3374319700014894,0.06556001002900302,10.933056367968675
132,mt-bench,Qwen/Qwen3-4B,mgoin/Qwen3-4B-speculator.dflash2,0.0,8,dflash2_pairwise_k16_tb32,32,74,968,37.541056000918616,16.93075632954051,59.06410679688397,16.388972126995213,289,3.3460207612456747,2.3494809688581313,3.3460207612456747,0.03460207612456748,0.9965397923875432,2.1279864176446273,False,0.5752131110057235,4.02144631009287,0.5043201809385209,0.06764642905909568,11.172519358085992
132,mt-bench,Qwen/Qwen3-4B,mgoin/Qwen3-4B-speculator.dflash2,0.0,8,dflash2_pairwise_k16_tb64,64,74,861,37.478774996998254,15.712168404179286,63.64493902280284,13.528176995998365,232,3.706896551724138,2.711206896551724,3.706896551724138,0.04741379310344827,0.9956896551724138,2.2930265627836444,False,0.46247508198575815,3.2280418520022067,0.6546394540055189,0.0543664020660799,9.088714045043162
133,mt-bench,Qwen/Qwen3-4B,mgoin/Qwen3-4B-speculator.dflash2,0.0,8,baseline,,979,1576,58.234541000274476,35.99307652664923,27.783120991605184,56.72508860599919,1575,1,,,,,1.0,True,0.38594442884641467,0.0,0.0,0.0,56.08271709597466
133,mt-bench,Qwen/Qwen3-4B,mgoin/Qwen3-4B-speculator.dflash2,0.0,8,dflash2,,1073,1519,66.36108000384411,16.831172364055575,59.413567775919546,25.56655082100042,480,3.1625,2.1645833333333333,3.1625,0.08541666666666667,0.9979166666666667,2.138477091679933,,0.3014519399876008,6.017405629063433,0.0,0.0,19.177660999012005
133,mt-bench,Qwen/Qwen3-4B,mgoin/Qwen3-4B-speculator.dflash2,0.0,8,dflash2_unary_k16_tb8,8,990,1653,58.29665200144518,15.821151313369773,63.2065252517333,26.152363121000235,466,3.5450643776824036,2.5472103004291844,3.5450643776824036,0.07510729613733906,0.9978540772532188,2.2749973003692237,,0.9266289579172735,6.495060446955904,0.3501312410880928,0.10999542201170698,18.19634969613253
133,mt-bench,Qwen/Qwen3-4B,mgoin/Qwen3-4B-speculator.dflash2,0.0,8,dflash2_unary_k16_tb16,16,983,1355,58.28946100518806,12.989162757196524,76.98725612210528,17.60031553600129,319,4.244514106583072,3.2476489028213167,4.244514106583072,0.13479623824451412,0.9968652037617555,2.7710082011796797,,0.6335705650199088,4.431869952109992,0.31855151397758164,0.07411315502395155,12.091212819046632
133,mt-bench,Qwen/Qwen3-4B,mgoin/Qwen3-4B-speculator.dflash2,0.0,8,dflash2_unary_k16_tb32,32,1059,1561,66.09972399746766,13.960946953231913,71.628379031159,21.793038193995017,380,4.105263157894737,3.107894736842105,4.105263157894737,0.10263157894736842,0.9973684210526316,2.578125727948343,,0.7570323299150914,5.286788931043702,0.5772142169589642,0.08899187794304453,15.020253417969798
133,mt-bench,Qwen/Qwen3-4B,mgoin/Qwen3-4B-speculator.dflash2,0.0,8,dflash2_unary_k16_tb64,64,1020,1484,58.885234997433145,12.83108111186136,77.93575547391528,19.041324370002258,329,4.507598784194529,3.5106382978723403,4.507598784194529,0.1702127659574468,0.9969604863221885,2.8051476109348545,,0.6579711360609508,4.583269125956576,0.8267742539756,0.07734879999770783,12.838750705930579
133,mt-bench,Qwen/Qwen3-4B,mgoin/Qwen3-4B-speculator.dflash2,0.0,8,dflash2_pairwise_k16_tb8,8,1058,1447,66.0565639991546,16.66531383828988,60.00487057749976,24.114709124005454,430,3.3627906976744186,2.3651162790697673,3.3627906976744186,0.04883720930232558,0.9976744186046511,2.1597598986676316,,0.8502333339347388,5.972905537928455,0.40061007493932266,0.10036319409846328,16.722182038909523
133,mt-bench,Qwen/Qwen3-4B,mgoin/Qwen3-4B-speculator.dflash2,0.0,8,dflash2_pairwise_k16_tb16,16,1044,1546,65.89363899547607,14.80509152134597,67.54433085119405,22.888671492000867,408,3.786764705882353,2.7892156862745097,3.786764705882353,0.09068627450980392,0.9975490196078431,2.431128269268342,,0.8095019019383471,5.671833237094688,0.49177881786454236,0.09507323701109271,15.752717796887737
133,mt-bench,Qwen/Qwen3-4B,mgoin/Qwen3-4B-speculator.dflash2,0.0,8,dflash2_pairwise_k16_tb32,32,1072,2048,66.32519000413595,12.379126010742425,80.78114716113356,25.352450070000486,448,4.569196428571429,3.5714285714285716,4.569196428571429,0.16741071428571427,0.9977678571428571,2.9075620116811933,,0.8919330011340207,6.242327207095514,0.7775612940531573,0.10523836599168135,17.261263159081864
133,mt-bench,Qwen/Qwen3-4B,mgoin/Qwen3-4B-speculator.dflash2,0.0,8,dflash2_pairwise_k16_tb64,64,965,1886,57.79200899996795,11.898917637860219,84.04125740127654,22.441358665004373,386,4.883419689119171,3.8860103626943006,4.883419689119171,0.22538860103626943,0.9974093264248705,3.0249034090399727,,0.7719473039542208,5.380593540001428,1.0691271780160605,0.09106124498794088,15.061758832074702
134,mt-bench,Qwen/Qwen3-4B,mgoin/Qwen3-4B-speculator.dflash2,0.0,8,baseline,,48,706,38.35825599526288,36.123061900848846,27.683146095002023,25.502881701999286,705,1,,,,,1.0,True,0.17391325104108546,0.0,0.0,0.0,25.214208325138316
134,mt-bench,Qwen/Qwen3-4B,mgoin/Qwen3-4B-speculator.dflash2,0.0,8,dflash2,,48,810,37.19152799749281,20.655079290116664,48.41424164750092,16.730614224994497,313,2.584664536741214,1.5878594249201279,2.584664536741214,0.04153354632587859,0.9968051118210862,1.74887064791533,False,0.2012187049986096,3.928576954967866,0.0,0.0,12.5546582379975
134,mt-bench,Qwen/Qwen3-4B,mgoin/Qwen3-4B-speculator.dflash2,0.0,8,dflash2_unary_k16_tb8,8,48,835,37.131277000298724,18.726749738919185,53.399549518287905,15.636836031997518,279,2.989247311827957,1.992831541218638,2.989247311827957,0.03225806451612903,0.996415770609319,1.9289552327265571,False,0.5522031329819583,3.876523502105556,0.20984354701795382,0.06513460391579429,10.888753585015365
134,mt-bench,Qwen/Qwen3-4B,mgoin/Qwen3-4B-speculator.dflash2,0.0,8,dflash2_unary_k16_tb16,16,48,747,37.194147997070104,17.70204052208791,56.49066268672469,13.223424269999668,236,3.1610169491525424,2.1610169491525424,3.1610169491525424,0.046610169491525424,1,2.040615705052528,False,0.46860213000763906,3.2755333320092177,0.23752531596983317,0.05501872507011285,9.148700158970314
134,mt-bench,Qwen/Qwen3-4B,mgoin/Qwen3-4B-speculator.dflash2,0.0,8,dflash2_unary_k16_tb32,32,48,837,37.241808997350745,16.274471866189316,61.44592636996895,13.621732952000459,239,3.497907949790795,2.502092050209205,3.497907949790795,0.04602510460251046,0.99581589958159,2.219615001817389,False,0.48162251499888953,3.35256892003963,0.37618032496538945,0.057093637020443566,9.314004362007836
134,mt-bench,Qwen/Qwen3-4B,mgoin/Qwen3-4B-speculator.dflash2,0.0,8,dflash2_unary_k16_tb64,64,48,710,37.24821999639971,15.84552460421626,63.109302151720165,11.250322468993545,191,3.712041884816754,2.717277486910995,3.712041884816754,0.07329842931937172,0.9947643979057592,2.2797012281459605,False,0.3910612199906609,2.695676931027265,0.5172378040078911,0.04719015604496235,7.5651048000581795
134,mt-bench,Qwen/Qwen3-4B,mgoin/Qwen3-4B-speculator.dflash2,0.0,8,dflash2_pairwise_k16_tb8,8,48,797,37.12080699915532,18.123979112925433,55.17552154354628,14.444811353001569,254,3.1338582677165356,2.1377952755905514,3.1338582677165356,0.03937007874015748,0.9960629921259843,1.9931087801291414,False,0.510335709019273,3.569102955996641,0.2541275599578512,0.061293987011595163,10.008780206000665
134,mt-bench,Qwen/Qwen3-4B,mgoin/Qwen3-4B-speculator.dflash2,0.0,8,dflash2_pairwise_k16_tb16,16,48,832,37.33745200588601,16.13562823677757,61.97465542250923,13.424842692998936,238,3.491596638655462,2.495798319327731,3.491596638655462,0.05042016806722689,0.9957983193277311,2.2387143141110784,False,0.4729528060197481,3.3168539740654523,0.29411315096513135,0.05607799196150154,9.246117997005058
134,mt-bench,Qwen/Qwen3-4B,mgoin/Qwen3-4B-speculator.dflash2,0.0,8,dflash2_pairwise_k16_tb32,32,48,765,37.08488499978557,14.561215526790715,68.67558536992547,11.139329877994896,196,3.8979591836734695,2.8979591836734695,3.8979591836734695,0.08673469387755102,1,2.480772421394847,False,0.39037546407053014,2.7321635960106505,0.3503811550035607,0.04642415599664673,7.5874264540252625
134,mt-bench,Qwen/Qwen3-4B,mgoin/Qwen3-4B-speculator.dflash2,0.0,8,dflash2_pairwise_k16_tb64,64,48,715,37.14280900021549,14.035473700697855,71.24804059518698,10.035363695998967,172,4.151162790697675,3.1569767441860463,4.151162790697675,0.12209302325581395,0.9941860465116279,2.5736973807341306,False,0.34421731301699765,2.390876967998338,0.4869262330394122,0.04068477098917356,6.742802700035099
135,mt-bench,Qwen/Qwen3-4B,mgoin/Qwen3-4B-speculator.dflash2,0.0,8,baseline,,792,730,52.1794879969093,35.857085213691086,27.888491048295705,26.17567220599449,729,1,,,,,1.0,True,0.1793857100637979,0.0,0.0,0.0,25.87763636303862
135,mt-bench,Qwen/Qwen3-4B,mgoin/Qwen3-4B-speculator.dflash2,0.0,8,dflash2,,896,822,54.07743300020229,15.966096169101354,62.63271806763047,13.124131051001312,246,3.33739837398374,2.341463414634146,3.33739837398374,0.07317073170731707,0.9959349593495935,2.245826708916115,,0.15643669805285754,3.0855482099432265,0.0,0.0,9.845976023971161
135,mt-bench,Qwen/Qwen3-4B,mgoin/Qwen3-4B-speculator.dflash2,0.0,8,dflash2_unary_k16_tb8,8,921,1129,56.97433100431226,13.455518039859935,74.31895204908881,15.191279867001867,271,4.162361623616236,3.1660516605166054,4.162361623616236,0.14760147601476015,0.996309963099631,2.6648609966163987,,0.538099467063148,3.768383321017609,0.20234032408188796,0.0635387229922344,10.575956796019454
135,mt-bench,Qwen/Qwen3-4B,mgoin/Qwen3-4B-speculator.dflash2,0.0,8,dflash2_unary_k16_tb16,16,833,902,53.75430599815445,12.438961872507036,80.3925609105877,11.219943609001348,200,4.505,3.505,4.505,0.21,1,2.882642907117794,,0.3985805690099369,2.7830556739427266,0.20165697901393287,0.046883132941729855,7.757193523022579
135,mt-bench,Qwen/Qwen3-4B,mgoin/Qwen3-4B-speculator.dflash2,0.0,8,dflash2_unary_k16_tb32,32,923,906,57.06304199702572,13.87960074172498,72.04818197643041,12.574918272002833,222,4.076576576576577,3.081081081081081,4.076576576576577,0.11711711711711711,0.9954954954954955,2.5834378006203873,,0.44411816795764025,3.0988986010997905,0.3415880479515181,0.0524605060563772,8.600821533997077
135,mt-bench,Qwen/Qwen3-4B,mgoin/Qwen3-4B-speculator.dflash2,0.0,8,dflash2_unary_k16_tb64,64,796,796,52.351484999235254,13.051669927130087,76.61854809255728,10.38912926199555,179,4.441340782122905,3.446927374301676,4.441340782122905,0.12290502793296089,0.994413407821229,2.7473178079041145,,0.359768515038013,2.4960111409964156,0.45444591294653947,0.04271088606037665,7.005149712931598
135,mt-bench,Qwen/Qwen3-4B,mgoin/Qwen3-4B-speculator.dflash2,0.0,8,dflash2_pairwise_k16_tb8,8,883,823,54.62101800367236,14.192786394894778,70.45832806725713,11.680663202998403,207,3.971014492753623,2.975845410628019,3.971014492753623,0.06763285024154589,0.9951690821256038,2.526430273521841,,0.41312789905350655,2.884937820977939,0.19554170498304302,0.04920676297479076,8.10445534192695
135,mt-bench,Qwen/Qwen3-4B,mgoin/Qwen3-4B-speculator.dflash2,0.0,8,dflash2_pairwise_k16_tb16,16,918,962,56.97361299826298,13.08159223908528,76.44329388376687,12.58449173400004,223,4.309417040358745,3.31390134529148,4.309417040358745,0.11210762331838565,0.9955156950672646,2.741033702805459,,0.4457556540291989,3.1115498590443167,0.2729198229571921,0.05302832896268228,8.665099660931446
135,mt-bench,Qwen/Qwen3-4B,mgoin/Qwen3-4B-speculator.dflash2,0.0,8,dflash2_pairwise_k16_tb32,32,851,822,53.99764400499407,11.438353897806769,87.42516702440406,9.402326903997164,166,4.945783132530121,3.9518072289156625,4.945783132530121,0.2469879518072289,0.9939759036144579,3.134811663815232,,0.3317734159572865,2.307947738983785,0.2872094190388452,0.039282714009459596,6.408519646982313
135,mt-bench,Qwen/Qwen3-4B,mgoin/Qwen3-4B-speculator.dflash2,0.0,8,dflash2_pairwise_k16_tb64,64,801,803,52.307824000308756,12.199016123285064,81.97382394562412,9.795809946997906,167,4.802395209580839,3.808383233532934,4.802395209580839,0.2155688622754491,0.9940119760479041,2.9393423905103546,,0.33795610302331625,2.336760228034109,0.4711365750263212,0.04042970701266313,6.580220837000525
136,mt-bench,Qwen/Qwen3-4B,mgoin/Qwen3-4B-speculator.dflash2,0.0,8,baseline,,44,990,39.53977600031067,36.19849220404197,27.62546004301082,35.83650728200155,989,1,,,,,1.0,True,0.24600743597693508,0.0,0.0,0.0,35.42789910805732
136,mt-bench,Qwen/Qwen3-4B,mgoin/Qwen3-4B-speculator.dflash2,0.0,8,dflash2,,44,868,37.239315002807416,19.78158064746587,50.55207760296474,17.170412002000376,320,2.709375,1.7125,2.709375,0.046875,0.996875,1.8299089870090437,False,0.20907521800836548,4.032070104985905,0.0,0.0,12.88182050306932
136,mt-bench,Qwen/Qwen3-4B,mgoin/Qwen3-4B-speculator.dflash2,0.0,8,dflash2_unary_k16_tb8,8,44,977,37.19283299869858,18.276477726714965,54.71513794686418,17.85611873900052,317,3.078864353312303,2.082018927444795,3.078864353312303,0.03785488958990536,0.9968454258675079,1.9806054944126439,False,0.6315553279491724,4.426257093982713,0.24160991401731735,0.07487703203514684,12.431224325031508
136,mt-bench,Qwen/Qwen3-4B,mgoin/Qwen3-4B-speculator.dflash2,0.0,8,dflash2_unary_k16_tb16,16,44,980,37.274135000188835,16.53936616632415,60.46180911310271,16.208578842997667,287,3.4111498257839723,2.4146341463414633,3.4111498257839723,0.059233449477351915,0.9965156794425087,2.188626325822922,False,0.5753634229477029,4.019121248893498,0.2989487439772347,0.06849372509168461,11.199885457957862
136,mt-bench,Qwen/Qwen3-4B,mgoin/Qwen3-4B-speculator.dflash2,0.0,8,dflash2_unary_k16_tb32,32,44,975,37.78433700063033,15.64565600615401,63.91550470026079,15.254514606000159,268,3.6343283582089554,2.638059701492537,3.6343283582089554,0.05223880597014925,0.996268656716418,2.313644898609798,False,0.5378013200461282,3.7568396219649003,0.4225808199553285,0.06412175795412622,10.428279649968317
136,mt-bench,Qwen/Qwen3-4B,mgoin/Qwen3-4B-speculator.dflash2,0.0,8,dflash2_unary_k16_tb64,64,44,959,37.26053600257728,15.825632588113137,63.18862733810177,15.176781652000498,260,3.6846153846153844,2.6884615384615387,3.6846153846153844,0.06153846153846154,0.9961538461538462,2.28733303408239,False,0.5232490650378168,3.6417747800369398,0.6770809839872527,0.062391382991336286,10.22690408201015
136,mt-bench,Qwen/Qwen3-4B,mgoin/Qwen3-4B-speculator.dflash2,0.0,8,dflash2_pairwise_k16_tb8,8,44,963,37.26197599462466,17.844556298031414,56.03949929034204,17.184307715004252,306,3.1437908496732025,2.1437908496732025,3.1437908496732025,0.032679738562091505,1,2.028545378179862,False,0.6045956029702211,4.249381522946351,0.28276184495189227,0.07150033208745299,11.927225641920813
136,mt-bench,Qwen/Qwen3-4B,mgoin/Qwen3-4B-speculator.dflash2,0.0,8,dflash2_pairwise_k16_tb16,16,44,991,37.02649000479141,15.539049551962979,64.35400033032744,15.39919810599531,274,3.613138686131387,2.616788321167883,3.613138686131387,0.06204379562043796,0.9963503649635036,2.3295177792562725,False,0.5433516130360658,3.810296950941847,0.3282365829363698,0.06371320397011004,10.609402863985451
136,mt-bench,Qwen/Qwen3-4B,mgoin/Qwen3-4B-speculator.dflash2,0.0,8,dflash2_pairwise_k16_tb32,32,44,923,37.16362299746834,14.663321712895076,68.19737161741392,13.534245941002155,239,3.8577405857740588,2.8619246861924688,3.8577405857740588,0.07112970711297072,0.99581589958159,2.468642024829111,False,0.47580552602448734,3.3213691640630714,0.41513258300255984,0.05600027308537392,9.226739422061655
136,mt-bench,Qwen/Qwen3-4B,mgoin/Qwen3-4B-speculator.dflash2,0.0,8,dflash2_pairwise_k16_tb64,64,44,956,37.112842001079116,13.999909688285408,71.42903220559786,13.38391366200085,230,4.1521739130434785,3.1565217391304348,4.1521739130434785,0.08695652173913043,0.9956521739130435,2.585623265436597,False,0.4591272489124094,3.197466272082238,0.6434242599789286,0.054152963930391707,8.990162925954792
137,mt-bench,Qwen/Qwen3-4B,mgoin/Qwen3-4B-speculator.dflash2,0.0,8,baseline,,1060,880,66.11930500366725,35.93426522954608,27.828591836011004,31.622153402000546,879,1,,,,,1.0,True,0.21707865296775708,0.0,0.0,0.0,31.261559781851247
137,mt-bench,Qwen/Qwen3-4B,mgoin/Qwen3-4B-speculator.dflash2,0.0,8,dflash2,,938,939,57.261850000941195,17.721821358887055,56.42760863846112,16.640790255994943,313,2.9968051118210863,2,2.9968051118210863,0.04472843450479233,0.9968051118210862,2.0276846550834873,,0.20013999588263687,3.9113709709999966,0.0,0.0,12.483663681065082
137,mt-bench,Qwen/Qwen3-4B,mgoin/Qwen3-4B-speculator.dflash2,0.0,8,dflash2_unary_k16_tb8,8,1047,847,65.90279999363702,15.804173357732793,63.27442615090728,13.386134833999675,243,3.4814814814814814,2.48559670781893,3.4814814814814814,0.00823045267489712,0.9958847736625515,2.273720011554029,,0.4816182950089569,3.370759641082259,0.18341107001469936,0.05631740098760929,9.25564361702709
137,mt-bench,Qwen/Qwen3-4B,mgoin/Qwen3-4B-speculator.dflash2,0.0,8,dflash2_unary_k16_tb16,16,1050,979,65.89272999553941,15.51286330133207,64.46263211216018,15.187093172004097,272,3.5955882352941178,2.599264705882353,3.5955882352941178,0.025735294117647058,0.9963235294117647,2.3164173197130182,,0.5384871579808532,3.7682338970553246,0.2737720451041241,0.06352166299620876,10.499538842981565
137,mt-bench,Qwen/Qwen3-4B,mgoin/Qwen3-4B-speculator.dflash2,0.0,8,dflash2_unary_k16_tb32,32,1045,764,65.81631799781462,14.15674392015212,70.63771200780855,10.81575235499622,192,3.9739583333333335,2.9739583333333335,3.9739583333333335,0.052083333333333336,1,2.538314278496884,,0.38181284201709786,2.6635079340121592,0.2925522150180768,0.0446203139872523,7.4017667079824605
137,mt-bench,Qwen/Qwen3-4B,mgoin/Qwen3-4B-speculator.dflash2,0.0,8,dflash2_unary_k16_tb64,64,1029,833,65.43673799751559,14.047165356541084,71.18873983599462,11.701288741998724,202,4.118811881188119,3.123762376237624,4.118811881188119,0.06435643564356436,0.995049504950495,2.5581150586237835,,0.40332698094425723,2.8074665739914053,0.516298165981425,0.047482881040195934,7.89176265396236
137,mt-bench,Qwen/Qwen3-4B,mgoin/Qwen3-4B-speculator.dflash2,0.0,8,dflash2_pairwise_k16_tb8,8,1033,831,65.52641100279288,15.778733541512084,63.37644256233314,13.112127572996542,234,3.547008547008547,2.547008547008547,3.547008547008547,0.021367521367521368,1,2.277385896339972,,0.46309243301220704,3.245087524941482,0.21431065204524202,0.0546989850117825,9.097547240955464
137,mt-bench,Qwen/Qwen3-4B,mgoin/Qwen3-4B-speculator.dflash2,0.0,8,dflash2_pairwise_k16_tb16,16,1061,831,66.14923500455916,14.897191861609224,67.12674504629614,12.379566436997266,221,3.755656108597285,2.760180995475113,3.755656108597285,0.03167420814479638,0.995475113122172,2.4121502604897236,,0.43782371695851907,3.059920725019765,0.2627904990440584,0.05165501993178623,8.531860223003605
137,mt-bench,Qwen/Qwen3-4B,mgoin/Qwen3-4B-speculator.dflash2,0.0,8,dflash2_pairwise_k16_tb32,32,993,809,58.4719880062039,13.409932939430966,74.57158842752824,10.848635747999651,192,4.208333333333333,3.2135416666666665,4.208333333333333,0.08333333333333333,0.9947916666666666,2.6796752371433485,,0.38186573306302307,2.6602389990657684,0.33164126696647145,0.04492177499196259,7.3984770890456275
137,mt-bench,Qwen/Qwen3-4B,mgoin/Qwen3-4B-speculator.dflash2,0.0,8,dflash2_pairwise_k16_tb64,64,1026,790,65.37728800321929,12.863459749367602,77.73958324463699,10.162133202000405,174,4.5344827586206895,3.5402298850574714,4.5344827586206895,0.08045977011494253,0.9942528735632183,2.7935148031471617,,0.3511252579264692,2.4331427099677967,0.48539576002804097,0.04113089902966749,6.821123451991298
138,mt-bench,Qwen/Qwen3-4B,mgoin/Qwen3-4B-speculator.dflash2,0.0,8,baseline,,32,291,38.571684002818074,35.853233288653925,27.891487273937408,10.433290886998293,290,1,,,,,1.0,True,0.07100225894828327,0.0,0.0,0.0,10.31503623403114
138,mt-bench,Qwen/Qwen3-4B,mgoin/Qwen3-4B-speculator.dflash2,0.0,8,dflash2,,32,302,37.181662999500986,23.26338930131728,42.98599774295895,7.0255435689978185,131,2.2977099236641223,1.3053435114503817,2.2977099236641223,0.03816793893129771,0.9923664122137404,1.5411870052238583,False,0.08453324702713871,1.6424927600455703,0.0,0.0,5.279248366001411
138,mt-bench,Qwen/Qwen3-4B,mgoin/Qwen3-4B-speculator.dflash2,0.0,8,dflash2_unary_k16_tb8,8,32,281,37.42149900062941,21.000332480417256,47.618293707135194,5.9010934269972495,105,2.6666666666666665,1.6666666666666667,2.6666666666666665,0.02857142857142857,1,1.7072697930895593,False,0.20848580700112507,1.456911392051552,0.08019374898867682,0.024436809959297534,4.114528387966857
138,mt-bench,Qwen/Qwen3-4B,mgoin/Qwen3-4B-speculator.dflash2,0.0,8,dflash2_unary_k16_tb16,16,32,295,40.862269001081586,20.571442894929607,48.61107726412702,6.068575654004235,107,2.7476635514018692,1.7570093457943925,2.7476635514018692,0.028037383177570093,0.9906542056074766,1.7428642935635268,False,0.21397094300482422,1.493835585009947,0.10974508099025115,0.024993455008370802,4.208674637033255
138,mt-bench,Qwen/Qwen3-4B,mgoin/Qwen3-4B-speculator.dflash2,0.0,8,dflash2_unary_k16_tb32,32,32,303,37.30633600207511,18.63229612541491,53.67025047632081,5.645585726000718,99,3.0505050505050506,2.0606060606060606,3.0505050505050506,0.030303030303030304,0.98989898989899,1.9242520109880195,False,0.19845096296921838,1.3828728899970884,0.15315990692033665,0.023445261009328533,3.871129247985664
138,mt-bench,Qwen/Qwen3-4B,mgoin/Qwen3-4B-speculator.dflash2,0.0,8,dflash2_unary_k16_tb64,64,32,291,48.20247900352115,16.76810760483269,59.63702187310587,4.879519313006313,84,3.4523809523809526,2.4642857142857144,3.4523809523809526,0.05952380952380952,0.9880952380952381,2.138180057857022,True,0.1692624679999426,1.1615401359958923,0.21473018498363672,0.01964457998110447,3.299918182005058
138,mt-bench,Qwen/Qwen3-4B,mgoin/Qwen3-4B-speculator.dflash2,0.0,8,dflash2_pairwise_k16_tb8,8,32,280,43.65756300103385,19.91991759641678,50.20101088068162,5.577576926996699,99,2.8181818181818183,1.8282828282828283,2.8181818181818183,0.030303030303030304,0.98989898989899,1.7998685544313322,False,0.19620659203792457,1.3707683850079775,0.09225901700119721,0.023122534978028852,3.8796027520511416
138,mt-bench,Qwen/Qwen3-4B,mgoin/Qwen3-4B-speculator.dflash2,0.0,8,dflash2_pairwise_k16_tb16,16,32,256,37.33375600131694,18.04161080860922,55.42742333865295,4.6186523670039605,82,3.1097560975609757,2.1219512195121952,3.1097560975609757,0.024390243902439025,0.9878048780487805,1.9872523395497053,False,0.16246443603449734,1.13360231200204,0.09902278102526907,0.019098332049907185,3.191375522997987
138,mt-bench,Qwen/Qwen3-4B,mgoin/Qwen3-4B-speculator.dflash2,0.0,8,dflash2_pairwise_k16_tb32,32,32,304,37.26451499824179,17.921411381561676,55.799176678062494,5.448109059994749,96,3.15625,2.1666666666666665,3.15625,0.041666666666666664,0.9895833333333334,2.000580898753392,False,0.19092736003221944,1.3308701459754957,0.16724266800883925,0.022658920010144357,3.7205922150678816
138,mt-bench,Qwen/Qwen3-4B,mgoin/Qwen3-4B-speculator.dflash2,0.0,8,dflash2_pairwise_k16_tb64,64,32,256,37.4553889996605,15.283932925797217,65.42818558907275,3.9126868290040875,67,3.8059701492537314,2.8208955223880596,3.8059701492537314,0.07462686567164178,0.9850746268656716,2.3458120015783703,False,0.13390333201095928,0.926164673997846,0.18948390700825257,0.01582021297508618,2.6358478269394254
139,mt-bench,Qwen/Qwen3-4B,mgoin/Qwen3-4B-speculator.dflash2,0.0,8,baseline,,347,525,37.10253199824365,35.96465710666962,27.805075328093444,18.88144498100155,524,1,,,,,1.0,True,0.12847045501257526,0.0,0.0,0.0,18.667993930990633
139,mt-bench,Qwen/Qwen3-4B,mgoin/Qwen3-4B-speculator.dflash2,0.0,8,dflash2,,358,558,36.790573998587206,19.96102478674842,50.09762828729478,11.138251831005618,209,2.665071770334928,1.6698564593301435,2.665071770334928,0.014354066985645933,0.9952153110047847,1.8017440232099493,,0.13543177706742426,2.6127236490137875,0.0,0.0,8.359667240038107
139,mt-bench,Qwen/Qwen3-4B,mgoin/Qwen3-4B-speculator.dflash2,0.0,8,dflash2_unary_k16_tb8,8,337,570,37.072170998726506,18.351383584210947,54.49180414169829,10.46028864300024,187,3.0427807486631018,2.0481283422459895,3.0427807486631018,0.0053475935828877,0.9946524064171123,1.9597790510799784,,0.3700468300230568,2.5886179620138137,0.13989149102417286,0.04313000399270095,7.2892273789912
139,mt-bench,Qwen/Qwen3-4B,mgoin/Qwen3-4B-speculator.dflash2,0.0,8,dflash2_unary_k16_tb16,16,351,569,37.03400099766441,16.449963217929557,60.79040948310783,9.360029071001918,170,3.3411764705882354,2.347058823529412,3.3411764705882354,0.011764705882352941,0.9941176470588236,2.1863062324340103,,0.336630080055329,2.350725436968787,0.17110802099341527,0.039439717038476374,6.435082758034696
139,mt-bench,Qwen/Qwen3-4B,mgoin/Qwen3-4B-speculator.dflash2,0.0,8,dflash2_unary_k16_tb32,32,359,564,36.867686998448335,15.901581088662253,62.886828323819636,8.96849173400551,161,3.4968944099378882,2.4968944099378882,3.4968944099378882,0.024844720496894408,1,2.261703217192172,,0.32219570702000055,2.2386679600094794,0.24785763697582297,0.037439748040924314,6.095795494962658
139,mt-bench,Qwen/Qwen3-4B,mgoin/Qwen3-4B-speculator.dflash2,0.0,8,dflash2_unary_k16_tb64,64,347,604,37.0229489999474,15.342620334436015,65.17791473699785,9.266942681999353,160,3.76875,2.775,3.76875,0.03125,0.99375,2.3441013544438762,,0.3201166300714249,2.220708016997378,0.40856100898236036,0.03739737305295421,6.252320189945749
139,mt-bench,Qwen/Qwen3-4B,mgoin/Qwen3-4B-speculator.dflash2,0.0,8,dflash2_pairwise_k16_tb8,8,336,560,37.01296899816953,17.029850042854378,58.720423109045164,9.536716023998451,170,3.288235294117647,2.2941176470588234,3.288235294117647,0,0.9941176470588236,2.1118598822753682,,0.33656937201158144,2.35204640597658,0.1562635050577228,0.03951830298319692,6.625443301003543
139,mt-bench,Qwen/Qwen3-4B,mgoin/Qwen3-4B-speculator.dflash2,0.0,8,dflash2_pairwise_k16_tb16,16,312,525,36.98544899816625,15.074120710473618,66.33886109888931,7.91391337299865,141,3.7163120567375887,2.7163120567375887,3.7163120567375887,0,1,2.3858543922685382,,0.279598659981275,1.952814287993533,0.16833223497815197,0.03267156299989438,5.457818913026131
139,mt-bench,Qwen/Qwen3-4B,mgoin/Qwen3-4B-speculator.dflash2,0.0,8,dflash2_pairwise_k16_tb32,32,360,550,36.916937002388295,14.698883107273353,68.03237992315051,8.084385709000344,143,3.839160839160839,2.8461538461538463,3.839160839160839,0.04195804195804196,0.993006993006993,2.446761216086783,,0.2839822220412316,1.9794288980119745,0.2480281968964846,0.03341427692794241,5.516129159972479
139,mt-bench,Qwen/Qwen3-4B,mgoin/Qwen3-4B-speculator.dflash2,0.0,8,dflash2_pairwise_k16_tb64,64,312,633,36.890727998979855,13.78743937914692,72.52978399400757,8.727449127,150,4.213333333333333,3.22,4.213333333333333,0.06666666666666667,0.9933333333333333,2.608508811365297,,0.2998350050402223,2.080333107005572,0.4208877640485298,0.03516076299274573,5.865379642964399
140,mt-bench,Qwen/Qwen3-4B,mgoin/Qwen3-4B-speculator.dflash2,0.0,8,baseline,,40,1139,38.361671002348885,36.05211423880676,27.737624300646218,41.0633581180009,1138,1,,,,,1.0,True,0.2783364790157066,0.0,0.0,0.0,40.599933170909935
140,mt-bench,Qwen/Qwen3-4B,mgoin/Qwen3-4B-speculator.dflash2,0.0,8,dflash2,,40,1117,36.84182699362282,16.580123921218238,60.31318009151069,18.519998420000775,347,3.2161383285302594,2.2190201729106627,3.2161383285302594,0.07492795389048991,0.9971181556195965,2.174417658764869,False,0.2202434079372324,4.349997922072362,0.0,0.0,13.898957234981935
140,mt-bench,Qwen/Qwen3-4B,mgoin/Qwen3-4B-speculator.dflash2,0.0,8,dflash2_unary_k16_tb8,8,40,1105,36.80865500064101,16.574715025338705,60.33286234310777,18.31506010299927,327,3.376146788990826,2.379204892966361,3.376146788990826,0.03363914373088685,0.9969418960244648,2.175127245547924,False,0.6469276239586179,4.540494725944882,0.24496338389872108,0.07583678903756663,12.75515986096434
140,mt-bench,Qwen/Qwen3-4B,mgoin/Qwen3-4B-speculator.dflash2,0.0,8,dflash2_unary_k16_tb16,16,40,1105,36.86818700225558,15.762661269683404,63.441063846453204,17.417740703000163,311,3.54983922829582,2.54983922829582,3.54983922829582,0.06109324758842444,1,2.2871844812237643,False,0.6155140279806801,4.317627448021085,0.3132463670699508,0.07220936504018027,12.049053680937504
140,mt-bench,Qwen/Qwen3-4B,mgoin/Qwen3-4B-speculator.dflash2,0.0,8,dflash2_unary_k16_tb32,32,40,1138,36.83546400134219,14.036179007030153,71.2444604403478,15.973171710000315,283,4.017667844522968,3.021201413427562,4.017667844522968,0.1166077738515901,0.9964664310954063,2.5685134266775678,False,0.5620554800480022,3.9357819799988647,0.4293692260471289,0.06585070797882508,10.93345620096079
140,mt-bench,Qwen/Qwen3-4B,mgoin/Qwen3-4B-speculator.dflash2,0.0,8,dflash2_unary_k16_tb64,64,40,1206,36.74506400420796,13.697186339968795,73.00769480531709,16.518806726002367,285,4.228070175438597,3.231578947368421,4.228070175438597,0.14385964912280702,0.9964912280701754,2.632081753433231,False,0.5685566449974431,3.9689081069955137,0.7181862619909225,0.06632441001420375,11.147578463962418
140,mt-bench,Qwen/Qwen3-4B,mgoin/Qwen3-4B-speculator.dflash2,0.0,8,dflash2_pairwise_k16_tb8,8,40,1372,36.996978997194674,15.258383833815836,65.5377404901682,20.934502619995328,372,3.685483870967742,2.6881720430107525,3.685483870967742,0.05913978494623656,0.9973118279569892,2.3627741071048156,False,0.7377888919436373,5.176187379045587,0.3415352459414862,0.08661334412317956,14.533067523989303
140,mt-bench,Qwen/Qwen3-4B,mgoin/Qwen3-4B-speculator.dflash2,0.0,8,dflash2_pairwise_k16_tb16,16,40,1099,37.30882600211771,14.961465520467693,66.83837212550955,16.442650606993993,292,3.76027397260274,2.7636986301369864,3.76027397260274,0.0547945205479452,0.9965753424657534,2.409664627404748,False,0.5789469669834943,4.065703542888514,0.3474800349576981,0.06793326702609193,11.33537042599346
140,mt-bench,Qwen/Qwen3-4B,mgoin/Qwen3-4B-speculator.dflash2,0.0,8,dflash2_pairwise_k16_tb32,32,40,1215,36.96413800207665,12.661983818103225,78.97656594460888,15.38431033899542,271,4.479704797047971,3.4833948339483394,4.479704797047971,0.1033210332103321,0.996309963099631,2.847272177623695,False,0.5390935010509565,3.7778623400445213,0.46693037100340007,0.06364460396434879,10.49169247203099
140,mt-bench,Qwen/Qwen3-4B,mgoin/Qwen3-4B-speculator.dflash2,0.0,8,dflash2_pairwise_k16_tb64,64,40,1139,37.05800900206668,12.850239867425959,77.8195590367848,14.636423208998167,251,4.53386454183267,3.537848605577689,4.53386454183267,0.12350597609561753,0.9960159362549801,2.8055596324077325,False,0.502642071005539,3.4991370129719144,0.6981694020651048,0.05893367099633906,9.834314211933815
141,mt-bench,Qwen/Qwen3-4B,mgoin/Qwen3-4B-speculator.dflash2,0.0,8,baseline,,1198,425,69.13819599867566,36.02182483764516,27.76094782835473,15.309275555999195,424,1,,,,,1.0,True,0.10321959696011618,0.0,0.0,0.0,15.136992888030363
141,mt-bench,Qwen/Qwen3-4B,mgoin/Qwen3-4B-speculator.dflash2,0.0,8,dflash2,,1176,450,68.76604600256542,18.558374346660763,53.88402999748368,8.351268455997342,157,2.859872611464968,1.8662420382165605,2.859872611464968,0.05732484076433121,0.9936305732484076,1.9410010901157746,,0.09983895099139772,1.9582232820321224,0.0,0.0,6.270213757030433
141,mt-bench,Qwen/Qwen3-4B,mgoin/Qwen3-4B-speculator.dflash2,0.0,8,dflash2_unary_k16_tb8,8,1164,516,68.57022199983476,18.24452387404034,54.810967219751575,9.414174319004815,168,3.0654761904761907,2.0714285714285716,3.0654761904761907,0.017857142857142856,0.9940476190476191,1.974391060371802,,0.33267401593911927,2.3316179939793074,0.12566023897670675,0.038962768943747506,6.558802648047276
141,mt-bench,Qwen/Qwen3-4B,mgoin/Qwen3-4B-speculator.dflash2,0.0,8,dflash2_unary_k16_tb16,16,1164,501,68.61956299690064,15.421528532933662,64.84441525134399,7.726185794999765,138,3.6231884057971016,2.630434782608696,3.6231884057971016,0.057971014492753624,0.9927536231884058,2.3358141678834397,,0.27444908005418256,1.909714258974418,0.1395227829925716,0.0319864430493908,5.348456334970251
141,mt-bench,Qwen/Qwen3-4B,mgoin/Qwen3-4B-speculator.dflash2,0.0,8,dflash2_unary_k16_tb32,32,1197,480,69.07444300304633,14.468220906246643,69.11699831513154,6.9447460349983885,123,3.894308943089431,2.902439024390244,3.894308943089431,0.10569105691056911,0.991869918699187,2.4897204066114837,,0.24518133399396902,1.7068507809672155,0.18815383502078475,0.028740207009832375,4.755668779973348
141,mt-bench,Qwen/Qwen3-4B,mgoin/Qwen3-4B-speculator.dflash2,0.0,8,dflash2_unary_k16_tb64,64,1265,348,70.41519499762217,15.63617501724575,63.954259842772345,5.441388906001521,94,3.6914893617021276,2.702127659574468,3.6914893617021276,0.0425531914893617,0.9893617021276596,2.3037491456775894,,0.18805625000823056,1.3005460040076287,0.24040844400587957,0.021931897972535808,3.6744600769743556
141,mt-bench,Qwen/Qwen3-4B,mgoin/Qwen3-4B-speculator.dflash2,0.0,8,dflash2_pairwise_k16_tb8,8,1431,622,87.15073299390497,16.849267680060017,59.34976041620095,10.48024449699733,189,3.2857142857142856,2.2857142857142856,3.2857142857142856,0.031746031746031744,1,2.1378866738685973,,0.37541740391316125,2.626728551025735,0.17319099698215723,0.044035950959369075,7.230791165951814
141,mt-bench,Qwen/Qwen3-4B,mgoin/Qwen3-4B-speculator.dflash2,0.0,8,dflash2_pairwise_k16_tb16,16,1158,379,68.40710799588123,14.517558751989336,68.88210456616684,5.502154767003958,98,3.857142857142857,2.86734693877551,3.857142857142857,0.05102040816326531,0.9897959183673469,2.48125910513082,,0.19481347703549545,1.357222335987899,0.11717026401311159,0.022854605020256713,3.794445212071878
141,mt-bench,Qwen/Qwen3-4B,mgoin/Qwen3-4B-speculator.dflash2,0.0,8,dflash2_pairwise_k16_tb32,32,1274,463,70.58571800007485,12.580310416838595,79.48929452976869,5.824683722996269,103,4.485436893203883,3.495145631067961,4.485436893203883,0.11650485436893204,0.9902912621359223,2.8633494440193132,,0.20517336303601041,1.425007441015623,0.17814320303295972,0.02405483198526781,3.975404988050286
141,mt-bench,Qwen/Qwen3-4B,mgoin/Qwen3-4B-speculator.dflash2,0.0,8,dflash2_pairwise_k16_tb64,64,1198,436,69.00620100350352,14.407817188071899,69.40676626768217,6.281808293999347,108,4.027777777777778,3.037037037037037,4.027777777777778,0.06481481481481481,0.9907407407407407,2.500158377041826,,0.21614412200142397,1.4981785510244663,0.3037545449769823,0.025359895029396284,4.219844147017284
142,mt-bench,Qwen/Qwen3-4B,mgoin/Qwen3-4B-speculator.dflash2,0.0,8,baseline,,26,782,39.31655299675185,36.53994405115269,27.367310650505885,28.574236248001398,781,1,,,,,1.0,True,0.19290130308945663,0.0,0.0,0.0,28.25269962395396
142,mt-bench,Qwen/Qwen3-4B,mgoin/Qwen3-4B-speculator.dflash2,0.0,8,dflash2,,26,845,37.82507899450138,20.110859678105516,49.72437856988727,16.993676427999162,314,2.6878980891719744,1.6910828025477707,2.6878980891719744,0.04777070063694268,0.9968152866242038,1.8169260109220162,False,0.2027703029816621,3.993173084956652,0.0,0.0,12.751268921048904
142,mt-bench,Qwen/Qwen3-4B,mgoin/Qwen3-4B-speculator.dflash2,0.0,8,dflash2_unary_k16_tb8,8,26,915,37.846227998670656,18.06175323934619,55.36561078808087,16.52650421400176,291,3.140893470790378,2.1443298969072164,3.140893470790378,0.03436426116838488,0.9965635738831615,2.0230563205543706,False,0.5823491949704476,4.097189846004767,0.2194473579802434,0.068802879031864,11.51221044499107
142,mt-bench,Qwen/Qwen3-4B,mgoin/Qwen3-4B-speculator.dflash2,0.0,8,dflash2_unary_k16_tb16,16,26,839,37.72744600428268,16.44425419070708,60.81151436865507,13.79672926600324,243,3.448559670781893,2.448559670781893,3.448559670781893,0.0411522633744856,1,2.222049332696524,False,0.486309534033353,3.4207350810756907,0.24606269697687821,0.056799195022904314,9.547390236948559
142,mt-bench,Qwen/Qwen3-4B,mgoin/Qwen3-4B-speculator.dflash2,0.0,8,dflash2_unary_k16_tb32,32,26,864,37.79884699906688,15.887230585652407,62.94363228435103,13.726567226003679,240,3.595833333333333,2.6,3.595833333333333,0.05416666666666667,0.9958333333333333,2.2999568020465144,False,0.48168916800932493,3.3819797060496057,0.36738962403615005,0.056305395024537574,9.399630439984321
142,mt-bench,Qwen/Qwen3-4B,mgoin/Qwen3-4B-speculator.dflash2,0.0,8,dflash2_unary_k16_tb64,64,26,995,37.78145799878985,15.127349616080727,66.10543323048319,15.051712868000322,256,3.8828125,2.88671875,3.8828125,0.07421875,0.99609375,2.4154888317190655,False,0.5171135990021867,3.615664096054388,0.6526300399928004,0.06058997606305638,10.161529924022034
142,mt-bench,Qwen/Qwen3-4B,mgoin/Qwen3-4B-speculator.dflash2,0.0,8,dflash2_pairwise_k16_tb8,8,26,825,37.86038800171809,17.400626055755172,57.46919661371924,14.355516495998017,252,3.2698412698412698,2.2738095238095237,3.2698412698412698,0.047619047619047616,0.996031746031746,2.099921228929994,False,0.5034495390355005,3.551109692940372,0.23351265292149037,0.058907135971821845,9.968285065013333
142,mt-bench,Qwen/Qwen3-4B,mgoin/Qwen3-4B-speculator.dflash2,0.0,8,dflash2_pairwise_k16_tb16,16,26,833,37.85937899374403,17.14153490996375,58.33783294509621,14.278898579999804,250,3.328,2.332,3.328,0.028,0.996,2.131661151879307,False,0.5020248549917596,3.5329574800634873,0.30115564996231114,0.05889819392177742,9.843276035942836
142,mt-bench,Qwen/Qwen3-4B,mgoin/Qwen3-4B-speculator.dflash2,0.0,8,dflash2_pairwise_k16_tb32,32,26,825,37.823909005965106,14.470474642417464,69.1062335349173,11.938141579994408,208,3.9615384615384617,2.9663461538461537,3.9615384615384617,0.09134615384615384,0.9951923076923077,2.525137906951769,False,0.41722963901702315,2.930742742988514,0.36061331196833635,0.04911642798833782,8.14601620403846
142,mt-bench,Qwen/Qwen3-4B,mgoin/Qwen3-4B-speculator.dflash2,0.0,8,dflash2_pairwise_k16_tb64,64,26,787,37.84280800027773,13.937020038122244,71.7513498053872,10.968434770002204,186,4.225806451612903,3.2311827956989245,4.225806451612903,0.11827956989247312,0.9946236559139785,2.6217903074835336,False,0.3755367229896365,2.620005378033966,0.5197414680151269,0.04409488001692807,7.376909619975777
143,mt-bench,Qwen/Qwen3-4B,mgoin/Qwen3-4B-speculator.dflash2,0.0,8,baseline,,827,469,52.78412500047125,36.411346230266325,27.463966689832706,17.076921381994907,468,1,,,,,1.0,True,0.11536850803531706,0.0,0.0,0.0,16.884890578090562
143,mt-bench,Qwen/Qwen3-4B,mgoin/Qwen3-4B-speculator.dflash2,0.0,8,dflash2,,890,524,54.71016899537062,23.456448522908588,42.632199798846635,12.291179026004102,228,2.293859649122807,1.2982456140350878,2.293859649122807,0.0043859649122807015,0.9956140350877193,1.5522957874336951,,0.14896545906958636,2.8831247180205537,0.0,0.0,9.225869863024855
143,mt-bench,Qwen/Qwen3-4B,mgoin/Qwen3-4B-speculator.dflash2,0.0,8,dflash2_unary_k16_tb8,8,960,416,57.59962600131985,21.927993069714198,45.603808648642264,9.122045117001107,161,2.577639751552795,1.5838509316770186,2.577639751552795,0,0.9937888198757764,1.6604960661245272,,0.32185529702110216,2.260847769030079,0.12160224697436206,0.03763689298648387,6.354655030016147
143,mt-bench,Qwen/Qwen3-4B,mgoin/Qwen3-4B-speculator.dflash2,0.0,8,dflash2_unary_k16_tb16,16,884,401,54.64961899997434,20.61545192019795,48.50730432061263,8.266796219999378,146,2.73972602739726,1.7465753424657535,2.73972602739726,0,0.9931506849315068,1.7662162523147202,,0.29206909902131883,2.046076337050181,0.14876866598206107,0.03415404097177088,5.722178180018091
143,mt-bench,Qwen/Qwen3-4B,mgoin/Qwen3-4B-speculator.dflash2,0.0,8,dflash2_unary_k16_tb32,32,909,625,56.79750200215494,18.341594583995175,54.52088668847785,11.463496614996984,201,3.1044776119402986,2.109452736318408,3.1044776119402986,0.009950248756218905,0.9950248756218906,1.9851788819952856,,0.40335249695635866,2.8207526429760037,0.3101486440791632,0.0471095040338696,7.8490449149830965
143,mt-bench,Qwen/Qwen3-4B,mgoin/Qwen3-4B-speculator.dflash2,0.0,8,dflash2_unary_k16_tb64,64,1040,397,65.73344699427253,18.309523181357715,54.61638678926244,7.268880702999013,124,3.193548387096774,2.2016129032258065,3.193548387096774,0,0.9919354838709677,1.9886561692299787,,0.24999763701634947,1.7410985739625175,0.3230885359516833,0.029303166062163655,4.903889169974718
143,mt-bench,Qwen/Qwen3-4B,mgoin/Qwen3-4B-speculator.dflash2,0.0,8,dflash2_pairwise_k16_tb8,8,870,448,54.35056599526433,23.562443225452107,42.44042056384891,10.555974565002543,186,2.403225806451613,1.4086021505376345,2.403225806451613,0,0.9946236559139785,1.5453128473084172,,0.37211475297954166,2.6083581360289827,0.17210838598839473,0.043497959966771305,7.330347158967925
143,mt-bench,Qwen/Qwen3-4B,mgoin/Qwen3-4B-speculator.dflash2,0.0,8,dflash2_pairwise_k16_tb16,16,878,417,54.445907997433096,20.856524877702736,47.94662609728808,8.69717087400204,153,2.718954248366013,1.7254901960784315,2.718954248366013,0,0.9934640522875817,1.7458012034014792,,0.305941786034964,2.1480305649893126,0.18404983203072334,0.03569179499754682,5.9989300039742375
143,mt-bench,Qwen/Qwen3-4B,mgoin/Qwen3-4B-speculator.dflash2,0.0,8,dflash2_pairwise_k16_tb32,32,870,497,54.28983599995263,19.625480889334646,50.954165436192916,9.753864001999318,170,2.9176470588235293,1.923529411764706,2.9176470588235293,0,0.9941176470588236,1.8553097595714896,,0.3417024139635032,2.3931809349742252,0.2995212350069778,0.03999355797714088,6.6513084879698
143,mt-bench,Qwen/Qwen3-4B,mgoin/Qwen3-4B-speculator.dflash2,0.0,8,dflash2_pairwise_k16_tb64,64,832,433,52.7774690053775,18.746082360271334,53.34447917071489,8.117053661997488,138,3.130434782608696,2.13768115942029,3.130434782608696,0,0.9927536231884058,1.94234430055813,,0.27775891903729644,1.9376633119245525,0.3927092199228355,0.032547105009143706,5.452442797934054
144,mt-bench,Qwen/Qwen3-4B,mgoin/Qwen3-4B-speculator.dflash2,0.0,8,baseline,,38,1056,38.71853699820349,36.54148927746588,27.366153371769446,38.58781267700397,1055,1,,,,,1.0,True,0.26110757801507134,0.0,0.0,0.0,38.15227216196945
144,mt-bench,Qwen/Qwen3-4B,mgoin/Qwen3-4B-speculator.dflash2,0.0,8,dflash2,,38,1358,37.341387003834825,21.355527790133163,46.82628356588908,29.000806739000836,534,2.541198501872659,1.5430711610486891,2.541198501872659,0.035580524344569285,0.99812734082397,1.7111021388265124,False,0.3475819179584505,6.831669629063981,0.0,0.0,21.7426553469777
144,mt-bench,Qwen/Qwen3-4B,mgoin/Qwen3-4B-speculator.dflash2,0.0,8,dflash2_unary_k16_tb8,8,38,1216,37.505909996980336,20.623134254109527,48.48923484075813,25.077731252997182,440,2.7613636363636362,1.7613636363636365,2.7613636363636362,0.015909090909090907,1,1.7718688550060882,False,0.882029350992525,6.225199519125454,0.33464936692325864,0.10328016597486567,17.46243805494305
144,mt-bench,Qwen/Qwen3-4B,mgoin/Qwen3-4B-speculator.dflash2,0.0,8,dflash2_unary_k16_tb16,16,38,1222,37.51741099404171,18.52394892962522,53.98416956336492,22.63626559200202,397,3.075566750629723,2.075566750629723,3.075566750629723,0.017632241813602016,1,1.9726619532525993,False,0.799813028992503,5.628734711972356,0.4069333229926997,0.09400119905330939,15.642252581965295
144,mt-bench,Qwen/Qwen3-4B,mgoin/Qwen3-4B-speculator.dflash2,0.0,8,dflash2_unary_k16_tb32,32,38,1136,37.31469500053208,17.673581164614568,56.58162828947001,20.07718820300215,350,3.242857142857143,2.2457142857142856,3.242857142857143,0.03142857142857143,0.9971428571428571,2.0675769634412284,False,0.7035970880606328,4.951842051959829,0.5405225909780711,0.08295930706663057,13.740078319926397
144,mt-bench,Qwen/Qwen3-4B,mgoin/Qwen3-4B-speculator.dflash2,0.0,8,dflash2_unary_k16_tb64,64,38,1025,37.42858799523674,16.54399557268423,60.444890450230695,16.957595462001336,288,3.5555555555555554,2.5590277777777777,3.5555555555555554,0.03819444444444445,0.9965277777777778,2.2087463162647047,False,0.5812221599990153,4.074853848032944,0.7413916609439184,0.06870326694479445,11.44127186696278
144,mt-bench,Qwen/Qwen3-4B,mgoin/Qwen3-4B-speculator.dflash2,0.0,8,dflash2_pairwise_k16_tb8,8,38,1052,37.39881700312253,19.17631105607834,52.14767308872103,20.173479230994413,354,2.968926553672316,1.9717514124293785,2.968926553672316,0.011299435028248588,0.9971751412429378,1.9055536370162953,False,0.7073398429129156,5.000211829050386,0.32826523595576873,0.08301921097881859,13.997903919000237
144,mt-bench,Qwen/Qwen3-4B,mgoin/Qwen3-4B-speculator.dflash2,0.0,8,dflash2_pairwise_k16_tb16,16,38,1077,37.48263000306906,17.055107930361086,58.63346066663257,18.36835124099889,322,3.341614906832298,2.3447204968944098,3.341614906832298,0.031055900621118012,0.9968944099378882,2.1425539742504713,False,0.6445535798629862,4.551703839941183,0.3906963919507689,0.07588363896502415,12.652818091963127
144,mt-bench,Qwen/Qwen3-4B,mgoin/Qwen3-4B-speculator.dflash2,0.0,8,dflash2_pairwise_k16_tb32,32,38,1119,37.42000900092535,15.86280983199188,63.04053383929591,17.750484201998916,309,3.618122977346278,2.621359223300971,3.618122977346278,0.05825242718446602,0.9967637540453075,2.3035949913343563,False,0.6192523290010286,4.362925960966095,0.5380291890687658,0.07292711997433798,12.106142635035212
144,mt-bench,Qwen/Qwen3-4B,mgoin/Qwen3-4B-speculator.dflash2,0.0,8,dflash2_pairwise_k16_tb64,64,38,1160,37.55228100635577,15.885481265518294,62.95056368047487,18.42715826800122,312,3.71474358974359,2.717948717948718,3.71474358974359,0.035256410256410256,0.9967948717948718,2.300307347740506,False,0.628631170024164,4.408477332886832,0.8850394989494816,0.07376005203695968,12.377146982951672
145,mt-bench,Qwen/Qwen3-4B,mgoin/Qwen3-4B-speculator.dflash2,0.0,8,baseline,,1112,1147,67.17543099512113,36.52806201395271,27.376212831056506,41.89768713000376,1146,1,,,,,1.0,True,0.28239614504855126,0.0,0.0,0.0,41.425558200971864
145,mt-bench,Qwen/Qwen3-4B,mgoin/Qwen3-4B-speculator.dflash2,0.0,8,dflash2,,1415,932,86.91109299979871,20.474580966732855,48.84104840166459,19.08230946099502,357,2.607843137254902,1.6106442577030813,2.607843137254902,0.03081232492997199,0.9971988795518207,1.7840688448424702,,0.23250100098084658,4.485263611932169,0.0,0.0,14.312164007104002
145,mt-bench,Qwen/Qwen3-4B,mgoin/Qwen3-4B-speculator.dflash2,0.0,8,dflash2_unary_k16_tb8,8,1273,993,70.54027800040785,17.653296375628134,56.64664427095805,17.52972330099874,313,3.169329073482428,2.1725239616613417,3.169329073482428,0.025559105431309903,0.9968051118210862,2.0691921348118747,,0.6195119409749168,4.3512438040052075,0.23805017198174028,0.07310902197787073,12.198188210975786
145,mt-bench,Qwen/Qwen3-4B,mgoin/Qwen3-4B-speculator.dflash2,0.0,8,dflash2_unary_k16_tb16,16,1279,890,70.69405100628501,15.647315978652372,63.90872411372657,13.926111221000612,253,3.513833992094862,2.5177865612648223,3.513833992094862,0.05928853754940711,0.9960474308300395,2.3344618376587993,,0.5011404790493543,3.508991858951049,0.25675374601996737,0.05904215505870525,9.559779616982269
145,mt-bench,Qwen/Qwen3-4B,mgoin/Qwen3-4B-speculator.dflash2,0.0,8,dflash2_unary_k16_tb32,32,1193,1050,69.07654400129104,15.53771486571696,64.3595283246213,16.31460060900281,289,3.629757785467128,2.629757785467128,3.629757785467128,0.08304498269896193,1,2.3509288418305125,,0.5752165890153265,4.019687396961672,0.444770499918377,0.06795118805894163,11.159290850038815
145,mt-bench,Qwen/Qwen3-4B,mgoin/Qwen3-4B-speculator.dflash2,0.0,8,dflash2_unary_k16_tb64,64,1082,1223,66.4932450017659,14.317461819295545,69.84478203059057,17.51025580499845,302,4.046357615894039,3.0496688741721854,4.046357615894039,0.10596026490066225,0.9966887417218543,2.5512945293644225,,0.6046075490230578,4.212525404996995,0.7735558900239994,0.07126061897724867,11.796280927905173
145,mt-bench,Qwen/Qwen3-4B,mgoin/Qwen3-4B-speculator.dflash2,0.0,8,dflash2_pairwise_k16_tb8,8,1109,971,67.07438799639931,17.854557575689554,56.00810861656869,17.33677540599456,308,3.1493506493506493,2.1525974025974026,3.1493506493506493,0.012987012987012988,0.9967532467532467,2.0458676648302205,,0.6121147950616432,4.292415320953296,0.2885204269987298,0.07281101092667086,12.02176731194777
145,mt-bench,Qwen/Qwen3-4B,mgoin/Qwen3-4B-speculator.dflash2,0.0,8,dflash2_pairwise_k16_tb16,16,1134,964,67.45819599746028,16.773477255187892,59.6179304258876,16.16963207400113,288,3.34375,2.3472222222222223,3.34375,0.024305555555555556,0.9965277777777778,2.177727459740341,,0.5709868750418536,4.0017826800758485,0.3462973359928583,0.06697311702009756,11.1372807949665
145,mt-bench,Qwen/Qwen3-4B,mgoin/Qwen3-4B-speculator.dflash2,0.0,8,dflash2_pairwise_k16_tb32,32,1176,1043,68.78162800421705,14.986064814957032,66.72865841351074,15.630465602000186,276,3.7753623188405796,2.778985507246377,3.7753623188405796,0.06521739130434782,0.9963768115942029,2.4374685726365883,,0.5496234250749694,3.8387632069570827,0.48200889094005106,0.06490017404576065,10.649306073974003
145,mt-bench,Qwen/Qwen3-4B,mgoin/Qwen3-4B-speculator.dflash2,0.0,8,dflash2_pairwise_k16_tb64,64,1217,920,69.50549299654085,13.94873559130128,71.69108579444439,12.832836743997177,218,4.215596330275229,3.220183486238532,4.215596330275229,0.11467889908256881,0.9954128440366973,2.618736427747069,,0.44169742204394424,3.070953639005893,0.6154555970497313,0.05180974998802412,8.615158677945146
146,mt-bench,Qwen/Qwen3-4B,mgoin/Qwen3-4B-speculator.dflash2,0.0,8,baseline,,67,1319,38.91835100512253,36.42708548142931,27.45210018270071,48.047325750005264,1318,1,,,,,1.0,True,0.32451472904358525,0.0,0.0,0.0,47.50558197987266
146,mt-bench,Qwen/Qwen3-4B,mgoin/Qwen3-4B-speculator.dflash2,0.0,8,dflash2,,67,1374,37.949650002701674,18.347170891560424,54.50431600111129,25.20901280500402,465,2.9526881720430107,1.9548387096774194,2.9526881720430107,0.05161290322580645,0.9978494623655914,1.9854333780793163,False,0.3009132460283581,5.930802121984016,0.0,0.0,18.908359477070917
146,mt-bench,Qwen/Qwen3-4B,mgoin/Qwen3-4B-speculator.dflash2,0.0,8,dflash2_unary_k16_tb8,8,67,1280,37.74200499901781,17.539386884379837,57.01453571849631,22.45041521200619,396,3.2297979797979797,2.2323232323232323,3.2297979797979797,0.030303030303030304,0.9974747474747475,2.07687336630167,False,0.7946291260886937,5.576317654995364,0.30125207786477404,0.09330058499472216,15.6211427920789
146,mt-bench,Qwen/Qwen3-4B,mgoin/Qwen3-4B-speculator.dflash2,0.0,8,dflash2_unary_k16_tb16,16,67,1408,37.600882998958696,16.165361419744137,61.86066454280537,22.760828878999746,399,3.526315789473684,2.5288220551378444,3.526315789473684,0.05263157894736842,0.9974937343358395,2.2534037152387945,False,0.8068406599122682,5.655805745082034,0.40890881296945736,0.09424459799629403,15.730308814003365
146,mt-bench,Qwen/Qwen3-4B,mgoin/Qwen3-4B-speculator.dflash2,0.0,8,dflash2_unary_k16_tb32,32,67,1536,37.62714299955405,15.68594231705826,63.751350080671465,24.093607399001485,421,3.646080760095012,2.648456057007126,3.646080760095012,0.05938242280285035,0.997624703087886,2.322275878945145,False,0.8520284769692807,5.945937281983788,0.6508383079999476,0.09984209696267499,16.474846041011915
146,mt-bench,Qwen/Qwen3-4B,mgoin/Qwen3-4B-speculator.dflash2,0.0,8,dflash2_unary_k16_tb64,64,67,1378,37.72789600043325,14.958590433959412,66.85121866360964,20.612937617996067,351,3.923076923076923,2.925925925925926,3.923076923076923,0.08262108262108261,0.9971509971509972,2.435195056797031,False,0.7133225510260672,4.9558895739974105,0.8985336180048762,0.08302644901414169,13.901188854055363
146,mt-bench,Qwen/Qwen3-4B,mgoin/Qwen3-4B-speculator.dflash2,0.0,8,dflash2_pairwise_k16_tb8,8,67,1448,37.53828100161627,17.582359608421843,56.87518753290691,25.45925671299483,443,3.2663656884875847,2.2686230248306996,3.2663656884875847,0.045146726862302484,0.9977426636568849,2.0717973180335227,False,0.8965495109587209,6.314162270115048,0.4167166831175564,0.10536863704328425,17.65457287202298
146,mt-bench,Qwen/Qwen3-4B,mgoin/Qwen3-4B-speculator.dflash2,0.0,8,dflash2_pairwise_k16_tb16,16,67,1456,37.55781100335298,15.408747253431912,64.89820253085631,22.435136000996863,393,3.7022900763358777,2.704834605597964,3.7022900763358777,0.06615776081424936,0.9974554707379135,2.3640523711826145,False,0.7886269411246758,5.568073585949605,0.4742502570952638,0.09263128595921444,15.44729500903486
146,mt-bench,Qwen/Qwen3-4B,mgoin/Qwen3-4B-speculator.dflash2,0.0,8,dflash2_pairwise_k16_tb32,32,67,1408,37.5935420015594,14.212082774861301,70.36266364623388,20.010612547004712,348,4.043103448275862,3.045977011494253,4.043103448275862,0.09195402298850575,0.9971264367816092,2.5631067633424203,False,0.7022248640932958,4.923948157018458,0.6091137319308473,0.08264325305208331,13.634465469971474
146,mt-bench,Qwen/Qwen3-4B,mgoin/Qwen3-4B-speculator.dflash2,0.0,8,dflash2_pairwise_k16_tb64,64,67,1539,37.684732997149695,13.575480599090612,73.66221716430337,20.892664642000454,350,4.394285714285714,3.3971428571428572,4.394285714285714,0.14857142857142858,0.9971428571428571,2.6832998813956883,False,0.7190832320193294,5.011618092059507,0.9929197050150833,0.08474642397777643,14.022488477996376
147,mt-bench,Qwen/Qwen3-4B,mgoin/Qwen3-4B-speculator.dflash2,0.0,8,baseline,,1408,1104,81.44069700210821,36.445499144922024,27.438230329171677,40.23583105599391,1103,1,,,,,1.0,True,0.2707769339394872,0.0,0.0,0.0,39.78441514996666
147,mt-bench,Qwen/Qwen3-4B,mgoin/Qwen3-4B-speculator.dflash2,0.0,8,dflash2,,1463,1014,88.96453099441715,16.732653358976354,59.76338471528443,16.966910506002023,315,3.215873015873016,2.219047619047619,3.215873015873016,0.07936507936507936,0.9968253968253968,2.178106386538545,,0.20070480099820998,3.9966296259954106,0.0,0.0,12.7232882940516
147,mt-bench,Qwen/Qwen3-4B,mgoin/Qwen3-4B-speculator.dflash2,0.0,8,dflash2_unary_k16_tb8,8,1369,1028,81.71892300015315,15.415604973733036,64.86933219318479,15.84724191299756,279,3.6810035842293907,2.684587813620072,3.6810035842293907,0.08602150537634409,0.996415770609319,2.364195190978379,,0.561167360006948,3.9331508230461623,0.21246172689279774,0.0655185709692887,11.03047323806095
147,mt-bench,Qwen/Qwen3-4B,mgoin/Qwen3-4B-speculator.dflash2,0.0,8,dflash2_unary_k16_tb16,16,1497,1252,89.78946899878792,15.054797470446546,66.42400882264002,18.848606432999077,333,3.7567567567567566,2.75975975975976,3.7567567567567566,0.11411411411411411,0.996996996996997,2.4208561567478197,,0.6705807970574824,4.690327721044014,0.3390433979584486,0.07808721198671265,13.016763791914855
147,mt-bench,Qwen/Qwen3-4B,mgoin/Qwen3-4B-speculator.dflash2,0.0,8,dflash2_unary_k16_tb32,32,1625,1156,92.80156799650285,13.7112143589944,72.93300023013727,15.850163798997528,279,4.139784946236559,3.14336917562724,4.139784946236559,0.12903225806451613,0.996415770609319,2.6580795975240656,,0.5613654120024876,3.911395190982148,0.4247327820849023,0.06522397691878723,10.841198014975816
147,mt-bench,Qwen/Qwen3-4B,mgoin/Qwen3-4B-speculator.dflash2,0.0,8,dflash2_unary_k16_tb64,64,1467,1222,89.02783200028352,13.673103332237353,73.13628630614382,16.708532271994045,288,4.239583333333333,3.2430555555555554,4.239583333333333,0.1423611111111111,0.9965277777777778,2.6654884600333366,,0.5784684689788264,4.02454933901754,0.7240718899847707,0.06767292394215474,11.264238480012864
147,mt-bench,Qwen/Qwen3-4B,mgoin/Qwen3-4B-speculator.dflash2,0.0,8,dflash2_pairwise_k16_tb8,8,1537,1210,90.43318499607267,15.163966490079414,65.94580650479682,18.34839945299609,324,3.7314814814814814,2.734567901234568,3.7314814814814814,0.06790123456790123,0.9969135802469136,2.4034278345817657,,0.6472072930191644,4.550504019949585,0.300280440991628,0.07568811698729405,12.722848773039004
147,mt-bench,Qwen/Qwen3-4B,mgoin/Qwen3-4B-speculator.dflash2,0.0,8,dflash2_pairwise_k16_tb16,16,1545,981,90.57137699710438,13.92322609480512,71.82243491493031,13.658684799003822,243,4.032921810699588,3.037037037037037,4.032921810699588,0.102880658436214,0.9958847736625515,2.6176044902783104,,0.48312827199697495,3.387603379058419,0.2888038089949987,0.05650157491618302,9.403542816944537
147,mt-bench,Qwen/Qwen3-4B,mgoin/Qwen3-4B-speculator.dflash2,0.0,8,dflash2_pairwise_k16_tb32,32,1497,1205,89.77232800680213,12.818279561825305,78.0135895130689,15.446026871999493,268,4.492537313432836,3.496268656716418,4.492537313432836,0.16044776119402984,0.996268656716418,2.8432442098908504,,0.5437486349692335,3.8038809490317362,0.46580954304226907,0.06371433797903592,10.523872310986917
147,mt-bench,Qwen/Qwen3-4B,mgoin/Qwen3-4B-speculator.dflash2,0.0,8,dflash2_pairwise_k16_tb64,64,1628,1127,92.99036200536648,12.018144737355087,83.20751845264236,13.544449118999182,233,4.832618025751073,3.836909871244635,4.832618025751073,0.2145922746781116,0.9957081545064378,3.0325395426168607,,0.4673156919889152,3.2469327529834118,0.6422268449459807,0.05483086204912979,9.092926870092924
148,mt-bench,Qwen/Qwen3-4B,mgoin/Qwen3-4B-speculator.dflash2,0.0,8,baseline,,34,549,38.40848000254482,36.58440368306365,27.334052200581286,20.084837622001942,548,1,,,,,1.0,True,0.1361431619443465,0.0,0.0,0.0,19.858361922961194
148,mt-bench,Qwen/Qwen3-4B,mgoin/Qwen3-4B-speculator.dflash2,0.0,8,dflash2,,34,557,36.98218700446887,23.388041416522746,42.756893670178755,13.02713906900317,240,2.316666666666667,1.3166666666666667,2.316666666666667,0.025,1,1.5642354582636486,False,0.1570646940235747,3.061356179023278,0.0,0.0,9.773113571041904
148,mt-bench,Qwen/Qwen3-4B,mgoin/Qwen3-4B-speculator.dflash2,0.0,8,dflash2_unary_k16_tb8,8,34,546,36.92998800397618,20.840116485341085,47.98437670458315,11.378703600996232,199,2.7386934673366836,1.7386934673366834,2.7386934673366836,0.02512562814070352,1,1.7554798078406653,False,0.4030561730178306,2.824547397947754,0.15340677092899568,0.04728420103492681,7.918277857985231
148,mt-bench,Qwen/Qwen3-4B,mgoin/Qwen3-4B-speculator.dflash2,0.0,8,dflash2_unary_k16_tb16,16,34,548,37.67172500374727,19.2506021040127,51.946427160922646,10.54932995299896,185,2.9567567567567568,1.9567567567567568,2.9567567567567568,0.032432432432432434,1,1.900429061148056,False,0.374169166017964,2.614293668040773,0.1902015009545721,0.04387957703875145,7.296557801964809
148,mt-bench,Qwen/Qwen3-4B,mgoin/Qwen3-4B-speculator.dflash2,0.0,8,dflash2_unary_k16_tb32,32,34,547,37.010297004599124,18.08782378062108,55.285810616497685,9.89403960799973,172,3.1744186046511627,2.1744186046511627,3.1744186046511627,0.046511627906976744,1,2.0225984135393573,False,0.3482597589973011,2.438121775019681,0.26831308204418747,0.04079255502438173,6.769820206958684
148,mt-bench,Qwen/Qwen3-4B,mgoin/Qwen3-4B-speculator.dflash2,0.0,8,dflash2_unary_k16_tb64,64,34,565,36.9745670031989,17.005585189378177,58.804209844222704,9.60815563199867,165,3.418181818181818,2.418181818181818,3.418181818181818,0.05454545454545454,1,2.151316951204629,False,0.3307737600771361,2.2990118309753598,0.42375053099385696,0.03864101503131678,6.487555115039868
148,mt-bench,Qwen/Qwen3-4B,mgoin/Qwen3-4B-speculator.dflash2,0.0,8,dflash2_pairwise_k16_tb8,8,34,545,36.97504800220486,20.25765323486241,49.36405951895009,11.040421013000014,193,2.8186528497409324,1.8186528497409327,2.8186528497409324,0.025906735751295335,1,1.805954680876051,False,0.3872885600212612,2.733016842925281,0.18030919201555662,0.045518324986915104,7.663041204010369
148,mt-bench,Qwen/Qwen3-4B,mgoin/Qwen3-4B-speculator.dflash2,0.0,8,dflash2_pairwise_k16_tb16,16,34,546,37.151702999835834,17.56383112087827,56.935186470296436,9.589851791999536,170,3.2058823529411766,2.2058823529411766,3.2058823529411766,0.047058823529411764,1,2.0829398455998285,False,0.336902020026173,2.3716528809673036,0.2038645450011245,0.03956116498738993,6.610449359992344
148,mt-bench,Qwen/Qwen3-4B,mgoin/Qwen3-4B-speculator.dflash2,0.0,8,dflash2_pairwise_k16_tb32,32,34,548,37.790665999636985,17.006713184317743,58.80030956964228,9.319678825006122,164,3.3353658536585367,2.3353658536585367,3.3353658536585367,0.04878048780487805,1,2.1511742619849037,False,0.3263686350619537,2.2862716449817526,0.2856665500003146,0.03837728601502022,6.355866470010369
148,mt-bench,Qwen/Qwen3-4B,mgoin/Qwen3-4B-speculator.dflash2,0.0,8,dflash2_pairwise_k16_tb64,64,34,556,37.02915900066728,16.339475131284704,61.20147629989227,9.084748172994296,154,3.603896103896104,2.603896103896104,3.603896103896104,0.05194805194805195,1,2.2390195149547116,False,0.3122076049548923,2.1659256260172697,0.43597064301138744,0.036370971021824516,6.107551139022689
149,mt-bench,Qwen/Qwen3-4B,mgoin/Qwen3-4B-speculator.dflash2,0.0,8,baseline,,605,971,43.93417800019961,36.37254400206425,27.4932652481841,35.31774022600439,970,1,,,,,1.0,True,0.23976474600931397,0.0,0.0,0.0,34.91931133100297
149,mt-bench,Qwen/Qwen3-4B,mgoin/Qwen3-4B-speculator.dflash2,0.0,8,dflash2,,613,834,39.13725699385395,19.937890655872284,50.15575705875742,16.628200806997484,310,2.6870967741935483,1.6903225806451614,2.6870967741935483,0.01935483870967742,0.9967741935483871,1.824292480576499,,0.20123436705034692,3.912749325041659,0.0,0.0,12.46889438694052
149,mt-bench,Qwen/Qwen3-4B,mgoin/Qwen3-4B-speculator.dflash2,0.0,8,dflash2_unary_k16_tb8,8,602,1081,38.98949500580784,17.082086385757965,58.5408583833027,18.465735383004358,326,3.312883435582822,2.315950920245399,3.312883435582822,0.04294478527607362,0.9969325153374233,2.1292799474652893,,0.6552383379821549,4.5913024679612136,0.24908411395153962,0.07622443298896542,12.842202726082178
149,mt-bench,Qwen/Qwen3-4B,mgoin/Qwen3-4B-speculator.dflash2,0.0,8,dflash2_unary_k16_tb16,16,604,1373,38.99573400121881,15.052974926440408,66.43205113186693,20.66773457400268,366,3.748633879781421,2.751366120218579,3.748633879781421,0.1092896174863388,0.9972677595628415,2.4163027029412123,,0.7327948820238817,5.137063180998666,0.37119595501280855,0.08545240192324854,14.282058667988167
149,mt-bench,Qwen/Qwen3-4B,mgoin/Qwen3-4B-speculator.dflash2,0.0,8,dflash2_unary_k16_tb32,32,603,932,38.9584049989935,15.869704857291858,63.01314416320207,14.79056492699601,262,3.553435114503817,2.5572519083969465,3.553435114503817,0.015267175572519083,0.9961832061068703,2.2919483587844858,,0.5224012409380521,3.649198777980928,0.3997560759889893,0.06109925502096303,10.115029358952597
149,mt-bench,Qwen/Qwen3-4B,mgoin/Qwen3-4B-speculator.dflash2,0.0,8,dflash2_unary_k16_tb64,64,621,928,39.20448000280885,14.315454238150213,69.8545769742348,13.284741533003398,229,4.048034934497816,3.0480349344978164,4.048034934497816,0.048034934497816595,1,2.54078867474094,,0.4605040170063148,3.194850804975431,0.5811311830257182,0.054009040955861565,8.95493040105066
149,mt-bench,Qwen/Qwen3-4B,mgoin/Qwen3-4B-speculator.dflash2,0.0,8,dflash2_pairwise_k16_tb8,8,601,1106,38.97057499852963,16.669096267630792,59.99125471138285,18.436020471999655,321,3.4423676012461057,2.445482866043614,3.4423676012461057,0.04672897196261682,0.9968847352024922,2.182034551728817,,0.6512296479631914,4.57068038903526,0.30069785896193935,0.0758696529592271,12.785734587967454
149,mt-bench,Qwen/Qwen3-4B,mgoin/Qwen3-4B-speculator.dflash2,0.0,8,dflash2_pairwise_k16_tb16,16,602,944,38.86173199862242,14.666311026480722,68.18347150789674,13.8449976089978,245,3.8489795918367347,2.853061224489796,3.8489795918367347,0.08979591836734693,0.9959183673469387,2.480006317634468,,0.4888620440106024,3.4338350710386294,0.29249896399414865,0.05729960803000722,9.532759776928287
149,mt-bench,Qwen/Qwen3-4B,mgoin/Qwen3-4B-speculator.dflash2,0.0,8,dflash2_pairwise_k16_tb32,32,604,1144,39.455176003684755,13.239910616254486,75.52921080693034,15.146457744995132,263,4.346007604562738,3.349809885931559,4.346007604562738,0.1596958174904943,0.9961977186311787,2.7471895435162605,,0.5332289530124399,3.728678242965543,0.45524398091220064,0.062373732987907715,10.322735425972496
149,mt-bench,Qwen/Qwen3-4B,mgoin/Qwen3-4B-speculator.dflash2,0.0,8,dflash2_pairwise_k16_tb64,64,612,1124,39.02364600071451,12.658484314942083,78.99839942287556,14.2281363699949,242,4.640495867768595,3.644628099173554,4.640495867768595,0.16942148760330578,0.9958677685950413,2.873372759101189,,0.491200473952631,3.409870894938649,0.6708452969251084,0.057200835981348064,9.556998393993126
150,mt-bench,Qwen/Qwen3-4B,mgoin/Qwen3-4B-speculator.dflash2,0.0,8,baseline,,33,552,38.24398799770279,36.718651652164766,27.23411549729508,20.26869571199495,551,1,,,,,1.0,True,0.13670655104215257,0.0,0.0,0.0,20.040842552924005
150,mt-bench,Qwen/Qwen3-4B,mgoin/Qwen3-4B-speculator.dflash2,0.0,8,dflash2,,33,716,37.02851999696577,19.945935840788685,50.13552675503136,14.2812900620047,263,2.7186311787072244,1.7224334600760456,2.7186311787072244,0.03802281368821293,0.9961977186311787,1.8409089423157827,False,0.1714843189547537,3.3555205799784744,0.0,0.0,10.715356342945597
150,mt-bench,Qwen/Qwen3-4B,mgoin/Qwen3-4B-speculator.dflash2,0.0,8,dflash2_unary_k16_tb8,8,33,560,37.06522099673748,19.715034769641147,50.72271044329495,11.04041947099904,194,2.881443298969072,1.8865979381443299,2.881443298969072,0.015463917525773196,0.9948453608247423,1.862469535620967,False,0.38916166099807015,2.7340237620737753,0.14799057500204071,0.04574351895280415,7.692129605988157
150,mt-bench,Qwen/Qwen3-4B,mgoin/Qwen3-4B-speculator.dflash2,0.0,8,dflash2_unary_k16_tb16,16,33,666,37.079360998177435,17.3455421531539,57.65170042944851,11.552131074000497,204,3.2598039215686274,2.264705882352941,3.2598039215686274,0.029411764705882353,0.9950980392156863,2.1168927052238775,False,0.40840714699879754,2.864952993033512,0.20864865198382176,0.04773497700080043,7.989373537922802
150,mt-bench,Qwen/Qwen3-4B,mgoin/Qwen3-4B-speculator.dflash2,0.0,8,dflash2_unary_k16_tb32,32,33,672,36.98132799763698,16.42915068601897,60.867419083993745,11.040389261004748,191,3.513089005235602,2.518324607329843,3.513089005235602,0.041884816753926704,0.9947643979057592,2.234969558311492,False,0.3886948329891311,2.7183706250143587,0.2964190570055507,0.045194230988272466,7.559725783918111
150,mt-bench,Qwen/Qwen3-4B,mgoin/Qwen3-4B-speculator.dflash2,0.0,8,dflash2_unary_k16_tb64,64,33,731,37.04418999404879,15.260286588231663,65.52956880712674,11.155269495997345,190,3.8421052631578947,2.8473684210526318,3.8421052631578947,0.07894736842105263,0.9947368421052631,2.4061574099454486,False,0.3848742810077965,2.6762594930332853,0.488064825112815,0.04474780696909875,7.528256084959139
150,mt-bench,Qwen/Qwen3-4B,mgoin/Qwen3-4B-speculator.dflash2,0.0,8,dflash2_pairwise_k16_tb8,8,33,726,37.112081998202484,18.5294271611606,53.9682091250016,13.452364119002596,236,3.0720338983050848,2.0762711864406778,3.0720338983050848,0.0211864406779661,0.9957627118644068,1.9816398711521135,False,0.4737901079788571,3.326930122981139,0.22060191808850504,0.05572779408248607,9.337237589934375
150,mt-bench,Qwen/Qwen3-4B,mgoin/Qwen3-4B-speculator.dflash2,0.0,8,dflash2_pairwise_k16_tb16,16,33,663,37.05084000102943,16.241634019609165,61.57015967683181,10.768203355000876,188,3.521276595744681,2.526595744680851,3.521276595744681,0.03723404255319149,0.9946808510638298,2.2607732453417486,False,0.3794123510378995,2.6652459540055133,0.22887654897931498,0.044651501048065256,7.419070362113416
150,mt-bench,Qwen/Qwen3-4B,mgoin/Qwen3-4B-speculator.dflash2,0.0,8,dflash2_pairwise_k16_tb32,32,33,572,37.09205100312829,14.95241105944556,66.87884622916997,8.55277912600286,147,3.8843537414965987,2.891156462585034,3.8843537414965987,0.05442176870748299,0.9931972789115646,2.455701057587585,False,0.3001875539557659,2.0949440270269406,0.26262057102576364,0.035440013009065297,5.834617710002931
150,mt-bench,Qwen/Qwen3-4B,mgoin/Qwen3-4B-speculator.dflash2,0.0,8,dflash2_pairwise_k16_tb64,64,33,587,37.099792003573384,15.453309180580709,64.71105886217839,9.071092489000876,153,3.8300653594771243,2.8366013071895426,3.8300653594771243,0.05228758169934641,0.9934640522875817,2.376102828403058,False,0.3112787109857891,2.1612438070005737,0.4346080809918931,0.03638001204672037,6.1007632069449755
151,mt-bench,Qwen/Qwen3-4B,mgoin/Qwen3-4B-speculator.dflash2,0.0,8,baseline,,607,1054,45.043154001177754,36.57248739089058,27.342958364081042,38.54740170999867,1053,1,,,,,1.0,True,0.25958778190397425,0.0,0.0,0.0,38.11380715489213
151,mt-bench,Qwen/Qwen3-4B,mgoin/Qwen3-4B-speculator.dflash2,0.0,8,dflash2,,771,1320,52.314059998025186,19.627171062876933,50.949777570921164,25.90786580299755,480,2.747916666666667,1.75,2.747916666666667,0.022916666666666665,0.9979166666666667,1.863360097781194,,0.3136468690718175,6.102033766059321,0.0,0.0,19.421781587938312
151,mt-bench,Qwen/Qwen3-4B,mgoin/Qwen3-4B-speculator.dflash2,0.0,8,dflash2_unary_k16_tb8,8,615,1026,39.13136800110806,19.257676673485857,51.92734393431836,19.758376266996493,352,2.9119318181818183,1.9147727272727273,2.9119318181818183,0.014204545454545454,0.9971590909090909,1.8991121312802963,,0.7103318080335157,4.985352464020252,0.2697863339271862,0.08294844107149402,13.653692960957414
151,mt-bench,Qwen/Qwen3-4B,mgoin/Qwen3-4B-speculator.dflash2,0.0,8,dflash2_unary_k16_tb16,16,721,1152,48.72579799848609,16.964311737846554,58.94727799472399,19.54288712199923,343,3.3556851311953353,2.358600583090379,3.3556851311953353,0.023323615160349854,0.9970845481049563,2.1558485811893644,,0.6935995320018264,4.859551751011168,0.35297594594885595,0.08078684701467864,13.500459966911876
151,mt-bench,Qwen/Qwen3-4B,mgoin/Qwen3-4B-speculator.dflash2,0.0,8,dflash2_unary_k16_tb32,32,727,950,48.846621000848245,15.601252232629218,64.09741891798605,14.821189620997757,263,3.6083650190114067,2.612167300380228,3.6083650190114067,0.045627376425855515,0.9961977186311787,2.344202045166676,,0.5314978660608176,3.70319571197615,0.4069256049915566,0.06186692197661614,10.073937822082371
151,mt-bench,Qwen/Qwen3-4B,mgoin/Qwen3-4B-speculator.dflash2,0.0,8,dflash2_unary_k16_tb64,64,786,1055,52.2266789994319,15.611533053081109,64.0552081976753,16.47016737100057,281,3.7508896797153026,2.7544483985765122,3.7508896797153026,0.042704626334519574,0.99644128113879,2.342658294130351,,0.5686105449276511,3.962949462016695,0.7227761939284392,0.06608036495890701,11.10095972794079
151,mt-bench,Qwen/Qwen3-4B,mgoin/Qwen3-4B-speculator.dflash2,0.0,8,dflash2_pairwise_k16_tb8,8,781,990,52.054086001589894,17.831662456562913,56.08002071797583,17.653345831997285,309,3.2006472491909386,2.2006472491909386,3.2006472491909386,0.016181229773462782,1,2.0509858505890532,,0.6230411650249152,4.3725310209702,0.2881377690064255,0.07286335992830573,12.247140315033903
151,mt-bench,Qwen/Qwen3-4B,mgoin/Qwen3-4B-speculator.dflash2,0.0,8,dflash2_pairwise_k16_tb16,16,718,1067,48.99692400067579,16.645135611059267,60.07761206436706,17.76035969700024,311,3.427652733118971,2.4308681672025725,3.427652733118971,0.03858520900321544,0.9967845659163987,2.1971877096988797,,0.6272312220098684,4.404975482975715,0.3751101400339394,0.07348514709883602,12.229018467056449
151,mt-bench,Qwen/Qwen3-4B,mgoin/Qwen3-4B-speculator.dflash2,0.0,8,dflash2_pairwise_k16_tb32,32,627,1068,39.31875199486967,13.455839696628194,74.31717548259608,14.370836795998912,252,4.234126984126984,3.238095238095238,4.234126984126984,0.0873015873015873,0.996031746031746,2.7179639632638475,,0.5048938339896267,3.5345311549754115,0.437658975024533,0.059995409021212254,9.791895306036167
151,mt-bench,Qwen/Qwen3-4B,mgoin/Qwen3-4B-speculator.dflash2,0.0,8,dflash2_pairwise_k16_tb64,64,642,1183,47.50666100153467,14.676124811491226,68.13787786930051,17.36185565199412,294,4.020408163265306,3.0238095238095237,4.020408163265306,0.05102040816326531,0.9965986394557823,2.491971679217035,,0.5985095249779988,4.159271519019967,0.8340250789769925,0.06981066309526796,11.649025720027566
152,mt-bench,Qwen/Qwen3-4B,mgoin/Qwen3-4B-speculator.dflash2,0.0,8,baseline,,24,320,39.1979199994239,36.23891996251132,27.59464136995492,11.596454388003622,319,1,,,,,1.0,True,0.07865462197514717,0.0,0.0,0.0,11.46551718095725
152,mt-bench,Qwen/Qwen3-4B,mgoin/Qwen3-4B-speculator.dflash2,0.0,8,dflash2,,24,316,37.75440600293223,22.934388348092604,43.60264528629418,7.247266717997262,134,2.3507462686567164,1.3582089552238805,2.3507462686567164,0.029850746268656716,0.9925373134328358,1.5801127726837858,False,0.0872881269606296,1.6984242839971557,0.0,0.0,5.441702612966765
152,mt-bench,Qwen/Qwen3-4B,mgoin/Qwen3-4B-speculator.dflash2,0.0,8,dflash2_unary_k16_tb8,8,24,362,37.617433998093475,20.01282460497546,49.96795903319846,7.2446425070011164,129,2.798449612403101,1.806201550387597,2.798449612403101,0.007751937984496124,0.9922480620155039,1.8107848680941234,False,0.25537637496745447,1.7925241879493115,0.09874427498289151,0.02991674696386326,5.047625484025048
152,mt-bench,Qwen/Qwen3-4B,mgoin/Qwen3-4B-speculator.dflash2,0.0,8,dflash2_unary_k16_tb16,16,24,285,37.15780199854635,17.89473102804837,55.882371097536506,5.099998342993786,91,3.120879120879121,2.120879120879121,3.120879120879121,0.03296703296703297,1,2.025116773518981,False,0.1796068739713519,1.259243633961887,0.09260686896595871,0.021076887998788152,3.5328962480271002
152,mt-bench,Qwen/Qwen3-4B,mgoin/Qwen3-4B-speculator.dflash2,0.0,8,dflash2_unary_k16_tb32,32,24,325,37.23916500166524,16.337538295371743,61.20873181263114,5.309699945995816,94,3.4468085106382977,2.4574468085106385,3.4468085106382977,0.0425531914893617,0.9893617021276596,2.21813833316476,False,0.1859717540355632,1.3026322659716243,0.14359907402831595,0.02184497200505575,3.640103833982721
152,mt-bench,Qwen/Qwen3-4B,mgoin/Qwen3-4B-speculator.dflash2,0.0,8,dflash2_unary_k16_tb64,64,24,285,37.28428700560471,16.086791049109017,62.16280157722232,4.58473544899607,79,3.5949367088607596,2.607594936708861,3.5949367088607596,0.06329113924050633,0.9873417721518988,2.252712791002432,False,0.15795707097277045,1.09310816902871,0.20146142799057998,0.01844914796674857,3.1002001100205234
152,mt-bench,Qwen/Qwen3-4B,mgoin/Qwen3-4B-speculator.dflash2,0.0,8,dflash2_pairwise_k16_tb8,8,24,342,37.39170799963176,19.781969035089755,50.55108509300438,6.765433410000695,120,2.841666666666667,1.85,2.841666666666667,0.025,0.9916666666666667,1.8319167267034848,False,0.23687279998557642,1.6683336050191429,0.11091433003457496,0.028203404013765976,4.702090956037864
152,mt-bench,Qwen/Qwen3-4B,mgoin/Qwen3-4B-speculator.dflash2,0.0,8,dflash2_pairwise_k16_tb16,16,24,353,37.277356001141015,16.622194297442366,60.16052887517195,5.867634586997155,104,3.3846153846153846,2.394230769230769,3.3846153846153846,0.019230769230769232,0.9903846153846154,2.180152590809707,False,0.2060674809763441,1.4458899759847554,0.12531269397732103,0.024318207979376893,4.049247181006649
152,mt-bench,Qwen/Qwen3-4B,mgoin/Qwen3-4B-speculator.dflash2,0.0,8,dflash2_pairwise_k16_tb32,32,24,298,37.96608999982709,15.026460124177573,66.54927319781723,4.4778851170049165,79,3.759493670886076,2.7721518987341773,3.759493670886076,0.08860759493670886,0.9873417721518988,2.411673784978998,False,0.15707963398017455,1.0938193679830874,0.1369016470562201,0.01851150600850815,3.0584761460559093
152,mt-bench,Qwen/Qwen3-4B,mgoin/Qwen3-4B-speculator.dflash2,0.0,8,dflash2_pairwise_k16_tb64,64,24,306,37.22497400303837,14.283732055547363,70.00971427573306,4.370822008997493,75,4.066666666666666,3.08,4.066666666666666,0.06666666666666667,0.9866666666666667,2.5370764322365758,False,0.15012658599880524,1.036341724000522,0.21115363700664602,0.017558434010425117,2.9426356769763515
153,mt-bench,Qwen/Qwen3-4B,mgoin/Qwen3-4B-speculator.dflash2,0.0,8,baseline,,563,1221,38.23389700119151,36.31924393775572,27.533612806307584,44.345796847999736,1220,1,,,,,1.0,True,0.3001139460611739,0.0,0.0,0.0,43.84543637406023
153,mt-bench,Qwen/Qwen3-4B,mgoin/Qwen3-4B-speculator.dflash2,0.0,8,dflash2,,559,1492,38.14176499872701,15.871643203081234,63.005448598155574,23.6804916589972,437,3.411899313501144,2.414187643020595,3.411899313501144,0.09153318077803203,0.9977116704805492,2.2883102570441416,,0.2788395260795369,5.578822338029568,0.0,0.0,17.757975718021044
153,mt-bench,Qwen/Qwen3-4B,mgoin/Qwen3-4B-speculator.dflash2,0.0,8,dflash2_unary_k16_tb8,8,605,1094,38.98156399372965,16.191509042045183,61.76076593004749,17.71351089199743,313,3.4920127795527156,2.4952076677316293,3.4920127795527156,0.051118210862619806,0.9968051118210862,2.2431043235960275,,0.6261587040353334,4.403718079025566,0.23828539798705606,0.07345490495208651,12.32151395901019
153,mt-bench,Qwen/Qwen3-4B,mgoin/Qwen3-4B-speculator.dflash2,0.0,8,dflash2_unary_k16_tb16,16,528,1265,37.80435799853876,14.624625686163832,68.37781844536966,18.500151492997247,323,3.913312693498452,2.91640866873065,3.913312693498452,0.11455108359133127,0.9969040247678018,2.483430668048953,,0.6569865430356003,4.60286376595468,0.3337736510002287,0.07684054194396595,12.77662439699634
153,mt-bench,Qwen/Qwen3-4B,mgoin/Qwen3-4B-speculator.dflash2,0.0,8,dflash2_unary_k16_tb32,32,568,1190,38.31880899815587,13.726282842015111,72.85293560606779,16.334276581997983,286,4.1573426573426575,3.160839160839161,4.1573426573426575,0.0979020979020979,0.9965034965034965,2.645963539858385,,0.5755518400255824,4.035563822988479,0.43888237309874967,0.0673864469572436,11.1690411469026
153,mt-bench,Qwen/Qwen3-4B,mgoin/Qwen3-4B-speculator.dflash2,0.0,8,dflash2_unary_k16_tb64,64,528,1295,37.706396004068665,12.774736014671012,78.27950408145895,16.54328313899896,282,4.588652482269503,3.5921985815602837,4.588652482269503,0.1453900709219858,0.9964539007092199,2.843052404061052,,0.574569113960024,3.986159059946658,0.7151849070796743,0.06715746896952624,11.15114580399677
153,mt-bench,Qwen/Qwen3-4B,mgoin/Qwen3-4B-speculator.dflash2,0.0,8,dflash2_pairwise_k16_tb8,8,585,1288,38.62104700237978,15.12180967934876,66.12965122591507,19.476890867001202,342,3.763157894736842,2.7660818713450293,3.763157894736842,0.10526315789473684,0.9970760233918129,2.401778934392716,,0.6871536100225057,4.8252761870171526,0.31808044895296916,0.08030743304698262,13.511110644998553
153,mt-bench,Qwen/Qwen3-4B,mgoin/Qwen3-4B-speculator.dflash2,0.0,8,dflash2_pairwise_k16_tb16,16,596,1276,38.90293299627956,14.335117146550155,69.75876023731392,18.291609478997998,323,3.9473684210526314,2.9504643962848296,3.9473684210526314,0.08978328173374613,0.9969040247678018,2.5335854298544187,,0.6461755810014438,4.5385696380762965,0.38582699291873723,0.07569441005762201,12.592739245068515
153,mt-bench,Qwen/Qwen3-4B,mgoin/Qwen3-4B-speculator.dflash2,0.0,8,dflash2_pairwise_k16_tb32,32,541,1334,38.0356829991797,12.908676934780944,77.46727298640614,17.22017503099778,302,4.413907284768212,3.4172185430463577,4.413907284768212,0.1390728476821192,0.9966887417218543,2.813552784785999,,0.6039648360165302,4.239105052991363,0.5229482159411418,0.07118838191672694,11.732409559903317
153,mt-bench,Qwen/Qwen3-4B,mgoin/Qwen3-4B-speculator.dflash2,0.0,8,dflash2_pairwise_k16_tb64,64,549,1289,38.032933000067715,12.542391416604861,79.72961190448106,16.167142536003666,275,4.683636363636364,3.6872727272727275,4.683636363636364,0.14545454545454545,0.9963636363636363,2.89571922382144,,0.5621870270988438,3.874249426065944,0.7953614820362418,0.06735688205662882,10.819312633990194
154,mt-bench,Qwen/Qwen3-4B,mgoin/Qwen3-4B-speculator.dflash2,0.0,8,baseline,,27,885,38.70290800114162,36.45440498191836,27.431527150038715,32.262148408997746,884,1,,,,,1.0,True,0.2282738560825237,0.0,0.0,0.0,31.88448453118326
154,mt-bench,Qwen/Qwen3-4B,mgoin/Qwen3-4B-speculator.dflash2,0.0,8,dflash2,,27,786,37.94438100158004,23.00043687531422,43.477435033995995,18.07834338399698,333,2.3573573573573574,1.3603603603603605,2.3573573573573574,0.024024024024024024,0.996996996996997,1.5849440243043353,False,0.22210918697965099,4.258211453008698,0.0,0.0,13.548119405997568
154,mt-bench,Qwen/Qwen3-4B,mgoin/Qwen3-4B-speculator.dflash2,0.0,8,dflash2_unary_k16_tb8,8,27,776,37.45633899961831,20.37324939819601,49.08397185225382,15.809641533000104,277,2.7978339350180503,1.8014440433212997,2.7978339350180503,0.007220216606498195,0.9963898916967509,1.789326988023142,False,0.5572291830394533,3.9218770740408218,0.2133551989973057,0.0651640209616744,11.007469021933503
154,mt-bench,Qwen/Qwen3-4B,mgoin/Qwen3-4B-speculator.dflash2,0.0,8,dflash2_unary_k16_tb16,16,27,753,39.027625003654975,19.096146470114263,52.36658618873782,14.379398291996038,252,2.984126984126984,1.9880952380952381,2.984126984126984,0.031746031746031744,0.996031746031746,1.908992740444781,False,0.5085289799972088,3.5641190129099414,0.2617541659492417,0.05986332597967703,9.943740265938686
154,mt-bench,Qwen/Qwen3-4B,mgoin/Qwen3-4B-speculator.dflash2,0.0,8,dflash2_unary_k16_tb32,32,27,635,37.64937500091037,18.402130708662614,54.341533370875375,11.68535300000076,204,3.107843137254902,2.1127450980392157,3.107843137254902,0.0196078431372549,0.9950980392156863,1.9809882648403219,False,0.4094516300174291,2.871528488001786,0.3192033989398624,0.04847996703028912,8.002397247000772
154,mt-bench,Qwen/Qwen3-4B,mgoin/Qwen3-4B-speculator.dflash2,0.0,8,dflash2_unary_k16_tb64,64,27,720,37.27518499363214,16.498968708330924,60.609848874679294,11.879257469998265,204,3.5245098039215685,2.5294117647058822,3.5245098039215685,0.058823529411764705,0.9950980392156863,2.2094959767704276,False,0.41145854401111137,2.8526200949781924,0.522882752949954,0.04811614903155714,8.008771644017543
154,mt-bench,Qwen/Qwen3-4B,mgoin/Qwen3-4B-speculator.dflash2,0.0,8,dflash2_pairwise_k16_tb8,8,27,666,37.31078700366197,20.43194506457128,48.94296636172866,13.607675413004472,240,2.7708333333333335,1.775,2.7708333333333335,0.0125,0.9958333333333333,1.7841867167668637,False,0.47839043997373665,3.369258212042041,0.23446210191468708,0.05774663002375746,9.428683414989791
154,mt-bench,Qwen/Qwen3-4B,mgoin/Qwen3-4B-speculator.dflash2,0.0,8,dflash2_pairwise_k16_tb16,16,27,706,37.82209799828706,17.298369532582207,57.80891650605901,12.21264889000304,216,3.263888888888889,2.2685185185185186,3.263888888888889,0.05092592592592592,0.9953703703703703,2.10738965387778,False,0.42857937698136084,3.014199207063939,0.25904707404697547,0.05028036899602739,8.42553333498654
154,mt-bench,Qwen/Qwen3-4B,mgoin/Qwen3-4B-speculator.dflash2,0.0,8,dflash2_pairwise_k16_tb32,32,27,721,37.2908470017137,16.297991739244257,61.35725284435384,11.75085204399511,207,3.4782608695652173,2.4782608695652173,3.4782608695652173,0.07246376811594203,1,2.2367421437660364,False,0.40969690802739933,2.885269800965034,0.36174777702399297,0.04878796802950092,8.010935671998595
154,mt-bench,Qwen/Qwen3-4B,mgoin/Qwen3-4B-speculator.dflash2,0.0,8,dflash2_pairwise_k16_tb64,64,27,750,37.4002179960371,16.413927620005175,60.923870456282955,12.31044571500388,211,3.5497630331753554,2.5545023696682465,3.5497630331753554,0.05687203791469194,0.995260663507109,2.2209434466792697,False,0.4228624240422505,2.9398508610684075,0.5957106219866546,0.04975735100742895,8.265736366978672
155,mt-bench,Qwen/Qwen3-4B,mgoin/Qwen3-4B-speculator.dflash2,0.0,8,baseline,,948,909,57.459187002677936,35.893090798674706,27.8605151506463,32.62681953599531,908,1,,,,,1.0,True,0.22197707609302597,0.0,0.0,0.0,32.25772109204263
155,mt-bench,Qwen/Qwen3-4B,mgoin/Qwen3-4B-speculator.dflash2,0.0,8,dflash2,,849,1066,53.95157799648587,21.921200272039364,45.617940057575524,23.367999489993963,439,2.425968109339408,1.4259681093394077,2.425968109339408,0.022779043280182234,1,1.6373688645350581,,0.2832473920134362,5.500148596067447,0.0,0.0,17.520212634975906
155,mt-bench,Qwen/Qwen3-4B,mgoin/Qwen3-4B-speculator.dflash2,0.0,8,dflash2_unary_k16_tb8,8,838,848,53.84337600116851,19.962953384432662,50.09278841375302,16.928584469998896,303,2.7953795379537953,1.7986798679867986,2.7953795379537953,0,0.9966996699669967,1.7979850028936373,,0.5979006520428811,4.207837761940027,0.22882209303497802,0.07030280002800282,11.775467278974247
155,mt-bench,Qwen/Qwen3-4B,mgoin/Qwen3-4B-speculator.dflash2,0.0,8,dflash2_unary_k16_tb16,16,816,800,52.6212770055281,18.380925654992097,54.404224181626496,14.704740523993678,263,3.038022813688213,2.038022813688213,3.038022813688213,0.026615969581749048,1,1.952735758382574,,0.5196229160137591,3.6515509150267462,0.2672514660443994,0.06112252992897993,10.16277173202252
155,mt-bench,Qwen/Qwen3-4B,mgoin/Qwen3-4B-speculator.dflash2,0.0,8,dflash2_unary_k16_tb32,32,698,956,48.192954003752675,17.445560708156677,57.32117280314468,16.677956036997784,296,3.2263513513513513,2.22972972972973,3.2263513513513513,0.02027027027027027,0.9966216216216216,2.057434060109795,,0.5863448120217072,4.117264394997619,0.4553424550103955,0.06913567203446291,11.400977555029385
155,mt-bench,Qwen/Qwen3-4B,mgoin/Qwen3-4B-speculator.dflash2,0.0,8,dflash2_unary_k16_tb64,64,783,790,52.173545002005994,16.805930267094745,59.502805504194846,13.27668491100485,233,3.3862660944206007,2.390557939914163,3.3862660944206007,0.030042918454935622,0.9957081545064378,2.1357396007379466,,0.46635538398550125,3.237463263052632,0.5958094719753717,0.054775793993030675,8.882287864027603
155,mt-bench,Qwen/Qwen3-4B,mgoin/Qwen3-4B-speculator.dflash2,0.0,8,dflash2_pairwise_k16_tb8,8,729,855,48.88126800506143,19.783648366082325,50.54679407436445,16.91501935300039,302,2.827814569536424,1.8311258278145695,2.827814569536424,0.009933774834437087,0.9966887417218543,1.8142806692930757,,0.595352761039976,4.193579005121137,0.27719933094340377,0.07055033404321875,11.730094552978699
155,mt-bench,Qwen/Qwen3-4B,mgoin/Qwen3-4B-speculator.dflash2,0.0,8,dflash2_pairwise_k16_tb16,16,769,831,51.998830000229646,18.51574916967777,54.0080766290378,15.386587560002226,274,3.0291970802919708,2.0328467153284673,3.0291970802919708,0.01824817518248175,0.9963503649635036,1.938516798307835,,0.5419667889145785,3.8097977530560456,0.327199564948387,0.06381194206915097,10.599434795025445
155,mt-bench,Qwen/Qwen3-4B,mgoin/Qwen3-4B-speculator.dflash2,0.0,8,dflash2_pairwise_k16_tb32,32,784,744,52.153844000713434,17.273234091404174,57.893038136826874,12.851286164004705,224,3.3169642857142856,2.3169642857142856,3.3169642857142856,0.049107142857142856,1,2.0779600744562647,,0.4523898780607851,3.1567211479559774,0.39381811492785346,0.05258405399217736,8.758713696981431
155,mt-bench,Qwen/Qwen3-4B,mgoin/Qwen3-4B-speculator.dflash2,0.0,8,dflash2_pairwise_k16_tb64,64,813,818,52.64074599836022,16.311698822738816,61.30569297944499,13.34296963700035,227,3.5991189427312777,2.60352422907489,3.5991189427312777,0.039647577092511016,0.9955947136563876,2.2004508045868936,,0.46060088502417784,3.193020193997654,0.6456392980689998,0.053775719039549585,8.950570023982436
156,mt-bench,Qwen/Qwen3-4B,mgoin/Qwen3-4B-speculator.dflash2,0.0,8,baseline,,24,1082,38.97888299979968,36.6333194704267,27.297553551140204,39.63725166700169,1081,1,,,,,1.0,True,0.26692859397735447,0.0,0.0,0.0,39.192426904977765
156,mt-bench,Qwen/Qwen3-4B,mgoin/Qwen3-4B-speculator.dflash2,0.0,8,dflash2,,24,1122,37.27419399365317,21.63034762210739,46.23134206950727,24.269250032004493,450,2.491111111111111,1.4933333333333334,2.491111111111111,0.015555555555555555,0.9977777777777778,1.693607523578838,False,0.29452685602154816,5.70972265394812,0.0,0.0,18.198533159986255
156,mt-bench,Qwen/Qwen3-4B,mgoin/Qwen3-4B-speculator.dflash2,0.0,8,dflash2_unary_k16_tb8,8,24,1144,37.45697699923767,19.709656114510498,50.73655238783123,22.54784659500001,398,2.871859296482412,1.8743718592964824,2.871859296482412,0.017587939698492462,0.9974874371859297,1.8586483324514622,False,0.7968284599191975,5.60420140397764,0.3040148550935555,0.09336704594170442,15.685472533943539
156,mt-bench,Qwen/Qwen3-4B,mgoin/Qwen3-4B-speculator.dflash2,0.0,8,dflash2_unary_k16_tb16,16,24,899,37.323044998629484,18.725591107900694,53.4028535728349,16.834306406002725,296,3.0337837837837838,2.0371621621621623,3.0337837837837838,0.030405405405405407,0.9966216216216216,1.9563237955660788,False,0.5957474820388597,4.183509292015515,0.30616532305430155,0.07027752304566093,11.63020780900115
156,mt-bench,Qwen/Qwen3-4B,mgoin/Qwen3-4B-speculator.dflash2,0.0,8,dflash2_unary_k16_tb32,32,24,1041,37.36671499791555,17.863706550427814,55.97942382097914,18.596118518995354,325,3.2,2.203076923076923,3.2,0.033846153846153845,0.9969230769230769,2.050712116604344,False,0.653463320042647,4.587300975967082,0.5050328409561189,0.07674259191844612,12.71915740804252
156,mt-bench,Qwen/Qwen3-4B,mgoin/Qwen3-4B-speculator.dflash2,0.0,8,dflash2_unary_k16_tb64,64,24,1231,37.32408399810083,16.20856199675047,61.69578770778569,19.952739817999827,340,3.6176470588235294,2.6205882352941177,3.6176470588235294,0.03235294117647059,0.9970588235294118,2.260121501078938,False,0.6901533609125181,4.798021398913988,0.877675133975572,0.0802414470599615,13.447425414982717
156,mt-bench,Qwen/Qwen3-4B,mgoin/Qwen3-4B-speculator.dflash2,0.0,8,dflash2_pairwise_k16_tb8,8,24,1158,37.31273400626378,19.57758921416323,51.07881205703096,22.67084831000102,402,2.8781094527363185,1.8805970149253732,2.8781094527363185,0.01990049751243781,0.9975124378109452,1.8711864402550984,False,0.7966762529176776,5.616245106008137,0.3713768571105902,0.0937764549307758,15.72859836203861
156,mt-bench,Qwen/Qwen3-4B,mgoin/Qwen3-4B-speculator.dflash2,0.0,8,dflash2_pairwise_k16_tb16,16,24,995,37.24900299857836,18.58211458391854,53.815188550469216,18.489204010998947,325,3.0584615384615383,2.0584615384615383,3.0584615384615383,0.024615384615384615,1,1.971428994530588,False,0.6521859360655071,4.582644455025729,0.39504889105592156,0.07651890107081272,12.729756190048647
156,mt-bench,Qwen/Qwen3-4B,mgoin/Qwen3-4B-speculator.dflash2,0.0,8,dflash2_pairwise_k16_tb32,32,24,954,37.28480300196679,17.32701763207737,57.71333654954606,16.529974821001815,288,3.3090277777777777,2.3125,3.3090277777777777,0.03819444444444445,0.9965277777777778,2.1142310955237744,False,0.5777372059965273,4.062504820030881,0.5042147890490014,0.06808408493816387,11.269005186040886
156,mt-bench,Qwen/Qwen3-4B,mgoin/Qwen3-4B-speculator.dflash2,0.0,8,dflash2_pairwise_k16_tb64,64,24,1012,37.4055540014524,15.912237848816826,62.84471169304174,16.103184703002626,276,3.6630434782608696,2.6666666666666665,3.6630434782608696,0.04710144927536232,0.9963768115942029,2.3022104004780584,False,0.5549458340537967,3.8492868619287037,0.7804263739162707,0.06494981591094984,10.80590488598682
157,mt-bench,Qwen/Qwen3-4B,mgoin/Qwen3-4B-speculator.dflash2,0.0,8,baseline,,1138,853,67.5875070010079,36.14968139741736,27.662761090653568,30.835678231997008,852,1,,,,,1.0,True,0.2101548199498211,0.0,0.0,0.0,30.486892377084587
157,mt-bench,Qwen/Qwen3-4B,mgoin/Qwen3-4B-speculator.dflash2,0.0,8,dflash2,,1178,925,68.8266669967561,18.657993197832823,53.59633211336751,17.25864370799536,320,2.8875,1.890625,2.8875,0.08125,0.996875,1.937490329968404,,0.20405507904069964,4.060815169061243,0.0,0.0,12.946590409977944
157,mt-bench,Qwen/Qwen3-4B,mgoin/Qwen3-4B-speculator.dflash2,0.0,8,dflash2_unary_k16_tb8,8,1200,1121,69.14778200007277,15.692220940233339,63.7258424928301,17.590979674001574,313,3.5782747603833864,2.5814696485623,3.5782747603833864,0.0926517571884984,0.9968051118210862,2.303668902897809,,0.6230331188999116,4.3739302091125865,0.23771553699771175,0.07286086610838538,12.233888049944653
157,mt-bench,Qwen/Qwen3-4B,mgoin/Qwen3-4B-speculator.dflash2,0.0,8,dflash2_unary_k16_tb16,16,954,989,57.59899799886625,15.237421112237342,65.62790334624859,15.069809480002732,269,3.6728624535315983,2.676579925650558,3.6728624535315983,0.07806691449814127,0.9962825278810409,2.3724277967473872,,0.5357060399765032,3.7438140790109173,0.2726150399612379,0.06245392499840818,10.411916170007316
157,mt-bench,Qwen/Qwen3-4B,mgoin/Qwen3-4B-speculator.dflash2,0.0,8,dflash2_unary_k16_tb32,32,1096,1038,66.85907900100574,14.127372646437,70.78457014101667,14.664212807001604,257,4.035019455252918,3.0389105058365757,4.035019455252918,0.12062256809338522,0.9961089494163424,2.5588396584508946,,0.5168435399900773,3.6254945070686517,0.39321743104665074,0.06048127207759535,10.025122204046056
157,mt-bench,Qwen/Qwen3-4B,mgoin/Qwen3-4B-speculator.dflash2,0.0,8,dflash2_unary_k16_tb64,64,1287,916,79.84142799978144,14.957730849346262,66.85506044145096,13.701281458001176,236,3.8771186440677967,2.8813559322033897,3.8771186440677967,0.07203389830508475,0.9957627118644068,2.416789134763533,,0.4830651680313167,3.3406866069490206,0.6074162970326142,0.056160081971029285,9.172969954008295
157,mt-bench,Qwen/Qwen3-4B,mgoin/Qwen3-4B-speculator.dflash2,0.0,8,dflash2_pairwise_k16_tb8,8,1214,991,69.54044099984458,16.112764009082063,62.06259828768941,15.967749133000325,281,3.5231316725978647,2.526690391459075,3.5231316725978647,0.060498220640569395,0.99644128113879,2.2435431547958724,,0.5636112719221273,3.9559555079831625,0.26087293996533845,0.06609530503192218,11.076198839895369
157,mt-bench,Qwen/Qwen3-4B,mgoin/Qwen3-4B-speculator.dflash2,0.0,8,dflash2_pairwise_k16_tb16,16,1050,953,65.89830700249877,14.71983142287406,67.93556062374722,14.027999345998978,247,3.854251012145749,2.8582995951417005,3.854251012145749,0.11336032388663968,0.9959514170040485,2.455848872103394,,0.495120147956186,3.4740025269638863,0.29558016610099,0.058199168954160996,9.664929878985276
157,mt-bench,Qwen/Qwen3-4B,mgoin/Qwen3-4B-speculator.dflash2,0.0,8,dflash2_pairwise_k16_tb32,32,1009,922,58.62562199763488,14.86964786767629,67.25108818305003,13.70981533399754,239,3.8535564853556483,2.8577405857740588,3.8535564853556483,0.10460251046025104,0.99581589958159,2.431105411446878,,0.48368770389060955,3.3744057650328614,0.41518510604510084,0.056492021947633475,9.339888051094022
157,mt-bench,Qwen/Qwen3-4B,mgoin/Qwen3-4B-speculator.dflash2,0.0,8,dflash2_pairwise_k16_tb64,64,1067,914,66.20553699758602,14.212559908095105,70.36030148449372,12.990279755998927,222,4.112612612612613,3.1171171171171173,4.112612612612613,0.12162162162162163,0.9954954954954955,2.5435024816906795,,0.4498383549362188,3.11119252199569,0.6236167590323021,0.05247597194829723,8.7145567720072
158,mt-bench,Qwen/Qwen3-4B,mgoin/Qwen3-4B-speculator.dflash2,0.0,8,baseline,,29,607,38.82465900096577,36.313241548592465,27.5381639686959,22.04213761999563,606,1,,,,,1.0,True,0.1494490740224137,0.0,0.0,0.0,21.792588754964527
158,mt-bench,Qwen/Qwen3-4B,mgoin/Qwen3-4B-speculator.dflash2,0.0,8,dflash2,,29,755,37.358695997681934,18.919183238407918,52.856404391173484,14.283983344997978,266,2.8345864661654137,1.8383458646616542,2.8345864661654137,0.06015037593984962,0.9962406015037594,1.9193873800467662,False,0.17043988696241286,3.359957753054914,0.0,0.0,10.71437493605481
158,mt-bench,Qwen/Qwen3-4B,mgoin/Qwen3-4B-speculator.dflash2,0.0,8,dflash2_unary_k16_tb8,8,29,706,37.509599002078176,19.31645300567423,51.76933879663357,13.637415822006005,242,2.9132231404958677,1.9173553719008265,2.9132231404958677,0.028925619834710745,0.9958677685950413,1.879912504533074,False,0.4811815089924494,3.3833736060696538,0.18567904397059465,0.056526478052546736,9.492195542996342
158,mt-bench,Qwen/Qwen3-4B,mgoin/Qwen3-4B-speculator.dflash2,0.0,8,dflash2_unary_k16_tb16,16,29,729,37.674803999834694,17.9322070096068,55.76558420635403,13.072578910003358,232,3.1379310344827585,2.1422413793103448,3.1379310344827585,0.03879310344827586,0.9956896551724138,2.025029129383707,False,0.46180855594866443,3.2420409330152324,0.24212082604208263,0.055249769015063066,9.03373980201286
158,mt-bench,Qwen/Qwen3-4B,mgoin/Qwen3-4B-speculator.dflash2,0.0,8,dflash2_unary_k16_tb32,32,29,723,37.49029000027804,16.243940273857817,61.56141817446533,11.744368817999202,207,3.4879227053140096,2.4927536231884058,3.4879227053140096,0.057971014492753624,0.9951690821256038,2.23549464824327,False,0.41233862407534616,2.895553646943881,0.32332925002265256,0.04927733590011485,8.02905456800363
158,mt-bench,Qwen/Qwen3-4B,mgoin/Qwen3-4B-speculator.dflash2,0.0,8,dflash2_unary_k16_tb64,64,29,669,37.51583999837749,16.8355831524715,59.398001895360416,11.263005129003432,193,3.461139896373057,2.466321243523316,3.461139896373057,0.08290155440414508,0.9948186528497409,2.1569339903299762,False,0.3899480780091835,2.698607196973171,0.4991930129690445,0.046197320050850976,7.595429652981693
158,mt-bench,Qwen/Qwen3-4B,mgoin/Qwen3-4B-speculator.dflash2,0.0,8,dflash2_pairwise_k16_tb8,8,29,710,37.43330699944636,19.181397133797873,52.13384577904323,13.618791964996488,241,2.9419087136929463,1.946058091286307,2.9419087136929463,0.03734439834024896,0.995850622406639,1.8931489346314645,False,0.47883726102736546,3.3683959549598512,0.22964332603442017,0.05745375897822669,9.44567004100827
158,mt-bench,Qwen/Qwen3-4B,mgoin/Qwen3-4B-speculator.dflash2,0.0,8,dflash2_pairwise_k16_tb16,16,29,676,37.247483000101056,17.07445829734327,58.56701176608319,11.542333809004049,204,3.3088235294117645,2.3137254901960786,3.3088235294117645,0.049019607843137254,0.9950980392156863,2.126758045041036,False,0.4069598950300133,2.851157041026454,0.25278364297992084,0.048631643992848694,7.949511361002806
158,mt-bench,Qwen/Qwen3-4B,mgoin/Qwen3-4B-speculator.dflash2,0.0,8,dflash2_pairwise_k16_tb32,32,29,702,37.51495899632573,15.354768391728449,65.12634866825448,10.779047410993371,189,3.708994708994709,2.7142857142857144,3.708994708994709,0.05291005291005291,0.9947089947089947,2.364948830368178,False,0.3772987730044406,2.647529346999363,0.3379328109367634,0.04568501200265018,7.338719362080155
158,mt-bench,Qwen/Qwen3-4B,mgoin/Qwen3-4B-speculator.dflash2,0.0,8,dflash2_pairwise_k16_tb64,64,29,682,37.496678000024986,15.068727734604426,66.36260324111903,10.276872315000219,174,3.913793103448276,2.913793103448276,3.913793103448276,0.09770114942528736,1,2.4098412412881607,False,0.35446969603799516,2.4535922310024034,0.4909518320710049,0.041507563000777736,6.906069602948264
159,mt-bench,Qwen/Qwen3-4B,mgoin/Qwen3-4B-speculator.dflash2,0.0,8,baseline,,666,220,47.67111100227339,35.919622854536016,27.839935960622636,7.902317027997924,219,1,,,,,1.0,True,0.05362630603485741,0.0,0.0,0.0,7.812738117012486
159,mt-bench,Qwen/Qwen3-4B,mgoin/Qwen3-4B-speculator.dflash2,0.0,8,dflash2,,814,224,52.59949599712854,21.262698647303427,47.03071875247697,4.762844496995967,88,2.534090909090909,1.5454545454545454,2.534090909090909,0.011363636363636364,0.9886363636363636,1.6893256801667276,,0.05796215000009397,1.1135014779647463,0.0,0.0,3.5785143010143656
159,mt-bench,Qwen/Qwen3-4B,mgoin/Qwen3-4B-speculator.dflash2,0.0,8,dflash2_unary_k16_tb8,8,765,258,49.475572996016126,22.039538732547783,45.37300041235479,5.686200992997328,98,2.622448979591837,1.6326530612244898,2.622448979591837,0.030612244897959183,0.9897959183673469,1.6297810625904914,,0.20149530995695386,1.4053235620158375,0.07622782098769676,0.023466659906262066,3.9638974420086015
159,mt-bench,Qwen/Qwen3-4B,mgoin/Qwen3-4B-speculator.dflash2,0.0,8,dflash2_unary_k16_tb16,16,788,185,52.10210400400683,18.763656778390068,53.29451565921259,3.4712765040021627,62,2.967741935483871,1.9838709677419355,2.967741935483871,0,0.9838709677419355,1.9143189026940803,,0.12294050700438675,0.853717198020604,0.06340922400704585,0.014506728039123118,2.406787918989721
159,mt-bench,Qwen/Qwen3-4B,mgoin/Qwen3-4B-speculator.dflash2,0.0,8,dflash2_unary_k16_tb32,32,782,198,52.18288600008236,16.230948601011246,61.61069353258234,3.2137278230002266,57,3.456140350877193,2.473684210526316,3.456140350877193,0.017543859649122806,0.9824561403508771,2.213032875496759,,0.11349588799930643,0.7856574360193918,0.08797704499738757,0.013338055963686202,2.2039655899861827
159,mt-bench,Qwen/Qwen3-4B,mgoin/Qwen3-4B-speculator.dflash2,0.0,8,dflash2_unary_k16_tb64,64,728,242,48.85941899556201,17.19217428098474,58.16599946325821,4.160506175998307,71,3.3943661971830985,2.408450704225352,3.3943661971830985,0.04225352112676056,0.9859154929577465,2.0893007636773793,,0.14511836197925732,0.9914147240342572,0.1833872070274083,0.01673913395643467,2.8116273800260387
159,mt-bench,Qwen/Qwen3-4B,mgoin/Qwen3-4B-speculator.dflash2,0.0,8,dflash2_pairwise_k16_tb8,8,769,178,51.92712999996729,21.11024597750943,47.37036229068039,3.757623783996678,67,2.6417910447761193,1.6567164179104477,2.6417910447761193,0.014925373134328358,0.9850746268656716,1.7015255479639746,,0.13313390300027095,0.9230030299804639,0.06344267096574185,0.015611782990163192,2.6119303130035405
159,mt-bench,Qwen/Qwen3-4B,mgoin/Qwen3-4B-speculator.dflash2,0.0,8,dflash2_pairwise_k16_tb16,16,735,223,48.94954100018367,18.017525775796596,55.5015162705262,4.017908248002641,71,3.1267605633802815,2.140845070422535,3.1267605633802815,0.028169014084507043,0.9859154929577465,1.9935935322921954,,0.144704821977939,1.0023997179741855,0.08646277701336658,0.01681626302888617,2.7558920020164805
159,mt-bench,Qwen/Qwen3-4B,mgoin/Qwen3-4B-speculator.dflash2,0.0,8,dflash2_pairwise_k16_tb32,32,761,215,49.422884003433865,18.097033148846688,55.25767631495604,3.8908621270020376,68,3.1470588235294117,2.161764705882353,3.1470588235294117,0.029411764705882353,0.9852941176470589,1.9848348930512487,,0.13746087600884493,0.9506457310344558,0.11951082296582172,0.016025494987843558,2.65595545207907
159,mt-bench,Qwen/Qwen3-4B,mgoin/Qwen3-4B-speculator.dflash2,0.0,8,dflash2_pairwise_k16_tb64,64,741,180,49.008693000359926,17.196229388880766,58.152283118914944,3.095321289998538,53,3.3773584905660377,2.3962264150943398,3.3773584905660377,0.05660377358490566,0.9811320754716981,2.0888080777616262,,0.10766619798960164,0.7313359500330989,0.15011854298063554,0.01246758100023726,2.0846510240080534
